academic_record_id,student_id,previous_exam_score,quiz_average,assignment_average,previous_failed_subjects,recent_exam_score,performance_change,record_date
ACR00001,STU00001,75.81,79.59,77.56,1,77.06,1.25,2026-10-02
ACR00002,STU00002,87.02,84.9,62.5,0,73.01,-14.01,2026-10-02
ACR00003,STU00003,74.52,72.46,67.57,0,74.92,0.4,2026-10-02
ACR00004,STU00004,73.92,73.72,61.15,0,79.17,5.25,2026-10-02
ACR00005,STU00005,100.0,83.69,74.51,0,82.14,-17.86,2026-10-02
ACR00006,STU00006,53.27,51.87,48.63,1,56.48,3.21,2026-10-02
ACR00007,STU00007,95.26,79.81,82.96,0,79.5,-15.76,2026-10-02
ACR00008,STU00008,62.89,59.39,51.06,0,58.64,-4.25,2026-10-02
ACR00009,STU00009,50.9,51.5,42.98,2,47.25,-3.65,2026-10-02
ACR00010,STU00010,58.34,73.01,65.32,2,50.65,-7.69,2026-10-02
ACR00011,STU00011,91.43,93.18,75.58,0,83.17,-8.26,2026-10-02
ACR00012,STU00012,58.43,59.08,54.49,1,53.63,-4.8,2026-10-02
ACR00013,STU00013,61.97,61.66,52.28,0,47.66,-14.31,2026-10-02
ACR00014,STU00014,79.4,61.05,57.0,0,65.47,-13.93,2026-10-02
ACR00015,STU00015,74.55,81.58,74.56,0,74.58,0.03,2026-10-02
ACR00016,STU00016,60.89,48.1,41.96,0,51.71,-9.18,2026-10-02
ACR00017,STU00017,50.2,55.72,50.23,3,53.86,3.66,2026-10-02
ACR00018,STU00018,83.62,69.97,78.7,0,69.15,-14.47,2026-10-02
ACR00019,STU00019,57.79,62.9,65.92,2,53.19,-4.6,2026-10-02
ACR00020,STU00020,84.7,71.34,62.53,0,71.17,-13.53,2026-10-02
ACR00021,STU00021,55.74,72.07,53.67,2,53.25,-2.49,2026-10-02
ACR00022,STU00022,82.32,75.71,73.09,1,79.92,-2.4,2026-10-02
ACR00023,STU00023,83.64,71.01,69.65,0,75.88,-7.76,2026-10-02
ACR00024,STU00024,70.98,70.02,73.17,0,69.04,-1.94,2026-10-02
ACR00025,STU00025,100.0,96.56,80.4,0,81.94,-18.06,2026-10-02
ACR00026,STU00026,71.61,67.08,64.28,0,59.37,-12.24,2026-10-02
ACR00027,STU00027,70.61,75.09,64.49,0,63.11,-7.5,2026-10-02
ACR00028,STU00028,74.87,68.43,80.06,0,61.32,-13.55,2026-10-02
ACR00029,STU00029,94.62,71.51,65.97,0,76.17,-18.45,2026-10-02
ACR00030,STU00030,90.74,93.85,87.39,0,97.37,6.63,2026-10-02
ACR00031,STU00031,93.17,89.81,84.52,0,96.59,3.42,2026-10-02
ACR00032,STU00032,96.57,97.17,78.25,0,94.26,-2.31,2026-10-02
ACR00033,STU00033,61.7,53.63,63.95,1,47.86,-13.84,2026-10-02
ACR00034,STU00034,48.42,59.77,41.06,2,49.76,1.34,2026-10-02
ACR00035,STU00035,93.12,85.64,71.51,0,78.77,-14.35,2026-10-02
ACR00036,STU00036,91.05,79.06,80.15,0,84.88,-6.17,2026-10-02
ACR00037,STU00037,73.96,64.38,44.82,0,64.99,-8.97,2026-10-02
ACR00038,STU00038,91.0,73.96,58.12,0,68.99,-22.01,2026-10-02
ACR00039,STU00039,89.56,66.15,69.42,0,84.57,-4.99,2026-10-02
ACR00040,STU00040,70.87,78.87,66.56,0,61.32,-9.55,2026-10-02
ACR00041,STU00041,70.99,80.62,76.58,1,77.94,6.95,2026-10-02
ACR00042,STU00042,79.6,67.19,56.78,0,62.99,-16.61,2026-10-02
ACR00043,STU00043,100.0,94.74,90.62,0,83.23,-16.77,2026-10-02
ACR00044,STU00044,49.64,61.74,46.9,1,44.85,-4.79,2026-10-02
ACR00045,STU00045,93.66,90.16,74.55,0,90.8,-2.86,2026-10-02
ACR00046,STU00046,47.65,46.93,44.66,1,46.88,-0.77,2026-10-02
ACR00047,STU00047,95.34,75.07,66.15,0,81.11,-14.23,2026-10-02
ACR00048,STU00048,71.37,74.0,64.91,0,61.73,-9.64,2026-10-02
ACR00049,STU00049,41.63,51.02,54.38,3,43.77,2.14,2026-10-02
ACR00050,STU00050,58.71,54.29,52.51,1,62.07,3.36,2026-10-02
ACR00051,STU00051,88.16,83.74,72.08,0,82.12,-6.04,2026-10-02
ACR00052,STU00052,97.39,92.89,82.79,0,83.2,-14.19,2026-10-02
ACR00053,STU00053,97.78,79.05,83.56,0,78.49,-19.29,2026-10-02
ACR00054,STU00054,74.26,87.18,74.18,0,79.67,5.41,2026-10-02
ACR00055,STU00055,64.45,63.65,71.56,0,66.9,2.45,2026-10-02
ACR00056,STU00056,77.08,73.21,65.69,0,71.82,-5.26,2026-10-02
ACR00057,STU00057,62.23,57.17,50.75,0,50.68,-11.55,2026-10-02
ACR00058,STU00058,88.8,81.92,88.53,0,86.78,-2.02,2026-10-02
ACR00059,STU00059,55.92,55.1,60.93,0,53.62,-2.3,2026-10-02
ACR00060,STU00060,80.6,83.96,64.27,0,79.34,-1.26,2026-10-02
ACR00061,STU00061,97.36,100.0,79.94,0,77.01,-20.35,2026-10-02
ACR00062,STU00062,100.0,81.49,70.97,0,82.03,-17.97,2026-10-02
ACR00063,STU00063,54.09,54.0,47.05,1,51.61,-2.48,2026-10-02
ACR00064,STU00064,67.26,92.09,67.22,1,66.3,-0.96,2026-10-02
ACR00065,STU00065,73.75,82.81,60.12,0,73.34,-0.41,2026-10-02
ACR00066,STU00066,81.57,89.42,67.35,0,75.96,-5.61,2026-10-02
ACR00067,STU00067,100.0,84.48,74.18,0,91.04,-8.96,2026-10-02
ACR00068,STU00068,78.14,55.22,63.41,0,65.97,-12.17,2026-10-02
ACR00069,STU00069,66.9,72.29,50.02,0,64.74,-2.16,2026-10-02
ACR00070,STU00070,72.84,77.4,68.36,1,66.28,-6.56,2026-10-02
ACR00071,STU00071,85.44,86.3,87.37,0,75.44,-10.0,2026-10-02
ACR00072,STU00072,61.68,61.56,50.72,2,48.19,-13.49,2026-10-02
ACR00073,STU00073,72.57,78.82,80.29,0,72.42,-0.15,2026-10-02
ACR00074,STU00074,89.86,86.14,69.93,0,81.42,-8.44,2026-10-02
ACR00075,STU00075,72.42,85.45,84.75,0,77.93,5.51,2026-10-02
ACR00076,STU00076,100.0,90.2,77.59,0,93.5,-6.5,2026-10-02
ACR00077,STU00077,70.28,70.03,63.12,0,59.86,-10.42,2026-10-02
ACR00078,STU00078,77.7,78.49,74.09,0,72.28,-5.42,2026-10-02
ACR00079,STU00079,58.07,70.93,73.09,0,58.56,0.49,2026-10-02
ACR00080,STU00080,98.0,93.4,86.66,0,95.18,-2.82,2026-10-02
ACR00081,STU00081,80.85,84.01,78.26,0,82.59,1.74,2026-10-02
ACR00082,STU00082,54.87,72.49,52.89,1,44.6,-10.27,2026-10-02
ACR00083,STU00083,74.14,57.55,60.37,1,61.63,-12.51,2026-10-02
ACR00084,STU00084,74.17,60.03,60.73,0,60.44,-13.73,2026-10-02
ACR00085,STU00085,85.14,73.28,62.1,0,73.25,-11.89,2026-10-02
ACR00086,STU00086,77.53,87.78,74.61,0,86.26,8.73,2026-10-02
ACR00087,STU00087,93.76,78.16,79.11,0,80.19,-13.57,2026-10-02
ACR00088,STU00088,100.0,96.98,94.25,0,90.51,-9.49,2026-10-02
ACR00089,STU00089,54.27,48.57,52.35,0,54.56,0.29,2026-10-02
ACR00090,STU00090,60.28,56.44,52.91,0,54.3,-5.98,2026-10-02
ACR00091,STU00091,58.73,61.1,66.73,0,60.37,1.64,2026-10-02
ACR00092,STU00092,70.42,77.57,57.95,0,60.03,-10.39,2026-10-02
ACR00093,STU00093,100.0,100.0,98.33,0,92.53,-7.47,2026-10-02
ACR00094,STU00094,78.19,69.01,67.46,0,61.25,-16.94,2026-10-02
ACR00095,STU00095,73.89,71.71,71.57,1,68.14,-5.75,2026-10-02
ACR00096,STU00096,95.29,78.1,74.67,0,77.45,-17.84,2026-10-02
ACR00097,STU00097,42.9,41.41,38.62,0,50.57,7.67,2026-10-02
ACR00098,STU00098,84.71,65.94,65.39,0,74.39,-10.32,2026-10-02
ACR00099,STU00099,56.75,51.13,50.57,1,48.02,-8.73,2026-10-02
ACR00100,STU00100,54.49,64.39,40.96,0,49.55,-4.94,2026-10-02
ACR00101,STU00101,69.76,73.92,56.65,0,65.82,-3.94,2026-10-02
ACR00102,STU00102,92.77,97.06,75.66,0,83.44,-9.33,2026-10-02
ACR00103,STU00103,67.92,62.68,57.73,0,58.71,-9.21,2026-10-02
ACR00104,STU00104,95.85,78.43,83.78,0,87.99,-7.86,2026-10-02
ACR00105,STU00105,90.74,70.66,66.5,0,68.42,-22.32,2026-10-02
ACR00106,STU00106,68.29,62.78,63.01,0,62.56,-5.73,2026-10-02
ACR00107,STU00107,100.0,100.0,80.84,0,89.16,-10.84,2026-10-02
ACR00108,STU00108,45.68,45.2,51.84,1,38.41,-7.27,2026-10-02
ACR00109,STU00109,72.7,69.0,62.19,0,65.28,-7.42,2026-10-02
ACR00110,STU00110,80.81,73.08,62.33,0,72.61,-8.2,2026-10-02
ACR00111,STU00111,66.3,56.71,58.32,0,45.52,-20.78,2026-10-02
ACR00112,STU00112,79.04,76.69,57.93,0,68.9,-10.14,2026-10-02
ACR00113,STU00113,72.69,75.36,64.3,0,61.25,-11.44,2026-10-02
ACR00114,STU00114,99.33,96.09,78.65,0,87.53,-11.8,2026-10-02
ACR00115,STU00115,71.48,78.32,59.68,0,59.61,-11.87,2026-10-02
ACR00116,STU00116,92.25,90.41,72.68,0,86.02,-6.23,2026-10-02
ACR00117,STU00117,72.02,72.04,78.92,0,66.29,-5.73,2026-10-02
ACR00118,STU00118,83.8,70.39,75.26,0,82.23,-1.57,2026-10-02
ACR00119,STU00119,77.74,79.94,68.55,0,79.6,1.86,2026-10-02
ACR00120,STU00120,74.19,83.78,77.33,0,71.42,-2.77,2026-10-02
ACR00121,STU00121,89.03,90.69,77.29,0,82.47,-6.56,2026-10-02
ACR00122,STU00122,57.86,44.98,50.51,3,48.48,-9.38,2026-10-02
ACR00123,STU00123,77.13,69.56,55.46,0,57.07,-20.06,2026-10-02
ACR00124,STU00124,82.22,75.93,72.42,0,80.79,-1.43,2026-10-02
ACR00125,STU00125,76.97,66.14,56.99,0,60.3,-16.67,2026-10-02
ACR00126,STU00126,100.0,97.07,97.26,0,100.0,0.0,2026-10-02
ACR00127,STU00127,55.05,64.05,47.19,2,38.08,-16.97,2026-10-02
ACR00128,STU00128,69.2,73.66,54.86,1,63.87,-5.33,2026-10-02
ACR00129,STU00129,73.93,78.58,72.18,0,73.61,-0.32,2026-10-02
ACR00130,STU00130,83.17,83.68,69.78,0,73.16,-10.01,2026-10-02
ACR00131,STU00131,68.93,56.55,51.02,0,63.87,-5.06,2026-10-02
ACR00132,STU00132,96.14,97.39,96.57,0,96.99,0.85,2026-10-02
ACR00133,STU00133,83.83,72.22,59.62,0,69.67,-14.16,2026-10-02
ACR00134,STU00134,75.78,80.43,55.62,0,72.24,-3.54,2026-10-02
ACR00135,STU00135,81.48,68.36,77.23,0,73.02,-8.46,2026-10-02
ACR00136,STU00136,59.19,59.04,65.97,1,61.61,2.42,2026-10-02
ACR00137,STU00137,77.15,74.96,70.4,0,68.12,-9.03,2026-10-02
ACR00138,STU00138,92.04,90.16,86.31,0,71.73,-20.31,2026-10-02
ACR00139,STU00139,86.45,90.23,67.72,0,81.59,-4.86,2026-10-02
ACR00140,STU00140,71.04,67.47,61.37,0,65.68,-5.36,2026-10-02
ACR00141,STU00141,73.15,46.0,44.89,1,59.07,-14.08,2026-10-02
ACR00142,STU00142,90.54,75.85,84.16,0,89.38,-1.16,2026-10-02
ACR00143,STU00143,76.93,49.86,73.92,0,60.32,-16.61,2026-10-02
ACR00144,STU00144,53.93,47.39,46.0,0,43.6,-10.33,2026-10-02
ACR00145,STU00145,83.75,80.88,72.92,0,69.29,-14.46,2026-10-02
ACR00146,STU00146,62.45,58.41,43.44,2,56.44,-6.01,2026-10-02
ACR00147,STU00147,100.0,100.0,87.88,0,82.8,-17.2,2026-10-02
ACR00148,STU00148,80.77,77.81,74.8,0,72.92,-7.85,2026-10-02
ACR00149,STU00149,91.98,83.17,85.21,0,87.65,-4.33,2026-10-02
ACR00150,STU00150,79.15,68.85,74.71,0,80.01,0.86,2026-10-02
ACR00151,STU00151,58.17,68.13,50.77,0,62.49,4.32,2026-10-02
ACR00152,STU00152,66.18,79.18,68.73,0,77.01,10.83,2026-10-02
ACR00153,STU00153,100.0,81.79,77.91,0,87.55,-12.45,2026-10-02
ACR00154,STU00154,92.49,84.14,78.3,0,71.95,-20.54,2026-10-02
ACR00155,STU00155,64.73,63.35,53.13,1,56.24,-8.49,2026-10-02
ACR00156,STU00156,82.09,78.49,70.66,0,73.01,-9.08,2026-10-02
ACR00157,STU00157,70.9,79.03,62.26,0,72.97,2.07,2026-10-02
ACR00158,STU00158,65.53,58.66,42.86,0,55.88,-9.65,2026-10-02
ACR00159,STU00159,75.3,67.31,42.43,0,56.94,-18.36,2026-10-02
ACR00160,STU00160,67.5,61.58,41.46,0,63.32,-4.18,2026-10-02
ACR00161,STU00161,100.0,98.04,92.16,0,94.54,-5.46,2026-10-02
ACR00162,STU00162,78.9,79.86,82.23,1,79.52,0.62,2026-10-02
ACR00163,STU00163,87.13,80.47,77.73,0,72.87,-14.26,2026-10-02
ACR00164,STU00164,100.0,88.91,90.48,0,77.69,-22.31,2026-10-02
ACR00165,STU00165,60.39,60.69,60.99,0,49.66,-10.73,2026-10-02
ACR00166,STU00166,56.63,44.44,47.67,0,41.85,-14.78,2026-10-02
ACR00167,STU00167,81.01,80.39,69.37,0,74.1,-6.91,2026-10-02
ACR00168,STU00168,76.36,59.07,45.55,0,59.86,-16.5,2026-10-02
ACR00169,STU00169,97.67,86.41,84.44,0,93.8,-3.87,2026-10-02
ACR00170,STU00170,100.0,100.0,97.55,0,92.89,-7.11,2026-10-02
ACR00171,STU00171,63.95,64.5,51.76,0,53.73,-10.22,2026-10-02
ACR00172,STU00172,63.34,68.37,63.35,0,54.25,-9.09,2026-10-02
ACR00173,STU00173,91.35,91.94,63.3,0,85.05,-6.3,2026-10-02
ACR00174,STU00174,65.1,72.05,50.29,1,61.26,-3.84,2026-10-02
ACR00175,STU00175,86.54,77.63,76.59,0,74.72,-11.82,2026-10-02
ACR00176,STU00176,77.17,74.1,62.56,0,73.67,-3.5,2026-10-02
ACR00177,STU00177,62.82,64.26,68.32,0,68.04,5.22,2026-10-02
ACR00178,STU00178,76.63,74.97,69.14,0,74.48,-2.15,2026-10-02
ACR00179,STU00179,65.83,74.16,60.21,0,72.81,6.98,2026-10-02
ACR00180,STU00180,93.46,100.0,89.79,0,93.64,0.18,2026-10-02
ACR00181,STU00181,65.91,63.11,59.45,0,62.8,-3.11,2026-10-02
ACR00182,STU00182,78.26,81.12,77.42,0,76.25,-2.01,2026-10-02
ACR00183,STU00183,69.62,66.83,48.34,0,62.46,-7.16,2026-10-02
ACR00184,STU00184,92.08,86.34,84.34,0,74.52,-17.56,2026-10-02
ACR00185,STU00185,89.26,76.59,70.12,0,76.37,-12.89,2026-10-02
ACR00186,STU00186,86.46,83.79,67.29,1,75.1,-11.36,2026-10-02
ACR00187,STU00187,68.53,68.49,65.25,0,59.83,-8.7,2026-10-02
ACR00188,STU00188,84.85,93.84,68.43,0,83.66,-1.19,2026-10-02
ACR00189,STU00189,80.71,63.91,58.48,0,65.1,-15.61,2026-10-02
ACR00190,STU00190,59.05,64.05,44.68,0,52.49,-6.56,2026-10-02
ACR00191,STU00191,70.33,83.53,56.78,0,65.03,-5.3,2026-10-02
ACR00192,STU00192,100.0,97.09,96.79,0,97.41,-2.59,2026-10-02
ACR00193,STU00193,87.32,70.18,58.88,0,76.72,-10.6,2026-10-02
ACR00194,STU00194,88.8,93.17,80.71,0,82.34,-6.46,2026-10-02
ACR00195,STU00195,67.82,73.75,61.24,1,62.28,-5.54,2026-10-02
ACR00196,STU00196,59.3,67.67,64.79,0,57.87,-1.43,2026-10-02
ACR00197,STU00197,100.0,73.47,74.72,0,79.75,-20.25,2026-10-02
ACR00198,STU00198,68.47,67.63,60.85,0,58.01,-10.46,2026-10-02
ACR00199,STU00199,58.91,60.13,51.64,2,65.25,6.34,2026-10-02
ACR00200,STU00200,62.2,74.14,66.63,0,58.06,-4.14,2026-10-02
ACR00201,STU00201,77.27,69.4,54.28,0,70.11,-7.16,2026-10-02
ACR00202,STU00202,87.82,83.02,69.13,0,77.08,-10.74,2026-10-02
ACR00203,STU00203,89.2,96.36,76.57,0,81.58,-7.62,2026-10-02
ACR00204,STU00204,80.56,82.46,67.41,0,74.43,-6.13,2026-10-02
ACR00205,STU00205,71.88,71.95,76.47,0,71.92,0.04,2026-10-02
ACR00206,STU00206,90.26,91.59,78.03,0,87.33,-2.93,2026-10-02
ACR00207,STU00207,99.89,83.9,95.58,0,92.58,-7.31,2026-10-02
ACR00208,STU00208,61.27,57.02,49.18,1,61.14,-0.13,2026-10-02
ACR00209,STU00209,95.94,72.56,80.02,0,83.28,-12.66,2026-10-02
ACR00210,STU00210,73.24,81.2,70.21,0,66.43,-6.81,2026-10-02
ACR00211,STU00211,62.55,64.33,68.09,0,69.11,6.56,2026-10-02
ACR00212,STU00212,84.62,72.44,69.83,0,77.26,-7.36,2026-10-02
ACR00213,STU00213,100.0,100.0,86.85,0,97.57,-2.43,2026-10-02
ACR00214,STU00214,92.87,87.95,91.98,0,87.88,-4.99,2026-10-02
ACR00215,STU00215,45.93,61.47,54.84,2,47.1,1.17,2026-10-02
ACR00216,STU00216,70.59,63.75,71.52,0,68.95,-1.64,2026-10-02
ACR00217,STU00217,66.37,69.15,63.58,0,62.05,-4.32,2026-10-02
ACR00218,STU00218,97.76,95.09,72.28,0,86.17,-11.59,2026-10-02
ACR00219,STU00219,77.47,79.15,63.63,0,82.48,5.01,2026-10-02
ACR00220,STU00220,91.49,81.27,81.96,0,78.67,-12.82,2026-10-02
ACR00221,STU00221,93.87,86.3,82.66,0,71.7,-22.17,2026-10-02
ACR00222,STU00222,100.0,93.97,94.9,0,88.38,-11.62,2026-10-02
ACR00223,STU00223,100.0,100.0,85.16,0,99.57,-0.43,2026-10-02
ACR00224,STU00224,78.17,60.19,60.1,0,67.48,-10.69,2026-10-02
ACR00225,STU00225,76.28,67.3,62.7,0,64.36,-11.92,2026-10-02
ACR00226,STU00226,70.25,85.77,67.25,1,61.79,-8.46,2026-10-02
ACR00227,STU00227,74.14,73.92,86.79,0,76.51,2.37,2026-10-02
ACR00228,STU00228,99.35,89.6,77.06,0,82.23,-17.12,2026-10-02
ACR00229,STU00229,100.0,100.0,99.33,0,94.81,-5.19,2026-10-02
ACR00230,STU00230,75.17,79.1,67.21,0,70.97,-4.2,2026-10-02
ACR00231,STU00231,72.9,70.95,65.54,1,71.98,-0.92,2026-10-02
ACR00232,STU00232,78.96,81.08,62.13,0,70.68,-8.28,2026-10-02
ACR00233,STU00233,62.03,61.4,63.92,0,68.98,6.95,2026-10-02
ACR00234,STU00234,100.0,93.13,89.58,0,88.71,-11.29,2026-10-02
ACR00235,STU00235,79.96,76.38,65.69,0,79.46,-0.5,2026-10-02
ACR00236,STU00236,70.35,79.04,62.57,1,53.85,-16.5,2026-10-02
ACR00237,STU00237,32.3,42.24,45.47,4,31.15,-1.15,2026-10-02
ACR00238,STU00238,46.17,47.79,60.84,2,53.02,6.85,2026-10-02
ACR00239,STU00239,55.78,69.16,64.01,0,59.14,3.36,2026-10-02
ACR00240,STU00240,60.19,61.69,50.13,0,55.84,-4.35,2026-10-02
ACR00241,STU00241,84.46,91.08,57.27,0,79.9,-4.56,2026-10-02
ACR00242,STU00242,82.88,80.59,68.16,0,71.97,-10.91,2026-10-02
ACR00243,STU00243,61.46,70.31,61.18,1,61.61,0.15,2026-10-02
ACR00244,STU00244,78.1,67.81,59.98,0,77.65,-0.45,2026-10-02
ACR00245,STU00245,93.08,90.13,72.18,0,82.47,-10.61,2026-10-02
ACR00246,STU00246,93.21,90.44,72.78,0,90.79,-2.42,2026-10-02
ACR00247,STU00247,51.07,55.5,58.14,2,45.1,-5.97,2026-10-02
ACR00248,STU00248,99.32,80.81,74.11,0,78.44,-20.88,2026-10-02
ACR00249,STU00249,60.11,54.62,41.87,1,60.9,0.79,2026-10-02
ACR00250,STU00250,73.75,69.47,63.35,0,58.54,-15.21,2026-10-02
ACR00251,STU00251,59.63,62.52,50.43,1,54.13,-5.5,2026-10-02
ACR00252,STU00252,70.27,61.84,61.49,0,60.75,-9.52,2026-10-02
ACR00253,STU00253,72.86,49.65,62.81,0,61.31,-11.55,2026-10-02
ACR00254,STU00254,65.78,70.09,59.22,0,65.86,0.08,2026-10-02
ACR00255,STU00255,48.94,50.9,44.65,2,50.89,1.95,2026-10-02
ACR00256,STU00256,64.41,63.87,66.0,0,67.34,2.93,2026-10-02
ACR00257,STU00257,73.99,56.25,54.91,1,63.66,-10.33,2026-10-02
ACR00258,STU00258,80.36,78.1,78.32,0,82.52,2.16,2026-10-02
ACR00259,STU00259,79.57,64.86,52.02,0,60.39,-19.18,2026-10-02
ACR00260,STU00260,64.01,69.42,47.54,0,58.12,-5.89,2026-10-02
ACR00261,STU00261,73.66,59.58,55.07,0,62.83,-10.83,2026-10-02
ACR00262,STU00262,52.71,56.66,61.06,1,44.61,-8.1,2026-10-02
ACR00263,STU00263,51.87,43.27,48.51,3,53.09,1.22,2026-10-02
ACR00264,STU00264,77.0,80.71,60.64,0,70.65,-6.35,2026-10-02
ACR00265,STU00265,78.9,73.79,80.21,0,77.52,-1.38,2026-10-02
ACR00266,STU00266,70.82,58.34,61.51,0,62.71,-8.11,2026-10-02
ACR00267,STU00267,66.17,52.85,51.0,3,50.74,-15.43,2026-10-02
ACR00268,STU00268,100.0,92.05,97.45,0,90.83,-9.17,2026-10-02
ACR00269,STU00269,66.21,69.66,64.27,0,55.93,-10.28,2026-10-02
ACR00270,STU00270,68.21,62.67,52.87,0,70.74,2.53,2026-10-02
ACR00271,STU00271,59.97,74.56,70.44,2,58.13,-1.84,2026-10-02
ACR00272,STU00272,87.22,81.45,65.79,0,73.61,-13.61,2026-10-02
ACR00273,STU00273,84.99,76.85,69.64,0,76.58,-8.41,2026-10-02
ACR00274,STU00274,72.74,62.19,64.06,0,60.98,-11.76,2026-10-02
ACR00275,STU00275,54.07,45.0,38.64,0,49.85,-4.22,2026-10-02
ACR00276,STU00276,85.11,79.04,67.39,0,81.23,-3.88,2026-10-02
ACR00277,STU00277,75.86,82.88,63.36,0,76.04,0.18,2026-10-02
ACR00278,STU00278,100.0,85.5,83.19,0,86.89,-13.11,2026-10-02
ACR00279,STU00279,68.37,70.19,69.74,0,68.11,-0.26,2026-10-02
ACR00280,STU00280,100.0,81.52,67.86,0,74.13,-25.87,2026-10-02
ACR00281,STU00281,65.88,76.12,56.17,0,57.23,-8.65,2026-10-02
ACR00282,STU00282,100.0,90.53,85.89,0,83.11,-16.89,2026-10-02
ACR00283,STU00283,71.57,71.56,69.46,1,77.97,6.4,2026-10-02
ACR00284,STU00284,86.97,97.48,89.21,0,86.44,-0.53,2026-10-02
ACR00285,STU00285,95.83,50.9,63.3,0,76.14,-19.69,2026-10-02
ACR00286,STU00286,73.62,85.28,56.26,0,59.56,-14.06,2026-10-02
ACR00287,STU00287,89.95,73.12,60.88,0,69.55,-20.4,2026-10-02
ACR00288,STU00288,78.21,86.37,61.3,0,72.91,-5.3,2026-10-02
ACR00289,STU00289,85.45,85.33,68.39,0,84.08,-1.37,2026-10-02
ACR00290,STU00290,62.97,63.43,63.74,0,63.57,0.6,2026-10-02
ACR00291,STU00291,86.55,68.59,74.27,0,71.12,-15.43,2026-10-02
ACR00292,STU00292,54.19,63.09,61.16,0,61.68,7.49,2026-10-02
ACR00293,STU00293,91.95,79.49,79.69,0,80.81,-11.14,2026-10-02
ACR00294,STU00294,75.71,66.3,58.4,0,65.92,-9.79,2026-10-02
ACR00295,STU00295,46.2,47.85,36.64,3,47.63,1.43,2026-10-02
ACR00296,STU00296,93.25,74.37,92.66,0,80.78,-12.47,2026-10-02
ACR00297,STU00297,81.21,61.14,67.93,0,64.91,-16.3,2026-10-02
ACR00298,STU00298,99.4,99.73,82.46,0,97.87,-1.53,2026-10-02
ACR00299,STU00299,95.03,89.16,77.93,0,89.27,-5.76,2026-10-02
ACR00300,STU00300,82.31,83.0,74.79,0,66.62,-15.69,2026-10-02
ACR00301,STU00301,91.32,72.18,68.35,0,79.26,-12.06,2026-10-02
ACR00302,STU00302,95.69,89.34,83.21,0,79.54,-16.15,2026-10-02
ACR00303,STU00303,88.14,74.9,71.45,0,87.92,-0.22,2026-10-02
ACR00304,STU00304,46.3,50.18,46.92,1,37.43,-8.87,2026-10-02
ACR00305,STU00305,100.0,86.71,87.04,0,91.86,-8.14,2026-10-02
ACR00306,STU00306,73.69,72.83,54.08,0,73.55,-0.14,2026-10-02
ACR00307,STU00307,66.92,65.55,57.28,0,55.91,-11.01,2026-10-02
ACR00308,STU00308,71.41,77.31,63.47,0,67.4,-4.01,2026-10-02
ACR00309,STU00309,76.23,62.46,61.33,0,63.5,-12.73,2026-10-02
ACR00310,STU00310,99.45,95.42,91.53,0,90.81,-8.64,2026-10-02
ACR00311,STU00311,90.9,88.84,77.11,0,80.53,-10.37,2026-10-02
ACR00312,STU00312,92.85,84.19,56.29,0,83.95,-8.9,2026-10-02
ACR00313,STU00313,89.72,75.1,67.13,0,76.21,-13.51,2026-10-02
ACR00314,STU00314,83.16,71.85,55.59,0,69.96,-13.2,2026-10-02
ACR00315,STU00315,77.67,60.03,64.89,0,63.36,-14.31,2026-10-02
ACR00316,STU00316,100.0,87.83,87.22,0,87.85,-12.15,2026-10-02
ACR00317,STU00317,71.12,67.22,65.74,0,68.74,-2.38,2026-10-02
ACR00318,STU00318,63.79,55.31,57.61,0,59.64,-4.15,2026-10-02
ACR00319,STU00319,86.14,84.47,79.01,0,79.87,-6.27,2026-10-02
ACR00320,STU00320,58.82,68.56,44.42,2,49.88,-8.94,2026-10-02
ACR00321,STU00321,88.24,86.89,72.99,0,79.45,-8.79,2026-10-02
ACR00322,STU00322,60.29,63.24,67.1,0,58.31,-1.98,2026-10-02
ACR00323,STU00323,51.01,45.53,48.49,1,41.31,-9.7,2026-10-02
ACR00324,STU00324,54.51,77.73,74.06,0,71.52,17.01,2026-10-02
ACR00325,STU00325,75.14,68.59,65.52,0,65.36,-9.78,2026-10-02
ACR00326,STU00326,100.0,100.0,100.0,0,97.35,-2.65,2026-10-02
ACR00327,STU00327,56.25,58.33,64.14,1,58.51,2.26,2026-10-02
ACR00328,STU00328,77.96,76.18,59.32,0,69.88,-8.08,2026-10-02
ACR00329,STU00329,68.52,71.17,54.44,0,68.52,0.0,2026-10-02
ACR00330,STU00330,72.2,69.97,61.73,0,68.55,-3.65,2026-10-02
ACR00331,STU00331,56.03,53.57,55.59,1,49.58,-6.45,2026-10-02
ACR00332,STU00332,75.88,60.63,57.24,0,61.83,-14.05,2026-10-02
ACR00333,STU00333,51.85,78.86,59.86,1,66.75,14.9,2026-10-02
ACR00334,STU00334,69.26,76.02,70.6,1,66.94,-2.32,2026-10-02
ACR00335,STU00335,57.88,52.2,44.79,1,58.06,0.18,2026-10-02
ACR00336,STU00336,46.66,57.55,41.36,0,41.43,-5.23,2026-10-02
ACR00337,STU00337,36.16,51.39,34.27,1,41.02,4.86,2026-10-02
ACR00338,STU00338,69.47,72.13,61.87,0,74.77,5.3,2026-10-02
ACR00339,STU00339,68.56,77.5,76.85,0,74.49,5.93,2026-10-02
ACR00340,STU00340,76.29,83.38,65.9,0,64.87,-11.42,2026-10-02
ACR00341,STU00341,76.57,66.8,75.16,0,78.65,2.08,2026-10-02
ACR00342,STU00342,87.71,94.31,72.22,0,84.99,-2.72,2026-10-02
ACR00343,STU00343,83.36,73.98,63.02,0,77.74,-5.62,2026-10-02
ACR00344,STU00344,68.51,68.77,49.93,0,71.34,2.83,2026-10-02
ACR00345,STU00345,37.98,35.78,24.8,2,29.9,-8.08,2026-10-02
ACR00346,STU00346,61.68,65.99,63.8,0,54.8,-6.88,2026-10-02
ACR00347,STU00347,46.49,39.02,53.44,1,45.1,-1.39,2026-10-02
ACR00348,STU00348,66.9,68.43,54.32,0,67.99,1.09,2026-10-02
ACR00349,STU00349,82.49,81.49,75.81,0,72.95,-9.54,2026-10-02
ACR00350,STU00350,65.19,60.75,49.96,0,74.17,8.98,2026-10-02
ACR00351,STU00351,91.28,84.23,79.89,0,82.82,-8.46,2026-10-02
ACR00352,STU00352,89.51,77.74,65.91,0,80.14,-9.37,2026-10-02
ACR00353,STU00353,72.84,76.12,71.14,0,73.68,0.84,2026-10-02
ACR00354,STU00354,47.18,37.28,39.22,2,38.61,-8.57,2026-10-02
ACR00355,STU00355,100.0,89.8,80.41,0,86.29,-13.71,2026-10-02
ACR00356,STU00356,100.0,89.32,84.7,0,85.57,-14.43,2026-10-02
ACR00357,STU00357,71.17,61.0,72.61,0,70.2,-0.97,2026-10-02
ACR00358,STU00358,84.65,67.89,47.96,0,68.18,-16.47,2026-10-02
ACR00359,STU00359,46.41,57.92,52.75,1,46.27,-0.14,2026-10-02
ACR00360,STU00360,94.13,89.03,76.31,0,74.83,-19.3,2026-10-02
ACR00361,STU00361,84.69,85.26,77.68,0,82.43,-2.26,2026-10-02
ACR00362,STU00362,79.83,75.88,75.5,0,70.64,-9.19,2026-10-02
ACR00363,STU00363,78.27,68.23,65.65,0,69.17,-9.1,2026-10-02
ACR00364,STU00364,75.43,60.88,54.26,0,63.03,-12.4,2026-10-02
ACR00365,STU00365,93.85,85.32,77.52,0,83.88,-9.97,2026-10-02
ACR00366,STU00366,90.39,90.83,81.53,0,83.76,-6.63,2026-10-02
ACR00367,STU00367,89.34,87.0,82.14,0,85.27,-4.07,2026-10-02
ACR00368,STU00368,85.22,79.48,68.42,0,79.82,-5.4,2026-10-02
ACR00369,STU00369,67.87,65.4,74.09,1,59.46,-8.41,2026-10-02
ACR00370,STU00370,100.0,95.93,81.0,0,86.54,-13.46,2026-10-02
ACR00371,STU00371,72.32,66.99,68.36,0,66.72,-5.6,2026-10-02
ACR00372,STU00372,77.15,48.38,61.93,0,69.62,-7.53,2026-10-02
ACR00373,STU00373,93.23,75.6,78.32,0,85.91,-7.32,2026-10-02
ACR00374,STU00374,100.0,100.0,100.0,0,99.07,-0.93,2026-10-02
ACR00375,STU00375,72.09,71.45,57.9,0,64.03,-8.06,2026-10-02
ACR00376,STU00376,75.95,61.47,58.42,0,60.49,-15.46,2026-10-02
ACR00377,STU00377,76.42,73.85,65.19,0,75.55,-0.87,2026-10-02
ACR00378,STU00378,61.36,65.57,62.33,0,55.37,-5.99,2026-10-02
ACR00379,STU00379,89.3,88.63,82.41,0,75.56,-13.74,2026-10-02
ACR00380,STU00380,46.41,54.1,56.41,1,45.72,-0.69,2026-10-02
ACR00381,STU00381,90.51,100.0,67.65,0,89.42,-1.09,2026-10-02
ACR00382,STU00382,98.13,60.24,71.65,0,82.47,-15.66,2026-10-02
ACR00383,STU00383,75.44,75.07,65.21,0,63.76,-11.68,2026-10-02
ACR00384,STU00384,82.25,70.75,79.65,0,76.97,-5.28,2026-10-02
ACR00385,STU00385,50.77,58.08,55.23,1,58.79,8.02,2026-10-02
ACR00386,STU00386,93.31,95.28,82.88,0,88.77,-4.54,2026-10-02
ACR00387,STU00387,51.35,43.82,48.64,0,48.11,-3.24,2026-10-02
ACR00388,STU00388,43.0,42.53,34.64,0,35.59,-7.41,2026-10-02
ACR00389,STU00389,91.22,92.43,83.44,0,76.11,-15.11,2026-10-02
ACR00390,STU00390,57.73,61.19,58.43,0,51.43,-6.3,2026-10-02
ACR00391,STU00391,84.29,70.99,70.18,0,66.21,-18.08,2026-10-02
ACR00392,STU00392,72.85,80.57,73.84,0,60.46,-12.39,2026-10-02
ACR00393,STU00393,79.36,79.76,73.68,0,80.75,1.39,2026-10-02
ACR00394,STU00394,74.16,82.41,63.27,0,64.57,-9.59,2026-10-02
ACR00395,STU00395,61.11,62.68,56.71,1,56.49,-4.62,2026-10-02
ACR00396,STU00396,56.06,67.45,65.53,1,51.13,-4.93,2026-10-02
ACR00397,STU00397,70.61,57.75,56.63,0,57.74,-12.87,2026-10-02
ACR00398,STU00398,49.22,49.58,50.05,0,50.18,0.96,2026-10-02
ACR00399,STU00399,49.64,61.59,45.84,0,60.43,10.79,2026-10-02
ACR00400,STU00400,100.0,90.86,83.53,0,93.45,-6.55,2026-10-02
ACR00401,STU00401,78.41,79.91,59.71,2,65.71,-12.7,2026-10-02
ACR00402,STU00402,87.88,78.79,67.88,0,76.07,-11.81,2026-10-02
ACR00403,STU00403,77.97,81.75,66.83,0,71.03,-6.94,2026-10-02
ACR00404,STU00404,89.12,94.4,99.45,0,87.25,-1.87,2026-10-02
ACR00405,STU00405,83.8,89.3,85.76,0,81.5,-2.3,2026-10-02
ACR00406,STU00406,71.58,79.38,71.84,0,73.15,1.57,2026-10-02
ACR00407,STU00407,80.54,77.07,71.94,0,77.23,-3.31,2026-10-02
ACR00408,STU00408,96.55,84.32,92.16,0,89.25,-7.3,2026-10-02
ACR00409,STU00409,79.81,71.75,62.34,0,76.05,-3.76,2026-10-02
ACR00410,STU00410,73.64,69.64,74.31,0,67.5,-6.14,2026-10-02
ACR00411,STU00411,91.93,61.77,74.25,0,78.82,-13.11,2026-10-02
ACR00412,STU00412,67.9,64.55,74.77,1,69.45,1.55,2026-10-02
ACR00413,STU00413,74.37,75.17,73.75,0,69.89,-4.48,2026-10-02
ACR00414,STU00414,53.85,69.49,73.52,0,64.93,11.08,2026-10-02
ACR00415,STU00415,78.01,75.99,70.43,0,73.72,-4.29,2026-10-02
ACR00416,STU00416,87.26,94.58,74.87,0,80.32,-6.94,2026-10-02
ACR00417,STU00417,79.08,71.76,64.32,0,71.73,-7.35,2026-10-02
ACR00418,STU00418,56.68,47.88,60.02,0,60.05,3.37,2026-10-02
ACR00419,STU00419,81.63,75.29,62.85,0,75.25,-6.38,2026-10-02
ACR00420,STU00420,66.41,58.91,56.03,0,51.32,-15.09,2026-10-02
ACR00421,STU00421,63.45,76.63,72.78,0,67.64,4.19,2026-10-02
ACR00422,STU00422,56.6,65.94,56.65,0,54.01,-2.59,2026-10-02
ACR00423,STU00423,74.72,57.62,65.03,0,58.68,-16.04,2026-10-02
ACR00424,STU00424,86.04,80.03,66.85,0,81.9,-4.14,2026-10-02
ACR00425,STU00425,99.49,85.1,76.99,0,85.5,-13.99,2026-10-02
ACR00426,STU00426,68.09,69.81,47.43,0,63.56,-4.53,2026-10-02
ACR00427,STU00427,89.28,84.27,66.79,0,77.75,-11.53,2026-10-02
ACR00428,STU00428,81.34,84.1,70.05,0,77.3,-4.04,2026-10-02
ACR00429,STU00429,58.92,43.07,39.57,2,41.66,-17.26,2026-10-02
ACR00430,STU00430,72.46,83.75,75.12,1,74.47,2.01,2026-10-02
ACR00431,STU00431,69.26,69.73,84.32,0,76.32,7.06,2026-10-02
ACR00432,STU00432,80.98,81.13,51.34,0,70.33,-10.65,2026-10-02
ACR00433,STU00433,49.27,58.4,58.28,0,48.37,-0.9,2026-10-02
ACR00434,STU00434,100.0,97.96,93.93,0,91.71,-8.29,2026-10-02
ACR00435,STU00435,78.98,84.13,66.93,0,80.25,1.27,2026-10-02
ACR00436,STU00436,82.13,82.17,68.38,0,75.87,-6.26,2026-10-02
ACR00437,STU00437,62.41,73.79,53.3,1,55.83,-6.58,2026-10-02
ACR00438,STU00438,50.36,58.22,49.56,4,53.25,2.89,2026-10-02
ACR00439,STU00439,81.9,59.36,73.51,0,74.19,-7.71,2026-10-02
ACR00440,STU00440,100.0,95.78,93.48,0,96.7,-3.3,2026-10-02
ACR00441,STU00441,96.12,93.74,78.11,0,86.83,-9.29,2026-10-02
ACR00442,STU00442,56.4,60.86,58.08,1,51.15,-5.25,2026-10-02
ACR00443,STU00443,100.0,91.36,57.63,0,75.34,-24.66,2026-10-02
ACR00444,STU00444,71.6,87.49,75.47,0,67.77,-3.83,2026-10-02
ACR00445,STU00445,80.25,60.63,59.54,0,64.3,-15.95,2026-10-02
ACR00446,STU00446,69.9,69.26,51.81,0,69.08,-0.82,2026-10-02
ACR00447,STU00447,100.0,91.55,92.59,0,78.85,-21.15,2026-10-02
ACR00448,STU00448,88.92,89.74,74.89,0,72.57,-16.35,2026-10-02
ACR00449,STU00449,100.0,100.0,78.02,0,85.82,-14.18,2026-10-02
ACR00450,STU00450,53.09,57.43,45.07,1,52.75,-0.34,2026-10-02
ACR00451,STU00451,88.0,96.69,80.42,0,90.29,2.29,2026-10-02
ACR00452,STU00452,62.17,48.74,53.04,0,59.85,-2.32,2026-10-02
ACR00453,STU00453,78.13,72.72,61.81,1,64.87,-13.26,2026-10-02
ACR00454,STU00454,75.49,58.49,57.12,0,58.77,-16.72,2026-10-02
ACR00455,STU00455,79.65,82.99,73.98,0,76.1,-3.55,2026-10-02
ACR00456,STU00456,62.41,60.22,49.72,0,61.34,-1.07,2026-10-02
ACR00457,STU00457,74.06,82.14,64.54,1,82.55,8.49,2026-10-02
ACR00458,STU00458,81.17,84.01,75.09,0,82.02,0.85,2026-10-02
ACR00459,STU00459,47.85,42.23,55.1,1,46.07,-1.78,2026-10-02
ACR00460,STU00460,86.08,82.3,77.56,0,74.52,-11.56,2026-10-02
ACR00461,STU00461,82.2,75.12,73.79,0,92.18,9.98,2026-10-02
ACR00462,STU00462,72.56,57.45,62.74,0,55.8,-16.76,2026-10-02
ACR00463,STU00463,81.34,87.12,73.1,0,84.35,3.01,2026-10-02
ACR00464,STU00464,62.56,61.56,46.88,0,47.54,-15.02,2026-10-02
ACR00465,STU00465,66.2,62.69,53.96,0,62.01,-4.19,2026-10-02
ACR00466,STU00466,74.94,80.09,70.46,0,77.8,2.86,2026-10-02
ACR00467,STU00467,83.0,83.46,70.17,0,83.27,0.27,2026-10-02
ACR00468,STU00468,62.34,56.84,59.45,0,61.83,-0.51,2026-10-02
ACR00469,STU00469,100.0,96.8,96.09,0,92.4,-7.6,2026-10-02
ACR00470,STU00470,62.54,62.09,54.37,2,55.5,-7.04,2026-10-02
ACR00471,STU00471,70.97,73.16,79.42,0,71.26,0.29,2026-10-02
ACR00472,STU00472,78.89,73.52,72.84,0,65.05,-13.84,2026-10-02
ACR00473,STU00473,90.46,87.48,69.61,0,78.46,-12.0,2026-10-02
ACR00474,STU00474,80.56,70.82,62.43,0,75.15,-5.41,2026-10-02
ACR00475,STU00475,38.5,36.25,38.77,2,38.06,-0.44,2026-10-02
ACR00476,STU00476,77.85,79.14,70.95,0,75.99,-1.86,2026-10-02
ACR00477,STU00477,100.0,97.9,93.07,0,91.05,-8.95,2026-10-02
ACR00478,STU00478,100.0,100.0,89.72,0,86.35,-13.65,2026-10-02
ACR00479,STU00479,82.66,78.67,70.25,0,81.26,-1.4,2026-10-02
ACR00480,STU00480,82.52,73.9,73.13,1,72.51,-10.01,2026-10-02
ACR00481,STU00481,82.65,58.04,47.44,0,63.65,-19.0,2026-10-02
ACR00482,STU00482,66.27,77.79,52.73,0,71.06,4.79,2026-10-02
ACR00483,STU00483,79.62,72.23,56.76,1,68.43,-11.19,2026-10-02
ACR00484,STU00484,73.63,59.29,56.79,0,65.23,-8.4,2026-10-02
ACR00485,STU00485,78.84,75.2,70.55,0,66.45,-12.39,2026-10-02
ACR00486,STU00486,90.26,93.64,87.3,0,81.32,-8.94,2026-10-02
ACR00487,STU00487,78.65,79.4,64.51,0,66.23,-12.42,2026-10-02
ACR00488,STU00488,64.05,76.24,55.03,0,71.57,7.52,2026-10-02
ACR00489,STU00489,68.56,70.03,77.43,0,64.43,-4.13,2026-10-02
ACR00490,STU00490,73.72,90.74,65.38,0,73.91,0.19,2026-10-02
ACR00491,STU00491,66.21,67.39,61.85,0,63.75,-2.46,2026-10-02
ACR00492,STU00492,71.93,87.33,52.78,1,58.98,-12.95,2026-10-02
ACR00493,STU00493,100.0,90.36,100.0,0,98.94,-1.06,2026-10-02
ACR00494,STU00494,95.96,83.31,79.88,0,81.35,-14.61,2026-10-02
ACR00495,STU00495,81.8,89.41,81.35,0,84.54,2.74,2026-10-02
ACR00496,STU00496,72.5,64.39,60.59,0,65.92,-6.58,2026-10-02
ACR00497,STU00497,67.64,70.38,64.21,0,63.54,-4.1,2026-10-02
ACR00498,STU00498,92.11,100.0,78.32,0,83.03,-9.08,2026-10-02
ACR00499,STU00499,93.27,86.19,59.69,0,81.75,-11.52,2026-10-02
ACR00500,STU00500,70.07,82.66,58.49,1,67.51,-2.56,2026-10-02
ACR00501,STU00501,96.08,86.38,82.48,0,82.97,-13.11,2026-10-02
ACR00502,STU00502,86.66,79.62,73.86,0,80.89,-5.77,2026-10-02
ACR00503,STU00503,78.99,81.81,90.84,0,76.04,-2.95,2026-10-02
ACR00504,STU00504,62.78,70.48,64.05,0,69.21,6.43,2026-10-02
ACR00505,STU00505,80.5,72.07,48.15,0,65.0,-15.5,2026-10-02
ACR00506,STU00506,57.41,45.43,42.29,0,41.31,-16.1,2026-10-02
ACR00507,STU00507,68.61,69.07,46.36,1,58.98,-9.63,2026-10-02
ACR00508,STU00508,62.06,67.99,71.77,0,58.51,-3.55,2026-10-02
ACR00509,STU00509,66.87,72.54,65.78,0,75.0,8.13,2026-10-02
ACR00510,STU00510,79.01,58.55,38.87,0,61.15,-17.86,2026-10-02
ACR00511,STU00511,82.08,85.35,73.44,0,81.59,-0.49,2026-10-02
ACR00512,STU00512,85.99,71.61,62.86,0,77.54,-8.45,2026-10-02
ACR00513,STU00513,81.27,83.35,62.54,0,66.28,-14.99,2026-10-02
ACR00514,STU00514,81.61,66.48,77.58,0,78.81,-2.8,2026-10-02
ACR00515,STU00515,76.87,67.43,62.29,0,68.45,-8.42,2026-10-02
ACR00516,STU00516,90.24,80.07,66.64,0,69.87,-20.37,2026-10-02
ACR00517,STU00517,84.52,76.18,64.66,0,74.73,-9.79,2026-10-02
ACR00518,STU00518,99.84,89.31,72.01,0,84.3,-15.54,2026-10-02
ACR00519,STU00519,96.21,78.5,80.23,0,78.53,-17.68,2026-10-02
ACR00520,STU00520,77.82,59.85,63.64,0,71.05,-6.77,2026-10-02
ACR00521,STU00521,57.37,57.55,59.64,0,53.65,-3.72,2026-10-02
ACR00522,STU00522,87.5,82.92,58.24,0,82.57,-4.93,2026-10-02
ACR00523,STU00523,63.62,67.64,63.13,0,53.61,-10.01,2026-10-02
ACR00524,STU00524,97.57,81.43,68.6,0,81.63,-15.94,2026-10-02
ACR00525,STU00525,81.41,70.26,72.54,0,65.67,-15.74,2026-10-02
ACR00526,STU00526,98.04,75.74,76.41,0,79.35,-18.69,2026-10-02
ACR00527,STU00527,69.5,72.85,58.2,0,64.35,-5.15,2026-10-02
ACR00528,STU00528,100.0,86.26,91.15,0,83.1,-16.9,2026-10-02
ACR00529,STU00529,42.54,35.16,56.34,2,43.63,1.09,2026-10-02
ACR00530,STU00530,100.0,100.0,89.3,0,87.71,-12.29,2026-10-02
ACR00531,STU00531,100.0,88.7,86.67,0,90.58,-9.42,2026-10-02
ACR00532,STU00532,71.28,77.16,63.83,0,71.99,0.71,2026-10-02
ACR00533,STU00533,81.69,62.59,67.87,0,70.78,-10.91,2026-10-02
ACR00534,STU00534,84.0,62.48,56.7,0,70.81,-13.19,2026-10-02
ACR00535,STU00535,86.33,84.42,75.22,0,73.88,-12.45,2026-10-02
ACR00536,STU00536,87.0,85.92,53.78,0,91.05,4.05,2026-10-02
ACR00537,STU00537,53.74,71.61,60.48,1,53.39,-0.35,2026-10-02
ACR00538,STU00538,61.99,67.53,54.7,1,56.46,-5.53,2026-10-02
ACR00539,STU00539,57.57,69.67,54.47,2,57.47,-0.1,2026-10-02
ACR00540,STU00540,77.83,86.12,66.49,0,71.54,-6.29,2026-10-02
ACR00541,STU00541,66.56,52.19,49.87,3,49.27,-17.29,2026-10-02
ACR00542,STU00542,53.87,60.31,51.81,1,56.3,2.43,2026-10-02
ACR00543,STU00543,63.99,62.17,71.2,0,62.72,-1.27,2026-10-02
ACR00544,STU00544,70.48,70.75,60.87,0,66.84,-3.64,2026-10-02
ACR00545,STU00545,59.98,66.31,58.34,0,62.46,2.48,2026-10-02
ACR00546,STU00546,66.74,61.41,63.4,2,56.28,-10.46,2026-10-02
ACR00547,STU00547,87.42,76.4,72.65,0,76.31,-11.11,2026-10-02
ACR00548,STU00548,89.15,76.55,72.49,0,76.9,-12.25,2026-10-02
ACR00549,STU00549,74.7,66.43,63.26,0,68.56,-6.14,2026-10-02
ACR00550,STU00550,100.0,90.77,76.61,0,89.08,-10.92,2026-10-02
ACR00551,STU00551,79.03,75.3,68.94,0,67.82,-11.21,2026-10-02
ACR00552,STU00552,36.04,52.93,36.85,1,39.28,3.24,2026-10-02
ACR00553,STU00553,89.18,81.63,74.24,1,81.44,-7.74,2026-10-02
ACR00554,STU00554,56.93,48.04,39.11,0,58.02,1.09,2026-10-02
ACR00555,STU00555,88.03,86.1,79.5,0,82.39,-5.64,2026-10-02
ACR00556,STU00556,96.3,88.77,88.82,0,78.39,-17.91,2026-10-02
ACR00557,STU00557,60.48,67.01,61.03,0,72.82,12.34,2026-10-02
ACR00558,STU00558,43.81,54.29,52.72,3,47.63,3.82,2026-10-02
ACR00559,STU00559,60.48,54.8,42.93,0,61.64,1.16,2026-10-02
ACR00560,STU00560,89.89,75.23,72.04,0,74.34,-15.55,2026-10-02
ACR00561,STU00561,76.38,87.04,62.62,0,74.4,-1.98,2026-10-02
ACR00562,STU00562,48.02,48.63,36.24,2,39.41,-8.61,2026-10-02
ACR00563,STU00563,82.95,90.66,70.54,0,72.5,-10.45,2026-10-02
ACR00564,STU00564,38.41,41.31,44.92,0,44.06,5.65,2026-10-02
ACR00565,STU00565,67.0,85.53,58.42,0,68.47,1.47,2026-10-02
ACR00566,STU00566,73.75,72.74,56.9,0,60.41,-13.34,2026-10-02
ACR00567,STU00567,96.67,87.1,74.03,0,79.17,-17.5,2026-10-02
ACR00568,STU00568,60.76,55.71,53.14,0,55.23,-5.53,2026-10-02
ACR00569,STU00569,80.54,77.18,68.81,0,69.44,-11.1,2026-10-02
ACR00570,STU00570,51.92,45.21,39.07,1,50.55,-1.37,2026-10-02
ACR00571,STU00571,64.9,64.65,45.19,0,56.21,-8.69,2026-10-02
ACR00572,STU00572,62.34,70.05,58.69,1,61.81,-0.53,2026-10-02
ACR00573,STU00573,86.88,78.17,90.87,0,86.82,-0.06,2026-10-02
ACR00574,STU00574,95.91,97.46,99.14,0,97.27,1.36,2026-10-02
ACR00575,STU00575,74.23,76.75,67.28,1,60.85,-13.38,2026-10-02
ACR00576,STU00576,100.0,97.25,83.87,0,82.31,-17.69,2026-10-02
ACR00577,STU00577,72.78,66.28,55.65,0,69.01,-3.77,2026-10-02
ACR00578,STU00578,66.6,75.35,73.17,0,67.15,0.55,2026-10-02
ACR00579,STU00579,62.08,57.91,44.4,0,55.08,-7.0,2026-10-02
ACR00580,STU00580,94.26,75.05,81.08,0,80.71,-13.55,2026-10-02
ACR00581,STU00581,38.33,55.78,52.7,4,42.83,4.5,2026-10-02
ACR00582,STU00582,43.44,54.64,56.9,2,42.45,-0.99,2026-10-02
ACR00583,STU00583,74.72,73.15,70.07,0,63.99,-10.73,2026-10-02
ACR00584,STU00584,77.06,71.95,76.11,0,86.05,8.99,2026-10-02
ACR00585,STU00585,65.14,70.2,67.72,0,68.01,2.87,2026-10-02
ACR00586,STU00586,57.44,71.76,50.14,1,61.34,3.9,2026-10-02
ACR00587,STU00587,69.76,77.96,54.97,2,61.98,-7.78,2026-10-02
ACR00588,STU00588,85.34,98.48,86.4,0,84.11,-1.23,2026-10-02
ACR00589,STU00589,83.69,76.18,58.73,0,62.13,-21.56,2026-10-02
ACR00590,STU00590,45.42,39.83,37.77,1,43.95,-1.47,2026-10-02
ACR00591,STU00591,60.66,64.88,56.9,1,59.41,-1.25,2026-10-02
ACR00592,STU00592,75.43,71.45,62.18,0,63.22,-12.21,2026-10-02
ACR00593,STU00593,88.3,86.45,71.03,0,82.38,-5.92,2026-10-02
ACR00594,STU00594,85.64,80.44,83.23,0,78.2,-7.44,2026-10-02
ACR00595,STU00595,81.35,63.21,62.48,0,78.43,-2.92,2026-10-02
ACR00596,STU00596,61.46,65.78,51.29,3,51.24,-10.22,2026-10-02
ACR00597,STU00597,68.19,79.58,67.52,2,72.72,4.53,2026-10-02
ACR00598,STU00598,95.07,82.08,78.05,0,79.98,-15.09,2026-10-02
ACR00599,STU00599,64.66,64.58,61.18,2,61.37,-3.29,2026-10-02
ACR00600,STU00600,51.73,72.51,49.84,1,51.98,0.25,2026-10-02
ACR00601,STU00601,50.39,60.55,61.05,2,50.47,0.08,2026-10-02
ACR00602,STU00602,82.74,88.95,75.15,1,84.13,1.39,2026-10-02
ACR00603,STU00603,99.78,90.65,74.58,0,82.72,-17.06,2026-10-02
ACR00604,STU00604,83.95,90.69,74.02,0,77.88,-6.07,2026-10-02
ACR00605,STU00605,87.63,93.24,96.79,0,94.02,6.39,2026-10-02
ACR00606,STU00606,68.39,53.52,50.43,0,64.12,-4.27,2026-10-02
ACR00607,STU00607,76.29,90.0,74.16,0,80.18,3.89,2026-10-02
ACR00608,STU00608,66.52,62.37,57.92,0,60.28,-6.24,2026-10-02
ACR00609,STU00609,99.25,83.48,57.37,0,72.31,-26.94,2026-10-02
ACR00610,STU00610,75.15,60.26,45.12,0,59.24,-15.91,2026-10-02
ACR00611,STU00611,87.99,72.04,68.46,0,78.71,-9.28,2026-10-02
ACR00612,STU00612,69.36,65.84,70.77,0,64.32,-5.04,2026-10-02
ACR00613,STU00613,70.96,77.02,64.61,0,65.21,-5.75,2026-10-02
ACR00614,STU00614,81.16,75.46,73.89,0,74.79,-6.37,2026-10-02
ACR00615,STU00615,54.38,62.06,61.48,2,61.18,6.8,2026-10-02
ACR00616,STU00616,75.63,71.88,68.26,0,61.57,-14.06,2026-10-02
ACR00617,STU00617,64.25,64.28,55.83,0,60.38,-3.87,2026-10-02
ACR00618,STU00618,74.6,71.67,54.55,0,55.8,-18.8,2026-10-02
ACR00619,STU00619,91.68,82.88,71.67,0,85.05,-6.63,2026-10-02
ACR00620,STU00620,61.88,38.77,52.96,0,50.41,-11.47,2026-10-02
ACR00621,STU00621,69.33,63.27,42.27,0,57.26,-12.07,2026-10-02
ACR00622,STU00622,99.2,85.25,54.54,0,76.2,-23.0,2026-10-02
ACR00623,STU00623,100.0,96.88,79.33,0,89.25,-10.75,2026-10-02
ACR00624,STU00624,86.21,77.75,65.37,0,70.44,-15.77,2026-10-02
ACR00625,STU00625,80.17,81.79,76.58,0,69.4,-10.77,2026-10-02
ACR00626,STU00626,81.08,81.88,71.29,0,79.52,-1.56,2026-10-02
ACR00627,STU00627,75.87,74.19,66.34,0,58.2,-17.67,2026-10-02
ACR00628,STU00628,80.8,74.0,70.07,0,80.99,0.19,2026-10-02
ACR00629,STU00629,56.15,67.52,73.46,1,68.76,12.61,2026-10-02
ACR00630,STU00630,70.99,74.88,56.44,0,63.63,-7.36,2026-10-02
ACR00631,STU00631,50.0,43.63,41.37,3,46.65,-3.35,2026-10-02
ACR00632,STU00632,64.03,63.41,47.55,1,58.0,-6.03,2026-10-02
ACR00633,STU00633,71.32,53.27,53.63,0,54.57,-16.75,2026-10-02
ACR00634,STU00634,72.69,69.4,70.21,0,71.52,-1.17,2026-10-02
ACR00635,STU00635,75.3,84.18,67.86,0,67.01,-8.29,2026-10-02
ACR00636,STU00636,63.71,67.61,34.29,0,58.41,-5.3,2026-10-02
ACR00637,STU00637,86.99,65.14,68.14,0,79.46,-7.53,2026-10-02
ACR00638,STU00638,56.13,62.73,54.51,0,55.86,-0.27,2026-10-02
ACR00639,STU00639,76.04,80.2,74.42,0,73.67,-2.37,2026-10-02
ACR00640,STU00640,90.44,100.0,87.71,0,80.22,-10.22,2026-10-02
ACR00641,STU00641,69.88,58.57,60.73,1,62.4,-7.48,2026-10-02
ACR00642,STU00642,100.0,100.0,96.72,0,89.1,-10.9,2026-10-02
ACR00643,STU00643,93.19,70.76,74.15,1,73.35,-19.84,2026-10-02
ACR00644,STU00644,91.24,92.73,64.52,0,78.44,-12.8,2026-10-02
ACR00645,STU00645,88.72,79.91,83.38,0,75.2,-13.52,2026-10-02
ACR00646,STU00646,80.76,68.25,64.44,0,69.23,-11.53,2026-10-02
ACR00647,STU00647,68.34,77.46,66.4,0,62.28,-6.06,2026-10-02
ACR00648,STU00648,89.31,95.22,85.33,0,84.7,-4.61,2026-10-02
ACR00649,STU00649,100.0,80.93,72.35,0,90.72,-9.28,2026-10-02
ACR00650,STU00650,88.42,69.15,88.93,0,75.8,-12.62,2026-10-02
ACR00651,STU00651,95.61,100.0,85.15,0,97.09,1.48,2026-10-02
ACR00652,STU00652,61.34,47.19,60.76,0,60.36,-0.98,2026-10-02
ACR00653,STU00653,63.9,63.31,70.58,0,56.25,-7.65,2026-10-02
ACR00654,STU00654,64.87,64.43,71.55,0,66.35,1.48,2026-10-02
ACR00655,STU00655,59.91,73.93,59.59,0,61.5,1.59,2026-10-02
ACR00656,STU00656,65.7,64.8,69.59,1,61.94,-3.76,2026-10-02
ACR00657,STU00657,100.0,97.84,80.05,0,83.4,-16.6,2026-10-02
ACR00658,STU00658,62.07,65.51,65.71,0,63.41,1.34,2026-10-02
ACR00659,STU00659,98.23,89.7,72.23,0,79.26,-18.97,2026-10-02
ACR00660,STU00660,89.42,84.53,79.25,0,92.38,2.96,2026-10-02
ACR00661,STU00661,72.31,72.61,69.49,0,73.39,1.08,2026-10-02
ACR00662,STU00662,83.32,78.93,73.07,0,67.72,-15.6,2026-10-02
ACR00663,STU00663,81.45,94.39,83.22,0,85.6,4.15,2026-10-02
ACR00664,STU00664,79.25,80.38,82.17,0,72.35,-6.9,2026-10-02
ACR00665,STU00665,74.2,70.4,64.55,0,68.74,-5.46,2026-10-02
ACR00666,STU00666,94.61,96.33,77.02,0,86.35,-8.26,2026-10-02
ACR00667,STU00667,82.11,88.17,83.22,0,79.58,-2.53,2026-10-02
ACR00668,STU00668,65.02,56.75,51.42,0,47.48,-17.54,2026-10-02
ACR00669,STU00669,68.85,75.42,52.03,1,59.04,-9.81,2026-10-02
ACR00670,STU00670,68.95,69.37,77.29,0,71.07,2.12,2026-10-02
ACR00671,STU00671,50.58,35.96,36.69,3,25.98,-24.6,2026-10-02
ACR00672,STU00672,85.31,80.38,75.35,0,75.18,-10.13,2026-10-02
ACR00673,STU00673,100.0,100.0,96.98,0,100.0,0.0,2026-10-02
ACR00674,STU00674,82.12,78.48,90.02,0,74.98,-7.14,2026-10-02
ACR00675,STU00675,99.73,100.0,81.9,0,84.46,-15.27,2026-10-02
ACR00676,STU00676,100.0,98.91,88.97,0,85.45,-14.55,2026-10-02
ACR00677,STU00677,97.59,95.02,85.06,0,89.31,-8.28,2026-10-02
ACR00678,STU00678,64.2,67.85,57.43,0,61.06,-3.14,2026-10-02
ACR00679,STU00679,75.76,71.95,81.62,0,80.44,4.68,2026-10-02
ACR00680,STU00680,98.76,87.88,80.54,0,81.15,-17.61,2026-10-02
ACR00681,STU00681,50.89,53.95,55.54,1,53.26,2.37,2026-10-02
ACR00682,STU00682,76.99,67.29,54.37,0,65.28,-11.71,2026-10-02
ACR00683,STU00683,83.67,79.04,67.95,0,65.51,-18.16,2026-10-02
ACR00684,STU00684,79.05,73.07,68.31,0,75.09,-3.96,2026-10-02
ACR00685,STU00685,61.62,65.34,59.81,1,56.14,-5.48,2026-10-02
ACR00686,STU00686,76.04,64.72,66.52,0,67.17,-8.87,2026-10-02
ACR00687,STU00687,62.77,68.51,72.74,0,62.18,-0.59,2026-10-02
ACR00688,STU00688,78.68,75.62,73.92,0,70.14,-8.54,2026-10-02
ACR00689,STU00689,87.26,79.2,72.34,0,75.16,-12.1,2026-10-02
ACR00690,STU00690,81.04,70.61,53.12,0,72.52,-8.52,2026-10-02
ACR00691,STU00691,74.63,71.39,58.89,0,59.62,-15.01,2026-10-02
ACR00692,STU00692,62.16,56.86,57.65,2,56.88,-5.28,2026-10-02
ACR00693,STU00693,100.0,100.0,100.0,0,96.3,-3.7,2026-10-02
ACR00694,STU00694,60.12,56.61,63.07,0,53.16,-6.96,2026-10-02
ACR00695,STU00695,69.87,67.44,50.87,1,64.21,-5.66,2026-10-02
ACR00696,STU00696,80.36,77.71,63.61,0,77.2,-3.16,2026-10-02
ACR00697,STU00697,88.11,75.1,69.39,0,75.71,-12.4,2026-10-02
ACR00698,STU00698,64.32,68.3,70.41,0,72.39,8.07,2026-10-02
ACR00699,STU00699,60.8,62.17,45.87,1,63.74,2.94,2026-10-02
ACR00700,STU00700,59.04,59.75,55.33,0,51.86,-7.18,2026-10-02
ACR00701,STU00701,53.63,54.83,44.08,2,44.21,-9.42,2026-10-02
ACR00702,STU00702,56.79,86.65,63.68,1,62.29,5.5,2026-10-02
ACR00703,STU00703,68.34,63.4,59.08,0,65.39,-2.95,2026-10-02
ACR00704,STU00704,62.0,71.68,61.55,0,73.92,11.92,2026-10-02
ACR00705,STU00705,69.27,64.95,71.51,0,69.01,-0.26,2026-10-02
ACR00706,STU00706,68.92,70.89,64.88,0,74.45,5.53,2026-10-02
ACR00707,STU00707,77.85,87.37,81.31,1,77.86,0.01,2026-10-02
ACR00708,STU00708,92.87,86.67,83.63,0,77.1,-15.77,2026-10-02
ACR00709,STU00709,32.05,49.62,35.95,3,39.55,7.5,2026-10-02
ACR00710,STU00710,98.23,91.77,75.84,0,76.51,-21.72,2026-10-02
ACR00711,STU00711,76.29,75.71,66.75,0,76.55,0.26,2026-10-02
ACR00712,STU00712,68.21,61.51,51.13,0,61.89,-6.32,2026-10-02
ACR00713,STU00713,96.25,89.0,71.21,0,76.03,-20.22,2026-10-02
ACR00714,STU00714,74.75,86.21,66.8,0,72.79,-1.96,2026-10-02
ACR00715,STU00715,67.45,80.04,63.99,0,66.84,-0.61,2026-10-02
ACR00716,STU00716,60.02,67.85,70.0,0,53.03,-6.99,2026-10-02
ACR00717,STU00717,77.56,65.8,70.25,0,65.83,-11.73,2026-10-02
ACR00718,STU00718,100.0,90.85,79.76,0,91.27,-8.73,2026-10-02
ACR00719,STU00719,61.58,61.96,48.38,2,56.22,-5.36,2026-10-02
ACR00720,STU00720,100.0,74.06,69.33,0,71.16,-28.84,2026-10-02
ACR00721,STU00721,96.27,100.0,97.52,0,96.48,0.21,2026-10-02
ACR00722,STU00722,65.86,63.18,54.29,0,65.05,-0.81,2026-10-02
ACR00723,STU00723,55.5,59.67,47.33,1,46.73,-8.77,2026-10-02
ACR00724,STU00724,87.54,78.1,62.52,0,85.71,-1.83,2026-10-02
ACR00725,STU00725,87.66,74.96,67.36,0,69.12,-18.54,2026-10-02
ACR00726,STU00726,62.49,57.5,57.84,0,52.66,-9.83,2026-10-02
ACR00727,STU00727,67.0,69.66,66.25,0,60.74,-6.26,2026-10-02
ACR00728,STU00728,100.0,97.13,80.05,0,79.79,-20.21,2026-10-02
ACR00729,STU00729,76.4,71.28,60.92,0,70.62,-5.78,2026-10-02
ACR00730,STU00730,67.8,73.36,61.21,0,66.4,-1.4,2026-10-02
ACR00731,STU00731,81.66,60.69,65.82,0,65.88,-15.78,2026-10-02
ACR00732,STU00732,45.13,42.7,33.42,0,41.36,-3.77,2026-10-02
ACR00733,STU00733,66.29,75.22,55.57,0,65.44,-0.85,2026-10-02
ACR00734,STU00734,73.35,62.99,61.06,1,61.92,-11.43,2026-10-02
ACR00735,STU00735,65.41,69.22,62.86,1,70.11,4.7,2026-10-02
ACR00736,STU00736,100.0,90.73,97.59,0,97.67,-2.33,2026-10-02
ACR00737,STU00737,68.52,83.87,60.64,0,68.81,0.29,2026-10-02
ACR00738,STU00738,70.25,70.65,60.75,1,59.36,-10.89,2026-10-02
ACR00739,STU00739,81.06,78.64,68.11,0,72.45,-8.61,2026-10-02
ACR00740,STU00740,93.4,96.04,70.09,0,86.47,-6.93,2026-10-02
ACR00741,STU00741,75.62,59.12,68.57,0,59.51,-16.11,2026-10-02
ACR00742,STU00742,100.0,87.65,87.62,0,82.03,-17.97,2026-10-02
ACR00743,STU00743,87.01,74.8,84.75,0,71.87,-15.14,2026-10-02
ACR00744,STU00744,75.73,74.53,68.74,0,73.79,-1.94,2026-10-02
ACR00745,STU00745,59.71,68.63,51.99,0,57.83,-1.88,2026-10-02
ACR00746,STU00746,85.01,69.1,67.91,0,74.09,-10.92,2026-10-02
ACR00747,STU00747,77.68,68.24,71.89,0,70.14,-7.54,2026-10-02
ACR00748,STU00748,75.14,66.47,73.68,0,64.61,-10.53,2026-10-02
ACR00749,STU00749,68.83,55.98,54.8,0,55.15,-13.68,2026-10-02
ACR00750,STU00750,67.85,55.8,58.25,0,63.65,-4.2,2026-10-02
ACR00751,STU00751,93.32,89.9,87.1,0,86.85,-6.47,2026-10-02
ACR00752,STU00752,100.0,100.0,88.69,0,95.83,-4.17,2026-10-02
ACR00753,STU00753,78.12,65.01,68.3,0,67.82,-10.3,2026-10-02
ACR00754,STU00754,75.21,71.4,73.85,0,79.18,3.97,2026-10-02
ACR00755,STU00755,100.0,93.64,93.65,0,93.45,-6.55,2026-10-02
ACR00756,STU00756,65.11,60.49,62.42,2,57.27,-7.84,2026-10-02
ACR00757,STU00757,80.17,71.46,57.32,0,75.8,-4.37,2026-10-02
ACR00758,STU00758,90.11,93.35,86.5,0,84.77,-5.34,2026-10-02
ACR00759,STU00759,71.26,84.0,58.85,0,65.72,-5.54,2026-10-02
ACR00760,STU00760,80.84,87.48,70.75,0,69.47,-11.37,2026-10-02
ACR00761,STU00761,100.0,91.57,93.16,0,89.38,-10.62,2026-10-02
ACR00762,STU00762,65.54,60.49,57.95,1,56.7,-8.84,2026-10-02
ACR00763,STU00763,76.3,78.8,67.06,0,70.84,-5.46,2026-10-02
ACR00764,STU00764,92.66,90.59,74.59,0,86.14,-6.52,2026-10-02
ACR00765,STU00765,100.0,100.0,93.16,0,98.17,-1.83,2026-10-02
ACR00766,STU00766,85.06,88.03,89.76,0,93.96,8.9,2026-10-02
ACR00767,STU00767,51.48,45.74,42.3,0,48.38,-3.1,2026-10-02
ACR00768,STU00768,61.64,60.86,61.72,0,56.43,-5.21,2026-10-02
ACR00769,STU00769,78.69,78.06,60.81,0,73.05,-5.64,2026-10-02
ACR00770,STU00770,79.94,75.82,61.6,0,67.75,-12.19,2026-10-02
ACR00771,STU00771,84.01,79.9,76.09,0,73.05,-10.96,2026-10-02
ACR00772,STU00772,82.07,74.19,59.96,0,68.36,-13.71,2026-10-02
ACR00773,STU00773,72.12,63.07,59.08,0,66.68,-5.44,2026-10-02
ACR00774,STU00774,74.2,71.0,61.43,0,70.66,-3.54,2026-10-02
ACR00775,STU00775,91.0,100.0,78.05,0,78.06,-12.94,2026-10-02
ACR00776,STU00776,100.0,78.97,98.3,0,92.6,-7.4,2026-10-02
ACR00777,STU00777,81.78,82.22,65.59,0,81.79,0.01,2026-10-02
ACR00778,STU00778,60.24,57.14,69.61,1,61.29,1.05,2026-10-02
ACR00779,STU00779,86.05,94.55,76.57,0,81.53,-4.52,2026-10-02
ACR00780,STU00780,88.01,83.59,88.5,0,89.86,1.85,2026-10-02
ACR00781,STU00781,62.88,63.27,50.91,1,58.67,-4.21,2026-10-02
ACR00782,STU00782,75.73,70.13,74.89,0,69.1,-6.63,2026-10-02
ACR00783,STU00783,98.27,87.35,79.59,0,93.16,-5.11,2026-10-02
ACR00784,STU00784,87.21,73.54,85.16,0,66.92,-20.29,2026-10-02
ACR00785,STU00785,78.46,64.91,68.66,0,70.28,-8.18,2026-10-02
ACR00786,STU00786,90.15,78.55,75.79,0,88.34,-1.81,2026-10-02
ACR00787,STU00787,100.0,100.0,86.45,0,97.39,-2.61,2026-10-02
ACR00788,STU00788,82.84,66.01,71.23,0,66.62,-16.22,2026-10-02
ACR00789,STU00789,80.7,90.61,64.76,0,76.38,-4.32,2026-10-02
ACR00790,STU00790,73.21,59.1,60.51,0,64.4,-8.81,2026-10-02
ACR00791,STU00791,89.49,99.89,81.85,0,81.63,-7.86,2026-10-02
ACR00792,STU00792,58.58,68.75,63.71,0,49.6,-8.98,2026-10-02
ACR00793,STU00793,76.03,80.3,75.28,0,79.09,3.06,2026-10-02
ACR00794,STU00794,62.81,52.85,54.45,0,60.56,-2.25,2026-10-02
ACR00795,STU00795,87.16,71.25,65.34,0,71.83,-15.33,2026-10-02
ACR00796,STU00796,89.75,85.41,77.78,0,88.69,-1.06,2026-10-02
ACR00797,STU00797,88.2,89.94,79.19,0,84.28,-3.92,2026-10-02
ACR00798,STU00798,87.86,94.5,66.45,0,83.03,-4.83,2026-10-02
ACR00799,STU00799,82.31,60.06,58.83,1,61.79,-20.52,2026-10-02
ACR00800,STU00800,79.37,80.34,70.53,0,84.17,4.8,2026-10-02
ACR00801,STU00801,94.33,92.2,79.02,0,82.29,-12.04,2026-10-02
ACR00802,STU00802,59.97,63.66,56.52,0,52.9,-7.07,2026-10-02
ACR00803,STU00803,82.89,87.26,71.57,0,73.67,-9.22,2026-10-02
ACR00804,STU00804,95.51,70.37,83.01,0,88.55,-6.96,2026-10-02
ACR00805,STU00805,73.16,69.3,50.62,0,49.66,-23.5,2026-10-02
ACR00806,STU00806,72.48,52.31,52.39,0,54.98,-17.5,2026-10-02
ACR00807,STU00807,52.94,45.8,40.95,1,49.48,-3.46,2026-10-02
ACR00808,STU00808,80.58,79.02,83.05,0,76.76,-3.82,2026-10-02
ACR00809,STU00809,54.12,64.16,71.14,1,63.73,9.61,2026-10-02
ACR00810,STU00810,78.46,66.7,70.73,0,52.58,-25.88,2026-10-02
ACR00811,STU00811,79.6,83.22,74.65,0,84.9,5.3,2026-10-02
ACR00812,STU00812,100.0,99.22,82.47,0,85.04,-14.96,2026-10-02
ACR00813,STU00813,62.48,59.41,53.78,0,58.89,-3.59,2026-10-02
ACR00814,STU00814,100.0,82.94,71.25,0,87.88,-12.12,2026-10-02
ACR00815,STU00815,84.74,73.45,69.7,0,80.04,-4.7,2026-10-02
ACR00816,STU00816,81.44,72.86,65.08,0,68.7,-12.74,2026-10-02
ACR00817,STU00817,83.04,79.47,67.71,0,75.99,-7.05,2026-10-02
ACR00818,STU00818,86.4,79.66,60.68,0,75.31,-11.09,2026-10-02
ACR00819,STU00819,73.24,76.16,66.48,0,74.72,1.48,2026-10-02
ACR00820,STU00820,62.51,67.39,44.32,0,60.46,-2.05,2026-10-02
ACR00821,STU00821,76.85,63.68,68.13,0,69.97,-6.88,2026-10-02
ACR00822,STU00822,69.92,69.62,82.23,0,68.98,-0.94,2026-10-02
ACR00823,STU00823,76.02,76.08,64.05,0,78.82,2.8,2026-10-02
ACR00824,STU00824,42.45,50.56,51.66,4,46.87,4.42,2026-10-02
ACR00825,STU00825,100.0,91.71,65.55,0,84.94,-15.06,2026-10-02
ACR00826,STU00826,61.32,76.05,64.9,2,61.02,-0.3,2026-10-02
ACR00827,STU00827,100.0,100.0,100.0,0,94.71,-5.29,2026-10-02
ACR00828,STU00828,45.02,65.72,57.19,3,50.77,5.75,2026-10-02
ACR00829,STU00829,67.31,64.02,65.24,0,59.78,-7.53,2026-10-02
ACR00830,STU00830,93.18,82.25,78.6,0,88.48,-4.7,2026-10-02
ACR00831,STU00831,88.21,88.46,82.33,0,73.9,-14.31,2026-10-02
ACR00832,STU00832,49.97,69.36,45.4,2,58.49,8.52,2026-10-02
ACR00833,STU00833,81.58,64.99,76.47,0,67.03,-14.55,2026-10-02
ACR00834,STU00834,100.0,93.37,91.01,0,86.83,-13.17,2026-10-02
ACR00835,STU00835,88.46,87.58,90.46,0,75.68,-12.78,2026-10-02
ACR00836,STU00836,61.08,46.4,49.41,0,52.08,-9.0,2026-10-02
ACR00837,STU00837,53.15,53.07,39.37,1,42.4,-10.75,2026-10-02
ACR00838,STU00838,97.79,83.83,74.94,0,76.66,-21.13,2026-10-02
ACR00839,STU00839,97.15,84.85,89.33,0,83.79,-13.36,2026-10-02
ACR00840,STU00840,70.82,67.18,58.21,0,71.09,0.27,2026-10-02
ACR00841,STU00841,78.9,67.73,72.08,0,69.46,-9.44,2026-10-02
ACR00842,STU00842,79.86,81.83,65.09,2,75.91,-3.95,2026-10-02
ACR00843,STU00843,79.71,75.33,72.2,0,70.99,-8.72,2026-10-02
ACR00844,STU00844,90.93,78.49,74.21,0,66.06,-24.87,2026-10-02
ACR00845,STU00845,98.67,89.58,66.43,0,80.43,-18.24,2026-10-02
ACR00846,STU00846,95.48,98.59,88.68,0,97.89,2.41,2026-10-02
ACR00847,STU00847,66.82,51.5,52.75,1,52.74,-14.08,2026-10-02
ACR00848,STU00848,69.4,54.58,57.55,1,65.59,-3.81,2026-10-02
ACR00849,STU00849,89.93,86.71,73.42,0,86.63,-3.3,2026-10-02
ACR00850,STU00850,71.26,62.59,72.57,0,69.66,-1.6,2026-10-02
ACR00851,STU00851,57.5,51.64,57.83,0,60.72,3.22,2026-10-02
ACR00852,STU00852,62.67,62.42,54.3,1,57.46,-5.21,2026-10-02
ACR00853,STU00853,89.99,87.12,83.89,0,79.55,-10.44,2026-10-02
ACR00854,STU00854,76.56,64.02,65.21,0,59.76,-16.8,2026-10-02
ACR00855,STU00855,77.34,69.51,69.45,0,71.12,-6.22,2026-10-02
ACR00856,STU00856,78.44,85.37,72.0,0,79.75,1.31,2026-10-02
ACR00857,STU00857,93.42,69.81,77.48,0,82.39,-11.03,2026-10-02
ACR00858,STU00858,87.19,75.22,74.76,0,71.96,-15.23,2026-10-02
ACR00859,STU00859,99.41,88.26,73.29,0,78.57,-20.84,2026-10-02
ACR00860,STU00860,57.7,75.67,64.51,1,56.33,-1.37,2026-10-02
ACR00861,STU00861,94.29,95.83,87.26,0,77.36,-16.93,2026-10-02
ACR00862,STU00862,64.66,64.57,52.95,0,60.66,-4.0,2026-10-02
ACR00863,STU00863,100.0,100.0,100.0,0,100.0,0.0,2026-10-02
ACR00864,STU00864,76.27,67.48,72.37,1,67.99,-8.28,2026-10-02
ACR00865,STU00865,70.79,89.26,67.41,1,71.09,0.3,2026-10-02
ACR00866,STU00866,40.62,42.12,31.1,1,33.45,-7.17,2026-10-02
ACR00867,STU00867,88.92,74.85,64.98,0,71.8,-17.12,2026-10-02
ACR00868,STU00868,69.49,66.62,65.03,2,72.22,2.73,2026-10-02
ACR00869,STU00869,59.19,70.61,50.59,1,61.01,1.82,2026-10-02
ACR00870,STU00870,66.07,60.54,44.37,0,70.53,4.46,2026-10-02
ACR00871,STU00871,75.83,61.33,67.89,0,71.41,-4.42,2026-10-02
ACR00872,STU00872,78.86,68.81,55.39,0,55.12,-23.74,2026-10-02
ACR00873,STU00873,73.3,62.33,70.21,0,70.98,-2.32,2026-10-02
ACR00874,STU00874,100.0,100.0,100.0,0,87.42,-12.58,2026-10-02
ACR00875,STU00875,94.83,100.0,72.78,0,82.12,-12.71,2026-10-02
ACR00876,STU00876,70.42,68.09,53.47,0,58.33,-12.09,2026-10-02
ACR00877,STU00877,49.48,52.63,47.18,0,55.3,5.82,2026-10-02
ACR00878,STU00878,65.44,68.61,72.67,0,69.42,3.98,2026-10-02
ACR00879,STU00879,75.69,95.67,72.65,0,81.04,5.35,2026-10-02
ACR00880,STU00880,67.98,57.36,49.82,0,59.1,-8.88,2026-10-02
ACR00881,STU00881,92.66,81.65,69.1,0,78.41,-14.25,2026-10-02
ACR00882,STU00882,88.54,83.0,94.92,0,78.63,-9.91,2026-10-02
ACR00883,STU00883,84.89,91.16,83.94,0,94.2,9.31,2026-10-02
ACR00884,STU00884,53.92,52.74,57.32,1,52.36,-1.56,2026-10-02
ACR00885,STU00885,100.0,98.09,85.1,0,98.11,-1.89,2026-10-02
ACR00886,STU00886,77.34,67.01,73.14,0,69.27,-8.07,2026-10-02
ACR00887,STU00887,81.36,76.44,69.31,0,75.71,-5.65,2026-10-02
ACR00888,STU00888,60.5,68.62,60.82,0,63.7,3.2,2026-10-02
ACR00889,STU00889,80.44,71.99,65.31,0,73.71,-6.73,2026-10-02
ACR00890,STU00890,84.85,78.47,73.59,0,74.7,-10.15,2026-10-02
ACR00891,STU00891,90.43,65.17,71.35,0,73.46,-16.97,2026-10-02
ACR00892,STU00892,72.38,62.04,63.15,1,57.76,-14.62,2026-10-02
ACR00893,STU00893,100.0,100.0,86.26,0,84.59,-15.41,2026-10-02
ACR00894,STU00894,62.7,74.71,67.88,0,58.24,-4.46,2026-10-02
ACR00895,STU00895,81.93,84.3,80.04,0,83.02,1.09,2026-10-02
ACR00896,STU00896,49.4,38.69,45.04,1,40.8,-8.6,2026-10-02
ACR00897,STU00897,68.06,76.36,70.86,2,70.2,2.14,2026-10-02
ACR00898,STU00898,91.85,72.7,76.16,0,76.89,-14.96,2026-10-02
ACR00899,STU00899,42.57,58.11,53.86,0,46.44,3.87,2026-10-02
ACR00900,STU00900,60.51,73.11,75.36,0,71.41,10.9,2026-10-02
ACR00901,STU00901,79.97,64.54,59.34,0,75.68,-4.29,2026-10-02
ACR00902,STU00902,67.51,58.84,63.58,0,68.27,0.76,2026-10-02
ACR00903,STU00903,89.61,74.67,83.23,0,80.33,-9.28,2026-10-02
ACR00904,STU00904,79.66,76.3,54.41,0,59.0,-20.66,2026-10-02
ACR00905,STU00905,74.56,63.08,50.25,0,67.79,-6.77,2026-10-02
ACR00906,STU00906,97.68,83.23,76.37,0,80.59,-17.09,2026-10-02
ACR00907,STU00907,53.31,64.49,50.41,0,47.36,-5.95,2026-10-02
ACR00908,STU00908,63.64,57.76,61.66,1,54.55,-9.09,2026-10-02
ACR00909,STU00909,80.16,69.95,60.63,0,65.9,-14.26,2026-10-02
ACR00910,STU00910,56.2,42.84,43.12,0,48.5,-7.7,2026-10-02
ACR00911,STU00911,97.49,86.2,78.15,0,83.01,-14.48,2026-10-02
ACR00912,STU00912,64.0,49.06,52.41,0,47.76,-16.24,2026-10-02
ACR00913,STU00913,74.34,93.78,79.98,2,76.68,2.34,2026-10-02
ACR00914,STU00914,82.31,64.99,68.1,0,64.67,-17.64,2026-10-02
ACR00915,STU00915,68.0,80.28,59.11,0,56.53,-11.47,2026-10-02
ACR00916,STU00916,64.55,61.83,59.43,1,54.25,-10.3,2026-10-02
ACR00917,STU00917,99.34,94.91,82.13,0,86.51,-12.83,2026-10-02
ACR00918,STU00918,96.36,77.43,91.11,0,81.5,-14.86,2026-10-02
ACR00919,STU00919,67.57,77.48,64.3,0,56.37,-11.2,2026-10-02
ACR00920,STU00920,68.35,75.81,55.23,0,57.38,-10.97,2026-10-02
ACR00921,STU00921,78.39,89.64,76.79,0,78.72,0.33,2026-10-02
ACR00922,STU00922,72.57,86.07,65.35,0,70.96,-1.61,2026-10-02
ACR00923,STU00923,92.82,96.74,84.5,0,82.36,-10.46,2026-10-02
ACR00924,STU00924,96.48,90.54,90.59,0,85.12,-11.36,2026-10-02
ACR00925,STU00925,63.1,69.88,53.96,0,62.79,-0.31,2026-10-02
ACR00926,STU00926,81.13,72.5,73.0,0,75.71,-5.42,2026-10-02
ACR00927,STU00927,79.96,87.36,85.06,2,81.72,1.76,2026-10-02
ACR00928,STU00928,96.21,85.63,73.31,0,84.42,-11.79,2026-10-02
ACR00929,STU00929,96.54,89.75,65.22,0,82.02,-14.52,2026-10-02
ACR00930,STU00930,74.61,69.44,58.47,0,69.44,-5.17,2026-10-02
ACR00931,STU00931,84.17,83.51,66.35,0,77.14,-7.03,2026-10-02
ACR00932,STU00932,79.19,77.6,83.12,0,72.75,-6.44,2026-10-02
ACR00933,STU00933,68.45,78.92,65.95,1,62.45,-6.0,2026-10-02
ACR00934,STU00934,77.15,64.7,57.41,0,70.27,-6.88,2026-10-02
ACR00935,STU00935,87.7,70.46,51.25,0,65.69,-22.01,2026-10-02
ACR00936,STU00936,74.73,74.62,68.08,0,66.59,-8.14,2026-10-02
ACR00937,STU00937,55.64,57.39,46.23,1,56.45,0.81,2026-10-02
ACR00938,STU00938,58.69,62.79,58.83,3,54.86,-3.83,2026-10-02
ACR00939,STU00939,73.76,75.46,64.58,0,64.16,-9.6,2026-10-02
ACR00940,STU00940,91.98,71.97,93.45,0,78.08,-13.9,2026-10-02
ACR00941,STU00941,97.72,78.58,85.93,0,82.26,-15.46,2026-10-02
ACR00942,STU00942,82.32,64.69,73.8,0,78.97,-3.35,2026-10-02
ACR00943,STU00943,80.77,83.81,83.26,0,86.39,5.62,2026-10-02
ACR00944,STU00944,72.13,57.09,71.87,0,69.19,-2.94,2026-10-02
ACR00945,STU00945,100.0,97.79,86.9,0,93.46,-6.54,2026-10-02
ACR00946,STU00946,59.2,54.35,53.52,0,59.43,0.23,2026-10-02
ACR00947,STU00947,59.33,48.05,52.91,0,53.69,-5.64,2026-10-02
ACR00948,STU00948,70.35,83.08,72.14,0,83.45,13.1,2026-10-02
ACR00949,STU00949,94.14,80.11,79.22,0,83.97,-10.17,2026-10-02
ACR00950,STU00950,74.79,66.61,51.83,1,64.73,-10.06,2026-10-02
ACR00951,STU00951,56.43,68.07,50.66,1,50.1,-6.33,2026-10-02
ACR00952,STU00952,90.12,60.22,70.42,0,69.33,-20.79,2026-10-02
ACR00953,STU00953,97.74,90.02,88.68,0,92.84,-4.9,2026-10-02
ACR00954,STU00954,100.0,100.0,88.99,0,99.26,-0.74,2026-10-02
ACR00955,STU00955,83.89,81.93,73.33,0,77.29,-6.6,2026-10-02
ACR00956,STU00956,43.18,61.6,65.81,1,61.04,17.86,2026-10-02
ACR00957,STU00957,66.83,57.93,60.01,0,65.89,-0.94,2026-10-02
ACR00958,STU00958,77.21,75.6,61.81,0,67.77,-9.44,2026-10-02
ACR00959,STU00959,96.35,70.62,62.55,0,74.48,-21.87,2026-10-02
ACR00960,STU00960,88.18,86.19,73.26,0,73.07,-15.11,2026-10-02
ACR00961,STU00961,62.95,52.76,62.79,0,54.94,-8.01,2026-10-02
ACR00962,STU00962,64.06,62.26,65.33,0,58.18,-5.88,2026-10-02
ACR00963,STU00963,78.36,88.92,73.36,0,72.99,-5.37,2026-10-02
ACR00964,STU00964,68.1,49.81,41.47,0,52.19,-15.91,2026-10-02
ACR00965,STU00965,73.02,64.95,65.91,0,70.52,-2.5,2026-10-02
ACR00966,STU00966,39.79,48.09,28.21,4,39.57,-0.22,2026-10-02
ACR00967,STU00967,69.61,68.5,60.65,0,61.23,-8.38,2026-10-02
ACR00968,STU00968,78.7,70.72,69.35,0,72.56,-6.14,2026-10-02
ACR00969,STU00969,70.84,66.5,58.5,0,62.5,-8.34,2026-10-02
ACR00970,STU00970,86.54,72.92,79.04,0,81.59,-4.95,2026-10-02
ACR00971,STU00971,95.75,71.81,81.04,0,72.03,-23.72,2026-10-02
ACR00972,STU00972,95.61,81.43,70.05,0,81.21,-14.4,2026-10-02
ACR00973,STU00973,89.27,91.85,78.27,0,89.24,-0.03,2026-10-02
ACR00974,STU00974,84.82,71.32,68.69,0,65.15,-19.67,2026-10-02
ACR00975,STU00975,77.17,62.72,63.41,0,70.46,-6.71,2026-10-02
ACR00976,STU00976,82.16,75.7,76.75,0,78.18,-3.98,2026-10-02
ACR00977,STU00977,62.35,59.98,54.09,1,45.42,-16.93,2026-10-02
ACR00978,STU00978,67.86,62.85,50.99,0,57.59,-10.27,2026-10-02
ACR00979,STU00979,86.74,75.28,63.93,0,63.25,-23.49,2026-10-02
ACR00980,STU00980,60.09,63.92,54.57,0,56.78,-3.31,2026-10-02
ACR00981,STU00981,100.0,100.0,100.0,0,96.6,-3.4,2026-10-02
ACR00982,STU00982,83.29,89.17,66.7,0,77.45,-5.84,2026-10-02
ACR00983,STU00983,96.68,82.55,81.12,0,88.03,-8.65,2026-10-02
ACR00984,STU00984,86.44,82.67,81.48,0,75.86,-10.58,2026-10-02
ACR00985,STU00985,67.18,69.47,64.07,1,64.66,-2.52,2026-10-02
ACR00986,STU00986,85.75,79.67,72.56,0,77.52,-8.23,2026-10-02
ACR00987,STU00987,71.16,78.1,74.9,0,69.43,-1.73,2026-10-02
ACR00988,STU00988,52.44,71.08,63.4,1,63.3,10.86,2026-10-02
ACR00989,STU00989,61.25,70.93,59.49,0,64.21,2.96,2026-10-02
ACR00990,STU00990,55.9,70.62,42.55,0,52.93,-2.97,2026-10-02
ACR00991,STU00991,68.84,73.15,66.05,0,70.2,1.36,2026-10-02
ACR00992,STU00992,72.3,63.44,58.31,0,58.8,-13.5,2026-10-02
ACR00993,STU00993,100.0,100.0,79.76,0,93.54,-6.46,2026-10-02
ACR00994,STU00994,58.48,54.94,57.49,0,60.32,1.84,2026-10-02
ACR00995,STU00995,100.0,87.65,66.51,0,85.26,-14.74,2026-10-02
ACR00996,STU00996,76.25,69.12,55.43,0,68.25,-8.0,2026-10-02
ACR00997,STU00997,66.36,41.04,58.23,0,44.5,-21.86,2026-10-02
ACR00998,STU00998,79.43,69.66,70.41,1,79.04,-0.39,2026-10-02
ACR00999,STU00999,77.14,67.8,71.57,0,65.05,-12.09,2026-10-02
ACR01000,STU01000,66.66,73.76,61.26,0,62.89,-3.77,2026-10-02
ACR01001,STU01001,75.51,62.99,74.22,2,79.6,4.09,2026-10-02
ACR01002,STU01002,70.51,66.02,53.47,0,54.29,-16.22,2026-10-02
ACR01003,STU01003,100.0,78.64,68.56,0,73.96,-26.04,2026-10-02
ACR01004,STU01004,97.18,97.76,92.21,0,97.84,0.66,2026-10-02
ACR01005,STU01005,74.24,83.26,74.5,0,81.75,7.51,2026-10-02
ACR01006,STU01006,95.29,84.23,83.69,0,80.46,-14.83,2026-10-02
ACR01007,STU01007,84.53,82.55,79.81,0,78.81,-5.72,2026-10-02
ACR01008,STU01008,56.91,74.06,68.31,0,66.95,10.04,2026-10-02
ACR01009,STU01009,43.41,67.85,50.24,1,48.85,5.44,2026-10-02
ACR01010,STU01010,69.95,86.65,78.5,0,82.02,12.07,2026-10-02
ACR01011,STU01011,83.84,83.58,73.49,0,78.71,-5.13,2026-10-02
ACR01012,STU01012,89.48,77.71,69.31,0,73.3,-16.18,2026-10-02
ACR01013,STU01013,87.72,93.71,86.49,0,83.09,-4.63,2026-10-02
ACR01014,STU01014,71.72,69.8,58.57,0,73.54,1.82,2026-10-02
ACR01015,STU01015,69.27,69.26,55.39,0,68.19,-1.08,2026-10-02
ACR01016,STU01016,97.06,94.42,81.54,0,93.8,-3.26,2026-10-02
ACR01017,STU01017,69.78,65.42,60.88,0,54.35,-15.43,2026-10-02
ACR01018,STU01018,97.22,81.89,69.86,0,74.8,-22.42,2026-10-02
ACR01019,STU01019,70.35,62.41,60.77,1,60.25,-10.1,2026-10-02
ACR01020,STU01020,84.52,91.57,82.4,0,81.82,-2.7,2026-10-02
ACR01021,STU01021,74.38,76.67,72.2,0,72.72,-1.66,2026-10-02
ACR01022,STU01022,63.61,62.34,45.72,0,62.69,-0.92,2026-10-02
ACR01023,STU01023,99.15,90.42,84.18,0,89.04,-10.11,2026-10-02
ACR01024,STU01024,98.12,89.14,75.91,0,92.37,-5.75,2026-10-02
ACR01025,STU01025,87.56,69.97,57.01,1,71.31,-16.25,2026-10-02
ACR01026,STU01026,83.12,79.75,64.98,0,76.7,-6.42,2026-10-02
ACR01027,STU01027,100.0,100.0,88.08,0,99.33,-0.67,2026-10-02
ACR01028,STU01028,63.26,66.98,66.54,0,69.48,6.22,2026-10-02
ACR01029,STU01029,57.93,55.99,56.16,1,47.82,-10.11,2026-10-02
ACR01030,STU01030,97.88,89.68,76.24,0,87.32,-10.56,2026-10-02
ACR01031,STU01031,70.99,66.64,64.66,0,58.39,-12.6,2026-10-02
ACR01032,STU01032,59.76,65.75,58.17,0,61.42,1.66,2026-10-02
ACR01033,STU01033,85.1,72.3,73.03,0,75.23,-9.87,2026-10-02
ACR01034,STU01034,80.79,33.35,56.08,0,65.8,-14.99,2026-10-02
ACR01035,STU01035,49.95,64.43,48.92,2,49.54,-0.41,2026-10-02
ACR01036,STU01036,80.59,63.21,67.72,0,74.15,-6.44,2026-10-02
ACR01037,STU01037,51.95,52.47,42.81,0,49.46,-2.49,2026-10-02
ACR01038,STU01038,99.91,90.9,86.39,0,93.26,-6.65,2026-10-02
ACR01039,STU01039,88.54,74.88,75.63,0,77.39,-11.15,2026-10-02
ACR01040,STU01040,88.85,86.82,79.2,0,85.06,-3.79,2026-10-02
ACR01041,STU01041,77.94,62.74,48.95,0,59.15,-18.79,2026-10-02
ACR01042,STU01042,34.49,33.89,22.49,3,38.13,3.64,2026-10-02
ACR01043,STU01043,62.41,74.46,60.23,0,62.21,-0.2,2026-10-02
ACR01044,STU01044,91.0,79.16,69.24,0,78.03,-12.97,2026-10-02
ACR01045,STU01045,61.33,72.78,57.06,1,63.27,1.94,2026-10-02
ACR01046,STU01046,69.37,67.54,58.82,0,53.39,-15.98,2026-10-02
ACR01047,STU01047,33.1,49.96,37.24,1,39.64,6.54,2026-10-02
ACR01048,STU01048,76.97,97.54,68.64,0,76.63,-0.34,2026-10-02
ACR01049,STU01049,38.57,62.7,59.78,3,49.67,11.1,2026-10-02
ACR01050,STU01050,68.13,70.54,77.0,1,69.52,1.39,2026-10-02
ACR01051,STU01051,81.68,96.47,74.5,0,82.55,0.87,2026-10-02
ACR01052,STU01052,100.0,82.0,84.65,0,79.97,-20.03,2026-10-02
ACR01053,STU01053,90.4,84.61,68.47,0,69.09,-21.31,2026-10-02
ACR01054,STU01054,100.0,88.96,83.84,0,99.68,-0.32,2026-10-02
ACR01055,STU01055,47.78,50.28,42.36,1,56.41,8.63,2026-10-02
ACR01056,STU01056,92.19,83.43,77.02,0,75.72,-16.47,2026-10-02
ACR01057,STU01057,75.9,82.05,68.72,0,69.82,-6.08,2026-10-02
ACR01058,STU01058,56.87,58.31,61.15,2,58.49,1.62,2026-10-02
ACR01059,STU01059,95.64,74.63,83.04,0,76.09,-19.55,2026-10-02
ACR01060,STU01060,76.75,72.81,67.78,1,73.78,-2.97,2026-10-02
ACR01061,STU01061,72.95,64.91,80.02,0,70.29,-2.66,2026-10-02
ACR01062,STU01062,77.27,87.42,66.8,0,76.66,-0.61,2026-10-02
ACR01063,STU01063,54.94,61.35,45.41,0,60.8,5.86,2026-10-02
ACR01064,STU01064,79.26,86.72,82.16,0,81.37,2.11,2026-10-02
ACR01065,STU01065,48.24,45.25,57.9,0,44.58,-3.66,2026-10-02
ACR01066,STU01066,86.97,88.35,74.33,0,79.56,-7.41,2026-10-02
ACR01067,STU01067,99.26,73.12,72.84,0,80.43,-18.83,2026-10-02
ACR01068,STU01068,52.02,53.8,41.5,0,50.44,-1.58,2026-10-02
ACR01069,STU01069,87.21,95.24,68.05,0,82.33,-4.88,2026-10-02
ACR01070,STU01070,75.85,63.34,58.34,0,74.6,-1.25,2026-10-02
ACR01071,STU01071,50.54,53.36,41.28,1,49.64,-0.9,2026-10-02
ACR01072,STU01072,96.23,85.98,75.18,0,88.61,-7.62,2026-10-02
ACR01073,STU01073,86.19,80.05,75.38,0,79.77,-6.42,2026-10-02
ACR01074,STU01074,71.25,77.99,75.09,0,68.56,-2.69,2026-10-02
ACR01075,STU01075,85.43,70.93,69.84,0,73.83,-11.6,2026-10-02
ACR01076,STU01076,98.67,96.23,81.7,0,90.41,-8.26,2026-10-02
ACR01077,STU01077,65.13,49.64,52.2,0,47.11,-18.02,2026-10-02
ACR01078,STU01078,64.2,63.09,45.38,1,65.63,1.43,2026-10-02
ACR01079,STU01079,85.82,66.9,80.99,0,72.4,-13.42,2026-10-02
ACR01080,STU01080,81.94,74.89,65.87,0,66.16,-15.78,2026-10-02
ACR01081,STU01081,93.37,96.6,96.26,0,85.55,-7.82,2026-10-02
ACR01082,STU01082,61.93,57.01,58.67,1,58.04,-3.89,2026-10-02
ACR01083,STU01083,82.16,75.07,59.19,0,65.38,-16.78,2026-10-02
ACR01084,STU01084,83.78,78.25,65.07,0,66.01,-17.77,2026-10-02
ACR01085,STU01085,90.96,91.48,73.67,0,83.62,-7.34,2026-10-02
ACR01086,STU01086,74.24,75.57,84.52,1,72.9,-1.34,2026-10-02
ACR01087,STU01087,99.29,87.38,74.27,0,90.14,-9.15,2026-10-02
ACR01088,STU01088,60.85,73.13,58.37,3,59.34,-1.51,2026-10-02
ACR01089,STU01089,69.85,68.7,52.98,0,53.21,-16.64,2026-10-02
ACR01090,STU01090,75.11,75.54,63.67,0,75.98,0.87,2026-10-02
ACR01091,STU01091,76.81,68.52,75.05,0,69.69,-7.12,2026-10-02
ACR01092,STU01092,63.92,65.86,64.85,0,60.54,-3.38,2026-10-02
ACR01093,STU01093,86.99,69.4,55.7,0,76.06,-10.93,2026-10-02
ACR01094,STU01094,59.88,33.11,50.38,1,47.79,-12.09,2026-10-02
ACR01095,STU01095,66.28,81.15,84.41,0,73.64,7.36,2026-10-02
ACR01096,STU01096,70.48,68.17,67.0,1,61.83,-8.65,2026-10-02
ACR01097,STU01097,56.15,56.65,48.2,0,57.68,1.53,2026-10-02
ACR01098,STU01098,100.0,91.35,85.01,0,83.92,-16.08,2026-10-02
ACR01099,STU01099,70.92,74.37,71.9,1,68.91,-2.01,2026-10-02
ACR01100,STU01100,84.41,87.08,71.19,0,79.7,-4.71,2026-10-02
ACR01101,STU01101,38.99,52.62,45.82,1,47.79,8.8,2026-10-02
ACR01102,STU01102,51.16,52.24,45.78,0,52.75,1.59,2026-10-02
ACR01103,STU01103,82.75,68.81,70.24,0,75.65,-7.1,2026-10-02
ACR01104,STU01104,86.7,85.74,69.92,0,76.79,-9.91,2026-10-02
ACR01105,STU01105,72.3,57.09,56.68,0,66.33,-5.97,2026-10-02
ACR01106,STU01106,98.42,96.23,75.44,0,85.89,-12.53,2026-10-02
ACR01107,STU01107,76.16,90.3,65.98,0,76.83,0.67,2026-10-02
ACR01108,STU01108,39.41,39.95,38.86,3,43.43,4.02,2026-10-02
ACR01109,STU01109,59.94,63.53,62.47,0,61.61,1.67,2026-10-02
ACR01110,STU01110,76.76,65.62,55.11,0,73.98,-2.78,2026-10-02
ACR01111,STU01111,87.2,81.89,69.31,0,73.65,-13.55,2026-10-02
ACR01112,STU01112,66.13,68.73,51.18,0,55.71,-10.42,2026-10-02
ACR01113,STU01113,75.31,72.02,52.51,0,64.7,-10.61,2026-10-02
ACR01114,STU01114,74.99,67.1,63.29,0,61.7,-13.29,2026-10-02
ACR01115,STU01115,67.31,70.71,71.91,2,69.66,2.35,2026-10-02
ACR01116,STU01116,94.73,91.18,92.07,0,94.23,-0.5,2026-10-02
ACR01117,STU01117,78.75,76.75,67.77,0,74.08,-4.67,2026-10-02
ACR01118,STU01118,61.47,66.18,68.53,0,59.69,-1.78,2026-10-02
ACR01119,STU01119,100.0,100.0,100.0,0,96.95,-3.05,2026-10-02
ACR01120,STU01120,86.29,67.27,68.05,0,70.85,-15.44,2026-10-02
ACR01121,STU01121,76.4,68.9,60.58,0,61.95,-14.45,2026-10-02
ACR01122,STU01122,73.35,76.64,68.17,0,66.83,-6.52,2026-10-02
ACR01123,STU01123,99.24,85.55,74.25,0,82.75,-16.49,2026-10-02
ACR01124,STU01124,58.63,61.82,58.88,1,47.13,-11.5,2026-10-02
ACR01125,STU01125,87.29,78.37,72.91,0,73.87,-13.42,2026-10-02
ACR01126,STU01126,78.69,82.61,80.11,0,83.05,4.36,2026-10-02
ACR01127,STU01127,73.01,83.65,81.65,0,83.15,10.14,2026-10-02
ACR01128,STU01128,64.77,74.98,63.03,3,63.99,-0.78,2026-10-02
ACR01129,STU01129,100.0,89.48,84.26,0,94.37,-5.63,2026-10-02
ACR01130,STU01130,84.86,74.05,80.4,0,75.18,-9.68,2026-10-02
ACR01131,STU01131,65.01,60.57,50.72,0,56.31,-8.7,2026-10-02
ACR01132,STU01132,56.89,58.85,62.49,1,56.49,-0.4,2026-10-02
ACR01133,STU01133,77.33,69.28,53.41,0,71.67,-5.66,2026-10-02
ACR01134,STU01134,70.73,73.03,67.57,1,67.31,-3.42,2026-10-02
ACR01135,STU01135,100.0,100.0,79.69,0,86.11,-13.89,2026-10-02
ACR01136,STU01136,69.33,62.78,59.26,0,63.1,-6.23,2026-10-02
ACR01137,STU01137,64.32,72.59,62.27,0,62.67,-1.65,2026-10-02
ACR01138,STU01138,93.9,100.0,93.26,0,92.79,-1.11,2026-10-02
ACR01139,STU01139,62.53,61.76,55.86,0,44.86,-17.67,2026-10-02
ACR01140,STU01140,74.87,71.31,70.02,0,81.89,7.02,2026-10-02
ACR01141,STU01141,93.79,89.67,89.08,0,84.48,-9.31,2026-10-02
ACR01142,STU01142,46.92,55.28,39.44,0,50.74,3.82,2026-10-02
ACR01143,STU01143,100.0,100.0,98.13,0,92.93,-7.07,2026-10-02
ACR01144,STU01144,77.48,62.62,57.66,0,58.01,-19.47,2026-10-02
ACR01145,STU01145,75.35,69.69,66.3,0,62.22,-13.13,2026-10-02
ACR01146,STU01146,80.89,62.21,55.38,0,69.12,-11.77,2026-10-02
ACR01147,STU01147,66.59,60.69,59.72,0,59.92,-6.67,2026-10-02
ACR01148,STU01148,85.66,70.56,79.25,0,78.13,-7.53,2026-10-02
ACR01149,STU01149,83.54,77.92,66.92,0,79.1,-4.44,2026-10-02
ACR01150,STU01150,87.4,74.16,73.47,0,73.36,-14.04,2026-10-02
ACR01151,STU01151,48.78,61.47,41.96,1,51.05,2.27,2026-10-02
ACR01152,STU01152,88.7,80.01,68.29,0,71.66,-17.04,2026-10-02
ACR01153,STU01153,59.77,59.89,71.45,2,66.96,7.19,2026-10-02
ACR01154,STU01154,70.67,74.82,69.66,0,54.96,-15.71,2026-10-02
ACR01155,STU01155,68.73,78.26,76.86,0,67.59,-1.14,2026-10-02
ACR01156,STU01156,66.65,66.44,57.16,0,56.95,-9.7,2026-10-02
ACR01157,STU01157,100.0,98.69,80.56,0,95.44,-4.56,2026-10-02
ACR01158,STU01158,88.45,96.05,85.82,0,88.97,0.52,2026-10-02
ACR01159,STU01159,89.58,87.04,66.17,0,74.1,-15.48,2026-10-02
ACR01160,STU01160,73.02,70.19,75.17,0,71.3,-1.72,2026-10-02
ACR01161,STU01161,63.07,52.21,62.34,0,52.15,-10.92,2026-10-02
ACR01162,STU01162,45.24,65.19,58.75,1,47.88,2.64,2026-10-02
ACR01163,STU01163,93.87,85.43,78.39,0,82.89,-10.98,2026-10-02
ACR01164,STU01164,82.06,88.86,97.74,1,84.92,2.86,2026-10-02
ACR01165,STU01165,63.32,72.9,66.97,0,62.32,-1.0,2026-10-02
ACR01166,STU01166,65.99,64.08,76.65,0,68.82,2.83,2026-10-02
ACR01167,STU01167,69.88,73.3,77.12,0,68.85,-1.03,2026-10-02
ACR01168,STU01168,46.17,56.69,54.46,2,37.63,-8.54,2026-10-02
ACR01169,STU01169,66.9,50.28,56.45,0,49.36,-17.54,2026-10-02
ACR01170,STU01170,95.07,100.0,83.37,0,94.32,-0.75,2026-10-02
ACR01171,STU01171,62.68,59.49,58.8,0,63.46,0.78,2026-10-02
ACR01172,STU01172,96.28,81.5,82.29,0,80.81,-15.47,2026-10-02
ACR01173,STU01173,58.38,70.04,58.25,0,67.69,9.31,2026-10-02
ACR01174,STU01174,74.34,66.44,72.59,0,69.51,-4.83,2026-10-02
ACR01175,STU01175,70.05,65.35,55.01,0,59.82,-10.23,2026-10-02
ACR01176,STU01176,66.66,75.71,51.77,0,62.8,-3.86,2026-10-02
ACR01177,STU01177,91.34,87.23,79.34,0,91.36,0.02,2026-10-02
ACR01178,STU01178,53.32,42.32,43.26,1,56.94,3.62,2026-10-02
ACR01179,STU01179,93.92,83.02,77.15,0,91.88,-2.04,2026-10-02
ACR01180,STU01180,72.29,68.75,64.88,0,73.17,0.88,2026-10-02
ACR01181,STU01181,85.92,76.43,59.44,0,68.79,-17.13,2026-10-02
ACR01182,STU01182,52.84,50.14,51.31,0,40.27,-12.57,2026-10-02
ACR01183,STU01183,71.25,77.03,51.62,0,69.64,-1.61,2026-10-02
ACR01184,STU01184,78.71,61.55,71.99,0,62.92,-15.79,2026-10-02
ACR01185,STU01185,71.17,57.95,47.99,1,55.72,-15.45,2026-10-02
ACR01186,STU01186,68.48,60.14,43.77,0,46.54,-21.94,2026-10-02
ACR01187,STU01187,76.5,69.52,67.73,0,65.1,-11.4,2026-10-02
ACR01188,STU01188,80.83,88.11,68.53,0,75.28,-5.55,2026-10-02
ACR01189,STU01189,100.0,97.3,94.77,0,90.32,-9.68,2026-10-02
ACR01190,STU01190,100.0,93.48,84.76,0,91.29,-8.71,2026-10-02
ACR01191,STU01191,81.17,76.67,80.18,0,77.83,-3.34,2026-10-02
ACR01192,STU01192,58.53,67.48,57.86,1,65.26,6.73,2026-10-02
ACR01193,STU01193,70.55,68.55,59.49,0,64.56,-5.99,2026-10-02
ACR01194,STU01194,56.94,59.02,49.4,0,54.87,-2.07,2026-10-02
ACR01195,STU01195,74.21,73.6,64.73,0,78.26,4.05,2026-10-02
ACR01196,STU01196,89.95,97.34,63.86,0,86.3,-3.65,2026-10-02
ACR01197,STU01197,87.72,84.1,68.58,0,66.43,-21.29,2026-10-02
ACR01198,STU01198,100.0,96.32,79.44,0,87.13,-12.87,2026-10-02
ACR01199,STU01199,66.45,59.07,53.46,0,47.03,-19.42,2026-10-02
ACR01200,STU01200,83.04,73.01,74.63,0,69.66,-13.38,2026-10-02
ACR01201,STU01201,67.48,73.53,64.07,2,66.11,-1.37,2026-10-02
ACR01202,STU01202,76.21,64.29,66.15,0,54.51,-21.7,2026-10-02
ACR01203,STU01203,92.33,54.47,64.79,0,71.95,-20.38,2026-10-02
ACR01204,STU01204,52.44,69.89,52.87,2,58.93,6.49,2026-10-02
ACR01205,STU01205,69.11,71.88,55.7,0,62.08,-7.03,2026-10-02
ACR01206,STU01206,92.45,94.66,69.86,0,76.86,-15.59,2026-10-02
ACR01207,STU01207,67.55,64.88,67.75,0,69.32,1.77,2026-10-02
ACR01208,STU01208,43.2,50.55,49.21,0,43.87,0.67,2026-10-02
ACR01209,STU01209,54.75,45.25,54.57,3,60.82,6.07,2026-10-02
ACR01210,STU01210,100.0,87.66,76.52,0,84.94,-15.06,2026-10-02
ACR01211,STU01211,51.55,40.86,54.54,1,44.8,-6.75,2026-10-02
ACR01212,STU01212,66.41,58.89,57.87,1,46.99,-19.42,2026-10-02
ACR01213,STU01213,67.62,78.74,61.64,0,69.68,2.06,2026-10-02
ACR01214,STU01214,71.4,68.91,77.13,0,69.74,-1.66,2026-10-02
ACR01215,STU01215,73.9,63.95,55.91,0,66.03,-7.87,2026-10-02
ACR01216,STU01216,77.63,69.78,74.19,1,70.25,-7.38,2026-10-02
ACR01217,STU01217,92.67,76.15,73.52,0,72.5,-20.17,2026-10-02
ACR01218,STU01218,81.81,79.5,67.19,0,74.31,-7.5,2026-10-02
ACR01219,STU01219,65.46,64.29,59.39,0,65.92,0.46,2026-10-02
ACR01220,STU01220,61.86,61.23,56.47,2,53.51,-8.35,2026-10-02
ACR01221,STU01221,77.34,86.11,66.4,0,84.61,7.27,2026-10-02
ACR01222,STU01222,77.77,77.85,83.62,0,70.51,-7.26,2026-10-02
ACR01223,STU01223,82.69,67.26,65.51,0,68.21,-14.48,2026-10-02
ACR01224,STU01224,100.0,96.89,95.5,0,100.0,0.0,2026-10-02
ACR01225,STU01225,69.96,77.38,71.6,0,61.45,-8.51,2026-10-02
ACR01226,STU01226,80.2,79.21,81.53,0,68.8,-11.4,2026-10-02
ACR01227,STU01227,59.07,58.2,70.05,0,58.14,-0.93,2026-10-02
ACR01228,STU01228,60.27,59.29,71.33,0,67.29,7.02,2026-10-02
ACR01229,STU01229,54.1,52.76,34.9,2,46.19,-7.91,2026-10-02
ACR01230,STU01230,71.3,67.73,55.03,0,55.1,-16.2,2026-10-02
ACR01231,STU01231,66.28,65.48,66.8,0,67.93,1.65,2026-10-02
ACR01232,STU01232,75.74,68.95,62.73,0,73.54,-2.2,2026-10-02
ACR01233,STU01233,87.61,79.99,72.29,0,85.54,-2.07,2026-10-02
ACR01234,STU01234,93.52,92.52,87.92,0,84.1,-9.42,2026-10-02
ACR01235,STU01235,66.94,57.48,62.55,0,63.99,-2.95,2026-10-02
ACR01236,STU01236,31.14,45.78,32.14,3,52.69,21.55,2026-10-02
ACR01237,STU01237,94.69,92.59,90.33,0,94.8,0.11,2026-10-02
ACR01238,STU01238,76.49,73.27,70.11,0,70.58,-5.91,2026-10-02
ACR01239,STU01239,88.4,74.78,64.13,0,73.22,-15.18,2026-10-02
ACR01240,STU01240,78.81,80.42,74.21,0,71.86,-6.95,2026-10-02
ACR01241,STU01241,84.46,70.82,79.29,0,73.65,-10.81,2026-10-02
ACR01242,STU01242,68.15,60.54,69.92,0,68.16,0.01,2026-10-02
ACR01243,STU01243,100.0,94.21,100.0,0,89.34,-10.66,2026-10-02
ACR01244,STU01244,93.15,83.23,82.64,0,84.04,-9.11,2026-10-02
ACR01245,STU01245,92.11,82.77,74.72,0,73.7,-18.41,2026-10-02
ACR01246,STU01246,67.97,75.77,64.9,0,65.33,-2.64,2026-10-02
ACR01247,STU01247,52.43,61.57,50.73,0,54.06,1.63,2026-10-02
ACR01248,STU01248,65.58,83.07,57.75,0,72.15,6.57,2026-10-02
ACR01249,STU01249,64.98,71.85,60.65,1,59.92,-5.06,2026-10-02
ACR01250,STU01250,75.09,67.41,68.93,0,71.7,-3.39,2026-10-02
ACR01251,STU01251,54.59,47.0,56.78,0,50.74,-3.85,2026-10-02
ACR01252,STU01252,87.95,90.2,85.65,0,90.46,2.51,2026-10-02
ACR01253,STU01253,88.65,62.26,76.41,0,66.89,-21.76,2026-10-02
ACR01254,STU01254,87.23,70.95,77.58,0,76.09,-11.14,2026-10-02
ACR01255,STU01255,100.0,100.0,74.68,0,81.0,-19.0,2026-10-02
ACR01256,STU01256,75.87,78.12,69.12,0,65.41,-10.46,2026-10-02
ACR01257,STU01257,73.39,69.52,69.67,0,72.88,-0.51,2026-10-02
ACR01258,STU01258,62.05,56.92,59.03,2,60.76,-1.29,2026-10-02
ACR01259,STU01259,69.68,75.25,62.4,0,61.72,-7.96,2026-10-02
ACR01260,STU01260,77.4,86.92,68.03,0,66.04,-11.36,2026-10-02
ACR01261,STU01261,100.0,93.57,90.22,0,88.15,-11.85,2026-10-02
ACR01262,STU01262,79.31,78.21,59.51,0,81.2,1.89,2026-10-02
ACR01263,STU01263,54.97,52.34,45.48,2,44.92,-10.05,2026-10-02
ACR01264,STU01264,71.02,67.63,72.81,0,71.44,0.42,2026-10-02
ACR01265,STU01265,75.4,74.47,75.29,1,71.21,-4.19,2026-10-02
ACR01266,STU01266,81.7,79.42,61.08,0,77.44,-4.26,2026-10-02
ACR01267,STU01267,63.99,57.94,54.7,0,57.31,-6.68,2026-10-02
ACR01268,STU01268,68.43,67.44,61.94,0,65.03,-3.4,2026-10-02
ACR01269,STU01269,88.32,63.2,72.53,0,73.25,-15.07,2026-10-02
ACR01270,STU01270,42.15,43.62,54.27,1,49.72,7.57,2026-10-02
ACR01271,STU01271,73.54,67.08,74.16,0,65.65,-7.89,2026-10-02
ACR01272,STU01272,54.0,68.15,55.7,0,61.29,7.29,2026-10-02
ACR01273,STU01273,85.97,91.41,73.66,0,83.87,-2.1,2026-10-02
ACR01274,STU01274,92.01,85.17,80.48,0,75.29,-16.72,2026-10-02
ACR01275,STU01275,65.43,84.83,55.57,0,59.04,-6.39,2026-10-02
ACR01276,STU01276,68.8,65.6,64.11,0,66.31,-2.49,2026-10-02
ACR01277,STU01277,57.12,65.57,52.87,0,59.83,2.71,2026-10-02
ACR01278,STU01278,85.53,78.93,92.53,0,75.32,-10.21,2026-10-02
ACR01279,STU01279,100.0,89.98,89.42,0,100.0,0.0,2026-10-02
ACR01280,STU01280,66.3,62.57,50.14,1,62.6,-3.7,2026-10-02
ACR01281,STU01281,77.04,79.13,80.43,0,82.23,5.19,2026-10-02
ACR01282,STU01282,100.0,88.34,81.52,0,86.76,-13.24,2026-10-02
ACR01283,STU01283,50.97,59.31,55.97,0,54.23,3.26,2026-10-02
ACR01284,STU01284,100.0,100.0,88.11,0,89.87,-10.13,2026-10-02
ACR01285,STU01285,57.92,61.38,56.43,2,64.96,7.04,2026-10-02
ACR01286,STU01286,81.54,68.26,65.34,0,67.24,-14.3,2026-10-02
ACR01287,STU01287,56.42,73.17,53.52,1,49.5,-6.92,2026-10-02
ACR01288,STU01288,80.17,81.76,69.28,0,73.97,-6.2,2026-10-02
ACR01289,STU01289,88.2,83.35,81.4,0,76.11,-12.09,2026-10-02
ACR01290,STU01290,63.99,56.63,51.69,0,54.69,-9.3,2026-10-02
ACR01291,STU01291,85.21,70.89,70.12,0,72.97,-12.24,2026-10-02
ACR01292,STU01292,81.27,90.47,84.67,0,79.5,-1.77,2026-10-02
ACR01293,STU01293,40.94,41.66,30.26,1,32.5,-8.44,2026-10-02
ACR01294,STU01294,77.61,74.21,70.52,0,78.12,0.51,2026-10-02
ACR01295,STU01295,58.0,55.08,44.73,0,40.06,-17.94,2026-10-02
ACR01296,STU01296,61.16,66.33,45.77,1,54.92,-6.24,2026-10-02
ACR01297,STU01297,78.24,87.74,73.6,1,78.18,-0.06,2026-10-02
ACR01298,STU01298,83.12,74.53,69.48,0,63.85,-19.27,2026-10-02
ACR01299,STU01299,100.0,89.68,89.84,0,100.0,0.0,2026-10-02
ACR01300,STU01300,82.4,79.42,77.13,0,74.98,-7.42,2026-10-02
ACR01301,STU01301,38.63,54.29,50.08,0,44.03,5.4,2026-10-02
ACR01302,STU01302,88.31,84.58,70.31,0,68.34,-19.97,2026-10-02
ACR01303,STU01303,77.13,82.79,79.26,0,77.1,-0.03,2026-10-02
ACR01304,STU01304,39.64,50.08,39.07,0,49.28,9.64,2026-10-02
ACR01305,STU01305,71.36,70.73,55.29,0,70.53,-0.83,2026-10-02
ACR01306,STU01306,79.25,77.16,49.43,0,77.82,-1.43,2026-10-02
ACR01307,STU01307,100.0,97.67,82.16,0,91.27,-8.73,2026-10-02
ACR01308,STU01308,64.0,76.48,66.48,1,67.01,3.01,2026-10-02
ACR01309,STU01309,100.0,100.0,70.22,0,84.74,-15.26,2026-10-02
ACR01310,STU01310,83.07,78.86,76.22,0,81.91,-1.16,2026-10-02
ACR01311,STU01311,79.14,66.5,69.26,0,67.25,-11.89,2026-10-02
ACR01312,STU01312,82.87,78.23,60.88,0,82.84,-0.03,2026-10-02
ACR01313,STU01313,57.33,54.12,54.4,0,45.53,-11.8,2026-10-02
ACR01314,STU01314,80.73,63.49,57.85,0,65.92,-14.81,2026-10-02
ACR01315,STU01315,88.59,58.04,68.28,1,73.51,-15.08,2026-10-02
ACR01316,STU01316,74.7,73.6,67.48,1,68.99,-5.71,2026-10-02
ACR01317,STU01317,100.0,98.24,81.18,0,86.4,-13.6,2026-10-02
ACR01318,STU01318,61.3,60.88,54.57,1,58.97,-2.33,2026-10-02
ACR01319,STU01319,85.35,67.56,54.66,0,62.59,-22.76,2026-10-02
ACR01320,STU01320,79.1,70.1,53.59,0,63.98,-15.12,2026-10-02
ACR01321,STU01321,74.3,70.8,59.07,0,72.84,-1.46,2026-10-02
ACR01322,STU01322,95.22,85.02,72.96,0,76.1,-19.12,2026-10-02
ACR01323,STU01323,73.42,75.95,62.41,0,70.93,-2.49,2026-10-02
ACR01324,STU01324,100.0,92.45,76.54,0,88.91,-11.09,2026-10-02
ACR01325,STU01325,63.7,67.92,56.98,0,58.2,-5.5,2026-10-02
ACR01326,STU01326,44.28,43.08,56.72,1,43.85,-0.43,2026-10-02
ACR01327,STU01327,76.52,74.95,59.14,1,73.91,-2.61,2026-10-02
ACR01328,STU01328,65.03,54.11,55.88,0,58.03,-7.0,2026-10-02
ACR01329,STU01329,100.0,81.47,86.15,0,86.04,-13.96,2026-10-02
ACR01330,STU01330,68.08,80.73,66.64,0,72.94,4.86,2026-10-02
ACR01331,STU01331,63.66,65.8,51.66,0,63.07,-0.59,2026-10-02
ACR01332,STU01332,62.23,74.42,51.3,0,61.08,-1.15,2026-10-02
ACR01333,STU01333,86.43,70.61,71.41,0,83.51,-2.92,2026-10-02
ACR01334,STU01334,74.57,67.84,55.06,0,61.51,-13.06,2026-10-02
ACR01335,STU01335,79.46,68.77,74.24,0,75.98,-3.48,2026-10-02
ACR01336,STU01336,98.46,86.77,68.55,0,89.11,-9.35,2026-10-02
ACR01337,STU01337,55.42,48.9,60.0,0,56.33,0.91,2026-10-02
ACR01338,STU01338,74.07,67.11,63.43,0,62.3,-11.77,2026-10-02
ACR01339,STU01339,65.47,63.89,54.35,0,56.45,-9.02,2026-10-02
ACR01340,STU01340,68.15,53.79,62.45,0,56.78,-11.37,2026-10-02
ACR01341,STU01341,100.0,77.47,71.52,0,75.4,-24.6,2026-10-02
ACR01342,STU01342,100.0,92.06,75.3,0,93.2,-6.8,2026-10-02
ACR01343,STU01343,81.88,63.23,75.9,0,82.32,0.44,2026-10-02
ACR01344,STU01344,80.69,66.38,62.62,0,64.5,-16.19,2026-10-02
ACR01345,STU01345,81.74,84.7,71.71,0,77.79,-3.95,2026-10-02
ACR01346,STU01346,81.22,67.73,80.25,0,75.69,-5.53,2026-10-02
ACR01347,STU01347,66.11,70.58,51.73,1,59.88,-6.23,2026-10-02
ACR01348,STU01348,67.78,65.89,72.01,1,61.1,-6.68,2026-10-02
ACR01349,STU01349,97.38,66.97,55.33,0,70.63,-26.75,2026-10-02
ACR01350,STU01350,86.45,74.95,81.65,0,80.81,-5.64,2026-10-02
ACR01351,STU01351,73.61,70.6,61.95,1,74.24,0.63,2026-10-02
ACR01352,STU01352,66.79,65.95,54.74,0,50.95,-15.84,2026-10-02
ACR01353,STU01353,70.97,66.95,67.2,0,68.08,-2.89,2026-10-02
ACR01354,STU01354,90.17,81.25,85.31,0,76.9,-13.27,2026-10-02
ACR01355,STU01355,87.16,77.62,64.46,0,77.3,-9.86,2026-10-02
ACR01356,STU01356,65.94,64.58,77.89,0,72.62,6.68,2026-10-02
ACR01357,STU01357,41.73,47.36,43.41,2,38.25,-3.48,2026-10-02
ACR01358,STU01358,97.58,75.02,65.75,0,76.45,-21.13,2026-10-02
ACR01359,STU01359,56.5,49.17,41.65,0,54.85,-1.65,2026-10-02
ACR01360,STU01360,67.2,64.22,69.86,0,57.74,-9.46,2026-10-02
ACR01361,STU01361,77.6,80.04,72.59,0,75.45,-2.15,2026-10-02
ACR01362,STU01362,91.68,71.47,74.32,0,70.96,-20.72,2026-10-02
ACR01363,STU01363,79.45,74.25,54.98,0,69.04,-10.41,2026-10-02
ACR01364,STU01364,74.25,94.6,80.74,0,79.05,4.8,2026-10-02
ACR01365,STU01365,84.75,73.38,79.8,0,88.47,3.72,2026-10-02
ACR01366,STU01366,89.69,78.49,72.5,0,88.58,-1.11,2026-10-02
ACR01367,STU01367,85.04,63.38,67.79,0,80.61,-4.43,2026-10-02
ACR01368,STU01368,73.48,64.49,79.7,0,64.87,-8.61,2026-10-02
ACR01369,STU01369,52.04,50.95,40.8,1,43.53,-8.51,2026-10-02
ACR01370,STU01370,100.0,84.55,89.3,0,85.04,-14.96,2026-10-02
ACR01371,STU01371,59.86,51.61,43.54,1,42.65,-17.21,2026-10-02
ACR01372,STU01372,82.4,84.1,75.19,0,89.52,7.12,2026-10-02
ACR01373,STU01373,59.85,65.27,55.79,1,45.66,-14.19,2026-10-02
ACR01374,STU01374,81.26,85.79,61.06,0,70.48,-10.78,2026-10-02
ACR01375,STU01375,71.98,77.95,71.4,0,72.89,0.91,2026-10-02
ACR01376,STU01376,79.8,70.44,77.83,0,75.31,-4.49,2026-10-02
ACR01377,STU01377,75.68,79.99,79.69,0,78.48,2.8,2026-10-02
ACR01378,STU01378,76.02,67.63,73.02,0,60.92,-15.1,2026-10-02
ACR01379,STU01379,70.88,70.04,54.16,0,67.05,-3.83,2026-10-02
ACR01380,STU01380,90.56,78.47,84.12,0,86.41,-4.15,2026-10-02
ACR01381,STU01381,56.8,72.37,65.01,1,64.9,8.1,2026-10-02
ACR01382,STU01382,67.41,63.01,67.12,2,54.82,-12.59,2026-10-02
ACR01383,STU01383,82.07,66.81,46.62,0,64.83,-17.24,2026-10-02
ACR01384,STU01384,85.54,74.04,73.67,0,74.9,-10.64,2026-10-02
ACR01385,STU01385,68.9,52.11,51.28,0,57.1,-11.8,2026-10-02
ACR01386,STU01386,63.85,59.6,55.83,0,56.84,-7.01,2026-10-02
ACR01387,STU01387,70.49,61.56,67.84,0,55.48,-15.01,2026-10-02
ACR01388,STU01388,41.45,60.56,48.47,1,39.33,-2.12,2026-10-02
ACR01389,STU01389,100.0,95.69,83.05,0,89.15,-10.85,2026-10-02
ACR01390,STU01390,83.61,69.5,84.06,0,70.84,-12.77,2026-10-02
ACR01391,STU01391,69.96,59.06,63.41,1,62.33,-7.63,2026-10-02
ACR01392,STU01392,55.21,52.65,71.91,0,48.89,-6.32,2026-10-02
ACR01393,STU01393,79.22,79.92,74.18,0,83.42,4.2,2026-10-02
ACR01394,STU01394,75.84,76.87,57.67,0,71.7,-4.14,2026-10-02
ACR01395,STU01395,100.0,77.9,84.42,0,85.13,-14.87,2026-10-02
ACR01396,STU01396,68.97,71.63,64.32,0,55.59,-13.38,2026-10-02
ACR01397,STU01397,86.94,70.77,71.5,0,78.9,-8.04,2026-10-02
ACR01398,STU01398,67.88,64.12,69.89,0,66.84,-1.04,2026-10-02
ACR01399,STU01399,68.2,66.07,66.48,0,63.89,-4.31,2026-10-02
ACR01400,STU01400,70.21,61.44,57.29,1,64.01,-6.2,2026-10-02
ACR01401,STU01401,70.46,66.03,49.42,0,49.16,-21.3,2026-10-02
ACR01402,STU01402,84.42,79.06,72.63,0,71.0,-13.42,2026-10-02
ACR01403,STU01403,90.63,87.87,77.73,0,88.39,-2.24,2026-10-02
ACR01404,STU01404,65.62,63.93,55.23,0,55.86,-9.76,2026-10-02
ACR01405,STU01405,74.8,64.26,72.92,0,66.42,-8.38,2026-10-02
ACR01406,STU01406,67.54,54.77,58.73,0,49.79,-17.75,2026-10-02
ACR01407,STU01407,76.32,74.47,67.03,0,67.56,-8.76,2026-10-02
ACR01408,STU01408,59.79,31.8,38.8,0,36.96,-22.83,2026-10-02
ACR01409,STU01409,88.55,90.32,67.13,0,78.64,-9.91,2026-10-02
ACR01410,STU01410,88.47,83.65,78.9,0,75.5,-12.97,2026-10-02
ACR01411,STU01411,57.84,48.49,40.86,0,46.96,-10.88,2026-10-02
ACR01412,STU01412,74.32,60.79,59.01,0,62.36,-11.96,2026-10-02
ACR01413,STU01413,100.0,100.0,89.92,0,100.0,0.0,2026-10-02
ACR01414,STU01414,100.0,100.0,89.21,0,93.15,-6.85,2026-10-02
ACR01415,STU01415,99.62,100.0,87.36,0,98.59,-1.03,2026-10-02
ACR01416,STU01416,64.37,66.91,59.64,2,54.13,-10.24,2026-10-02
ACR01417,STU01417,62.75,62.15,71.58,0,62.02,-0.73,2026-10-02
ACR01418,STU01418,63.33,63.02,72.97,0,66.31,2.98,2026-10-02
ACR01419,STU01419,100.0,81.74,73.95,0,77.9,-22.1,2026-10-02
ACR01420,STU01420,58.04,45.0,45.25,1,44.59,-13.45,2026-10-02
ACR01421,STU01421,62.2,63.91,64.99,0,63.11,0.91,2026-10-02
ACR01422,STU01422,72.09,71.92,57.85,2,69.55,-2.54,2026-10-02
ACR01423,STU01423,83.27,81.83,66.33,0,73.25,-10.02,2026-10-02
ACR01424,STU01424,54.39,60.66,58.63,0,55.36,0.97,2026-10-02
ACR01425,STU01425,65.17,75.35,61.9,0,62.83,-2.34,2026-10-02
ACR01426,STU01426,88.62,81.75,79.52,0,80.39,-8.23,2026-10-02
ACR01427,STU01427,90.48,68.92,66.59,0,73.12,-17.36,2026-10-02
ACR01428,STU01428,83.11,86.18,72.5,0,82.58,-0.53,2026-10-02
ACR01429,STU01429,91.48,76.27,84.75,0,79.14,-12.34,2026-10-02
ACR01430,STU01430,96.21,94.45,82.43,0,87.44,-8.77,2026-10-02
ACR01431,STU01431,96.28,94.94,86.19,0,88.66,-7.62,2026-10-02
ACR01432,STU01432,68.0,79.49,68.55,0,71.12,3.12,2026-10-02
ACR01433,STU01433,92.18,94.91,96.77,0,84.76,-7.42,2026-10-02
ACR01434,STU01434,66.41,50.27,50.35,1,48.68,-17.73,2026-10-02
ACR01435,STU01435,82.86,78.82,84.44,0,73.9,-8.96,2026-10-02
ACR01436,STU01436,83.62,83.36,68.73,0,74.68,-8.94,2026-10-02
ACR01437,STU01437,65.15,68.63,59.5,0,64.52,-0.63,2026-10-02
ACR01438,STU01438,51.5,50.77,58.41,0,64.14,12.64,2026-10-02
ACR01439,STU01439,58.68,47.26,49.92,0,49.71,-8.97,2026-10-02
ACR01440,STU01440,52.3,44.8,53.4,2,44.95,-7.35,2026-10-02
ACR01441,STU01441,69.72,73.12,55.25,0,59.64,-10.08,2026-10-02
ACR01442,STU01442,75.23,63.78,75.42,0,69.91,-5.32,2026-10-02
ACR01443,STU01443,78.78,67.65,57.25,0,61.53,-17.25,2026-10-02
ACR01444,STU01444,58.9,63.13,53.58,1,58.54,-0.36,2026-10-02
ACR01445,STU01445,85.57,96.88,87.27,0,83.04,-2.53,2026-10-02
ACR01446,STU01446,91.33,100.0,70.3,0,83.16,-8.17,2026-10-02
ACR01447,STU01447,53.41,55.46,45.3,1,57.34,3.93,2026-10-02
ACR01448,STU01448,67.15,71.22,51.88,1,65.43,-1.72,2026-10-02
ACR01449,STU01449,52.77,49.04,45.15,0,39.75,-13.02,2026-10-02
ACR01450,STU01450,80.24,61.01,62.47,0,77.19,-3.05,2026-10-02
ACR01451,STU01451,89.05,82.46,67.66,0,82.23,-6.82,2026-10-02
ACR01452,STU01452,74.67,68.67,63.86,0,68.95,-5.72,2026-10-02
ACR01453,STU01453,64.68,78.18,58.6,0,58.69,-5.99,2026-10-02
ACR01454,STU01454,92.1,80.48,81.62,0,80.52,-11.58,2026-10-02
ACR01455,STU01455,92.75,99.62,81.18,0,86.76,-5.99,2026-10-02
ACR01456,STU01456,73.88,78.61,73.35,1,72.38,-1.5,2026-10-02
ACR01457,STU01457,68.93,87.91,64.68,0,70.6,1.67,2026-10-02
ACR01458,STU01458,100.0,77.58,94.15,0,91.29,-8.71,2026-10-02
ACR01459,STU01459,71.91,64.2,68.65,0,63.82,-8.09,2026-10-02
ACR01460,STU01460,49.39,59.66,48.96,2,46.54,-2.85,2026-10-02
ACR01461,STU01461,74.71,71.34,49.03,0,65.23,-9.48,2026-10-02
ACR01462,STU01462,53.09,60.84,42.36,1,40.71,-12.38,2026-10-02
ACR01463,STU01463,60.17,69.6,59.12,1,66.84,6.67,2026-10-02
ACR01464,STU01464,54.99,49.22,56.24,1,59.29,4.3,2026-10-02
ACR01465,STU01465,54.96,46.23,52.06,2,51.14,-3.82,2026-10-02
ACR01466,STU01466,79.12,72.98,61.68,0,77.94,-1.18,2026-10-02
ACR01467,STU01467,56.53,59.01,53.48,0,46.6,-9.93,2026-10-02
ACR01468,STU01468,54.65,58.26,57.47,0,56.24,1.59,2026-10-02
ACR01469,STU01469,86.44,66.65,63.91,0,74.16,-12.28,2026-10-02
ACR01470,STU01470,100.0,99.06,86.46,0,99.27,-0.73,2026-10-02
ACR01471,STU01471,96.34,78.6,76.6,0,92.98,-3.36,2026-10-02
ACR01472,STU01472,79.82,81.43,82.72,0,76.25,-3.57,2026-10-02
ACR01473,STU01473,52.56,69.5,64.49,1,55.92,3.36,2026-10-02
ACR01474,STU01474,73.73,71.34,84.59,0,70.32,-3.41,2026-10-02
ACR01475,STU01475,74.98,67.34,55.14,0,56.73,-18.25,2026-10-02
ACR01476,STU01476,76.25,72.48,65.14,0,65.84,-10.41,2026-10-02
ACR01477,STU01477,86.32,77.8,63.73,0,80.28,-6.04,2026-10-02
ACR01478,STU01478,89.81,92.2,71.01,0,76.46,-13.35,2026-10-02
ACR01479,STU01479,90.15,82.69,71.86,0,83.24,-6.91,2026-10-02
ACR01480,STU01480,70.2,61.13,47.63,0,61.31,-8.89,2026-10-02
ACR01481,STU01481,98.37,79.15,80.26,0,75.69,-22.68,2026-10-02
ACR01482,STU01482,68.93,65.9,68.33,0,55.61,-13.32,2026-10-02
ACR01483,STU01483,51.61,51.0,61.89,0,53.14,1.53,2026-10-02
ACR01484,STU01484,31.66,45.66,46.5,2,38.15,6.49,2026-10-02
ACR01485,STU01485,63.99,60.04,65.66,0,63.4,-0.59,2026-10-02
ACR01486,STU01486,91.85,93.48,72.73,0,84.44,-7.41,2026-10-02
ACR01487,STU01487,100.0,98.78,87.22,0,91.4,-8.6,2026-10-02
ACR01488,STU01488,80.49,72.47,71.6,0,69.31,-11.18,2026-10-02
ACR01489,STU01489,56.51,51.27,53.6,0,45.55,-10.96,2026-10-02
ACR01490,STU01490,89.67,83.94,78.43,0,74.36,-15.31,2026-10-02
ACR01491,STU01491,77.43,81.13,66.18,0,71.83,-5.6,2026-10-02
ACR01492,STU01492,90.1,70.77,69.81,0,81.47,-8.63,2026-10-02
ACR01493,STU01493,74.97,72.72,67.93,0,83.03,8.06,2026-10-02
ACR01494,STU01494,68.09,76.47,51.28,1,71.9,3.81,2026-10-02
ACR01495,STU01495,58.22,59.02,47.5,0,57.46,-0.76,2026-10-02
ACR01496,STU01496,77.44,75.73,70.36,0,81.92,4.48,2026-10-02
ACR01497,STU01497,90.01,100.0,85.96,0,91.2,1.19,2026-10-02
ACR01498,STU01498,88.62,83.03,64.88,0,75.24,-13.38,2026-10-02
ACR01499,STU01499,49.73,49.92,37.93,2,54.78,5.05,2026-10-02
ACR01500,STU01500,100.0,93.33,82.8,0,87.27,-12.73,2026-10-02
ACR01501,STU01501,100.0,88.38,89.04,0,85.02,-14.98,2026-10-02
ACR01502,STU01502,94.91,87.87,68.28,0,80.41,-14.5,2026-10-02
ACR01503,STU01503,98.92,97.13,85.57,0,93.91,-5.01,2026-10-02
ACR01504,STU01504,96.31,100.0,75.29,0,96.93,0.62,2026-10-02
ACR01505,STU01505,73.9,76.32,73.43,0,69.02,-4.88,2026-10-02
ACR01506,STU01506,51.67,42.99,32.11,4,45.28,-6.39,2026-10-02
ACR01507,STU01507,59.61,51.01,56.82,1,58.93,-0.68,2026-10-02
ACR01508,STU01508,78.7,68.88,66.09,0,72.15,-6.55,2026-10-02
ACR01509,STU01509,74.8,70.22,68.88,0,68.24,-6.56,2026-10-02
ACR01510,STU01510,58.81,59.26,49.07,0,61.79,2.98,2026-10-02
ACR01511,STU01511,88.58,100.0,85.65,0,93.66,5.08,2026-10-02
ACR01512,STU01512,100.0,100.0,100.0,0,96.08,-3.92,2026-10-02
ACR01513,STU01513,71.96,71.62,73.79,1,62.2,-9.76,2026-10-02
ACR01514,STU01514,92.97,71.43,80.98,0,79.76,-13.21,2026-10-02
ACR01515,STU01515,81.15,79.17,70.49,0,78.8,-2.35,2026-10-02
ACR01516,STU01516,56.79,65.6,44.58,2,52.37,-4.42,2026-10-02
ACR01517,STU01517,94.21,89.71,74.87,0,78.91,-15.3,2026-10-02
ACR01518,STU01518,73.11,68.0,69.29,0,69.62,-3.49,2026-10-02
ACR01519,STU01519,73.02,68.35,67.44,0,67.47,-5.55,2026-10-02
ACR01520,STU01520,100.0,96.99,75.98,0,84.18,-15.82,2026-10-02
ACR01521,STU01521,100.0,88.77,91.13,0,95.43,-4.57,2026-10-02
ACR01522,STU01522,72.04,62.13,58.49,1,62.68,-9.36,2026-10-02
ACR01523,STU01523,72.18,57.06,67.53,0,65.67,-6.51,2026-10-02
ACR01524,STU01524,65.03,39.67,45.87,0,55.95,-9.08,2026-10-02
ACR01525,STU01525,34.19,44.24,38.3,1,35.93,1.74,2026-10-02
ACR01526,STU01526,82.82,64.4,56.57,0,64.15,-18.67,2026-10-02
ACR01527,STU01527,87.16,86.56,64.01,0,88.92,1.76,2026-10-02
ACR01528,STU01528,61.53,56.72,71.14,0,65.95,4.42,2026-10-02
ACR01529,STU01529,87.15,85.13,76.88,0,78.83,-8.32,2026-10-02
ACR01530,STU01530,43.33,45.3,33.02,1,46.26,2.93,2026-10-02
ACR01531,STU01531,54.46,53.37,32.04,3,48.14,-6.32,2026-10-02
ACR01532,STU01532,56.27,53.06,40.35,1,45.29,-10.98,2026-10-02
ACR01533,STU01533,95.19,84.02,77.12,0,89.84,-5.35,2026-10-02
ACR01534,STU01534,69.25,57.74,61.1,0,58.29,-10.96,2026-10-02
ACR01535,STU01535,86.9,100.0,71.7,0,81.55,-5.35,2026-10-02
ACR01536,STU01536,67.59,66.26,70.12,1,66.77,-0.82,2026-10-02
ACR01537,STU01537,58.93,73.41,52.92,0,60.69,1.76,2026-10-02
ACR01538,STU01538,78.37,73.25,73.09,0,61.91,-16.46,2026-10-02
ACR01539,STU01539,73.62,87.71,69.17,0,73.49,-0.13,2026-10-02
ACR01540,STU01540,68.99,67.04,74.14,0,63.41,-5.58,2026-10-02
ACR01541,STU01541,72.28,74.84,62.2,0,66.18,-6.1,2026-10-02
ACR01542,STU01542,100.0,81.37,76.89,0,75.48,-24.52,2026-10-02
ACR01543,STU01543,57.98,66.21,49.72,1,52.67,-5.31,2026-10-02
ACR01544,STU01544,82.84,62.62,76.39,0,68.65,-14.19,2026-10-02
ACR01545,STU01545,63.25,74.44,64.46,0,69.9,6.65,2026-10-02
ACR01546,STU01546,73.37,77.88,64.74,2,72.33,-1.04,2026-10-02
ACR01547,STU01547,72.32,97.23,76.38,0,81.85,9.53,2026-10-02
ACR01548,STU01548,71.09,80.66,79.57,0,67.47,-3.62,2026-10-02
ACR01549,STU01549,81.58,72.09,69.77,0,69.14,-12.44,2026-10-02
ACR01550,STU01550,74.1,70.29,51.51,0,59.77,-14.33,2026-10-02
ACR01551,STU01551,50.25,50.33,53.03,0,55.41,5.16,2026-10-02
ACR01552,STU01552,83.0,83.21,80.05,0,81.36,-1.64,2026-10-02
ACR01553,STU01553,77.2,70.07,73.69,0,80.27,3.07,2026-10-02
ACR01554,STU01554,78.98,78.2,82.83,0,69.33,-9.65,2026-10-02
ACR01555,STU01555,62.95,64.6,62.38,0,66.42,3.47,2026-10-02
ACR01556,STU01556,87.89,70.51,60.3,0,68.84,-19.05,2026-10-02
ACR01557,STU01557,89.7,87.46,87.48,0,87.37,-2.33,2026-10-02
ACR01558,STU01558,92.65,84.51,78.42,0,78.96,-13.69,2026-10-02
ACR01559,STU01559,80.15,81.08,66.26,0,82.48,2.33,2026-10-02
ACR01560,STU01560,82.8,92.39,74.78,0,76.97,-5.83,2026-10-02
ACR01561,STU01561,90.58,79.94,64.95,0,71.7,-18.88,2026-10-02
ACR01562,STU01562,87.77,82.99,70.22,0,73.37,-14.4,2026-10-02
ACR01563,STU01563,57.15,54.98,62.67,1,53.96,-3.19,2026-10-02
ACR01564,STU01564,81.48,78.31,59.21,0,70.88,-10.6,2026-10-02
ACR01565,STU01565,77.93,91.74,78.29,0,73.57,-4.36,2026-10-02
ACR01566,STU01566,75.67,69.02,67.57,0,76.85,1.18,2026-10-02
ACR01567,STU01567,73.61,76.02,61.7,0,69.99,-3.62,2026-10-02
ACR01568,STU01568,86.9,95.06,79.12,0,91.13,4.23,2026-10-02
ACR01569,STU01569,91.41,73.5,66.25,0,76.79,-14.62,2026-10-02
ACR01570,STU01570,64.35,61.07,54.3,0,59.78,-4.57,2026-10-02
ACR01571,STU01571,83.71,83.4,60.09,0,71.66,-12.05,2026-10-02
ACR01572,STU01572,73.06,60.22,39.24,0,60.9,-12.16,2026-10-02
ACR01573,STU01573,82.83,82.68,70.94,0,78.89,-3.94,2026-10-02
ACR01574,STU01574,100.0,89.78,66.5,0,83.54,-16.46,2026-10-02
ACR01575,STU01575,71.64,76.56,64.74,1,63.91,-7.73,2026-10-02
ACR01576,STU01576,100.0,100.0,81.04,0,92.2,-7.8,2026-10-02
ACR01577,STU01577,55.01,49.9,42.98,1,56.74,1.73,2026-10-02
ACR01578,STU01578,94.86,89.8,73.12,0,95.47,0.61,2026-10-02
ACR01579,STU01579,70.77,69.77,54.69,1,54.72,-16.05,2026-10-02
ACR01580,STU01580,72.33,58.85,54.72,0,64.02,-8.31,2026-10-02
ACR01581,STU01581,87.41,77.77,63.66,0,78.96,-8.45,2026-10-02
ACR01582,STU01582,66.87,66.35,55.06,0,62.33,-4.54,2026-10-02
ACR01583,STU01583,63.24,55.3,65.55,0,58.36,-4.88,2026-10-02
ACR01584,STU01584,100.0,94.05,70.58,0,81.13,-18.87,2026-10-02
ACR01585,STU01585,93.92,85.44,90.09,0,80.47,-13.45,2026-10-02
ACR01586,STU01586,82.21,78.72,80.87,0,81.56,-0.65,2026-10-02
ACR01587,STU01587,86.23,73.25,70.32,0,70.09,-16.14,2026-10-02
ACR01588,STU01588,88.55,85.01,79.83,0,97.13,8.58,2026-10-02
ACR01589,STU01589,100.0,78.27,82.67,0,84.38,-15.62,2026-10-02
ACR01590,STU01590,66.98,64.11,60.06,0,62.11,-4.87,2026-10-02
ACR01591,STU01591,67.67,77.18,68.88,0,71.61,3.94,2026-10-02
ACR01592,STU01592,52.16,47.24,51.39,0,46.41,-5.75,2026-10-02
ACR01593,STU01593,65.14,61.97,54.54,0,57.15,-7.99,2026-10-02
ACR01594,STU01594,75.98,66.84,54.5,0,64.7,-11.28,2026-10-02
ACR01595,STU01595,75.45,75.87,65.63,0,82.56,7.11,2026-10-02
ACR01596,STU01596,83.53,76.73,74.32,0,67.62,-15.91,2026-10-02
ACR01597,STU01597,84.05,81.47,77.64,0,75.34,-8.71,2026-10-02
ACR01598,STU01598,85.2,84.31,57.78,0,73.93,-11.27,2026-10-02
ACR01599,STU01599,75.34,67.92,85.56,0,73.05,-2.29,2026-10-02
ACR01600,STU01600,66.0,68.2,55.73,1,66.67,0.67,2026-10-02
ACR01601,STU01601,82.13,64.61,64.07,0,69.65,-12.48,2026-10-02
ACR01602,STU01602,99.98,84.9,78.09,0,89.4,-10.58,2026-10-02
ACR01603,STU01603,43.71,51.8,52.33,2,47.77,4.06,2026-10-02
ACR01604,STU01604,76.81,82.5,54.17,0,69.72,-7.09,2026-10-02
ACR01605,STU01605,95.47,97.47,72.65,0,73.85,-21.62,2026-10-02
ACR01606,STU01606,90.75,78.08,82.68,0,76.08,-14.67,2026-10-02
ACR01607,STU01607,87.97,96.27,75.95,0,78.15,-9.82,2026-10-02
ACR01608,STU01608,48.86,65.51,46.27,4,51.87,3.01,2026-10-02
ACR01609,STU01609,98.6,100.0,82.62,0,87.32,-11.28,2026-10-02
ACR01610,STU01610,43.45,49.76,39.69,1,46.77,3.32,2026-10-02
ACR01611,STU01611,82.67,75.1,70.79,0,82.23,-0.44,2026-10-02
ACR01612,STU01612,98.59,74.5,80.52,0,85.21,-13.38,2026-10-02
ACR01613,STU01613,88.8,80.67,74.14,0,77.91,-10.89,2026-10-02
ACR01614,STU01614,78.25,80.01,61.75,0,65.6,-12.65,2026-10-02
ACR01615,STU01615,82.84,61.98,64.98,0,72.43,-10.41,2026-10-02
ACR01616,STU01616,53.17,64.39,48.85,1,50.42,-2.75,2026-10-02
ACR01617,STU01617,86.99,68.99,52.03,0,66.59,-20.4,2026-10-02
ACR01618,STU01618,63.44,73.89,45.84,0,61.41,-2.03,2026-10-02
ACR01619,STU01619,89.86,95.04,77.89,0,87.71,-2.15,2026-10-02
ACR01620,STU01620,100.0,89.2,80.49,0,80.84,-19.16,2026-10-02
ACR01621,STU01621,80.21,70.36,54.34,0,58.06,-22.15,2026-10-02
ACR01622,STU01622,86.17,82.75,80.17,0,81.06,-5.11,2026-10-02
ACR01623,STU01623,71.16,65.78,67.65,0,68.57,-2.59,2026-10-02
ACR01624,STU01624,61.52,61.31,65.81,2,56.42,-5.1,2026-10-02
ACR01625,STU01625,64.83,56.27,56.53,1,54.13,-10.7,2026-10-02
ACR01626,STU01626,80.36,71.87,64.59,0,66.87,-13.49,2026-10-02
ACR01627,STU01627,99.25,75.6,81.08,0,85.86,-13.39,2026-10-02
ACR01628,STU01628,100.0,100.0,100.0,0,97.61,-2.39,2026-10-02
ACR01629,STU01629,55.95,52.57,61.39,2,60.22,4.27,2026-10-02
ACR01630,STU01630,81.99,97.78,76.35,1,77.92,-4.07,2026-10-02
ACR01631,STU01631,66.6,64.91,70.55,0,65.2,-1.4,2026-10-02
ACR01632,STU01632,84.96,76.36,81.08,0,83.64,-1.32,2026-10-02
ACR01633,STU01633,100.0,92.71,90.66,0,99.04,-0.96,2026-10-02
ACR01634,STU01634,42.69,42.47,45.9,3,43.86,1.17,2026-10-02
ACR01635,STU01635,99.55,90.33,71.02,0,76.33,-23.22,2026-10-02
ACR01636,STU01636,100.0,79.09,86.62,0,88.96,-11.04,2026-10-02
ACR01637,STU01637,69.17,63.93,44.04,0,51.14,-18.03,2026-10-02
ACR01638,STU01638,85.43,78.68,69.9,0,74.24,-11.19,2026-10-02
ACR01639,STU01639,83.72,85.47,75.89,0,85.77,2.05,2026-10-02
ACR01640,STU01640,81.35,60.79,70.35,0,72.54,-8.81,2026-10-02
ACR01641,STU01641,61.22,58.83,57.58,0,60.4,-0.82,2026-10-02
ACR01642,STU01642,45.55,65.48,36.78,2,44.71,-0.84,2026-10-02
ACR01643,STU01643,89.74,80.24,78.86,0,85.55,-4.19,2026-10-02
ACR01644,STU01644,91.88,85.73,79.75,0,88.77,-3.11,2026-10-02
ACR01645,STU01645,80.12,73.79,74.21,0,70.67,-9.45,2026-10-02
ACR01646,STU01646,63.06,61.37,64.03,0,68.38,5.32,2026-10-02
ACR01647,STU01647,83.4,86.14,82.49,0,82.56,-0.84,2026-10-02
ACR01648,STU01648,72.02,71.2,61.25,0,63.32,-8.7,2026-10-02
ACR01649,STU01649,77.03,69.13,76.56,0,63.34,-13.69,2026-10-02
ACR01650,STU01650,93.55,89.66,74.47,0,77.22,-16.33,2026-10-02
ACR01651,STU01651,57.94,59.23,65.01,1,54.77,-3.17,2026-10-02
ACR01652,STU01652,82.22,70.0,72.53,0,71.75,-10.47,2026-10-02
ACR01653,STU01653,82.99,71.06,65.41,0,72.0,-10.99,2026-10-02
ACR01654,STU01654,81.04,80.95,80.07,0,68.58,-12.46,2026-10-02
ACR01655,STU01655,100.0,77.02,83.36,0,86.62,-13.38,2026-10-02
ACR01656,STU01656,60.94,60.44,49.71,0,64.3,3.36,2026-10-02
ACR01657,STU01657,76.93,69.06,61.85,0,73.13,-3.8,2026-10-02
ACR01658,STU01658,100.0,76.47,76.56,0,87.84,-12.16,2026-10-02
ACR01659,STU01659,78.81,69.07,61.13,0,66.22,-12.59,2026-10-02
ACR01660,STU01660,89.88,79.03,76.35,0,78.79,-11.09,2026-10-02
ACR01661,STU01661,97.63,100.0,89.5,0,88.74,-8.89,2026-10-02
ACR01662,STU01662,87.79,89.45,87.88,0,86.72,-1.07,2026-10-02
ACR01663,STU01663,66.51,66.75,48.15,0,52.79,-13.72,2026-10-02
ACR01664,STU01664,82.41,87.76,82.02,1,80.98,-1.43,2026-10-02
ACR01665,STU01665,80.8,78.72,58.47,0,69.03,-11.77,2026-10-02
ACR01666,STU01666,60.9,66.3,58.47,0,54.95,-5.95,2026-10-02
ACR01667,STU01667,61.02,71.41,57.72,0,62.96,1.94,2026-10-02
ACR01668,STU01668,75.9,71.53,53.14,0,65.41,-10.49,2026-10-02
ACR01669,STU01669,91.49,60.57,78.42,0,69.86,-21.63,2026-10-02
ACR01670,STU01670,71.85,69.12,58.3,0,56.11,-15.74,2026-10-02
ACR01671,STU01671,85.05,78.82,74.43,0,80.06,-4.99,2026-10-02
ACR01672,STU01672,92.78,79.4,69.87,0,89.61,-3.17,2026-10-02
ACR01673,STU01673,75.03,86.24,79.93,0,68.72,-6.31,2026-10-02
ACR01674,STU01674,62.88,60.26,58.81,0,57.52,-5.36,2026-10-02
ACR01675,STU01675,80.85,62.05,70.38,0,72.35,-8.5,2026-10-02
ACR01676,STU01676,73.21,77.99,65.01,0,74.5,1.29,2026-10-02
ACR01677,STU01677,69.25,52.51,57.59,0,63.16,-6.09,2026-10-02
ACR01678,STU01678,72.3,76.67,66.22,0,72.94,0.64,2026-10-02
ACR01679,STU01679,79.1,77.61,63.9,0,69.49,-9.61,2026-10-02
ACR01680,STU01680,67.15,46.49,37.21,1,51.11,-16.04,2026-10-02
ACR01681,STU01681,54.29,67.55,57.82,0,59.88,5.59,2026-10-02
ACR01682,STU01682,100.0,94.06,94.02,0,92.06,-7.94,2026-10-02
ACR01683,STU01683,88.37,76.73,65.18,0,72.13,-16.24,2026-10-02
ACR01684,STU01684,59.84,64.1,58.13,0,64.48,4.64,2026-10-02
ACR01685,STU01685,74.84,76.29,77.69,0,67.56,-7.28,2026-10-02
ACR01686,STU01686,75.89,62.92,54.15,0,68.1,-7.79,2026-10-02
ACR01687,STU01687,55.11,62.05,71.64,2,65.75,10.64,2026-10-02
ACR01688,STU01688,78.68,84.23,65.01,0,69.49,-9.19,2026-10-02
ACR01689,STU01689,67.91,61.85,46.09,0,53.04,-14.87,2026-10-02
ACR01690,STU01690,98.61,83.08,82.74,0,80.03,-18.58,2026-10-02
ACR01691,STU01691,94.94,80.3,68.34,0,80.37,-14.57,2026-10-02
ACR01692,STU01692,100.0,89.79,84.7,0,91.51,-8.49,2026-10-02
ACR01693,STU01693,68.66,72.64,57.65,1,64.06,-4.6,2026-10-02
ACR01694,STU01694,89.02,76.59,67.57,0,81.05,-7.97,2026-10-02
ACR01695,STU01695,67.75,62.92,52.76,0,64.11,-3.64,2026-10-02
ACR01696,STU01696,60.87,63.75,49.25,0,60.51,-0.36,2026-10-02
ACR01697,STU01697,78.85,67.24,55.35,0,66.82,-12.03,2026-10-02
ACR01698,STU01698,90.18,83.83,66.33,0,80.93,-9.25,2026-10-02
ACR01699,STU01699,76.11,76.64,71.57,0,63.46,-12.65,2026-10-02
ACR01700,STU01700,100.0,99.15,89.31,0,98.03,-1.97,2026-10-02
ACR01701,STU01701,70.61,56.08,64.78,0,70.9,0.29,2026-10-02
ACR01702,STU01702,90.31,70.71,50.84,0,69.75,-20.56,2026-10-02
ACR01703,STU01703,76.83,72.24,56.45,0,76.25,-0.58,2026-10-02
ACR01704,STU01704,100.0,100.0,98.72,0,92.84,-7.16,2026-10-02
ACR01705,STU01705,92.36,91.49,74.36,0,82.51,-9.85,2026-10-02
ACR01706,STU01706,89.19,83.91,71.85,0,79.27,-9.92,2026-10-02
ACR01707,STU01707,72.34,72.18,66.94,0,71.3,-1.04,2026-10-02
ACR01708,STU01708,78.09,67.38,58.58,1,49.52,-28.57,2026-10-02
ACR01709,STU01709,100.0,96.46,89.04,0,79.3,-20.7,2026-10-02
ACR01710,STU01710,100.0,97.27,84.97,0,86.0,-14.0,2026-10-02
ACR01711,STU01711,60.38,68.58,55.71,0,59.34,-1.04,2026-10-02
ACR01712,STU01712,43.58,51.09,44.47,1,48.29,4.71,2026-10-02
ACR01713,STU01713,58.82,57.2,48.87,2,43.01,-15.81,2026-10-02
ACR01714,STU01714,100.0,85.64,74.82,0,87.41,-12.59,2026-10-02
ACR01715,STU01715,100.0,89.31,87.47,0,88.96,-11.04,2026-10-02
ACR01716,STU01716,71.52,73.25,77.68,0,73.78,2.26,2026-10-02
ACR01717,STU01717,88.99,89.47,78.25,0,74.79,-14.2,2026-10-02
ACR01718,STU01718,84.42,80.98,73.89,0,67.52,-16.9,2026-10-02
ACR01719,STU01719,44.21,56.02,54.42,0,43.08,-1.13,2026-10-02
ACR01720,STU01720,90.15,83.87,76.07,0,76.57,-13.58,2026-10-02
ACR01721,STU01721,90.23,77.36,77.73,0,81.86,-8.37,2026-10-02
ACR01722,STU01722,54.15,70.47,38.55,0,52.26,-1.89,2026-10-02
ACR01723,STU01723,83.92,66.49,69.72,0,79.62,-4.3,2026-10-02
ACR01724,STU01724,40.22,43.86,37.6,3,32.68,-7.54,2026-10-02
ACR01725,STU01725,58.14,68.25,59.61,1,61.06,2.92,2026-10-02
ACR01726,STU01726,66.45,74.94,53.76,1,55.94,-10.51,2026-10-02
ACR01727,STU01727,100.0,96.07,93.9,0,84.71,-15.29,2026-10-02
ACR01728,STU01728,81.31,87.49,73.52,0,85.35,4.04,2026-10-02
ACR01729,STU01729,70.98,76.7,66.07,0,60.52,-10.46,2026-10-02
ACR01730,STU01730,64.25,65.83,56.87,0,65.55,1.3,2026-10-02
ACR01731,STU01731,73.23,64.59,67.88,0,60.94,-12.29,2026-10-02
ACR01732,STU01732,77.25,68.35,58.23,0,72.79,-4.46,2026-10-02
ACR01733,STU01733,99.62,88.42,83.13,0,93.66,-5.96,2026-10-02
ACR01734,STU01734,88.61,84.07,71.31,0,79.21,-9.4,2026-10-02
ACR01735,STU01735,100.0,100.0,95.04,0,100.0,0.0,2026-10-02
ACR01736,STU01736,79.84,87.58,80.89,0,85.33,5.49,2026-10-02
ACR01737,STU01737,98.12,82.29,79.06,0,78.27,-19.85,2026-10-02
ACR01738,STU01738,66.74,70.2,59.78,2,64.17,-2.57,2026-10-02
ACR01739,STU01739,64.82,67.27,69.73,0,68.81,3.99,2026-10-02
ACR01740,STU01740,40.65,56.04,50.39,3,41.89,1.24,2026-10-02
ACR01741,STU01741,50.71,48.81,57.18,0,50.97,0.26,2026-10-02
ACR01742,STU01742,87.33,89.79,81.23,0,93.53,6.2,2026-10-02
ACR01743,STU01743,79.75,86.27,64.41,0,84.94,5.19,2026-10-02
ACR01744,STU01744,73.57,76.02,64.31,2,69.28,-4.29,2026-10-02
ACR01745,STU01745,80.63,65.79,57.98,0,65.34,-15.29,2026-10-02
ACR01746,STU01746,77.49,65.86,78.09,2,77.73,0.24,2026-10-02
ACR01747,STU01747,63.05,80.68,41.24,0,62.28,-0.77,2026-10-02
ACR01748,STU01748,80.32,74.28,71.35,0,75.44,-4.88,2026-10-02
ACR01749,STU01749,86.95,88.37,86.32,0,81.41,-5.54,2026-10-02
ACR01750,STU01750,98.87,95.16,96.3,0,100.0,1.13,2026-10-02
ACR01751,STU01751,80.6,71.71,74.38,0,64.79,-15.81,2026-10-02
ACR01752,STU01752,90.11,84.36,83.3,0,96.31,6.2,2026-10-02
ACR01753,STU01753,69.28,60.91,66.02,0,64.69,-4.59,2026-10-02
ACR01754,STU01754,61.35,57.1,41.57,1,51.5,-9.85,2026-10-02
ACR01755,STU01755,94.06,92.94,89.62,0,82.85,-11.21,2026-10-02
ACR01756,STU01756,99.66,100.0,85.72,0,98.1,-1.56,2026-10-02
ACR01757,STU01757,68.83,67.2,58.29,0,57.57,-11.26,2026-10-02
ACR01758,STU01758,80.24,76.94,78.66,0,86.68,6.44,2026-10-02
ACR01759,STU01759,59.3,63.13,58.22,1,64.5,5.2,2026-10-02
ACR01760,STU01760,69.15,66.64,67.13,0,55.12,-14.03,2026-10-02
ACR01761,STU01761,93.49,70.78,79.2,0,77.77,-15.72,2026-10-02
ACR01762,STU01762,69.43,56.01,58.57,0,59.17,-10.26,2026-10-02
ACR01763,STU01763,50.91,57.74,65.3,2,58.04,7.13,2026-10-02
ACR01764,STU01764,55.19,57.34,56.89,0,60.04,4.85,2026-10-02
ACR01765,STU01765,71.67,79.5,63.49,0,64.07,-7.6,2026-10-02
ACR01766,STU01766,78.93,66.04,78.45,0,74.3,-4.63,2026-10-02
ACR01767,STU01767,59.56,65.53,52.8,0,57.47,-2.09,2026-10-02
ACR01768,STU01768,55.08,48.23,41.76,1,52.02,-3.06,2026-10-02
ACR01769,STU01769,61.13,65.08,61.33,0,64.28,3.15,2026-10-02
ACR01770,STU01770,75.58,95.65,75.79,0,78.79,3.21,2026-10-02
ACR01771,STU01771,79.01,69.04,55.08,0,58.11,-20.9,2026-10-02
ACR01772,STU01772,65.98,81.35,72.06,1,67.4,1.42,2026-10-02
ACR01773,STU01773,63.4,63.29,49.48,0,52.44,-10.96,2026-10-02
ACR01774,STU01774,100.0,85.31,83.74,0,85.62,-14.38,2026-10-02
ACR01775,STU01775,82.61,86.38,81.73,0,73.81,-8.8,2026-10-02
ACR01776,STU01776,77.02,55.04,50.51,0,67.37,-9.65,2026-10-02
ACR01777,STU01777,95.18,88.28,79.67,0,91.02,-4.16,2026-10-02
ACR01778,STU01778,82.31,70.62,74.59,0,79.19,-3.12,2026-10-02
ACR01779,STU01779,73.9,65.71,65.43,0,65.42,-8.48,2026-10-02
ACR01780,STU01780,70.81,73.61,61.99,0,63.1,-7.71,2026-10-02
ACR01781,STU01781,65.61,65.1,56.99,0,50.46,-15.15,2026-10-02
ACR01782,STU01782,63.15,62.84,70.66,0,63.52,0.37,2026-10-02
ACR01783,STU01783,60.33,56.98,63.55,0,63.63,3.3,2026-10-02
ACR01784,STU01784,48.58,73.05,54.98,1,58.79,10.21,2026-10-02
ACR01785,STU01785,93.45,73.67,79.66,0,80.64,-12.81,2026-10-02
ACR01786,STU01786,57.3,63.24,55.82,2,65.97,8.67,2026-10-02
ACR01787,STU01787,58.3,62.35,54.11,2,53.18,-5.12,2026-10-02
ACR01788,STU01788,78.04,90.34,83.02,0,80.37,2.33,2026-10-02
ACR01789,STU01789,90.48,86.63,75.75,0,70.99,-19.49,2026-10-02
ACR01790,STU01790,62.98,63.95,70.09,0,58.29,-4.69,2026-10-02
ACR01791,STU01791,100.0,100.0,80.69,0,86.19,-13.81,2026-10-02
ACR01792,STU01792,100.0,97.75,86.38,0,93.95,-6.05,2026-10-02
ACR01793,STU01793,84.6,94.29,76.3,0,86.51,1.91,2026-10-02
ACR01794,STU01794,73.63,85.83,70.8,0,74.3,0.67,2026-10-02
ACR01795,STU01795,69.13,72.6,63.23,0,73.79,4.66,2026-10-02
ACR01796,STU01796,73.4,74.91,85.27,0,67.86,-5.54,2026-10-02
ACR01797,STU01797,64.67,66.68,60.78,1,64.51,-0.16,2026-10-02
ACR01798,STU01798,92.32,85.17,89.21,0,72.25,-20.07,2026-10-02
ACR01799,STU01799,63.21,77.14,64.12,1,61.82,-1.39,2026-10-02
ACR01800,STU01800,100.0,89.37,87.72,0,86.45,-13.55,2026-10-02
ACR01801,STU01801,70.46,85.16,63.87,0,70.9,0.44,2026-10-02
ACR01802,STU01802,71.04,90.58,69.65,0,79.0,7.96,2026-10-02
ACR01803,STU01803,81.16,79.27,68.66,0,80.11,-1.05,2026-10-02
ACR01804,STU01804,57.62,61.22,56.77,0,47.82,-9.8,2026-10-02
ACR01805,STU01805,99.33,83.79,77.4,0,84.13,-15.2,2026-10-02
ACR01806,STU01806,70.65,57.44,55.17,0,59.32,-11.33,2026-10-02
ACR01807,STU01807,83.56,74.09,66.96,0,75.97,-7.59,2026-10-02
ACR01808,STU01808,98.28,75.16,86.99,0,77.24,-21.04,2026-10-02
ACR01809,STU01809,92.03,82.51,72.01,0,86.54,-5.49,2026-10-02
ACR01810,STU01810,49.0,39.52,41.75,1,40.73,-8.27,2026-10-02
ACR01811,STU01811,68.27,45.63,31.58,0,50.08,-18.19,2026-10-02
ACR01812,STU01812,66.11,56.49,46.19,0,51.26,-14.85,2026-10-02
ACR01813,STU01813,91.85,72.35,76.21,0,83.72,-8.13,2026-10-02
ACR01814,STU01814,100.0,98.65,78.24,0,89.28,-10.72,2026-10-02
ACR01815,STU01815,97.94,96.27,65.34,0,86.19,-11.75,2026-10-02
ACR01816,STU01816,62.28,48.66,41.35,1,48.12,-14.16,2026-10-02
ACR01817,STU01817,78.68,71.73,68.04,0,70.51,-8.17,2026-10-02
ACR01818,STU01818,82.24,71.35,76.49,0,65.46,-16.78,2026-10-02
ACR01819,STU01819,65.56,61.99,63.26,0,65.19,-0.37,2026-10-02
ACR01820,STU01820,89.64,88.17,85.15,0,93.32,3.68,2026-10-02
ACR01821,STU01821,54.3,57.76,63.42,0,52.85,-1.45,2026-10-02
ACR01822,STU01822,97.1,83.13,84.51,0,79.45,-17.65,2026-10-02
ACR01823,STU01823,68.5,72.08,63.42,1,60.19,-8.31,2026-10-02
ACR01824,STU01824,91.18,83.98,73.88,0,82.22,-8.96,2026-10-02
ACR01825,STU01825,55.35,65.01,63.41,0,63.02,7.67,2026-10-02
ACR01826,STU01826,84.65,67.78,66.62,0,75.54,-9.11,2026-10-02
ACR01827,STU01827,72.83,77.16,62.74,0,76.34,3.51,2026-10-02
ACR01828,STU01828,70.99,63.32,71.81,0,73.28,2.29,2026-10-02
ACR01829,STU01829,92.8,81.81,77.4,0,87.24,-5.56,2026-10-02
ACR01830,STU01830,57.05,45.4,34.65,1,48.77,-8.28,2026-10-02
ACR01831,STU01831,100.0,91.03,62.48,0,86.42,-13.58,2026-10-02
ACR01832,STU01832,76.08,76.08,77.59,0,78.73,2.65,2026-10-02
ACR01833,STU01833,94.97,71.89,75.08,0,81.31,-13.66,2026-10-02
ACR01834,STU01834,73.44,68.24,55.61,0,69.35,-4.09,2026-10-02
ACR01835,STU01835,76.64,95.64,69.25,0,74.7,-1.94,2026-10-02
ACR01836,STU01836,59.63,66.81,61.32,0,59.15,-0.48,2026-10-02
ACR01837,STU01837,80.3,64.8,55.27,0,63.69,-16.61,2026-10-02
ACR01838,STU01838,58.79,64.61,60.78,0,58.55,-0.24,2026-10-02
ACR01839,STU01839,70.67,66.46,57.13,0,61.97,-8.7,2026-10-02
ACR01840,STU01840,69.31,53.37,48.68,1,59.55,-9.76,2026-10-02
ACR01841,STU01841,73.9,74.1,62.16,0,71.45,-2.45,2026-10-02
ACR01842,STU01842,94.5,84.49,64.26,0,75.38,-19.12,2026-10-02
ACR01843,STU01843,75.03,71.08,55.99,0,63.45,-11.58,2026-10-02
ACR01844,STU01844,64.6,68.98,74.96,0,64.03,-0.57,2026-10-02
ACR01845,STU01845,94.19,77.83,60.79,0,72.46,-21.73,2026-10-02
ACR01846,STU01846,96.43,90.93,78.67,0,89.27,-7.16,2026-10-02
ACR01847,STU01847,87.6,89.4,82.38,0,82.04,-5.56,2026-10-02
ACR01848,STU01848,66.28,73.59,69.65,0,58.95,-7.33,2026-10-02
ACR01849,STU01849,100.0,98.64,94.74,0,87.14,-12.86,2026-10-02
ACR01850,STU01850,74.52,81.59,64.35,0,70.71,-3.81,2026-10-02
ACR01851,STU01851,71.52,58.63,54.16,0,58.59,-12.93,2026-10-02
ACR01852,STU01852,77.25,76.17,69.39,0,70.29,-6.96,2026-10-02
ACR01853,STU01853,89.44,75.73,63.19,0,79.81,-9.63,2026-10-02
ACR01854,STU01854,100.0,85.38,88.46,0,81.48,-18.52,2026-10-02
ACR01855,STU01855,72.29,73.51,63.04,0,68.79,-3.5,2026-10-02
ACR01856,STU01856,87.02,63.07,74.26,0,63.82,-23.2,2026-10-02
ACR01857,STU01857,75.88,74.22,69.0,0,70.41,-5.47,2026-10-02
ACR01858,STU01858,55.89,67.6,51.31,0,52.45,-3.44,2026-10-02
ACR01859,STU01859,72.39,62.29,69.6,0,66.82,-5.57,2026-10-02
ACR01860,STU01860,74.42,73.64,65.9,1,74.87,0.45,2026-10-02
ACR01861,STU01861,72.92,68.14,79.7,0,66.25,-6.67,2026-10-02
ACR01862,STU01862,60.33,52.82,73.9,1,61.0,0.67,2026-10-02
ACR01863,STU01863,81.62,82.39,77.43,0,77.54,-4.08,2026-10-02
ACR01864,STU01864,79.5,77.91,78.61,0,76.49,-3.01,2026-10-02
ACR01865,STU01865,60.6,62.29,64.97,2,57.18,-3.42,2026-10-02
ACR01866,STU01866,64.09,65.85,50.85,0,60.8,-3.29,2026-10-02
ACR01867,STU01867,79.17,93.78,76.45,0,83.7,4.53,2026-10-02
ACR01868,STU01868,69.25,49.97,53.5,0,46.43,-22.82,2026-10-02
ACR01869,STU01869,79.07,86.77,47.65,0,80.19,1.12,2026-10-02
ACR01870,STU01870,68.84,69.33,64.08,0,67.45,-1.39,2026-10-02
ACR01871,STU01871,100.0,95.29,77.64,0,84.43,-15.57,2026-10-02
ACR01872,STU01872,93.22,72.81,71.32,0,82.33,-10.89,2026-10-02
ACR01873,STU01873,77.04,79.87,74.42,0,69.88,-7.16,2026-10-02
ACR01874,STU01874,72.44,84.58,84.84,0,78.95,6.51,2026-10-02
ACR01875,STU01875,91.66,91.09,73.59,0,76.39,-15.27,2026-10-02
ACR01876,STU01876,77.3,54.17,65.9,0,75.55,-1.75,2026-10-02
ACR01877,STU01877,78.57,67.56,67.17,1,71.98,-6.59,2026-10-02
ACR01878,STU01878,96.56,86.43,83.78,0,94.08,-2.48,2026-10-02
ACR01879,STU01879,64.44,71.35,48.23,1,57.06,-7.38,2026-10-02
ACR01880,STU01880,69.77,71.05,55.38,0,56.06,-13.71,2026-10-02
ACR01881,STU01881,73.62,59.6,73.5,0,46.21,-27.41,2026-10-02
ACR01882,STU01882,99.29,100.0,79.38,0,92.95,-6.34,2026-10-02
ACR01883,STU01883,100.0,92.87,91.12,0,89.35,-10.65,2026-10-02
ACR01884,STU01884,89.99,91.27,72.92,0,91.34,1.35,2026-10-02
ACR01885,STU01885,80.33,68.87,82.68,0,75.79,-4.54,2026-10-02
ACR01886,STU01886,64.85,69.73,71.89,0,63.43,-1.42,2026-10-02
ACR01887,STU01887,59.52,53.97,60.38,0,57.05,-2.47,2026-10-02
ACR01888,STU01888,61.57,55.16,48.43,0,48.89,-12.68,2026-10-02
ACR01889,STU01889,70.47,55.56,61.42,1,56.96,-13.51,2026-10-02
ACR01890,STU01890,78.41,72.29,67.95,0,72.98,-5.43,2026-10-02
ACR01891,STU01891,77.78,70.23,75.4,0,65.12,-12.66,2026-10-02
ACR01892,STU01892,77.51,64.68,64.83,0,60.31,-17.2,2026-10-02
ACR01893,STU01893,63.05,60.65,50.49,0,50.09,-12.96,2026-10-02
ACR01894,STU01894,85.84,79.56,71.64,0,75.31,-10.53,2026-10-02
ACR01895,STU01895,94.05,86.44,91.69,0,89.61,-4.44,2026-10-02
ACR01896,STU01896,91.2,77.1,70.2,0,67.64,-23.56,2026-10-02
ACR01897,STU01897,61.54,76.83,66.02,0,64.55,3.01,2026-10-02
ACR01898,STU01898,78.17,65.78,60.78,0,64.77,-13.4,2026-10-02
ACR01899,STU01899,74.47,58.18,54.93,0,68.03,-6.44,2026-10-02
ACR01900,STU01900,85.75,90.15,77.55,0,83.91,-1.84,2026-10-02
ACR01901,STU01901,100.0,90.5,75.24,0,100.0,0.0,2026-10-02
ACR01902,STU01902,77.99,79.59,66.4,0,74.13,-3.86,2026-10-02
ACR01903,STU01903,94.83,77.02,74.87,0,76.51,-18.32,2026-10-02
ACR01904,STU01904,100.0,81.08,81.14,0,87.8,-12.2,2026-10-02
ACR01905,STU01905,54.49,58.14,58.97,1,50.27,-4.22,2026-10-02
ACR01906,STU01906,60.79,63.68,52.61,1,56.6,-4.19,2026-10-02
ACR01907,STU01907,68.63,75.16,53.62,0,62.8,-5.83,2026-10-02
ACR01908,STU01908,67.82,61.72,56.08,2,52.49,-15.33,2026-10-02
ACR01909,STU01909,71.3,37.43,43.22,0,55.72,-15.58,2026-10-02
ACR01910,STU01910,71.26,64.33,60.75,0,58.55,-12.71,2026-10-02
ACR01911,STU01911,97.53,77.69,81.05,0,77.95,-19.58,2026-10-02
ACR01912,STU01912,71.27,70.07,55.89,0,59.63,-11.64,2026-10-02
ACR01913,STU01913,52.73,52.76,52.31,1,61.92,9.19,2026-10-02
ACR01914,STU01914,100.0,91.49,78.26,0,91.28,-8.72,2026-10-02
ACR01915,STU01915,73.68,75.93,66.23,1,70.4,-3.28,2026-10-02
ACR01916,STU01916,69.27,96.79,80.73,1,76.11,6.84,2026-10-02
ACR01917,STU01917,71.68,63.02,56.5,0,61.5,-10.18,2026-10-02
ACR01918,STU01918,41.02,49.12,32.29,4,40.68,-0.34,2026-10-02
ACR01919,STU01919,64.77,66.96,61.12,1,58.62,-6.15,2026-10-02
ACR01920,STU01920,65.28,72.32,69.62,0,63.53,-1.75,2026-10-02
ACR01921,STU01921,77.74,66.58,61.07,0,66.69,-11.05,2026-10-02
ACR01922,STU01922,81.25,81.72,83.7,0,68.48,-12.77,2026-10-02
ACR01923,STU01923,51.33,51.47,41.76,0,43.9,-7.43,2026-10-02
ACR01924,STU01924,100.0,78.97,76.64,0,80.59,-19.41,2026-10-02
ACR01925,STU01925,83.16,71.61,54.51,0,68.64,-14.52,2026-10-02
ACR01926,STU01926,85.81,92.27,64.88,0,74.24,-11.57,2026-10-02
ACR01927,STU01927,82.41,71.67,74.21,0,74.32,-8.09,2026-10-02
ACR01928,STU01928,87.85,99.7,87.22,0,78.43,-9.42,2026-10-02
ACR01929,STU01929,100.0,90.85,80.8,0,90.73,-9.27,2026-10-02
ACR01930,STU01930,69.76,65.42,53.1,0,60.85,-8.91,2026-10-02
ACR01931,STU01931,48.54,52.85,46.13,0,49.44,0.9,2026-10-02
ACR01932,STU01932,100.0,95.66,89.55,0,90.65,-9.35,2026-10-02
ACR01933,STU01933,58.92,65.29,61.36,1,65.43,6.51,2026-10-02
ACR01934,STU01934,77.48,76.88,56.11,0,78.37,0.89,2026-10-02
ACR01935,STU01935,100.0,100.0,100.0,0,100.0,0.0,2026-10-02
ACR01936,STU01936,75.29,71.96,63.27,0,75.01,-0.28,2026-10-02
ACR01937,STU01937,82.32,81.69,66.17,0,71.78,-10.54,2026-10-02
ACR01938,STU01938,51.48,59.71,62.29,0,46.19,-5.29,2026-10-02
ACR01939,STU01939,69.14,59.65,55.19,0,63.56,-5.58,2026-10-02
ACR01940,STU01940,76.38,71.85,78.66,0,78.8,2.42,2026-10-02
ACR01941,STU01941,84.89,81.87,58.5,0,72.08,-12.81,2026-10-02
ACR01942,STU01942,62.34,71.66,61.6,0,66.64,4.3,2026-10-02
ACR01943,STU01943,67.73,59.46,45.78,1,53.8,-13.93,2026-10-02
ACR01944,STU01944,59.37,74.5,78.83,1,75.89,16.52,2026-10-02
ACR01945,STU01945,56.48,70.55,60.62,0,59.01,2.53,2026-10-02
ACR01946,STU01946,77.96,82.71,59.51,0,69.58,-8.38,2026-10-02
ACR01947,STU01947,63.43,85.06,75.72,0,67.47,4.04,2026-10-02
ACR01948,STU01948,80.32,79.49,77.76,0,68.82,-11.5,2026-10-02
ACR01949,STU01949,73.2,76.64,63.91,0,71.83,-1.37,2026-10-02
ACR01950,STU01950,82.4,74.15,84.67,0,76.72,-5.68,2026-10-02
ACR01951,STU01951,75.77,72.37,79.28,0,72.22,-3.55,2026-10-02
ACR01952,STU01952,71.02,59.64,67.05,0,62.39,-8.63,2026-10-02
ACR01953,STU01953,77.27,45.23,59.9,0,64.92,-12.35,2026-10-02
ACR01954,STU01954,71.76,72.13,52.23,0,64.46,-7.3,2026-10-02
ACR01955,STU01955,72.59,60.33,53.26,0,55.19,-17.4,2026-10-02
ACR01956,STU01956,69.4,54.86,55.45,1,60.13,-9.27,2026-10-02
ACR01957,STU01957,80.88,62.25,50.63,0,70.05,-10.83,2026-10-02
ACR01958,STU01958,63.19,61.29,50.29,0,66.25,3.06,2026-10-02
ACR01959,STU01959,100.0,94.9,79.33,0,81.86,-18.14,2026-10-02
ACR01960,STU01960,66.02,50.53,62.02,1,56.1,-9.92,2026-10-02
ACR01961,STU01961,59.13,69.08,56.46,1,55.59,-3.54,2026-10-02
ACR01962,STU01962,82.7,66.97,65.45,0,69.2,-13.5,2026-10-02
ACR01963,STU01963,89.58,85.41,69.82,0,87.04,-2.54,2026-10-02
ACR01964,STU01964,100.0,90.25,94.51,0,95.63,-4.37,2026-10-02
ACR01965,STU01965,93.03,95.35,76.67,0,85.85,-7.18,2026-10-02
ACR01966,STU01966,82.74,96.03,72.68,0,78.77,-3.97,2026-10-02
ACR01967,STU01967,61.53,55.17,58.25,0,56.7,-4.83,2026-10-02
ACR01968,STU01968,100.0,76.98,74.88,0,69.52,-30.48,2026-10-02
ACR01969,STU01969,76.3,80.18,52.85,0,66.4,-9.9,2026-10-02
ACR01970,STU01970,51.33,48.93,39.8,1,46.69,-4.64,2026-10-02
ACR01971,STU01971,88.75,73.63,70.62,0,68.7,-20.05,2026-10-02
ACR01972,STU01972,57.09,74.9,69.52,2,54.6,-2.49,2026-10-02
ACR01973,STU01973,45.14,47.66,36.91,1,44.85,-0.29,2026-10-02
ACR01974,STU01974,75.56,61.79,58.43,0,67.3,-8.26,2026-10-02
ACR01975,STU01975,74.12,73.38,77.73,0,66.88,-7.24,2026-10-02
ACR01976,STU01976,100.0,83.52,81.63,0,86.23,-13.77,2026-10-02
ACR01977,STU01977,100.0,97.66,100.0,0,85.44,-14.56,2026-10-02
ACR01978,STU01978,56.3,49.34,76.81,1,54.7,-1.6,2026-10-02
ACR01979,STU01979,73.84,75.05,70.56,0,74.55,0.71,2026-10-02
ACR01980,STU01980,62.02,69.8,64.44,0,61.3,-0.72,2026-10-02
ACR01981,STU01981,64.73,82.22,61.73,0,75.56,10.83,2026-10-02
ACR01982,STU01982,57.65,45.63,41.43,0,47.0,-10.65,2026-10-02
ACR01983,STU01983,57.64,62.11,52.06,0,60.36,2.72,2026-10-02
ACR01984,STU01984,99.88,94.47,96.76,0,90.32,-9.56,2026-10-02
ACR01985,STU01985,85.41,90.25,78.13,0,88.28,2.87,2026-10-02
ACR01986,STU01986,96.64,96.88,83.64,0,84.18,-12.46,2026-10-02
ACR01987,STU01987,73.1,89.56,61.54,0,75.43,2.33,2026-10-02
ACR01988,STU01988,71.4,70.85,55.29,0,73.87,2.47,2026-10-02
ACR01989,STU01989,77.44,61.63,66.41,0,59.8,-17.64,2026-10-02
ACR01990,STU01990,70.17,68.09,63.92,0,70.31,0.14,2026-10-02
ACR01991,STU01991,66.38,77.74,65.15,0,69.15,2.77,2026-10-02
ACR01992,STU01992,69.15,74.8,65.97,0,68.45,-0.7,2026-10-02
ACR01993,STU01993,54.91,73.31,63.59,0,62.69,7.78,2026-10-02
ACR01994,STU01994,86.62,71.95,62.06,0,73.15,-13.47,2026-10-02
ACR01995,STU01995,81.55,78.0,60.56,0,72.36,-9.19,2026-10-02
ACR01996,STU01996,74.43,66.89,54.22,0,71.3,-3.13,2026-10-02
ACR01997,STU01997,58.12,56.91,48.7,0,48.21,-9.91,2026-10-02
ACR01998,STU01998,84.44,74.43,66.94,0,71.85,-12.59,2026-10-02
ACR01999,STU01999,85.06,67.72,77.01,0,72.32,-12.74,2026-10-02
ACR02000,STU02000,70.0,66.13,59.13,0,59.45,-10.55,2026-10-02
ACR02001,STU02001,39.13,55.19,51.34,1,52.72,13.59,2026-10-02
ACR02002,STU02002,68.28,72.48,69.39,0,60.69,-7.59,2026-10-02
ACR02003,STU02003,100.0,100.0,100.0,0,96.08,-3.92,2026-10-02
ACR02004,STU02004,81.21,64.81,76.58,0,70.15,-11.06,2026-10-02
ACR02005,STU02005,73.36,88.29,67.23,0,75.48,2.12,2026-10-02
ACR02006,STU02006,100.0,96.29,80.02,0,87.39,-12.61,2026-10-02
ACR02007,STU02007,85.13,58.37,67.61,0,71.55,-13.58,2026-10-02
ACR02008,STU02008,68.52,80.08,48.2,0,73.64,5.12,2026-10-02
ACR02009,STU02009,57.4,55.57,57.27,1,64.54,7.14,2026-10-02
ACR02010,STU02010,80.24,71.16,69.88,0,74.45,-5.79,2026-10-02
ACR02011,STU02011,100.0,93.77,92.17,0,96.52,-3.48,2026-10-02
ACR02012,STU02012,85.41,61.8,37.8,0,59.41,-26.0,2026-10-02
ACR02013,STU02013,50.92,64.81,44.95,3,54.85,3.93,2026-10-02
ACR02014,STU02014,74.48,64.1,72.62,2,62.03,-12.45,2026-10-02
ACR02015,STU02015,62.04,59.45,70.41,2,65.55,3.51,2026-10-02
ACR02016,STU02016,48.71,74.31,62.87,2,49.58,0.87,2026-10-02
ACR02017,STU02017,38.51,45.1,51.16,2,46.92,8.41,2026-10-02
ACR02018,STU02018,77.1,78.45,68.28,0,76.52,-0.58,2026-10-02
ACR02019,STU02019,80.7,92.01,81.68,1,79.94,-0.76,2026-10-02
ACR02020,STU02020,47.93,50.74,42.16,2,44.33,-3.6,2026-10-02
ACR02021,STU02021,100.0,74.88,85.9,0,93.46,-6.54,2026-10-02
ACR02022,STU02022,76.99,71.19,65.67,0,71.48,-5.51,2026-10-02
ACR02023,STU02023,67.8,72.53,65.34,0,67.61,-0.19,2026-10-02
ACR02024,STU02024,82.1,72.16,71.22,0,68.98,-13.12,2026-10-02
ACR02025,STU02025,72.34,80.1,61.52,0,62.89,-9.45,2026-10-02
ACR02026,STU02026,70.72,69.39,60.19,0,71.07,0.35,2026-10-02
ACR02027,STU02027,58.12,63.09,58.71,0,61.87,3.75,2026-10-02
ACR02028,STU02028,57.52,60.13,51.28,1,55.89,-1.63,2026-10-02
ACR02029,STU02029,73.08,67.53,52.64,0,69.94,-3.14,2026-10-02
ACR02030,STU02030,51.28,49.96,61.92,2,42.63,-8.65,2026-10-02
ACR02031,STU02031,94.43,90.55,72.0,0,83.66,-10.77,2026-10-02
ACR02032,STU02032,73.63,66.69,67.27,0,70.25,-3.38,2026-10-02
ACR02033,STU02033,52.14,60.09,53.58,3,57.13,4.99,2026-10-02
ACR02034,STU02034,87.04,100.0,88.09,0,78.85,-8.19,2026-10-02
ACR02035,STU02035,82.85,72.03,58.82,0,77.75,-5.1,2026-10-02
ACR02036,STU02036,95.79,76.6,75.62,0,76.38,-19.41,2026-10-02
ACR02037,STU02037,64.59,79.74,70.06,0,58.57,-6.02,2026-10-02
ACR02038,STU02038,82.86,63.64,62.14,0,58.93,-23.93,2026-10-02
ACR02039,STU02039,83.3,91.6,88.49,1,80.16,-3.14,2026-10-02
ACR02040,STU02040,96.33,74.46,74.66,0,78.72,-17.61,2026-10-02
ACR02041,STU02041,92.07,68.05,75.34,0,76.71,-15.36,2026-10-02
ACR02042,STU02042,52.16,52.86,61.6,0,58.77,6.61,2026-10-02
ACR02043,STU02043,47.06,41.6,49.47,0,50.09,3.03,2026-10-02
ACR02044,STU02044,67.58,59.49,68.47,1,65.9,-1.68,2026-10-02
ACR02045,STU02045,79.92,69.63,60.97,0,66.86,-13.06,2026-10-02
ACR02046,STU02046,80.98,85.32,61.19,0,73.6,-7.38,2026-10-02
ACR02047,STU02047,71.12,73.38,70.23,0,69.56,-1.56,2026-10-02
ACR02048,STU02048,64.24,70.16,48.16,1,74.7,10.46,2026-10-02
ACR02049,STU02049,44.07,35.76,55.98,0,42.99,-1.08,2026-10-02
ACR02050,STU02050,70.57,55.37,57.97,0,70.43,-0.14,2026-10-02
ACR02051,STU02051,76.4,68.27,79.39,0,79.34,2.94,2026-10-02
ACR02052,STU02052,59.87,76.35,59.21,1,55.4,-4.47,2026-10-02
ACR02053,STU02053,78.36,76.08,69.93,0,80.45,2.09,2026-10-02
ACR02054,STU02054,100.0,85.16,100.0,0,81.64,-18.36,2026-10-02
ACR02055,STU02055,57.39,63.76,71.85,1,74.47,17.08,2026-10-02
ACR02056,STU02056,51.27,71.24,55.68,0,55.4,4.13,2026-10-02
ACR02057,STU02057,83.41,74.76,66.57,0,74.36,-9.05,2026-10-02
ACR02058,STU02058,66.86,74.2,68.73,0,62.2,-4.66,2026-10-02
ACR02059,STU02059,68.12,68.75,68.03,0,66.58,-1.54,2026-10-02
ACR02060,STU02060,76.49,74.21,78.95,0,74.13,-2.36,2026-10-02
ACR02061,STU02061,88.39,87.63,64.67,0,74.28,-14.11,2026-10-02
ACR02062,STU02062,90.05,94.94,88.01,0,89.64,-0.41,2026-10-02
ACR02063,STU02063,72.77,84.1,75.29,1,71.6,-1.17,2026-10-02
ACR02064,STU02064,74.03,96.03,71.38,0,72.57,-1.46,2026-10-02
ACR02065,STU02065,72.39,71.3,65.38,0,62.13,-10.26,2026-10-02
ACR02066,STU02066,88.76,81.44,74.68,0,75.61,-13.15,2026-10-02
ACR02067,STU02067,83.38,66.54,76.93,0,63.06,-20.32,2026-10-02
ACR02068,STU02068,73.64,62.83,72.33,0,66.49,-7.15,2026-10-02
ACR02069,STU02069,75.02,81.25,75.15,0,70.72,-4.3,2026-10-02
ACR02070,STU02070,91.6,89.8,75.18,0,83.51,-8.09,2026-10-02
ACR02071,STU02071,55.6,75.33,48.45,1,59.37,3.77,2026-10-02
ACR02072,STU02072,87.57,83.73,76.99,0,82.68,-4.89,2026-10-02
ACR02073,STU02073,86.81,79.67,80.42,0,76.78,-10.03,2026-10-02
ACR02074,STU02074,63.54,67.84,68.4,2,71.89,8.35,2026-10-02
ACR02075,STU02075,100.0,88.99,87.98,0,88.14,-11.86,2026-10-02
ACR02076,STU02076,81.49,78.87,78.2,0,75.87,-5.62,2026-10-02
ACR02077,STU02077,60.29,55.62,56.0,0,67.26,6.97,2026-10-02
ACR02078,STU02078,65.64,70.99,62.83,2,54.8,-10.84,2026-10-02
ACR02079,STU02079,74.26,67.56,55.06,0,65.85,-8.41,2026-10-02
ACR02080,STU02080,71.28,68.59,78.96,0,69.78,-1.5,2026-10-02
ACR02081,STU02081,76.05,66.49,54.0,0,59.6,-16.45,2026-10-02
ACR02082,STU02082,59.53,57.71,64.31,1,60.22,0.69,2026-10-02
ACR02083,STU02083,64.35,70.1,71.13,0,60.8,-3.55,2026-10-02
ACR02084,STU02084,53.29,50.74,50.29,2,46.74,-6.55,2026-10-02
ACR02085,STU02085,96.88,93.76,81.28,0,89.59,-7.29,2026-10-02
ACR02086,STU02086,88.79,79.35,68.06,0,79.33,-9.46,2026-10-02
ACR02087,STU02087,98.33,82.06,80.84,0,92.86,-5.47,2026-10-02
ACR02088,STU02088,87.78,94.07,81.75,0,95.54,7.76,2026-10-02
ACR02089,STU02089,54.14,56.61,49.24,0,43.57,-10.57,2026-10-02
ACR02090,STU02090,93.66,84.95,77.57,0,75.07,-18.59,2026-10-02
ACR02091,STU02091,98.41,100.0,74.48,0,93.14,-5.27,2026-10-02
ACR02092,STU02092,94.59,78.1,69.27,0,87.84,-6.75,2026-10-02
ACR02093,STU02093,80.46,61.4,69.94,0,72.26,-8.2,2026-10-02
ACR02094,STU02094,49.62,53.31,54.56,1,42.58,-7.04,2026-10-02
ACR02095,STU02095,76.88,62.05,59.39,0,64.14,-12.74,2026-10-02
ACR02096,STU02096,75.64,74.81,61.8,0,78.77,3.13,2026-10-02
ACR02097,STU02097,51.68,53.65,60.74,0,49.22,-2.46,2026-10-02
ACR02098,STU02098,90.47,73.86,76.08,0,80.03,-10.44,2026-10-02
ACR02099,STU02099,70.73,67.73,53.44,0,70.21,-0.52,2026-10-02
ACR02100,STU02100,67.47,66.48,66.96,0,71.23,3.76,2026-10-02
ACR02101,STU02101,100.0,100.0,95.35,0,89.11,-10.89,2026-10-02
ACR02102,STU02102,56.74,55.98,48.35,0,57.96,1.22,2026-10-02
ACR02103,STU02103,59.92,71.36,52.05,0,53.52,-6.4,2026-10-02
ACR02104,STU02104,70.77,89.97,69.01,2,67.73,-3.04,2026-10-02
ACR02105,STU02105,95.04,85.78,74.07,0,79.01,-16.03,2026-10-02
ACR02106,STU02106,53.21,50.7,50.84,0,60.62,7.41,2026-10-02
ACR02107,STU02107,73.51,75.37,59.57,0,65.2,-8.31,2026-10-02
ACR02108,STU02108,78.64,82.74,72.02,0,81.34,2.7,2026-10-02
ACR02109,STU02109,92.34,75.86,65.72,0,74.36,-17.98,2026-10-02
ACR02110,STU02110,94.83,97.15,70.3,0,91.13,-3.7,2026-10-02
ACR02111,STU02111,61.48,70.39,57.11,0,64.83,3.35,2026-10-02
ACR02112,STU02112,91.62,81.22,81.49,0,86.14,-5.48,2026-10-02
ACR02113,STU02113,54.77,52.47,49.23,1,53.85,-0.92,2026-10-02
ACR02114,STU02114,70.24,71.65,63.29,0,72.34,2.1,2026-10-02
ACR02115,STU02115,64.1,70.16,38.98,0,55.86,-8.24,2026-10-02
ACR02116,STU02116,48.34,42.8,46.15,0,47.89,-0.45,2026-10-02
ACR02117,STU02117,78.48,73.64,78.03,0,73.57,-4.91,2026-10-02
ACR02118,STU02118,58.34,72.75,59.21,0,62.04,3.7,2026-10-02
ACR02119,STU02119,77.57,69.52,69.39,0,68.74,-8.83,2026-10-02
ACR02120,STU02120,85.9,74.47,83.85,0,74.44,-11.46,2026-10-02
ACR02121,STU02121,86.88,94.01,74.52,0,82.96,-3.92,2026-10-02
ACR02122,STU02122,60.57,39.98,50.68,0,51.13,-9.44,2026-10-02
ACR02123,STU02123,100.0,100.0,86.26,0,95.93,-4.07,2026-10-02
ACR02124,STU02124,98.87,97.58,92.16,0,87.14,-11.73,2026-10-02
ACR02125,STU02125,66.83,70.23,74.4,0,78.22,11.39,2026-10-02
ACR02126,STU02126,88.96,79.01,70.9,0,81.67,-7.29,2026-10-02
ACR02127,STU02127,70.15,70.03,67.0,0,63.57,-6.58,2026-10-02
ACR02128,STU02128,65.21,71.61,50.39,1,59.99,-5.22,2026-10-02
ACR02129,STU02129,94.08,78.77,64.1,0,82.98,-11.1,2026-10-02
ACR02130,STU02130,48.34,52.33,36.33,1,48.85,0.51,2026-10-02
ACR02131,STU02131,61.72,52.11,52.2,2,51.9,-9.82,2026-10-02
ACR02132,STU02132,56.4,56.17,41.01,0,49.69,-6.71,2026-10-02
ACR02133,STU02133,90.48,85.54,88.18,0,81.92,-8.56,2026-10-02
ACR02134,STU02134,100.0,100.0,86.73,0,88.67,-11.33,2026-10-02
ACR02135,STU02135,88.07,90.45,77.46,0,85.19,-2.88,2026-10-02
ACR02136,STU02136,54.47,61.17,55.92,0,62.34,7.87,2026-10-02
ACR02137,STU02137,86.88,80.91,55.06,0,76.18,-10.7,2026-10-02
ACR02138,STU02138,43.87,43.09,36.39,0,37.93,-5.94,2026-10-02
ACR02139,STU02139,89.57,80.16,76.67,0,73.31,-16.26,2026-10-02
ACR02140,STU02140,71.19,58.71,47.12,0,59.93,-11.26,2026-10-02
ACR02141,STU02141,95.42,95.79,80.03,0,87.98,-7.44,2026-10-02
ACR02142,STU02142,75.31,58.12,54.95,0,56.22,-19.09,2026-10-02
ACR02143,STU02143,94.59,81.5,92.84,0,90.21,-4.38,2026-10-02
ACR02144,STU02144,70.12,61.32,59.75,0,60.62,-9.5,2026-10-02
ACR02145,STU02145,61.45,46.9,52.08,0,60.73,-0.72,2026-10-02
ACR02146,STU02146,42.54,51.84,47.4,0,54.71,12.17,2026-10-02
ACR02147,STU02147,79.42,72.72,72.27,0,71.36,-8.06,2026-10-02
ACR02148,STU02148,57.26,49.12,67.32,2,55.98,-1.28,2026-10-02
ACR02149,STU02149,55.77,46.8,40.45,0,48.43,-7.34,2026-10-02
ACR02150,STU02150,84.63,86.06,84.41,0,80.49,-4.14,2026-10-02
ACR02151,STU02151,55.43,51.82,45.34,0,46.29,-9.14,2026-10-02
ACR02152,STU02152,83.45,64.95,78.13,0,82.91,-0.54,2026-10-02
ACR02153,STU02153,74.91,82.28,62.1,0,64.75,-10.16,2026-10-02
ACR02154,STU02154,75.62,75.08,73.79,0,67.43,-8.19,2026-10-02
ACR02155,STU02155,77.96,71.49,74.1,0,74.35,-3.61,2026-10-02
ACR02156,STU02156,100.0,97.58,91.25,0,95.31,-4.69,2026-10-02
ACR02157,STU02157,100.0,97.63,90.51,0,98.54,-1.46,2026-10-02
ACR02158,STU02158,65.15,73.7,59.6,0,66.16,1.01,2026-10-02
ACR02159,STU02159,100.0,100.0,83.88,0,91.0,-9.0,2026-10-02
ACR02160,STU02160,100.0,96.08,77.2,0,87.09,-12.91,2026-10-02
ACR02161,STU02161,75.48,72.07,62.6,0,70.53,-4.95,2026-10-02
ACR02162,STU02162,58.26,55.13,44.49,0,54.11,-4.15,2026-10-02
ACR02163,STU02163,81.49,76.98,75.4,0,79.76,-1.73,2026-10-02
ACR02164,STU02164,100.0,90.62,99.68,0,95.83,-4.17,2026-10-02
ACR02165,STU02165,75.79,56.68,51.52,2,48.14,-27.65,2026-10-02
ACR02166,STU02166,60.08,67.75,69.9,0,65.85,5.77,2026-10-02
ACR02167,STU02167,47.97,61.0,59.6,1,58.38,10.41,2026-10-02
ACR02168,STU02168,58.68,61.88,48.65,0,51.34,-7.34,2026-10-02
ACR02169,STU02169,84.83,75.32,71.82,0,66.22,-18.61,2026-10-02
ACR02170,STU02170,61.43,65.33,55.3,2,58.86,-2.57,2026-10-02
ACR02171,STU02171,79.11,76.62,61.72,0,69.5,-9.61,2026-10-02
ACR02172,STU02172,86.42,86.22,68.72,0,83.43,-2.99,2026-10-02
ACR02173,STU02173,57.45,49.35,52.53,0,47.02,-10.43,2026-10-02
ACR02174,STU02174,37.47,44.8,30.5,2,32.5,-4.97,2026-10-02
ACR02175,STU02175,68.81,65.41,65.82,0,65.72,-3.09,2026-10-02
ACR02176,STU02176,78.69,76.71,76.69,0,64.11,-14.58,2026-10-02
ACR02177,STU02177,83.09,74.95,79.38,0,67.0,-16.09,2026-10-02
ACR02178,STU02178,82.69,91.24,77.6,0,71.04,-11.65,2026-10-02
ACR02179,STU02179,100.0,73.65,81.01,0,87.36,-12.64,2026-10-02
ACR02180,STU02180,88.45,92.72,67.42,0,73.66,-14.79,2026-10-02
ACR02181,STU02181,63.65,77.83,56.9,2,56.64,-7.01,2026-10-02
ACR02182,STU02182,68.15,66.57,62.01,0,68.57,0.42,2026-10-02
ACR02183,STU02183,79.42,88.0,71.3,0,87.15,7.73,2026-10-02
ACR02184,STU02184,83.13,79.13,73.62,0,71.53,-11.6,2026-10-02
ACR02185,STU02185,62.99,62.99,64.08,1,69.26,6.27,2026-10-02
ACR02186,STU02186,74.07,57.22,59.61,0,62.16,-11.91,2026-10-02
ACR02187,STU02187,90.41,73.72,80.23,1,82.76,-7.65,2026-10-02
ACR02188,STU02188,93.01,96.42,82.41,0,87.94,-5.07,2026-10-02
ACR02189,STU02189,76.76,77.29,55.23,0,73.49,-3.27,2026-10-02
ACR02190,STU02190,59.97,57.26,69.25,0,59.61,-0.36,2026-10-02
ACR02191,STU02191,75.92,56.13,49.23,0,61.96,-13.96,2026-10-02
ACR02192,STU02192,76.57,84.6,78.02,0,78.6,2.03,2026-10-02
ACR02193,STU02193,94.93,100.0,89.98,0,85.3,-9.63,2026-10-02
ACR02194,STU02194,78.52,87.25,82.89,0,78.41,-0.11,2026-10-02
ACR02195,STU02195,80.72,75.06,66.91,0,70.14,-10.58,2026-10-02
ACR02196,STU02196,60.49,73.53,68.02,2,64.22,3.73,2026-10-02
ACR02197,STU02197,73.16,83.36,72.47,0,72.27,-0.89,2026-10-02
ACR02198,STU02198,74.13,64.47,61.27,0,68.15,-5.98,2026-10-02
ACR02199,STU02199,75.39,56.19,62.46,0,66.46,-8.93,2026-10-02
ACR02200,STU02200,100.0,82.27,79.6,0,85.22,-14.78,2026-10-02
ACR02201,STU02201,73.99,80.61,67.38,0,80.06,6.07,2026-10-02
ACR02202,STU02202,56.22,53.89,58.28,1,61.3,5.08,2026-10-02
ACR02203,STU02203,94.12,76.58,71.85,0,70.45,-23.67,2026-10-02
ACR02204,STU02204,78.12,77.91,73.16,0,78.9,0.78,2026-10-02
ACR02205,STU02205,68.84,64.88,57.95,0,63.8,-5.04,2026-10-02
ACR02206,STU02206,68.09,55.86,67.89,0,58.13,-9.96,2026-10-02
ACR02207,STU02207,67.69,71.41,53.5,0,50.28,-17.41,2026-10-02
ACR02208,STU02208,83.65,83.66,86.48,0,80.98,-2.67,2026-10-02
ACR02209,STU02209,84.98,73.67,80.1,0,80.49,-4.49,2026-10-02
ACR02210,STU02210,84.06,66.93,64.2,0,78.4,-5.66,2026-10-02
ACR02211,STU02211,74.03,57.52,65.32,1,57.34,-16.69,2026-10-02
ACR02212,STU02212,79.42,65.0,71.6,0,67.43,-11.99,2026-10-02
ACR02213,STU02213,89.47,86.48,72.69,0,93.23,3.76,2026-10-02
ACR02214,STU02214,76.37,93.98,76.71,0,72.97,-3.4,2026-10-02
ACR02215,STU02215,100.0,100.0,89.03,0,97.24,-2.76,2026-10-02
ACR02216,STU02216,69.39,50.44,58.82,0,60.64,-8.75,2026-10-02
ACR02217,STU02217,76.88,76.12,71.75,0,64.67,-12.21,2026-10-02
ACR02218,STU02218,79.07,78.34,76.25,0,61.91,-17.16,2026-10-02
ACR02219,STU02219,76.49,51.96,65.23,2,55.65,-20.84,2026-10-02
ACR02220,STU02220,54.85,66.16,57.28,0,64.28,9.43,2026-10-02
ACR02221,STU02221,84.05,80.79,81.7,0,84.48,0.43,2026-10-02
ACR02222,STU02222,20.99,44.98,23.77,2,32.7,11.71,2026-10-02
ACR02223,STU02223,80.84,77.49,68.55,0,72.92,-7.92,2026-10-02
ACR02224,STU02224,45.59,39.91,40.37,1,41.53,-4.06,2026-10-02
ACR02225,STU02225,89.75,76.85,64.93,0,78.73,-11.02,2026-10-02
ACR02226,STU02226,57.61,49.9,64.39,1,58.56,0.95,2026-10-02
ACR02227,STU02227,66.8,69.98,65.56,1,54.79,-12.01,2026-10-02
ACR02228,STU02228,90.59,83.86,63.42,0,87.78,-2.81,2026-10-02
ACR02229,STU02229,52.38,49.63,54.45,1,57.7,5.32,2026-10-02
ACR02230,STU02230,64.99,70.3,60.58,0,67.73,2.74,2026-10-02
ACR02231,STU02231,67.28,63.64,53.74,0,52.13,-15.15,2026-10-02
ACR02232,STU02232,71.78,71.75,66.22,0,68.34,-3.44,2026-10-02
ACR02233,STU02233,58.32,64.8,55.29,1,51.58,-6.74,2026-10-02
ACR02234,STU02234,86.89,61.03,55.95,0,70.25,-16.64,2026-10-02
ACR02235,STU02235,100.0,99.11,89.87,0,91.0,-9.0,2026-10-02
ACR02236,STU02236,80.56,68.69,72.49,1,70.96,-9.6,2026-10-02
ACR02237,STU02237,68.41,53.81,56.45,0,73.19,4.78,2026-10-02
ACR02238,STU02238,73.28,73.45,55.12,1,74.8,1.52,2026-10-02
ACR02239,STU02239,100.0,92.36,85.39,0,89.52,-10.48,2026-10-02
ACR02240,STU02240,96.87,87.98,70.56,0,79.44,-17.43,2026-10-02
ACR02241,STU02241,82.96,77.75,64.21,0,74.6,-8.36,2026-10-02
ACR02242,STU02242,85.64,74.3,82.25,0,77.65,-7.99,2026-10-02
ACR02243,STU02243,58.77,65.68,56.8,2,59.85,1.08,2026-10-02
ACR02244,STU02244,72.76,71.67,57.03,0,56.55,-16.21,2026-10-02
ACR02245,STU02245,100.0,86.37,83.14,0,84.02,-15.98,2026-10-02
ACR02246,STU02246,80.8,69.31,65.19,0,78.69,-2.11,2026-10-02
ACR02247,STU02247,71.94,63.92,68.14,1,69.92,-2.02,2026-10-02
ACR02248,STU02248,74.45,60.17,59.21,2,62.89,-11.56,2026-10-02
ACR02249,STU02249,78.35,72.96,66.0,0,74.74,-3.61,2026-10-02
ACR02250,STU02250,92.5,77.07,62.37,0,72.7,-19.8,2026-10-02
ACR02251,STU02251,81.09,75.91,71.02,0,73.7,-7.39,2026-10-02
ACR02252,STU02252,87.39,69.09,57.05,0,73.6,-13.79,2026-10-02
ACR02253,STU02253,71.3,73.56,62.78,1,64.84,-6.46,2026-10-02
ACR02254,STU02254,100.0,83.8,64.38,0,88.86,-11.14,2026-10-02
ACR02255,STU02255,85.16,86.25,71.03,0,83.94,-1.22,2026-10-02
ACR02256,STU02256,94.09,88.45,77.17,0,87.31,-6.78,2026-10-02
ACR02257,STU02257,81.47,66.76,65.0,0,71.38,-10.09,2026-10-02
ACR02258,STU02258,77.31,69.23,52.15,0,71.5,-5.81,2026-10-02
ACR02259,STU02259,96.24,79.05,84.35,0,94.46,-1.78,2026-10-02
ACR02260,STU02260,51.6,64.03,57.55,1,49.33,-2.27,2026-10-02
ACR02261,STU02261,72.94,74.19,65.56,0,70.08,-2.86,2026-10-02
ACR02262,STU02262,77.52,62.5,69.56,0,72.64,-4.88,2026-10-02
ACR02263,STU02263,73.45,78.46,66.66,0,69.54,-3.91,2026-10-02
ACR02264,STU02264,64.67,55.02,58.85,0,66.28,1.61,2026-10-02
ACR02265,STU02265,79.43,80.03,55.19,0,65.69,-13.74,2026-10-02
ACR02266,STU02266,70.11,61.75,51.1,1,59.12,-10.99,2026-10-02
ACR02267,STU02267,90.33,90.7,89.04,0,89.05,-1.28,2026-10-02
ACR02268,STU02268,74.46,58.2,58.84,0,64.47,-9.99,2026-10-02
ACR02269,STU02269,68.05,74.65,68.31,0,59.01,-9.04,2026-10-02
ACR02270,STU02270,79.85,71.04,75.3,0,68.62,-11.23,2026-10-02
ACR02271,STU02271,49.81,47.27,48.54,1,50.88,1.07,2026-10-02
ACR02272,STU02272,85.13,56.11,66.13,0,72.24,-12.89,2026-10-02
ACR02273,STU02273,100.0,83.79,82.33,0,82.97,-17.03,2026-10-02
ACR02274,STU02274,82.64,81.66,70.88,0,72.58,-10.06,2026-10-02
ACR02275,STU02275,90.38,84.01,75.93,0,84.03,-6.35,2026-10-02
ACR02276,STU02276,84.41,73.81,88.06,1,74.13,-10.28,2026-10-02
ACR02277,STU02277,74.48,85.84,67.87,0,69.93,-4.55,2026-10-02
ACR02278,STU02278,81.39,75.25,64.81,1,73.06,-8.33,2026-10-02
ACR02279,STU02279,79.23,77.42,63.13,0,71.49,-7.74,2026-10-02
ACR02280,STU02280,99.33,94.93,94.68,0,90.2,-9.13,2026-10-02
ACR02281,STU02281,95.56,88.14,86.39,0,81.28,-14.28,2026-10-02
ACR02282,STU02282,100.0,100.0,100.0,0,97.94,-2.06,2026-10-02
ACR02283,STU02283,76.3,75.59,64.04,0,71.65,-4.65,2026-10-02
ACR02284,STU02284,76.9,73.16,58.97,0,68.56,-8.34,2026-10-02
ACR02285,STU02285,86.21,91.72,88.28,0,87.5,1.29,2026-10-02
ACR02286,STU02286,100.0,78.53,83.63,0,84.79,-15.21,2026-10-02
ACR02287,STU02287,70.92,78.83,73.04,0,63.39,-7.53,2026-10-02
ACR02288,STU02288,70.68,60.42,36.57,1,58.02,-12.66,2026-10-02
ACR02289,STU02289,100.0,77.67,84.74,0,88.23,-11.77,2026-10-02
ACR02290,STU02290,81.95,79.19,51.61,0,73.84,-8.11,2026-10-02
ACR02291,STU02291,75.84,79.96,78.82,0,70.28,-5.56,2026-10-02
ACR02292,STU02292,62.03,67.11,48.71,1,53.91,-8.12,2026-10-02
ACR02293,STU02293,76.29,73.69,62.85,0,68.34,-7.95,2026-10-02
ACR02294,STU02294,100.0,100.0,89.63,0,95.68,-4.32,2026-10-02
ACR02295,STU02295,91.45,83.15,73.71,0,80.66,-10.79,2026-10-02
ACR02296,STU02296,80.89,72.5,59.8,0,69.26,-11.63,2026-10-02
ACR02297,STU02297,65.26,59.43,67.33,2,54.46,-10.8,2026-10-02
ACR02298,STU02298,75.78,80.47,75.92,0,78.82,3.04,2026-10-02
ACR02299,STU02299,70.93,60.26,60.38,0,46.06,-24.87,2026-10-02
ACR02300,STU02300,69.23,85.15,61.21,1,74.25,5.02,2026-10-02
ACR02301,STU02301,88.9,88.69,72.3,0,69.72,-19.18,2026-10-02
ACR02302,STU02302,100.0,88.8,60.5,0,79.47,-20.53,2026-10-02
ACR02303,STU02303,76.37,72.5,56.99,0,63.26,-13.11,2026-10-02
ACR02304,STU02304,66.94,76.13,68.38,0,81.92,14.98,2026-10-02
ACR02305,STU02305,69.08,67.99,59.2,0,62.6,-6.48,2026-10-02
ACR02306,STU02306,60.15,65.24,63.37,0,62.13,1.98,2026-10-02
ACR02307,STU02307,83.04,78.7,79.93,0,75.4,-7.64,2026-10-02
ACR02308,STU02308,59.17,63.47,58.29,3,63.87,4.7,2026-10-02
ACR02309,STU02309,59.55,50.37,46.75,0,53.69,-5.86,2026-10-02
ACR02310,STU02310,63.31,64.54,56.56,2,51.11,-12.2,2026-10-02
ACR02311,STU02311,88.35,95.24,81.21,0,90.33,1.98,2026-10-02
ACR02312,STU02312,89.79,91.03,81.22,0,91.02,1.23,2026-10-02
ACR02313,STU02313,60.84,66.92,71.2,0,67.77,6.93,2026-10-02
ACR02314,STU02314,91.87,83.0,69.58,0,78.69,-13.18,2026-10-02
ACR02315,STU02315,84.07,86.74,81.7,0,78.45,-5.62,2026-10-02
ACR02316,STU02316,66.08,45.83,66.81,0,57.86,-8.22,2026-10-02
ACR02317,STU02317,67.15,63.23,62.29,0,59.99,-7.16,2026-10-02
ACR02318,STU02318,85.43,75.54,61.46,0,59.47,-25.96,2026-10-02
ACR02319,STU02319,79.62,73.26,75.7,0,77.63,-1.99,2026-10-02
ACR02320,STU02320,79.83,80.82,67.07,1,80.42,0.59,2026-10-02
ACR02321,STU02321,83.75,85.91,61.6,0,80.77,-2.98,2026-10-02
ACR02322,STU02322,85.84,70.23,66.21,0,78.56,-7.28,2026-10-02
ACR02323,STU02323,84.87,75.96,73.4,2,72.89,-11.98,2026-10-02
ACR02324,STU02324,78.74,61.66,71.75,0,79.64,0.9,2026-10-02
ACR02325,STU02325,85.98,84.96,81.0,0,86.71,0.73,2026-10-02
ACR02326,STU02326,78.09,74.6,78.08,0,70.95,-7.14,2026-10-02
ACR02327,STU02327,50.74,46.2,51.91,0,51.04,0.3,2026-10-02
ACR02328,STU02328,99.19,90.49,92.44,0,94.69,-4.5,2026-10-02
ACR02329,STU02329,95.93,79.32,62.25,0,77.93,-18.0,2026-10-02
ACR02330,STU02330,51.67,63.74,62.58,0,57.58,5.91,2026-10-02
ACR02331,STU02331,46.21,54.64,53.25,1,47.88,1.67,2026-10-02
ACR02332,STU02332,59.12,62.18,40.49,0,54.63,-4.49,2026-10-02
ACR02333,STU02333,65.41,60.53,64.48,0,62.65,-2.76,2026-10-02
ACR02334,STU02334,62.06,56.7,54.03,0,58.54,-3.52,2026-10-02
ACR02335,STU02335,60.48,47.15,43.78,0,47.83,-12.65,2026-10-02
ACR02336,STU02336,81.71,78.7,83.11,0,69.87,-11.84,2026-10-02
ACR02337,STU02337,88.6,92.64,88.9,0,81.53,-7.07,2026-10-02
ACR02338,STU02338,74.58,65.52,55.66,0,56.98,-17.6,2026-10-02
ACR02339,STU02339,81.59,88.6,65.09,0,81.53,-0.06,2026-10-02
ACR02340,STU02340,53.84,92.86,68.16,0,71.59,17.75,2026-10-02
ACR02341,STU02341,55.39,52.04,55.04,0,50.94,-4.45,2026-10-02
ACR02342,STU02342,63.31,72.4,54.31,0,59.61,-3.7,2026-10-02
ACR02343,STU02343,67.48,59.96,60.21,0,68.52,1.04,2026-10-02
ACR02344,STU02344,80.84,73.49,62.65,0,67.69,-13.15,2026-10-02
ACR02345,STU02345,91.63,75.98,75.77,0,87.28,-4.35,2026-10-02
ACR02346,STU02346,73.56,70.11,64.83,0,59.9,-13.66,2026-10-02
ACR02347,STU02347,96.77,91.02,77.37,0,86.08,-10.69,2026-10-02
ACR02348,STU02348,98.65,75.61,65.16,0,82.76,-15.89,2026-10-02
ACR02349,STU02349,53.13,44.54,61.12,0,50.37,-2.76,2026-10-02
ACR02350,STU02350,79.87,63.9,68.06,0,65.59,-14.28,2026-10-02
ACR02351,STU02351,100.0,91.46,84.53,0,88.48,-11.52,2026-10-02
ACR02352,STU02352,59.78,64.63,65.44,0,68.76,8.98,2026-10-02
ACR02353,STU02353,86.63,61.28,60.17,1,62.21,-24.42,2026-10-02
ACR02354,STU02354,88.56,100.0,84.97,0,85.69,-2.87,2026-10-02
ACR02355,STU02355,63.17,68.58,59.73,0,50.95,-12.22,2026-10-02
ACR02356,STU02356,66.49,79.86,72.18,0,78.49,12.0,2026-10-02
ACR02357,STU02357,82.1,71.85,70.94,0,74.83,-7.27,2026-10-02
ACR02358,STU02358,52.23,61.62,43.05,3,53.1,0.87,2026-10-02
ACR02359,STU02359,95.62,83.59,100.0,0,86.01,-9.61,2026-10-02
ACR02360,STU02360,69.57,75.75,53.84,0,75.39,5.82,2026-10-02
ACR02361,STU02361,54.03,63.36,54.9,0,56.52,2.49,2026-10-02
ACR02362,STU02362,92.22,92.14,79.4,0,89.12,-3.1,2026-10-02
ACR02363,STU02363,94.63,93.91,72.78,0,85.62,-9.01,2026-10-02
ACR02364,STU02364,75.1,73.27,64.43,0,57.33,-17.77,2026-10-02
ACR02365,STU02365,49.06,58.47,43.31,1,49.43,0.37,2026-10-02
ACR02366,STU02366,56.27,50.79,58.14,0,50.04,-6.23,2026-10-02
ACR02367,STU02367,82.15,64.81,69.7,0,76.54,-5.61,2026-10-02
ACR02368,STU02368,72.13,63.18,69.88,0,71.34,-0.79,2026-10-02
ACR02369,STU02369,94.71,96.13,81.36,0,92.25,-2.46,2026-10-02
ACR02370,STU02370,58.3,65.41,44.57,0,58.17,-0.13,2026-10-02
ACR02371,STU02371,60.37,64.43,46.63,0,59.85,-0.52,2026-10-02
ACR02372,STU02372,100.0,97.91,95.47,0,92.24,-7.76,2026-10-02
ACR02373,STU02373,97.28,88.16,88.01,0,88.9,-8.38,2026-10-02
ACR02374,STU02374,80.5,78.74,57.19,0,62.02,-18.48,2026-10-02
ACR02375,STU02375,60.11,62.01,55.97,0,64.52,4.41,2026-10-02
ACR02376,STU02376,65.36,61.08,60.04,0,56.35,-9.01,2026-10-02
ACR02377,STU02377,100.0,98.42,96.05,0,83.27,-16.73,2026-10-02
ACR02378,STU02378,83.84,79.86,76.46,0,75.74,-8.1,2026-10-02
ACR02379,STU02379,73.96,75.22,59.22,0,70.08,-3.88,2026-10-02
ACR02380,STU02380,65.22,71.28,72.58,0,61.78,-3.44,2026-10-02
ACR02381,STU02381,65.61,76.13,63.42,0,63.53,-2.08,2026-10-02
ACR02382,STU02382,51.32,42.51,55.86,0,55.93,4.61,2026-10-02
ACR02383,STU02383,68.87,81.67,70.61,0,72.88,4.01,2026-10-02
ACR02384,STU02384,68.72,63.79,44.11,2,51.07,-17.65,2026-10-02
ACR02385,STU02385,92.26,93.23,81.67,0,85.91,-6.35,2026-10-02
ACR02386,STU02386,41.66,37.46,36.63,2,36.72,-4.94,2026-10-02
ACR02387,STU02387,37.74,68.25,54.99,3,46.06,8.32,2026-10-02
ACR02388,STU02388,75.31,63.31,57.04,0,68.28,-7.03,2026-10-02
ACR02389,STU02389,65.61,88.04,65.29,0,70.54,4.93,2026-10-02
ACR02390,STU02390,100.0,85.03,90.39,0,93.91,-6.09,2026-10-02
ACR02391,STU02391,70.49,66.17,64.12,0,65.93,-4.56,2026-10-02
ACR02392,STU02392,74.76,75.8,53.55,0,52.69,-22.07,2026-10-02
ACR02393,STU02393,72.7,67.71,54.31,0,57.64,-15.06,2026-10-02
ACR02394,STU02394,88.91,95.59,83.32,0,83.15,-5.76,2026-10-02
ACR02395,STU02395,94.76,86.75,71.42,0,79.39,-15.37,2026-10-02
ACR02396,STU02396,98.25,83.45,79.06,0,76.36,-21.89,2026-10-02
ACR02397,STU02397,61.98,62.4,59.47,0,66.2,4.22,2026-10-02
ACR02398,STU02398,100.0,100.0,77.29,0,94.18,-5.82,2026-10-02
ACR02399,STU02399,45.27,58.83,58.55,3,45.47,0.2,2026-10-02
ACR02400,STU02400,74.69,67.55,73.71,0,76.36,1.67,2026-10-02
ACR02401,STU02401,77.18,86.96,50.39,0,67.99,-9.19,2026-10-02
ACR02402,STU02402,91.01,90.55,84.84,0,80.34,-10.67,2026-10-02
ACR02403,STU02403,67.54,62.8,60.78,0,61.96,-5.58,2026-10-02
ACR02404,STU02404,39.92,39.24,40.2,1,36.31,-3.61,2026-10-02
ACR02405,STU02405,71.4,63.23,64.41,0,72.54,1.14,2026-10-02
ACR02406,STU02406,60.44,50.48,47.71,0,52.47,-7.97,2026-10-02
ACR02407,STU02407,75.77,73.31,68.84,0,66.17,-9.6,2026-10-02
ACR02408,STU02408,90.96,97.51,91.01,0,87.72,-3.24,2026-10-02
ACR02409,STU02409,87.34,75.22,85.68,0,67.87,-19.47,2026-10-02
ACR02410,STU02410,58.52,59.86,52.55,0,43.36,-15.16,2026-10-02
ACR02411,STU02411,80.4,88.33,74.6,0,86.32,5.92,2026-10-02
ACR02412,STU02412,98.39,83.32,68.01,0,81.3,-17.09,2026-10-02
ACR02413,STU02413,73.93,64.98,56.42,0,67.85,-6.08,2026-10-02
ACR02414,STU02414,70.17,62.3,53.17,0,56.43,-13.74,2026-10-02
ACR02415,STU02415,97.78,80.53,79.57,0,71.32,-26.46,2026-10-02
ACR02416,STU02416,47.13,49.51,47.56,3,56.74,9.61,2026-10-02
ACR02417,STU02417,78.32,61.15,70.89,2,68.6,-9.72,2026-10-02
ACR02418,STU02418,80.32,78.27,67.39,0,71.19,-9.13,2026-10-02
ACR02419,STU02419,84.56,66.68,70.37,0,81.55,-3.01,2026-10-02
ACR02420,STU02420,64.3,62.55,62.46,2,57.71,-6.59,2026-10-02
ACR02421,STU02421,62.94,73.04,71.08,1,56.65,-6.29,2026-10-02
ACR02422,STU02422,54.18,49.01,49.17,2,50.7,-3.48,2026-10-02
ACR02423,STU02423,98.04,95.8,89.16,0,100.0,1.96,2026-10-02
ACR02424,STU02424,85.0,73.73,69.16,1,71.09,-13.91,2026-10-02
ACR02425,STU02425,63.55,72.34,50.45,0,63.55,0.0,2026-10-02
ACR02426,STU02426,67.35,60.7,50.22,0,58.26,-9.09,2026-10-02
ACR02427,STU02427,93.26,81.65,82.82,0,82.01,-11.25,2026-10-02
ACR02428,STU02428,84.84,84.16,86.81,0,76.38,-8.46,2026-10-02
ACR02429,STU02429,95.02,78.09,79.3,0,85.13,-9.89,2026-10-02
ACR02430,STU02430,100.0,100.0,80.88,0,83.4,-16.6,2026-10-02
ACR02431,STU02431,86.49,66.07,66.42,0,70.46,-16.03,2026-10-02
ACR02432,STU02432,61.08,59.21,63.35,0,60.26,-0.82,2026-10-02
ACR02433,STU02433,70.24,59.38,66.45,2,50.77,-19.47,2026-10-02
ACR02434,STU02434,80.42,99.87,85.23,0,82.43,2.01,2026-10-02
ACR02435,STU02435,96.09,81.64,77.86,0,90.46,-5.63,2026-10-02
ACR02436,STU02436,100.0,91.58,83.05,0,88.45,-11.55,2026-10-02
ACR02437,STU02437,100.0,82.33,74.82,0,83.21,-16.79,2026-10-02
ACR02438,STU02438,93.74,81.51,75.93,0,82.98,-10.76,2026-10-02
ACR02439,STU02439,60.62,73.82,68.81,0,73.71,13.09,2026-10-02
ACR02440,STU02440,60.69,63.15,52.43,0,49.79,-10.9,2026-10-02
ACR02441,STU02441,73.33,77.85,63.65,0,62.26,-11.07,2026-10-02
ACR02442,STU02442,87.89,88.31,81.55,0,86.55,-1.34,2026-10-02
ACR02443,STU02443,64.32,75.23,71.59,1,69.61,5.29,2026-10-02
ACR02444,STU02444,65.31,63.55,63.05,1,61.58,-3.73,2026-10-02
ACR02445,STU02445,64.5,70.69,58.22,0,59.33,-5.17,2026-10-02
ACR02446,STU02446,60.8,77.3,51.39,1,58.19,-2.61,2026-10-02
ACR02447,STU02447,90.1,86.84,76.44,0,78.21,-11.89,2026-10-02
ACR02448,STU02448,86.04,87.12,79.27,0,77.96,-8.08,2026-10-02
ACR02449,STU02449,71.17,83.35,69.27,0,83.0,11.83,2026-10-02
ACR02450,STU02450,91.09,75.28,76.62,0,77.09,-14.0,2026-10-02
ACR02451,STU02451,89.21,79.83,76.29,0,84.81,-4.4,2026-10-02
ACR02452,STU02452,64.92,75.4,54.95,0,67.96,3.04,2026-10-02
ACR02453,STU02453,73.01,70.25,69.43,0,71.66,-1.35,2026-10-02
ACR02454,STU02454,73.15,86.81,71.42,0,68.75,-4.4,2026-10-02
ACR02455,STU02455,100.0,91.65,97.88,0,94.86,-5.14,2026-10-02
ACR02456,STU02456,96.96,85.41,70.36,0,78.07,-18.89,2026-10-02
ACR02457,STU02457,76.05,72.82,67.99,0,75.69,-0.36,2026-10-02
ACR02458,STU02458,71.6,67.65,61.21,0,61.71,-9.89,2026-10-02
ACR02459,STU02459,82.25,77.03,81.1,0,78.65,-3.6,2026-10-02
ACR02460,STU02460,59.21,55.82,49.82,0,41.35,-17.86,2026-10-02
ACR02461,STU02461,67.45,69.34,53.4,0,59.11,-8.34,2026-10-02
ACR02462,STU02462,63.23,64.6,64.92,0,55.75,-7.48,2026-10-02
ACR02463,STU02463,100.0,94.21,82.41,0,98.92,-1.08,2026-10-02
ACR02464,STU02464,76.31,79.72,64.83,0,67.16,-9.15,2026-10-02
ACR02465,STU02465,65.43,59.9,58.66,0,67.57,2.14,2026-10-02
ACR02466,STU02466,88.99,91.69,88.78,0,87.6,-1.39,2026-10-02
ACR02467,STU02467,94.1,88.59,69.77,0,86.7,-7.4,2026-10-02
ACR02468,STU02468,100.0,89.43,80.61,0,84.77,-15.23,2026-10-02
ACR02469,STU02469,51.87,71.8,57.73,0,54.95,3.08,2026-10-02
ACR02470,STU02470,65.52,60.8,53.27,0,51.58,-13.94,2026-10-02
ACR02471,STU02471,56.11,65.31,51.68,2,53.42,-2.69,2026-10-02
ACR02472,STU02472,63.92,65.76,66.51,0,56.77,-7.15,2026-10-02
ACR02473,STU02473,100.0,98.64,87.23,0,93.76,-6.24,2026-10-02
ACR02474,STU02474,78.57,77.91,66.75,0,74.24,-4.33,2026-10-02
ACR02475,STU02475,59.33,55.7,58.4,1,57.04,-2.29,2026-10-02
ACR02476,STU02476,94.21,74.4,87.23,0,87.78,-6.43,2026-10-02
ACR02477,STU02477,73.27,66.02,62.95,0,64.08,-9.19,2026-10-02
ACR02478,STU02478,42.94,40.86,44.09,1,31.68,-11.26,2026-10-02
ACR02479,STU02479,93.09,81.26,83.16,0,81.38,-11.71,2026-10-02
ACR02480,STU02480,73.29,68.15,73.48,0,83.64,10.35,2026-10-02
ACR02481,STU02481,78.27,67.77,73.15,0,79.38,1.11,2026-10-02
ACR02482,STU02482,77.35,82.21,64.67,0,70.34,-7.01,2026-10-02
ACR02483,STU02483,60.95,53.95,50.58,0,57.63,-3.32,2026-10-02
ACR02484,STU02484,67.53,69.79,68.82,0,66.1,-1.43,2026-10-02
ACR02485,STU02485,100.0,88.99,86.6,0,81.86,-18.14,2026-10-02
ACR02486,STU02486,67.72,62.59,63.59,0,68.52,0.8,2026-10-02
ACR02487,STU02487,45.92,53.1,46.42,1,37.69,-8.23,2026-10-02
ACR02488,STU02488,87.19,73.93,61.4,0,76.29,-10.9,2026-10-02
ACR02489,STU02489,74.94,79.48,77.86,0,80.81,5.87,2026-10-02
ACR02490,STU02490,70.93,69.39,56.21,0,58.18,-12.75,2026-10-02
ACR02491,STU02491,86.81,83.12,64.9,0,82.1,-4.71,2026-10-02
ACR02492,STU02492,74.6,76.14,63.12,0,79.07,4.47,2026-10-02
ACR02493,STU02493,84.14,91.1,68.11,0,72.33,-11.81,2026-10-02
ACR02494,STU02494,90.01,72.94,82.38,0,81.52,-8.49,2026-10-02
ACR02495,STU02495,100.0,89.18,76.4,0,87.55,-12.45,2026-10-02
ACR02496,STU02496,83.67,76.18,60.86,0,71.08,-12.59,2026-10-02
ACR02497,STU02497,88.89,81.18,68.7,0,69.69,-19.2,2026-10-02
ACR02498,STU02498,78.44,73.96,63.51,0,81.94,3.5,2026-10-02
ACR02499,STU02499,43.81,49.16,41.65,2,41.16,-2.65,2026-10-02
ACR02500,STU02500,82.76,70.84,72.96,0,73.17,-9.59,2026-10-02
ACR02501,STU02501,48.97,47.7,40.71,3,40.54,-8.43,2026-10-02
ACR02502,STU02502,49.39,44.14,49.15,2,46.15,-3.24,2026-10-02
ACR02503,STU02503,84.99,66.85,57.31,0,62.64,-22.35,2026-10-02
ACR02504,STU02504,86.88,82.66,80.8,0,80.5,-6.38,2026-10-02
ACR02505,STU02505,94.64,81.96,84.76,0,79.65,-14.99,2026-10-02
ACR02506,STU02506,76.14,94.5,72.57,0,84.13,7.99,2026-10-02
ACR02507,STU02507,81.16,83.56,70.71,0,78.34,-2.82,2026-10-02
ACR02508,STU02508,91.78,91.69,75.54,0,81.53,-10.25,2026-10-02
ACR02509,STU02509,75.09,61.32,54.41,0,60.55,-14.54,2026-10-02
ACR02510,STU02510,77.64,81.51,70.16,0,72.55,-5.09,2026-10-02
ACR02511,STU02511,87.85,64.11,64.89,0,74.21,-13.64,2026-10-02
ACR02512,STU02512,67.63,81.91,61.55,0,62.58,-5.05,2026-10-02
ACR02513,STU02513,72.82,71.32,61.1,1,67.86,-4.96,2026-10-02
ACR02514,STU02514,83.14,81.71,66.33,0,69.17,-13.97,2026-10-02
ACR02515,STU02515,65.08,67.53,68.48,1,54.91,-10.17,2026-10-02
ACR02516,STU02516,98.52,76.17,73.0,0,77.03,-21.49,2026-10-02
ACR02517,STU02517,68.53,66.56,75.91,0,68.39,-0.14,2026-10-02
ACR02518,STU02518,72.56,67.56,70.07,0,76.36,3.8,2026-10-02
ACR02519,STU02519,70.77,66.36,60.15,0,64.8,-5.97,2026-10-02
ACR02520,STU02520,80.54,89.85,65.18,0,77.98,-2.56,2026-10-02
ACR02521,STU02521,61.21,75.36,74.63,0,65.02,3.81,2026-10-02
ACR02522,STU02522,74.21,59.48,56.64,0,47.98,-26.23,2026-10-02
ACR02523,STU02523,89.07,77.05,81.12,0,80.11,-8.96,2026-10-02
ACR02524,STU02524,90.94,63.81,74.61,0,77.95,-12.99,2026-10-02
ACR02525,STU02525,100.0,100.0,93.69,0,97.14,-2.86,2026-10-02
ACR02526,STU02526,59.05,70.42,60.82,2,58.65,-0.4,2026-10-02
ACR02527,STU02527,52.29,58.14,57.07,2,47.79,-4.5,2026-10-02
ACR02528,STU02528,73.83,71.3,85.32,0,65.05,-8.78,2026-10-02
ACR02529,STU02529,96.88,74.29,74.55,0,82.33,-14.55,2026-10-02
ACR02530,STU02530,98.83,93.5,75.32,0,82.38,-16.45,2026-10-02
ACR02531,STU02531,95.6,96.22,76.91,0,79.17,-16.43,2026-10-02
ACR02532,STU02532,63.01,59.57,59.88,1,63.18,0.17,2026-10-02
ACR02533,STU02533,72.83,63.18,58.93,0,58.13,-14.7,2026-10-02
ACR02534,STU02534,77.61,75.4,74.26,0,75.29,-2.32,2026-10-02
ACR02535,STU02535,69.89,69.29,64.48,0,66.05,-3.84,2026-10-02
ACR02536,STU02536,66.53,62.91,72.0,0,58.41,-8.12,2026-10-02
ACR02537,STU02537,100.0,94.45,88.79,0,94.24,-5.76,2026-10-02
ACR02538,STU02538,54.14,51.85,52.43,0,49.55,-4.59,2026-10-02
ACR02539,STU02539,82.51,77.43,45.25,0,69.13,-13.38,2026-10-02
ACR02540,STU02540,70.8,57.18,58.0,0,62.05,-8.75,2026-10-02
ACR02541,STU02541,70.14,53.73,55.23,0,61.65,-8.49,2026-10-02
ACR02542,STU02542,76.61,77.91,63.05,0,65.4,-11.21,2026-10-02
ACR02543,STU02543,67.61,84.07,71.23,0,74.17,6.56,2026-10-02
ACR02544,STU02544,100.0,74.38,82.59,0,78.26,-21.74,2026-10-02
ACR02545,STU02545,71.62,79.27,74.12,0,76.1,4.48,2026-10-02
ACR02546,STU02546,97.75,78.49,72.48,0,80.6,-17.15,2026-10-02
ACR02547,STU02547,63.22,61.62,62.23,0,53.68,-9.54,2026-10-02
ACR02548,STU02548,93.83,68.29,75.32,0,88.12,-5.71,2026-10-02
ACR02549,STU02549,100.0,100.0,97.59,0,99.17,-0.83,2026-10-02
ACR02550,STU02550,81.19,68.42,64.64,0,68.32,-12.87,2026-10-02
ACR02551,STU02551,65.04,74.14,68.16,1,70.84,5.8,2026-10-02
ACR02552,STU02552,83.54,64.35,61.38,0,73.15,-10.39,2026-10-02
ACR02553,STU02553,100.0,96.31,81.9,0,93.33,-6.67,2026-10-02
ACR02554,STU02554,51.48,45.31,47.76,0,42.54,-8.94,2026-10-02
ACR02555,STU02555,74.12,66.77,66.43,0,65.62,-8.5,2026-10-02
ACR02556,STU02556,67.79,60.0,54.19,0,61.91,-5.88,2026-10-02
ACR02557,STU02557,66.68,68.06,61.86,0,58.78,-7.9,2026-10-02
ACR02558,STU02558,100.0,100.0,87.36,0,89.38,-10.62,2026-10-02
ACR02559,STU02559,70.11,69.46,50.25,0,53.0,-17.11,2026-10-02
ACR02560,STU02560,88.07,80.95,92.72,0,84.06,-4.01,2026-10-02
ACR02561,STU02561,76.16,59.71,71.72,0,60.45,-15.71,2026-10-02
ACR02562,STU02562,71.39,77.12,64.53,0,72.04,0.65,2026-10-02
ACR02563,STU02563,73.33,74.21,75.38,0,67.86,-5.47,2026-10-02
ACR02564,STU02564,45.34,42.32,52.68,3,37.38,-7.96,2026-10-02
ACR02565,STU02565,64.26,74.3,60.9,0,68.57,4.31,2026-10-02
ACR02566,STU02566,100.0,100.0,95.0,0,100.0,0.0,2026-10-02
ACR02567,STU02567,83.02,72.24,85.03,0,83.08,0.06,2026-10-02
ACR02568,STU02568,80.21,88.18,70.22,0,78.8,-1.41,2026-10-02
ACR02569,STU02569,67.36,61.22,59.27,0,55.89,-11.47,2026-10-02
ACR02570,STU02570,86.15,82.61,91.69,0,79.17,-6.98,2026-10-02
ACR02571,STU02571,87.03,74.75,78.76,0,83.41,-3.62,2026-10-02
ACR02572,STU02572,76.44,71.24,78.73,0,76.56,0.12,2026-10-02
ACR02573,STU02573,70.28,75.35,59.94,0,63.33,-6.95,2026-10-02
ACR02574,STU02574,100.0,97.41,77.45,0,90.23,-9.77,2026-10-02
ACR02575,STU02575,64.23,83.67,58.28,0,65.32,1.09,2026-10-02
ACR02576,STU02576,76.91,77.33,56.92,0,71.8,-5.11,2026-10-02
ACR02577,STU02577,65.56,69.47,61.81,0,61.69,-3.87,2026-10-02
ACR02578,STU02578,63.14,55.55,60.02,0,52.2,-10.94,2026-10-02
ACR02579,STU02579,72.68,58.49,53.41,0,62.68,-10.0,2026-10-02
ACR02580,STU02580,76.25,82.52,68.33,0,79.68,3.43,2026-10-02
ACR02581,STU02581,88.92,80.57,76.11,0,69.96,-18.96,2026-10-02
ACR02582,STU02582,60.54,57.55,63.36,1,50.93,-9.61,2026-10-02
ACR02583,STU02583,82.25,74.04,68.22,0,69.8,-12.45,2026-10-02
ACR02584,STU02584,100.0,88.39,82.23,0,86.73,-13.27,2026-10-02
ACR02585,STU02585,65.28,64.29,60.01,0,57.32,-7.96,2026-10-02
ACR02586,STU02586,58.94,47.58,46.42,1,48.97,-9.97,2026-10-02
ACR02587,STU02587,97.29,91.08,78.26,0,78.08,-19.21,2026-10-02
ACR02588,STU02588,74.09,83.18,83.52,0,84.33,10.24,2026-10-02
ACR02589,STU02589,75.85,68.26,65.58,0,69.06,-6.79,2026-10-02
ACR02590,STU02590,97.75,85.04,82.23,0,86.75,-11.0,2026-10-02
ACR02591,STU02591,81.05,68.57,67.96,0,72.03,-9.02,2026-10-02
ACR02592,STU02592,49.86,57.17,40.85,2,48.35,-1.51,2026-10-02
ACR02593,STU02593,80.25,75.58,75.54,0,77.86,-2.39,2026-10-02
ACR02594,STU02594,100.0,100.0,100.0,0,95.86,-4.14,2026-10-02
ACR02595,STU02595,59.58,50.52,44.76,1,55.41,-4.17,2026-10-02
ACR02596,STU02596,68.41,60.29,52.34,0,56.97,-11.44,2026-10-02
ACR02597,STU02597,96.4,92.95,77.77,0,85.24,-11.16,2026-10-02
ACR02598,STU02598,86.67,73.61,67.47,0,71.09,-15.58,2026-10-02
ACR02599,STU02599,44.69,62.69,42.27,2,54.32,9.63,2026-10-02
ACR02600,STU02600,86.28,60.14,65.82,0,70.35,-15.93,2026-10-02
ACR02601,STU02601,86.67,91.25,82.03,0,68.72,-17.95,2026-10-02
ACR02602,STU02602,79.23,89.21,67.75,0,76.37,-2.86,2026-10-02
ACR02603,STU02603,55.19,54.9,59.93,0,50.03,-5.16,2026-10-02
ACR02604,STU02604,85.76,86.68,77.2,0,82.23,-3.53,2026-10-02
ACR02605,STU02605,77.55,58.78,58.87,0,57.86,-19.69,2026-10-02
ACR02606,STU02606,74.89,78.99,66.46,0,73.45,-1.44,2026-10-02
ACR02607,STU02607,65.25,74.12,80.76,0,77.48,12.23,2026-10-02
ACR02608,STU02608,84.76,91.14,72.72,0,79.96,-4.8,2026-10-02
ACR02609,STU02609,44.01,65.72,44.13,0,50.59,6.58,2026-10-02
ACR02610,STU02610,76.39,58.46,46.86,0,64.41,-11.98,2026-10-02
ACR02611,STU02611,79.79,82.26,52.46,0,73.9,-5.89,2026-10-02
ACR02612,STU02612,72.16,68.58,70.99,0,65.54,-6.62,2026-10-02
ACR02613,STU02613,74.35,83.77,66.92,0,58.16,-16.19,2026-10-02
ACR02614,STU02614,90.04,79.0,82.31,0,86.34,-3.7,2026-10-02
ACR02615,STU02615,70.26,77.49,67.01,0,70.3,0.04,2026-10-02
ACR02616,STU02616,66.71,59.72,42.61,1,57.48,-9.23,2026-10-02
ACR02617,STU02617,67.21,47.1,59.45,0,55.09,-12.12,2026-10-02
ACR02618,STU02618,72.9,60.44,66.21,0,67.92,-4.98,2026-10-02
ACR02619,STU02619,73.15,66.04,67.39,0,69.68,-3.47,2026-10-02
ACR02620,STU02620,51.86,55.14,34.94,0,46.26,-5.6,2026-10-02
ACR02621,STU02621,71.53,58.63,56.59,0,60.84,-10.69,2026-10-02
ACR02622,STU02622,100.0,88.37,79.45,0,89.45,-10.55,2026-10-02
ACR02623,STU02623,70.24,56.73,70.29,0,61.53,-8.71,2026-10-02
ACR02624,STU02624,78.94,77.79,56.7,0,70.5,-8.44,2026-10-02
ACR02625,STU02625,75.26,64.31,54.85,0,59.47,-15.79,2026-10-02
ACR02626,STU02626,64.59,71.78,49.58,1,47.32,-17.27,2026-10-02
ACR02627,STU02627,57.03,45.03,40.88,0,59.68,2.65,2026-10-02
ACR02628,STU02628,99.21,83.57,84.65,0,83.74,-15.47,2026-10-02
ACR02629,STU02629,65.95,74.75,59.35,0,66.57,0.62,2026-10-02
ACR02630,STU02630,68.82,50.93,60.8,1,60.29,-8.53,2026-10-02
ACR02631,STU02631,84.05,86.91,68.75,0,81.26,-2.79,2026-10-02
ACR02632,STU02632,76.43,69.42,64.88,0,66.99,-9.44,2026-10-02
ACR02633,STU02633,98.11,90.84,98.01,0,85.17,-12.94,2026-10-02
ACR02634,STU02634,83.72,78.14,53.44,1,66.51,-17.21,2026-10-02
ACR02635,STU02635,70.75,69.5,65.21,0,62.5,-8.25,2026-10-02
ACR02636,STU02636,73.15,78.13,70.71,0,70.78,-2.37,2026-10-02
ACR02637,STU02637,76.93,100.0,75.06,0,79.83,2.9,2026-10-02
ACR02638,STU02638,66.15,70.3,59.22,0,59.77,-6.38,2026-10-02
ACR02639,STU02639,59.2,60.18,41.43,1,55.06,-4.14,2026-10-02
ACR02640,STU02640,92.27,100.0,91.05,0,89.28,-2.99,2026-10-02
ACR02641,STU02641,100.0,100.0,87.88,0,84.22,-15.78,2026-10-02
ACR02642,STU02642,74.74,77.6,55.92,0,60.56,-14.18,2026-10-02
ACR02643,STU02643,97.8,91.85,77.46,0,92.7,-5.1,2026-10-02
ACR02644,STU02644,72.84,63.95,63.83,0,57.72,-15.12,2026-10-02
ACR02645,STU02645,87.49,86.31,65.32,0,83.07,-4.42,2026-10-02
ACR02646,STU02646,100.0,100.0,94.25,0,85.89,-14.11,2026-10-02
ACR02647,STU02647,80.99,83.14,71.21,0,70.19,-10.8,2026-10-02
ACR02648,STU02648,55.43,61.94,41.65,1,57.56,2.13,2026-10-02
ACR02649,STU02649,92.69,84.29,80.9,0,90.73,-1.96,2026-10-02
ACR02650,STU02650,100.0,100.0,88.91,0,84.87,-15.13,2026-10-02
ACR02651,STU02651,66.87,83.08,69.76,0,76.7,9.83,2026-10-02
ACR02652,STU02652,64.93,60.44,72.6,0,59.79,-5.14,2026-10-02
ACR02653,STU02653,77.67,72.09,71.57,0,70.73,-6.94,2026-10-02
ACR02654,STU02654,93.27,78.5,73.03,0,73.23,-20.04,2026-10-02
ACR02655,STU02655,87.31,89.63,75.5,0,80.88,-6.43,2026-10-02
ACR02656,STU02656,37.86,50.2,30.14,3,38.93,1.07,2026-10-02
ACR02657,STU02657,94.41,89.29,80.15,0,80.58,-13.83,2026-10-02
ACR02658,STU02658,58.49,67.37,43.63,0,55.92,-2.57,2026-10-02
ACR02659,STU02659,73.3,73.91,62.73,0,70.56,-2.74,2026-10-02
ACR02660,STU02660,21.7,36.24,41.69,3,18.25,-3.45,2026-10-02
ACR02661,STU02661,100.0,100.0,97.64,0,100.0,0.0,2026-10-02
ACR02662,STU02662,94.8,81.72,71.51,0,77.76,-17.04,2026-10-02
ACR02663,STU02663,61.47,66.1,52.44,0,53.67,-7.8,2026-10-02
ACR02664,STU02664,87.62,100.0,94.22,0,83.48,-4.14,2026-10-02
ACR02665,STU02665,75.13,54.99,55.65,0,62.63,-12.5,2026-10-02
ACR02666,STU02666,67.79,62.83,64.16,1,64.87,-2.92,2026-10-02
ACR02667,STU02667,66.1,58.18,64.1,0,65.44,-0.66,2026-10-02
ACR02668,STU02668,86.75,86.16,78.02,0,90.74,3.99,2026-10-02
ACR02669,STU02669,91.04,71.13,77.15,0,84.41,-6.63,2026-10-02
ACR02670,STU02670,82.83,95.27,76.29,0,73.92,-8.91,2026-10-02
ACR02671,STU02671,53.98,52.0,43.39,0,44.71,-9.27,2026-10-02
ACR02672,STU02672,42.92,50.19,44.1,1,38.28,-4.64,2026-10-02
ACR02673,STU02673,66.02,62.91,48.53,1,55.81,-10.21,2026-10-02
ACR02674,STU02674,96.82,81.24,64.98,0,80.08,-16.74,2026-10-02
ACR02675,STU02675,63.58,42.6,58.85,0,52.92,-10.66,2026-10-02
ACR02676,STU02676,92.9,88.64,84.18,0,84.4,-8.5,2026-10-02
ACR02677,STU02677,93.64,76.18,75.97,0,84.04,-9.6,2026-10-02
ACR02678,STU02678,65.71,81.12,60.21,0,63.43,-2.28,2026-10-02
ACR02679,STU02679,67.89,67.05,66.4,0,66.1,-1.79,2026-10-02
ACR02680,STU02680,88.46,87.28,65.27,0,76.68,-11.78,2026-10-02
ACR02681,STU02681,85.63,86.0,69.38,0,76.79,-8.84,2026-10-02
ACR02682,STU02682,82.55,92.68,73.13,0,78.33,-4.22,2026-10-02
ACR02683,STU02683,93.95,81.46,77.4,0,89.41,-4.54,2026-10-02
ACR02684,STU02684,97.46,95.81,83.08,0,79.19,-18.27,2026-10-02
ACR02685,STU02685,78.69,100.0,77.78,1,87.08,8.39,2026-10-02
ACR02686,STU02686,100.0,100.0,100.0,0,100.0,0.0,2026-10-02
ACR02687,STU02687,100.0,91.44,81.59,0,93.35,-6.65,2026-10-02
ACR02688,STU02688,79.89,67.15,67.53,0,65.91,-13.98,2026-10-02
ACR02689,STU02689,77.67,64.63,69.24,0,68.44,-9.23,2026-10-02
ACR02690,STU02690,61.75,68.68,55.31,2,60.48,-1.27,2026-10-02
ACR02691,STU02691,82.16,81.94,66.65,0,74.29,-7.87,2026-10-02
ACR02692,STU02692,88.14,67.52,56.68,0,74.55,-13.59,2026-10-02
ACR02693,STU02693,50.21,61.49,49.06,0,56.24,6.03,2026-10-02
ACR02694,STU02694,100.0,83.83,78.4,0,77.59,-22.41,2026-10-02
ACR02695,STU02695,67.68,60.38,56.22,0,58.07,-9.61,2026-10-02
ACR02696,STU02696,78.04,97.56,77.62,0,84.56,6.52,2026-10-02
ACR02697,STU02697,74.23,75.88,68.93,0,72.1,-2.13,2026-10-02
ACR02698,STU02698,74.77,74.34,62.49,0,70.8,-3.97,2026-10-02
ACR02699,STU02699,100.0,90.97,87.02,0,90.34,-9.66,2026-10-02
ACR02700,STU02700,48.85,57.11,53.22,0,47.48,-1.37,2026-10-02
ACR02701,STU02701,93.05,79.24,85.25,0,85.45,-7.6,2026-10-02
ACR02702,STU02702,66.89,59.79,56.14,0,61.69,-5.2,2026-10-02
ACR02703,STU02703,49.43,37.69,37.39,0,31.46,-17.97,2026-10-02
ACR02704,STU02704,93.5,83.54,66.97,0,70.66,-22.84,2026-10-02
ACR02705,STU02705,59.93,43.52,66.74,1,57.48,-2.45,2026-10-02
ACR02706,STU02706,55.87,39.85,48.38,0,49.45,-6.42,2026-10-02
ACR02707,STU02707,85.21,82.12,72.69,0,76.37,-8.84,2026-10-02
ACR02708,STU02708,66.7,63.25,45.69,0,56.84,-9.86,2026-10-02
ACR02709,STU02709,74.49,62.65,68.94,0,67.7,-6.79,2026-10-02
ACR02710,STU02710,82.94,69.56,61.07,0,71.86,-11.08,2026-10-02
ACR02711,STU02711,77.4,60.21,53.81,0,57.16,-20.24,2026-10-02
ACR02712,STU02712,71.37,77.76,59.84,1,62.4,-8.97,2026-10-02
ACR02713,STU02713,75.18,74.47,67.89,0,76.68,1.5,2026-10-02
ACR02714,STU02714,100.0,100.0,88.28,0,94.16,-5.84,2026-10-02
ACR02715,STU02715,74.85,81.06,70.14,0,71.09,-3.76,2026-10-02
ACR02716,STU02716,86.14,78.57,73.26,0,75.51,-10.63,2026-10-02
ACR02717,STU02717,71.17,61.11,59.86,2,56.98,-14.19,2026-10-02
ACR02718,STU02718,66.73,76.35,58.92,0,63.3,-3.43,2026-10-02
ACR02719,STU02719,81.6,91.49,73.71,0,88.05,6.45,2026-10-02
ACR02720,STU02720,100.0,90.74,94.89,0,89.14,-10.86,2026-10-02
ACR02721,STU02721,100.0,93.41,85.36,0,84.75,-15.25,2026-10-02
ACR02722,STU02722,71.08,59.54,63.12,0,69.17,-1.91,2026-10-02
ACR02723,STU02723,66.91,68.05,61.62,0,65.25,-1.66,2026-10-02
ACR02724,STU02724,88.33,69.05,81.55,0,81.76,-6.57,2026-10-02
ACR02725,STU02725,82.48,72.16,69.44,0,79.97,-2.51,2026-10-02
ACR02726,STU02726,83.78,82.9,72.44,0,81.18,-2.6,2026-10-02
ACR02727,STU02727,62.05,75.23,59.52,1,62.18,0.13,2026-10-02
ACR02728,STU02728,87.7,91.07,77.51,0,94.65,6.95,2026-10-02
ACR02729,STU02729,75.26,70.16,66.63,0,67.6,-7.66,2026-10-02
ACR02730,STU02730,73.84,83.69,59.2,0,67.17,-6.67,2026-10-02
ACR02731,STU02731,72.7,69.88,65.19,0,59.71,-12.99,2026-10-02
ACR02732,STU02732,87.91,77.31,80.81,0,77.57,-10.34,2026-10-02
ACR02733,STU02733,77.76,78.0,73.7,0,71.76,-6.0,2026-10-02
ACR02734,STU02734,78.18,70.07,62.36,0,69.18,-9.0,2026-10-02
ACR02735,STU02735,78.57,74.27,67.99,0,68.38,-10.19,2026-10-02
ACR02736,STU02736,68.06,67.67,68.44,0,71.32,3.26,2026-10-02
ACR02737,STU02737,60.96,58.25,50.38,1,52.59,-8.37,2026-10-02
ACR02738,STU02738,75.52,57.13,54.98,0,57.1,-18.42,2026-10-02
ACR02739,STU02739,63.28,66.74,54.16,0,62.29,-0.99,2026-10-02
ACR02740,STU02740,73.23,81.54,83.99,2,76.57,3.34,2026-10-02
ACR02741,STU02741,84.71,69.36,62.66,0,70.55,-14.16,2026-10-02
ACR02742,STU02742,100.0,100.0,100.0,0,94.55,-5.45,2026-10-02
ACR02743,STU02743,94.79,96.4,80.42,0,82.64,-12.15,2026-10-02
ACR02744,STU02744,73.48,73.04,66.84,0,76.44,2.96,2026-10-02
ACR02745,STU02745,60.56,67.87,75.17,1,68.32,7.76,2026-10-02
ACR02746,STU02746,77.19,61.43,66.23,0,75.26,-1.93,2026-10-02
ACR02747,STU02747,92.2,78.51,61.98,0,75.88,-16.32,2026-10-02
ACR02748,STU02748,68.25,75.91,65.0,0,66.23,-2.02,2026-10-02
ACR02749,STU02749,52.61,50.07,48.91,0,60.24,7.63,2026-10-02
ACR02750,STU02750,90.79,65.33,76.51,0,78.16,-12.63,2026-10-02
ACR02751,STU02751,94.61,75.61,80.92,0,76.62,-17.99,2026-10-02
ACR02752,STU02752,100.0,100.0,96.88,0,91.74,-8.26,2026-10-02
ACR02753,STU02753,75.3,71.27,46.09,0,59.81,-15.49,2026-10-02
ACR02754,STU02754,74.68,72.17,59.3,0,70.95,-3.73,2026-10-02
ACR02755,STU02755,86.97,82.5,74.35,0,76.04,-10.93,2026-10-02
ACR02756,STU02756,94.81,67.54,68.04,0,75.65,-19.16,2026-10-02
ACR02757,STU02757,63.6,77.04,56.26,1,66.99,3.39,2026-10-02
ACR02758,STU02758,67.65,59.71,51.19,0,57.07,-10.58,2026-10-02
ACR02759,STU02759,74.64,72.33,58.09,0,77.09,2.45,2026-10-02
ACR02760,STU02760,47.96,38.35,31.07,0,36.19,-11.77,2026-10-02
ACR02761,STU02761,57.53,38.72,43.96,0,51.85,-5.68,2026-10-02
ACR02762,STU02762,100.0,100.0,100.0,0,95.47,-4.53,2026-10-02
ACR02763,STU02763,62.99,49.04,58.02,0,59.6,-3.39,2026-10-02
ACR02764,STU02764,79.49,93.35,67.79,0,83.47,3.98,2026-10-02
ACR02765,STU02765,100.0,100.0,85.43,0,92.51,-7.49,2026-10-02
ACR02766,STU02766,80.08,58.57,60.42,0,59.79,-20.29,2026-10-02
ACR02767,STU02767,46.29,55.14,37.41,1,50.31,4.02,2026-10-02
ACR02768,STU02768,87.49,72.7,73.43,0,80.38,-7.11,2026-10-02
ACR02769,STU02769,79.6,72.89,74.07,0,72.23,-7.37,2026-10-02
ACR02770,STU02770,80.88,60.91,74.09,0,64.53,-16.35,2026-10-02
ACR02771,STU02771,61.45,54.26,62.53,0,68.25,6.8,2026-10-02
ACR02772,STU02772,80.54,74.31,60.26,0,69.11,-11.43,2026-10-02
ACR02773,STU02773,60.14,55.89,61.2,1,57.89,-2.25,2026-10-02
ACR02774,STU02774,92.35,92.02,79.75,0,78.79,-13.56,2026-10-02
ACR02775,STU02775,78.26,75.77,69.17,0,70.27,-7.99,2026-10-02
ACR02776,STU02776,85.25,72.37,71.75,0,87.77,2.52,2026-10-02
ACR02777,STU02777,61.88,75.81,56.78,1,61.24,-0.64,2026-10-02
ACR02778,STU02778,61.36,45.37,66.92,0,59.16,-2.2,2026-10-02
ACR02779,STU02779,100.0,87.1,73.97,0,84.38,-15.62,2026-10-02
ACR02780,STU02780,89.46,76.95,61.42,0,70.85,-18.61,2026-10-02
ACR02781,STU02781,58.4,71.86,71.91,0,69.93,11.53,2026-10-02
ACR02782,STU02782,70.58,77.11,70.53,0,71.78,1.2,2026-10-02
ACR02783,STU02783,89.34,88.45,59.56,0,73.2,-16.14,2026-10-02
ACR02784,STU02784,79.39,67.88,65.59,0,78.01,-1.38,2026-10-02
ACR02785,STU02785,70.9,81.52,63.0,0,71.13,0.23,2026-10-02
ACR02786,STU02786,100.0,98.3,78.24,0,87.31,-12.69,2026-10-02
ACR02787,STU02787,54.47,45.15,48.48,0,47.05,-7.42,2026-10-02
ACR02788,STU02788,74.92,81.35,80.34,0,81.62,6.7,2026-10-02
ACR02789,STU02789,90.14,97.16,83.06,0,79.58,-10.56,2026-10-02
ACR02790,STU02790,67.85,72.28,58.29,0,60.29,-7.56,2026-10-02
ACR02791,STU02791,60.92,64.34,49.97,0,60.69,-0.23,2026-10-02
ACR02792,STU02792,76.48,78.18,52.48,0,73.07,-3.41,2026-10-02
ACR02793,STU02793,73.51,82.46,74.34,0,64.75,-8.76,2026-10-02
ACR02794,STU02794,88.92,74.65,70.05,0,72.7,-16.22,2026-10-02
ACR02795,STU02795,100.0,100.0,75.31,0,81.55,-18.45,2026-10-02
ACR02796,STU02796,76.38,67.74,69.34,0,70.03,-6.35,2026-10-02
ACR02797,STU02797,65.64,56.49,55.85,0,46.84,-18.8,2026-10-02
ACR02798,STU02798,83.75,68.99,74.06,0,72.81,-10.94,2026-10-02
ACR02799,STU02799,83.89,66.55,64.09,0,65.86,-18.03,2026-10-02
ACR02800,STU02800,80.77,83.61,81.21,0,81.26,0.49,2026-10-02
ACR02801,STU02801,53.3,55.89,59.02,1,47.77,-5.53,2026-10-02
ACR02802,STU02802,75.66,78.86,71.64,0,63.0,-12.66,2026-10-02
ACR02803,STU02803,94.3,79.78,87.71,0,95.07,0.77,2026-10-02
ACR02804,STU02804,77.37,84.53,61.82,0,58.66,-18.71,2026-10-02
ACR02805,STU02805,84.7,80.29,85.82,0,90.04,5.34,2026-10-02
ACR02806,STU02806,74.6,62.47,60.97,0,62.3,-12.3,2026-10-02
ACR02807,STU02807,62.56,71.5,67.01,1,61.86,-0.7,2026-10-02
ACR02808,STU02808,80.35,73.22,57.38,0,66.98,-13.37,2026-10-02
ACR02809,STU02809,63.69,66.16,61.04,1,67.91,4.22,2026-10-02
ACR02810,STU02810,100.0,97.53,96.12,0,95.2,-4.8,2026-10-02
ACR02811,STU02811,94.97,76.71,61.98,0,80.14,-14.83,2026-10-02
ACR02812,STU02812,92.64,91.19,84.85,0,79.64,-13.0,2026-10-02
ACR02813,STU02813,90.09,85.26,98.13,0,85.6,-4.49,2026-10-02
ACR02814,STU02814,66.51,61.58,67.95,0,54.04,-12.47,2026-10-02
ACR02815,STU02815,63.0,66.55,71.38,0,64.81,1.81,2026-10-02
ACR02816,STU02816,94.36,84.91,99.5,0,89.91,-4.45,2026-10-02
ACR02817,STU02817,47.54,58.07,58.49,0,57.27,9.73,2026-10-02
ACR02818,STU02818,66.49,79.02,69.17,0,65.77,-0.72,2026-10-02
ACR02819,STU02819,69.77,50.03,58.02,0,65.29,-4.48,2026-10-02
ACR02820,STU02820,90.45,80.95,92.98,0,83.42,-7.03,2026-10-02
ACR02821,STU02821,60.3,61.24,55.72,0,66.46,6.16,2026-10-02
ACR02822,STU02822,100.0,85.84,100.0,0,94.52,-5.48,2026-10-02
ACR02823,STU02823,58.93,70.37,53.95,0,56.46,-2.47,2026-10-02
ACR02824,STU02824,61.55,62.34,51.76,1,57.82,-3.73,2026-10-02
ACR02825,STU02825,100.0,94.35,87.43,0,89.94,-10.06,2026-10-02
ACR02826,STU02826,100.0,98.7,93.18,0,93.4,-6.6,2026-10-02
ACR02827,STU02827,49.77,46.0,49.53,1,51.68,1.91,2026-10-02
ACR02828,STU02828,65.38,58.0,51.79,0,51.76,-13.62,2026-10-02
ACR02829,STU02829,62.48,65.02,67.47,0,51.4,-11.08,2026-10-02
ACR02830,STU02830,72.77,57.77,55.29,1,61.56,-11.21,2026-10-02
ACR02831,STU02831,56.68,63.67,60.41,1,50.46,-6.22,2026-10-02
ACR02832,STU02832,74.42,63.92,69.89,0,64.9,-9.52,2026-10-02
ACR02833,STU02833,80.39,78.83,59.05,0,76.54,-3.85,2026-10-02
ACR02834,STU02834,36.85,57.52,40.7,1,51.29,14.44,2026-10-02
ACR02835,STU02835,54.56,77.91,59.77,0,55.14,0.58,2026-10-02
ACR02836,STU02836,84.37,75.27,75.56,0,68.16,-16.21,2026-10-02
ACR02837,STU02837,82.97,83.36,92.5,2,76.7,-6.27,2026-10-02
ACR02838,STU02838,41.48,29.75,39.85,0,29.46,-12.02,2026-10-02
ACR02839,STU02839,75.29,71.68,59.91,0,61.12,-14.17,2026-10-02
ACR02840,STU02840,71.49,48.69,57.51,0,53.98,-17.51,2026-10-02
ACR02841,STU02841,100.0,91.21,100.0,0,89.01,-10.99,2026-10-02
ACR02842,STU02842,92.79,77.27,80.43,0,98.48,5.69,2026-10-02
ACR02843,STU02843,85.39,76.89,74.04,0,75.68,-9.71,2026-10-02
ACR02844,STU02844,92.61,79.89,77.42,0,78.09,-14.52,2026-10-02
ACR02845,STU02845,74.88,85.62,76.3,0,82.12,7.24,2026-10-02
ACR02846,STU02846,93.63,100.0,75.33,0,85.38,-8.25,2026-10-02
ACR02847,STU02847,67.69,62.03,53.78,0,65.12,-2.57,2026-10-02
ACR02848,STU02848,100.0,82.01,84.64,0,91.14,-8.86,2026-10-02
ACR02849,STU02849,85.58,76.24,72.04,0,77.52,-8.06,2026-10-02
ACR02850,STU02850,86.88,81.47,94.95,0,80.27,-6.61,2026-10-02
ACR02851,STU02851,62.56,66.72,51.88,0,59.89,-2.67,2026-10-02
ACR02852,STU02852,59.59,58.17,64.21,3,64.84,5.25,2026-10-02
ACR02853,STU02853,73.23,81.23,64.24,0,69.89,-3.34,2026-10-02
ACR02854,STU02854,77.73,74.79,75.84,0,85.08,7.35,2026-10-02
ACR02855,STU02855,97.26,73.19,84.91,0,89.35,-7.91,2026-10-02
ACR02856,STU02856,86.2,76.02,88.55,0,84.91,-1.29,2026-10-02
ACR02857,STU02857,80.21,60.88,67.89,0,73.04,-7.17,2026-10-02
ACR02858,STU02858,67.24,65.25,60.16,0,58.56,-8.68,2026-10-02
ACR02859,STU02859,90.98,82.54,89.6,0,81.31,-9.67,2026-10-02
ACR02860,STU02860,75.59,71.39,70.21,0,66.71,-8.88,2026-10-02
ACR02861,STU02861,61.61,70.87,45.03,1,58.95,-2.66,2026-10-02
ACR02862,STU02862,75.78,100.0,84.1,0,80.49,4.71,2026-10-02
ACR02863,STU02863,69.83,71.11,59.98,0,68.93,-0.9,2026-10-02
ACR02864,STU02864,70.01,68.4,50.71,0,65.64,-4.37,2026-10-02
ACR02865,STU02865,94.93,76.63,69.91,0,91.83,-3.1,2026-10-02
ACR02866,STU02866,68.91,72.21,69.26,0,61.36,-7.55,2026-10-02
ACR02867,STU02867,85.94,73.24,71.8,0,80.25,-5.69,2026-10-02
ACR02868,STU02868,42.42,49.41,47.8,1,43.7,1.28,2026-10-02
ACR02869,STU02869,84.5,97.83,81.86,0,75.79,-8.71,2026-10-02
ACR02870,STU02870,48.44,45.2,44.52,3,48.84,0.4,2026-10-02
ACR02871,STU02871,70.06,70.55,60.35,0,62.2,-7.86,2026-10-02
ACR02872,STU02872,83.28,84.3,92.32,0,81.79,-1.49,2026-10-02
ACR02873,STU02873,100.0,89.91,80.26,0,87.43,-12.57,2026-10-02
ACR02874,STU02874,76.97,75.4,89.45,0,81.97,5.0,2026-10-02
ACR02875,STU02875,92.22,100.0,95.14,0,95.82,3.6,2026-10-02
ACR02876,STU02876,94.28,92.39,71.33,0,81.79,-12.49,2026-10-02
ACR02877,STU02877,70.45,69.63,67.77,0,63.94,-6.51,2026-10-02
ACR02878,STU02878,78.84,84.22,73.09,1,71.01,-7.83,2026-10-02
ACR02879,STU02879,65.03,69.64,40.39,0,60.19,-4.84,2026-10-02
ACR02880,STU02880,50.31,52.89,62.8,0,56.21,5.9,2026-10-02
ACR02881,STU02881,80.62,72.84,58.87,0,72.55,-8.07,2026-10-02
ACR02882,STU02882,45.73,41.62,58.05,1,50.26,4.53,2026-10-02
ACR02883,STU02883,78.89,75.52,82.66,0,81.92,3.03,2026-10-02
ACR02884,STU02884,72.21,69.19,73.35,0,72.45,0.24,2026-10-02
ACR02885,STU02885,60.6,63.86,57.86,0,66.57,5.97,2026-10-02
ACR02886,STU02886,80.5,67.95,67.83,0,67.21,-13.29,2026-10-02
ACR02887,STU02887,100.0,100.0,90.69,0,93.41,-6.59,2026-10-02
ACR02888,STU02888,88.27,89.08,74.0,0,89.89,1.62,2026-10-02
ACR02889,STU02889,59.02,51.66,47.8,1,49.29,-9.73,2026-10-02
ACR02890,STU02890,37.1,53.17,46.47,3,46.03,8.93,2026-10-02
ACR02891,STU02891,76.96,63.15,61.21,0,69.92,-7.04,2026-10-02
ACR02892,STU02892,94.06,90.92,98.25,0,90.5,-3.56,2026-10-02
ACR02893,STU02893,81.46,78.24,71.37,0,72.66,-8.8,2026-10-02
ACR02894,STU02894,78.24,78.55,84.53,0,73.97,-4.27,2026-10-02
ACR02895,STU02895,97.11,91.4,89.06,0,89.46,-7.65,2026-10-02
ACR02896,STU02896,85.23,61.09,62.83,0,80.04,-5.19,2026-10-02
ACR02897,STU02897,62.19,63.85,52.62,2,62.54,0.35,2026-10-02
ACR02898,STU02898,51.58,60.35,60.15,0,61.58,10.0,2026-10-02
ACR02899,STU02899,100.0,79.6,73.37,0,78.08,-21.92,2026-10-02
ACR02900,STU02900,100.0,96.6,87.02,0,86.13,-13.87,2026-10-02
ACR02901,STU02901,69.64,67.8,71.07,0,67.75,-1.89,2026-10-02
ACR02902,STU02902,88.33,64.2,66.01,0,70.8,-17.53,2026-10-02
ACR02903,STU02903,70.58,83.98,66.33,0,69.88,-0.7,2026-10-02
ACR02904,STU02904,51.01,52.65,41.95,2,50.37,-0.64,2026-10-02
ACR02905,STU02905,65.3,58.57,50.05,0,44.79,-20.51,2026-10-02
ACR02906,STU02906,46.88,61.47,55.67,1,51.06,4.18,2026-10-02
ACR02907,STU02907,77.5,67.38,64.48,0,65.37,-12.13,2026-10-02
ACR02908,STU02908,88.89,95.75,88.0,0,81.75,-7.14,2026-10-02
ACR02909,STU02909,50.75,53.8,43.51,1,45.99,-4.76,2026-10-02
ACR02910,STU02910,85.22,81.69,66.58,0,78.25,-6.97,2026-10-02
ACR02911,STU02911,81.52,86.71,83.61,0,81.18,-0.34,2026-10-02
ACR02912,STU02912,71.48,66.66,56.71,1,54.82,-16.66,2026-10-02
ACR02913,STU02913,95.02,96.33,77.74,0,85.53,-9.49,2026-10-02
ACR02914,STU02914,54.14,54.31,42.41,0,57.78,3.64,2026-10-02
ACR02915,STU02915,76.53,79.49,49.74,0,61.66,-14.87,2026-10-02
ACR02916,STU02916,45.02,44.87,37.17,0,47.44,2.42,2026-10-02
ACR02917,STU02917,82.53,90.33,86.27,0,87.7,5.17,2026-10-02
ACR02918,STU02918,62.47,54.2,36.95,0,48.29,-14.18,2026-10-02
ACR02919,STU02919,76.54,76.69,68.08,0,74.59,-1.95,2026-10-02
ACR02920,STU02920,94.12,91.29,71.31,0,83.17,-10.95,2026-10-02
ACR02921,STU02921,63.23,53.11,52.1,0,60.12,-3.11,2026-10-02
ACR02922,STU02922,66.87,64.03,79.48,0,69.08,2.21,2026-10-02
ACR02923,STU02923,89.7,84.07,56.24,0,72.78,-16.92,2026-10-02
ACR02924,STU02924,78.98,76.5,63.32,0,78.04,-0.94,2026-10-02
ACR02925,STU02925,62.63,70.08,77.5,0,62.86,0.23,2026-10-02
ACR02926,STU02926,69.98,60.94,58.98,1,66.79,-3.19,2026-10-02
ACR02927,STU02927,56.61,48.41,47.28,0,49.25,-7.36,2026-10-02
ACR02928,STU02928,84.49,83.84,79.27,0,74.98,-9.51,2026-10-02
ACR02929,STU02929,92.92,89.74,78.44,0,82.22,-10.7,2026-10-02
ACR02930,STU02930,98.42,80.12,81.79,0,81.36,-17.06,2026-10-02
ACR02931,STU02931,100.0,100.0,95.53,0,92.92,-7.08,2026-10-02
ACR02932,STU02932,59.58,53.86,47.98,0,60.01,0.43,2026-10-02
ACR02933,STU02933,82.56,82.13,69.73,0,83.67,1.11,2026-10-02
ACR02934,STU02934,51.35,62.88,56.17,0,54.99,3.64,2026-10-02
ACR02935,STU02935,52.73,65.35,59.02,1,49.07,-3.66,2026-10-02
ACR02936,STU02936,54.56,63.55,38.23,1,52.73,-1.83,2026-10-02
ACR02937,STU02937,43.83,49.89,42.56,2,42.76,-1.07,2026-10-02
ACR02938,STU02938,80.11,98.54,77.13,0,82.37,2.26,2026-10-02
ACR02939,STU02939,78.5,77.08,73.31,1,72.83,-5.67,2026-10-02
ACR02940,STU02940,85.58,100.0,97.69,0,86.01,0.43,2026-10-02
ACR02941,STU02941,92.34,76.24,63.29,0,77.19,-15.15,2026-10-02
ACR02942,STU02942,100.0,95.32,84.41,0,89.04,-10.96,2026-10-02
ACR02943,STU02943,71.74,74.33,70.71,0,66.56,-5.18,2026-10-02
ACR02944,STU02944,78.42,75.3,63.99,0,65.33,-13.09,2026-10-02
ACR02945,STU02945,92.25,86.5,77.91,0,81.7,-10.55,2026-10-02
ACR02946,STU02946,92.53,80.24,60.62,0,82.1,-10.43,2026-10-02
ACR02947,STU02947,46.0,65.33,65.16,1,48.99,2.99,2026-10-02
ACR02948,STU02948,84.94,86.64,56.16,0,61.91,-23.03,2026-10-02
ACR02949,STU02949,79.82,86.47,70.6,0,66.46,-13.36,2026-10-02
ACR02950,STU02950,99.24,83.94,72.03,0,84.88,-14.36,2026-10-02
ACR02951,STU02951,77.72,76.38,73.35,2,64.63,-13.09,2026-10-02
ACR02952,STU02952,44.72,52.78,51.65,0,50.35,5.63,2026-10-02
ACR02953,STU02953,100.0,96.55,84.47,0,87.31,-12.69,2026-10-02
ACR02954,STU02954,64.72,84.72,71.09,0,70.21,5.49,2026-10-02
ACR02955,STU02955,96.7,97.19,74.84,0,82.39,-14.31,2026-10-02
ACR02956,STU02956,86.51,69.65,56.99,0,75.06,-11.45,2026-10-02
ACR02957,STU02957,96.54,88.68,76.31,0,81.75,-14.79,2026-10-02
ACR02958,STU02958,100.0,100.0,99.42,0,100.0,0.0,2026-10-02
ACR02959,STU02959,100.0,100.0,87.15,0,95.48,-4.52,2026-10-02
ACR02960,STU02960,66.55,59.33,35.77,0,49.26,-17.29,2026-10-02
ACR02961,STU02961,86.67,78.48,79.04,0,79.68,-6.99,2026-10-02
ACR02962,STU02962,91.21,94.56,82.86,0,90.68,-0.53,2026-10-02
ACR02963,STU02963,100.0,96.36,88.04,0,87.68,-12.32,2026-10-02
ACR02964,STU02964,70.34,93.23,74.5,0,77.42,7.08,2026-10-02
ACR02965,STU02965,83.4,86.8,76.26,0,76.41,-6.99,2026-10-02
ACR02966,STU02966,46.36,56.06,39.02,1,50.7,4.34,2026-10-02
ACR02967,STU02967,83.52,75.01,63.16,0,70.83,-12.69,2026-10-02
ACR02968,STU02968,51.79,47.25,39.06,0,41.78,-10.01,2026-10-02
ACR02969,STU02969,88.46,86.26,72.45,0,75.39,-13.07,2026-10-02
ACR02970,STU02970,69.66,67.61,57.43,1,53.77,-15.89,2026-10-02
ACR02971,STU02971,38.87,43.52,50.34,3,45.11,6.24,2026-10-02
ACR02972,STU02972,53.79,46.48,46.58,1,43.35,-10.44,2026-10-02
ACR02973,STU02973,71.29,66.48,63.33,0,68.98,-2.31,2026-10-02
ACR02974,STU02974,87.62,79.3,78.81,0,75.27,-12.35,2026-10-02
ACR02975,STU02975,78.24,86.94,59.99,0,63.41,-14.83,2026-10-02
ACR02976,STU02976,76.1,76.5,71.52,0,75.78,-0.32,2026-10-02
ACR02977,STU02977,73.61,77.47,73.61,0,72.67,-0.94,2026-10-02
ACR02978,STU02978,100.0,86.76,96.23,0,88.41,-11.59,2026-10-02
ACR02979,STU02979,98.49,87.38,94.1,0,86.67,-11.82,2026-10-02
ACR02980,STU02980,56.22,57.17,53.23,2,43.29,-12.93,2026-10-02
ACR02981,STU02981,94.98,96.86,77.96,0,84.5,-10.48,2026-10-02
ACR02982,STU02982,64.47,84.51,66.67,1,74.39,9.92,2026-10-02
ACR02983,STU02983,77.22,66.95,73.11,1,69.03,-8.19,2026-10-02
ACR02984,STU02984,76.34,85.22,79.51,0,75.61,-0.73,2026-10-02
ACR02985,STU02985,75.62,73.45,66.2,0,74.7,-0.92,2026-10-02
ACR02986,STU02986,88.97,92.86,71.49,0,78.88,-10.09,2026-10-02
ACR02987,STU02987,90.57,81.9,72.93,0,80.58,-9.99,2026-10-02
ACR02988,STU02988,68.59,70.98,64.53,0,61.27,-7.32,2026-10-02
ACR02989,STU02989,73.79,61.55,65.69,1,59.77,-14.02,2026-10-02
ACR02990,STU02990,81.38,67.79,67.85,0,69.75,-11.63,2026-10-02
ACR02991,STU02991,98.58,92.31,80.01,0,74.29,-24.29,2026-10-02
ACR02992,STU02992,72.56,70.88,71.26,0,70.33,-2.23,2026-10-02
ACR02993,STU02993,86.7,80.29,63.76,0,67.62,-19.08,2026-10-02
ACR02994,STU02994,79.35,79.46,78.07,0,70.56,-8.79,2026-10-02
ACR02995,STU02995,76.07,88.26,75.7,0,74.72,-1.35,2026-10-02
ACR02996,STU02996,70.73,61.7,61.4,0,73.28,2.55,2026-10-02
ACR02997,STU02997,77.2,57.81,66.77,0,60.98,-16.22,2026-10-02
ACR02998,STU02998,77.09,83.89,67.1,0,81.59,4.5,2026-10-02
ACR02999,STU02999,65.4,71.12,54.39,0,66.72,1.32,2026-10-02
ACR03000,STU03000,93.07,88.89,87.12,0,85.2,-7.87,2026-10-02
ACR03001,STU03001,57.79,58.81,62.36,0,59.76,1.97,2026-10-02
ACR03002,STU03002,100.0,92.69,74.94,0,89.51,-10.49,2026-10-02
ACR03003,STU03003,84.09,75.76,79.66,0,73.63,-10.46,2026-10-02
ACR03004,STU03004,84.99,74.42,72.62,0,71.54,-13.45,2026-10-02
ACR03005,STU03005,60.25,60.8,68.0,0,54.04,-6.21,2026-10-02
ACR03006,STU03006,80.95,77.17,80.69,0,72.63,-8.32,2026-10-02
ACR03007,STU03007,75.44,89.6,74.5,0,78.53,3.09,2026-10-02
ACR03008,STU03008,89.21,92.19,69.5,0,83.27,-5.94,2026-10-02
ACR03009,STU03009,72.75,72.68,65.11,1,62.05,-10.7,2026-10-02
ACR03010,STU03010,100.0,89.9,92.17,0,92.88,-7.12,2026-10-02
ACR03011,STU03011,72.91,77.44,75.14,0,65.7,-7.21,2026-10-02
ACR03012,STU03012,80.47,69.37,54.66,0,68.33,-12.14,2026-10-02
ACR03013,STU03013,67.78,74.59,72.59,1,60.14,-7.64,2026-10-02
ACR03014,STU03014,87.85,78.64,77.78,1,79.94,-7.91,2026-10-02
ACR03015,STU03015,91.49,97.72,71.83,0,86.02,-5.47,2026-10-02
ACR03016,STU03016,67.39,70.23,62.64,1,57.43,-9.96,2026-10-02
ACR03017,STU03017,80.67,73.53,59.59,0,80.2,-0.47,2026-10-02
ACR03018,STU03018,82.47,64.67,71.89,0,80.51,-1.96,2026-10-02
ACR03019,STU03019,94.39,89.52,73.66,0,80.72,-13.67,2026-10-02
ACR03020,STU03020,100.0,90.99,92.22,0,87.8,-12.2,2026-10-02
ACR03021,STU03021,74.71,80.23,67.44,0,60.72,-13.99,2026-10-02
ACR03022,STU03022,67.24,62.63,63.47,0,57.37,-9.87,2026-10-02
ACR03023,STU03023,70.1,84.84,60.42,0,72.34,2.24,2026-10-02
ACR03024,STU03024,97.32,90.69,89.05,0,94.06,-3.26,2026-10-02
ACR03025,STU03025,53.01,60.1,32.45,2,50.68,-2.33,2026-10-02
ACR03026,STU03026,98.56,92.89,82.71,0,89.65,-8.91,2026-10-02
ACR03027,STU03027,73.84,73.44,58.7,0,59.28,-14.56,2026-10-02
ACR03028,STU03028,76.37,71.48,64.23,0,64.94,-11.43,2026-10-02
ACR03029,STU03029,88.08,80.68,78.76,0,72.26,-15.82,2026-10-02
ACR03030,STU03030,53.94,48.49,36.46,2,42.22,-11.72,2026-10-02
ACR03031,STU03031,68.03,74.78,64.32,0,68.4,0.37,2026-10-02
ACR03032,STU03032,100.0,97.68,75.92,0,89.08,-10.92,2026-10-02
ACR03033,STU03033,86.21,74.94,75.12,0,78.25,-7.96,2026-10-02
ACR03034,STU03034,61.44,47.13,52.63,1,50.9,-10.54,2026-10-02
ACR03035,STU03035,62.79,41.69,56.88,0,39.46,-23.33,2026-10-02
ACR03036,STU03036,77.1,70.36,57.59,0,60.5,-16.6,2026-10-02
ACR03037,STU03037,66.78,80.31,66.08,0,59.69,-7.09,2026-10-02
ACR03038,STU03038,72.97,66.67,57.98,0,65.83,-7.14,2026-10-02
ACR03039,STU03039,77.45,75.13,81.07,0,87.36,9.91,2026-10-02
ACR03040,STU03040,73.13,69.93,62.61,1,73.05,-0.08,2026-10-02
ACR03041,STU03041,80.12,68.97,56.5,0,63.5,-16.62,2026-10-02
ACR03042,STU03042,82.03,81.26,70.98,0,77.7,-4.33,2026-10-02
ACR03043,STU03043,69.18,81.17,70.57,0,68.97,-0.21,2026-10-02
ACR03044,STU03044,62.3,50.15,43.55,0,58.02,-4.28,2026-10-02
ACR03045,STU03045,65.54,67.34,53.91,2,65.84,0.3,2026-10-02
ACR03046,STU03046,84.23,67.43,63.7,0,67.49,-16.74,2026-10-02
ACR03047,STU03047,66.23,83.55,79.77,0,75.36,9.13,2026-10-02
ACR03048,STU03048,96.72,90.37,84.49,0,88.45,-8.27,2026-10-02
ACR03049,STU03049,66.15,60.22,60.84,0,60.4,-5.75,2026-10-02
ACR03050,STU03050,89.71,80.98,72.87,0,81.51,-8.2,2026-10-02
ACR03051,STU03051,71.11,63.71,53.95,0,60.27,-10.84,2026-10-02
ACR03052,STU03052,82.33,66.76,73.99,0,60.42,-21.91,2026-10-02
ACR03053,STU03053,65.2,67.82,58.44,0,60.49,-4.71,2026-10-02
ACR03054,STU03054,71.13,78.46,50.42,0,68.82,-2.31,2026-10-02
ACR03055,STU03055,75.84,84.21,67.38,0,74.96,-0.88,2026-10-02
ACR03056,STU03056,77.63,56.38,71.7,0,65.8,-11.83,2026-10-02
ACR03057,STU03057,63.35,76.53,82.19,1,67.39,4.04,2026-10-02
ACR03058,STU03058,60.24,66.49,54.57,0,56.54,-3.7,2026-10-02
ACR03059,STU03059,94.8,75.52,84.46,0,75.67,-19.13,2026-10-02
ACR03060,STU03060,100.0,100.0,77.83,0,83.91,-16.09,2026-10-02
ACR03061,STU03061,68.78,59.22,63.75,0,62.02,-6.76,2026-10-02
ACR03062,STU03062,85.68,85.78,64.11,0,78.71,-6.97,2026-10-02
ACR03063,STU03063,68.14,75.08,66.12,0,62.33,-5.81,2026-10-02
ACR03064,STU03064,33.61,51.44,55.32,2,45.52,11.91,2026-10-02
ACR03065,STU03065,67.55,71.75,61.34,1,66.41,-1.14,2026-10-02
ACR03066,STU03066,64.86,70.22,66.71,0,68.31,3.45,2026-10-02
ACR03067,STU03067,59.24,56.99,54.15,2,54.82,-4.42,2026-10-02
ACR03068,STU03068,53.11,74.61,64.87,2,54.26,1.15,2026-10-02
ACR03069,STU03069,62.76,56.25,56.59,0,56.27,-6.49,2026-10-02
ACR03070,STU03070,81.81,70.6,74.8,0,76.77,-5.04,2026-10-02
ACR03071,STU03071,74.82,61.78,66.41,0,69.53,-5.29,2026-10-02
ACR03072,STU03072,91.16,88.53,64.56,0,80.61,-10.55,2026-10-02
ACR03073,STU03073,87.96,83.34,79.23,0,77.9,-10.06,2026-10-02
ACR03074,STU03074,59.28,71.24,62.75,0,61.57,2.29,2026-10-02
ACR03075,STU03075,100.0,89.99,78.14,0,81.03,-18.97,2026-10-02
ACR03076,STU03076,68.45,49.0,45.34,0,56.57,-11.88,2026-10-02
ACR03077,STU03077,71.32,74.41,66.42,2,67.0,-4.32,2026-10-02
ACR03078,STU03078,59.82,56.15,44.17,0,56.53,-3.29,2026-10-02
ACR03079,STU03079,68.7,82.57,62.68,0,73.14,4.44,2026-10-02
ACR03080,STU03080,85.72,72.3,74.6,0,79.74,-5.98,2026-10-02
ACR03081,STU03081,70.94,70.1,63.23,0,71.24,0.3,2026-10-02
ACR03082,STU03082,65.06,56.12,53.15,1,62.73,-2.33,2026-10-02
ACR03083,STU03083,97.18,82.6,77.28,0,82.36,-14.82,2026-10-02
ACR03084,STU03084,70.5,59.28,60.91,0,70.31,-0.19,2026-10-02
ACR03085,STU03085,46.73,40.8,48.65,1,38.91,-7.82,2026-10-02
ACR03086,STU03086,75.68,73.43,69.94,0,66.4,-9.28,2026-10-02
ACR03087,STU03087,68.0,59.84,56.38,0,73.7,5.7,2026-10-02
ACR03088,STU03088,100.0,93.99,71.35,0,87.12,-12.88,2026-10-02
ACR03089,STU03089,87.58,76.3,84.34,0,87.89,0.31,2026-10-02
ACR03090,STU03090,93.79,92.16,82.17,0,86.22,-7.57,2026-10-02
ACR03091,STU03091,82.54,92.55,66.86,0,72.85,-9.69,2026-10-02
ACR03092,STU03092,56.24,58.35,42.22,2,58.1,1.86,2026-10-02
ACR03093,STU03093,69.2,57.54,56.81,0,48.72,-20.48,2026-10-02
ACR03094,STU03094,51.47,43.59,43.48,0,41.37,-10.1,2026-10-02
ACR03095,STU03095,95.87,91.17,81.04,0,90.9,-4.97,2026-10-02
ACR03096,STU03096,48.51,58.09,60.59,2,45.91,-2.6,2026-10-02
ACR03097,STU03097,37.85,51.47,48.64,0,47.52,9.67,2026-10-02
ACR03098,STU03098,57.78,53.96,59.45,1,53.28,-4.5,2026-10-02
ACR03099,STU03099,95.18,86.21,66.89,0,69.99,-25.19,2026-10-02
ACR03100,STU03100,42.58,43.12,41.41,3,37.89,-4.69,2026-10-02
ACR03101,STU03101,86.86,71.25,73.36,0,75.55,-11.31,2026-10-02
ACR03102,STU03102,59.7,68.21,57.43,0,66.97,7.27,2026-10-02
ACR03103,STU03103,56.8,50.42,38.91,1,39.37,-17.43,2026-10-02
ACR03104,STU03104,67.87,58.05,67.27,0,67.58,-0.29,2026-10-02
ACR03105,STU03105,65.0,53.98,51.75,0,58.37,-6.63,2026-10-02
ACR03106,STU03106,79.35,81.35,71.16,0,74.47,-4.88,2026-10-02
ACR03107,STU03107,98.7,90.28,91.39,0,84.76,-13.94,2026-10-02
ACR03108,STU03108,67.88,55.24,59.88,0,52.77,-15.11,2026-10-02
ACR03109,STU03109,69.01,75.06,68.43,0,69.77,0.76,2026-10-02
ACR03110,STU03110,87.41,77.95,67.98,0,78.35,-9.06,2026-10-02
ACR03111,STU03111,58.54,51.97,52.84,2,48.33,-10.21,2026-10-02
ACR03112,STU03112,73.94,83.9,62.76,0,67.63,-6.31,2026-10-02
ACR03113,STU03113,87.72,63.2,59.09,0,61.11,-26.61,2026-10-02
ACR03114,STU03114,92.39,100.0,86.8,0,96.84,4.45,2026-10-02
ACR03115,STU03115,73.77,75.26,70.63,0,77.16,3.39,2026-10-02
ACR03116,STU03116,100.0,94.64,100.0,0,93.05,-6.95,2026-10-02
ACR03117,STU03117,94.46,98.94,72.66,0,78.36,-16.1,2026-10-02
ACR03118,STU03118,66.41,70.45,48.49,1,48.34,-18.07,2026-10-02
ACR03119,STU03119,83.85,84.6,65.48,0,68.93,-14.92,2026-10-02
ACR03120,STU03120,85.21,82.09,78.8,0,79.97,-5.24,2026-10-02
ACR03121,STU03121,93.49,88.67,86.53,0,78.1,-15.39,2026-10-02
ACR03122,STU03122,91.93,79.38,64.17,0,73.75,-18.18,2026-10-02
ACR03123,STU03123,80.89,82.02,63.15,0,69.86,-11.03,2026-10-02
ACR03124,STU03124,79.45,80.84,65.54,0,68.3,-11.15,2026-10-02
ACR03125,STU03125,86.01,74.09,72.88,0,74.63,-11.38,2026-10-02
ACR03126,STU03126,65.18,55.07,74.87,0,62.23,-2.95,2026-10-02
ACR03127,STU03127,80.77,63.69,65.68,0,62.17,-18.6,2026-10-02
ACR03128,STU03128,92.67,93.52,92.89,0,93.74,1.07,2026-10-02
ACR03129,STU03129,55.18,54.35,59.36,0,54.31,-0.87,2026-10-02
ACR03130,STU03130,75.41,79.18,63.59,0,78.75,3.34,2026-10-02
ACR03131,STU03131,82.25,67.52,72.28,0,74.58,-7.67,2026-10-02
ACR03132,STU03132,86.9,79.52,63.53,0,76.48,-10.42,2026-10-02
ACR03133,STU03133,51.99,68.28,37.99,2,50.99,-1.0,2026-10-02
ACR03134,STU03134,100.0,86.45,92.95,0,96.71,-3.29,2026-10-02
ACR03135,STU03135,49.23,30.68,53.54,3,39.81,-9.42,2026-10-02
ACR03136,STU03136,74.99,79.09,68.97,0,78.17,3.18,2026-10-02
ACR03137,STU03137,73.59,78.98,74.1,0,73.94,0.35,2026-10-02
ACR03138,STU03138,83.63,65.79,66.86,0,66.78,-16.85,2026-10-02
ACR03139,STU03139,95.29,81.44,75.87,0,83.76,-11.53,2026-10-02
ACR03140,STU03140,57.7,63.07,56.34,1,56.86,-0.84,2026-10-02
ACR03141,STU03141,72.4,65.82,60.49,0,56.13,-16.27,2026-10-02
ACR03142,STU03142,70.43,65.32,73.37,0,60.22,-10.21,2026-10-02
ACR03143,STU03143,67.26,65.01,51.67,0,61.65,-5.61,2026-10-02
ACR03144,STU03144,62.43,73.53,47.09,0,63.08,0.65,2026-10-02
ACR03145,STU03145,44.8,41.24,27.89,1,41.73,-3.07,2026-10-02
ACR03146,STU03146,100.0,94.67,89.09,0,87.94,-12.06,2026-10-02
ACR03147,STU03147,80.16,57.64,61.16,0,71.99,-8.17,2026-10-02
ACR03148,STU03148,96.15,91.08,72.65,0,84.13,-12.02,2026-10-02
ACR03149,STU03149,76.56,56.14,57.7,0,60.23,-16.33,2026-10-02
ACR03150,STU03150,79.45,75.57,73.7,0,80.44,0.99,2026-10-02
ACR03151,STU03151,67.53,55.89,67.86,0,63.46,-4.07,2026-10-02
ACR03152,STU03152,74.32,72.71,65.52,0,69.1,-5.22,2026-10-02
ACR03153,STU03153,80.47,76.22,73.24,0,78.82,-1.65,2026-10-02
ACR03154,STU03154,65.5,49.28,46.24,1,55.31,-10.19,2026-10-02
ACR03155,STU03155,77.23,69.52,78.57,1,77.84,0.61,2026-10-02
ACR03156,STU03156,78.47,87.71,71.91,0,78.08,-0.39,2026-10-02
ACR03157,STU03157,78.26,66.95,78.1,0,66.02,-12.24,2026-10-02
ACR03158,STU03158,80.09,76.57,77.94,0,74.3,-5.79,2026-10-02
ACR03159,STU03159,77.53,67.68,67.86,1,70.57,-6.96,2026-10-02
ACR03160,STU03160,65.99,75.64,54.76,0,66.58,0.59,2026-10-02
ACR03161,STU03161,68.79,67.94,58.76,0,70.63,1.84,2026-10-02
ACR03162,STU03162,80.21,78.17,53.06,0,73.78,-6.43,2026-10-02
ACR03163,STU03163,93.07,75.0,78.1,0,87.34,-5.73,2026-10-02
ACR03164,STU03164,85.53,84.91,76.05,0,81.91,-3.62,2026-10-02
ACR03165,STU03165,66.9,72.48,66.94,1,59.24,-7.66,2026-10-02
ACR03166,STU03166,96.19,81.94,73.36,0,88.63,-7.56,2026-10-02
ACR03167,STU03167,77.35,63.06,68.68,0,63.26,-14.09,2026-10-02
ACR03168,STU03168,98.85,97.31,80.1,0,91.38,-7.47,2026-10-02
ACR03169,STU03169,73.45,63.59,58.03,0,55.23,-18.22,2026-10-02
ACR03170,STU03170,79.25,71.9,70.68,0,61.16,-18.09,2026-10-02
ACR03171,STU03171,83.29,87.81,78.15,0,73.44,-9.85,2026-10-02
ACR03172,STU03172,47.11,43.88,45.34,1,37.8,-9.31,2026-10-02
ACR03173,STU03173,60.0,74.03,52.38,0,65.23,5.23,2026-10-02
ACR03174,STU03174,62.53,65.21,42.72,1,55.78,-6.75,2026-10-02
ACR03175,STU03175,76.23,59.35,73.47,2,68.22,-8.01,2026-10-02
ACR03176,STU03176,67.6,77.16,56.86,0,63.42,-4.18,2026-10-02
ACR03177,STU03177,67.3,88.85,74.96,0,71.45,4.15,2026-10-02
ACR03178,STU03178,100.0,93.31,100.0,0,100.0,0.0,2026-10-02
ACR03179,STU03179,75.79,79.99,67.25,0,69.64,-6.15,2026-10-02
ACR03180,STU03180,70.33,68.59,62.01,1,65.11,-5.22,2026-10-02
ACR03181,STU03181,65.81,70.66,58.46,2,61.31,-4.5,2026-10-02
ACR03182,STU03182,46.59,37.79,45.99,1,47.26,0.67,2026-10-02
ACR03183,STU03183,88.56,95.71,72.73,0,77.64,-10.92,2026-10-02
ACR03184,STU03184,86.91,95.24,83.74,0,90.93,4.02,2026-10-02
ACR03185,STU03185,52.86,67.83,59.28,0,54.05,1.19,2026-10-02
ACR03186,STU03186,74.26,61.31,60.92,0,66.12,-8.14,2026-10-02
ACR03187,STU03187,58.47,67.4,50.35,0,61.41,2.94,2026-10-02
ACR03188,STU03188,91.25,95.85,77.89,0,88.67,-2.58,2026-10-02
ACR03189,STU03189,67.48,68.34,62.79,0,60.5,-6.98,2026-10-02
ACR03190,STU03190,79.14,68.91,71.0,0,67.44,-11.7,2026-10-02
ACR03191,STU03191,95.86,82.82,68.16,0,85.95,-9.91,2026-10-02
ACR03192,STU03192,67.54,47.59,54.24,1,49.93,-17.61,2026-10-02
ACR03193,STU03193,65.36,77.2,59.48,0,62.85,-2.51,2026-10-02
ACR03194,STU03194,71.01,66.72,58.86,0,65.46,-5.55,2026-10-02
ACR03195,STU03195,75.96,79.67,61.73,1,72.39,-3.57,2026-10-02
ACR03196,STU03196,77.68,73.12,62.85,0,71.19,-6.49,2026-10-02
ACR03197,STU03197,87.59,86.13,90.4,0,91.02,3.43,2026-10-02
ACR03198,STU03198,88.57,80.88,78.64,0,73.38,-15.19,2026-10-02
ACR03199,STU03199,74.06,78.31,62.78,0,73.21,-0.85,2026-10-02
ACR03200,STU03200,47.97,72.17,42.76,0,51.55,3.58,2026-10-02
ACR03201,STU03201,84.91,84.08,87.3,0,80.64,-4.27,2026-10-02
ACR03202,STU03202,74.29,61.23,60.58,0,66.31,-7.98,2026-10-02
ACR03203,STU03203,70.77,76.27,85.1,1,85.84,15.07,2026-10-02
ACR03204,STU03204,74.37,67.78,57.7,0,59.6,-14.77,2026-10-02
ACR03205,STU03205,90.84,82.6,84.18,0,78.62,-12.22,2026-10-02
ACR03206,STU03206,92.71,93.31,80.01,0,81.76,-10.95,2026-10-02
ACR03207,STU03207,54.66,73.7,62.91,2,62.48,7.82,2026-10-02
ACR03208,STU03208,93.43,100.0,80.65,0,84.34,-9.09,2026-10-02
ACR03209,STU03209,93.39,79.12,84.67,0,94.93,1.54,2026-10-02
ACR03210,STU03210,73.07,76.11,75.49,1,69.86,-3.21,2026-10-02
ACR03211,STU03211,55.65,51.0,60.94,1,54.6,-1.05,2026-10-02
ACR03212,STU03212,74.89,76.16,69.21,0,76.72,1.83,2026-10-02
ACR03213,STU03213,86.18,85.24,68.44,0,88.16,1.98,2026-10-02
ACR03214,STU03214,100.0,100.0,89.83,0,88.51,-11.49,2026-10-02
ACR03215,STU03215,88.55,66.55,67.24,0,61.34,-27.21,2026-10-02
ACR03216,STU03216,72.61,63.58,51.63,0,73.48,0.87,2026-10-02
ACR03217,STU03217,59.51,59.0,57.72,0,59.47,-0.04,2026-10-02
ACR03218,STU03218,91.27,85.74,84.87,0,81.96,-9.31,2026-10-02
ACR03219,STU03219,71.55,80.75,64.48,0,74.7,3.15,2026-10-02
ACR03220,STU03220,86.31,75.94,68.05,0,74.07,-12.24,2026-10-02
ACR03221,STU03221,94.93,83.2,76.24,0,72.83,-22.1,2026-10-02
ACR03222,STU03222,62.67,69.77,57.11,1,61.07,-1.6,2026-10-02
ACR03223,STU03223,56.86,66.07,53.62,1,53.9,-2.96,2026-10-02
ACR03224,STU03224,66.02,68.63,71.11,0,70.54,4.52,2026-10-02
ACR03225,STU03225,81.75,80.19,57.38,0,85.52,3.77,2026-10-02
ACR03226,STU03226,50.47,41.08,47.07,2,51.3,0.83,2026-10-02
ACR03227,STU03227,94.7,91.49,77.56,0,80.13,-14.57,2026-10-02
ACR03228,STU03228,82.67,70.47,86.61,0,79.96,-2.71,2026-10-02
ACR03229,STU03229,96.27,77.08,81.57,0,94.04,-2.23,2026-10-02
ACR03230,STU03230,100.0,77.2,89.67,0,79.3,-20.7,2026-10-02
ACR03231,STU03231,91.21,80.68,81.73,0,77.3,-13.91,2026-10-02
ACR03232,STU03232,73.97,67.9,56.99,0,70.57,-3.4,2026-10-02
ACR03233,STU03233,92.79,68.11,58.62,0,74.02,-18.77,2026-10-02
ACR03234,STU03234,85.08,77.95,75.23,0,82.06,-3.02,2026-10-02
ACR03235,STU03235,85.1,82.34,64.42,0,65.3,-19.8,2026-10-02
ACR03236,STU03236,46.49,55.41,57.49,0,52.91,6.42,2026-10-02
ACR03237,STU03237,69.75,70.27,74.3,0,77.23,7.48,2026-10-02
ACR03238,STU03238,68.62,74.91,74.7,0,64.31,-4.31,2026-10-02
ACR03239,STU03239,66.76,47.51,47.66,0,62.32,-4.44,2026-10-02
ACR03240,STU03240,81.56,71.22,71.08,0,68.32,-13.24,2026-10-02
ACR03241,STU03241,60.74,68.88,55.05,0,57.19,-3.55,2026-10-02
ACR03242,STU03242,54.98,60.39,40.48,0,52.52,-2.46,2026-10-02
ACR03243,STU03243,91.06,84.06,91.97,0,88.27,-2.79,2026-10-02
ACR03244,STU03244,61.82,60.31,45.17,0,55.45,-6.37,2026-10-02
ACR03245,STU03245,88.75,89.31,81.65,0,80.07,-8.68,2026-10-02
ACR03246,STU03246,99.71,100.0,89.37,0,97.38,-2.33,2026-10-02
ACR03247,STU03247,80.67,75.36,50.43,0,64.29,-16.38,2026-10-02
ACR03248,STU03248,75.86,69.89,61.23,0,64.24,-11.62,2026-10-02
ACR03249,STU03249,85.67,72.97,75.87,0,71.13,-14.54,2026-10-02
ACR03250,STU03250,54.43,54.48,53.07,0,61.71,7.28,2026-10-02
ACR03251,STU03251,57.72,36.51,62.57,0,47.44,-10.28,2026-10-02
ACR03252,STU03252,88.89,62.78,69.4,0,74.98,-13.91,2026-10-02
ACR03253,STU03253,68.98,51.34,59.78,0,57.73,-11.25,2026-10-02
ACR03254,STU03254,29.74,28.12,36.41,4,32.77,3.03,2026-10-02
ACR03255,STU03255,74.82,82.19,68.19,0,76.01,1.19,2026-10-02
ACR03256,STU03256,65.25,66.92,58.95,0,62.46,-2.79,2026-10-02
ACR03257,STU03257,70.52,66.81,58.26,0,61.88,-8.64,2026-10-02
ACR03258,STU03258,57.13,67.31,53.01,1,63.96,6.83,2026-10-02
ACR03259,STU03259,76.22,77.06,63.9,0,70.18,-6.04,2026-10-02
ACR03260,STU03260,77.84,80.11,77.97,0,68.81,-9.03,2026-10-02
ACR03261,STU03261,94.34,88.54,68.86,0,81.39,-12.95,2026-10-02
ACR03262,STU03262,49.94,28.45,38.45,0,37.21,-12.73,2026-10-02
ACR03263,STU03263,79.7,75.41,85.3,1,70.02,-9.68,2026-10-02
ACR03264,STU03264,85.82,67.8,61.64,0,73.0,-12.82,2026-10-02
ACR03265,STU03265,77.37,65.48,66.44,0,68.25,-9.12,2026-10-02
ACR03266,STU03266,64.42,72.55,57.16,0,60.1,-4.32,2026-10-02
ACR03267,STU03267,85.29,78.65,66.25,0,76.58,-8.71,2026-10-02
ACR03268,STU03268,74.9,63.07,79.24,0,67.08,-7.82,2026-10-02
ACR03269,STU03269,93.59,93.86,91.9,0,76.45,-17.14,2026-10-02
ACR03270,STU03270,70.77,70.29,58.29,1,66.01,-4.76,2026-10-02
ACR03271,STU03271,76.49,86.67,69.79,0,68.85,-7.64,2026-10-02
ACR03272,STU03272,91.64,77.79,84.62,0,86.16,-5.48,2026-10-02
ACR03273,STU03273,73.94,71.07,61.88,0,62.47,-11.47,2026-10-02
ACR03274,STU03274,59.3,64.66,65.43,0,63.21,3.91,2026-10-02
ACR03275,STU03275,79.62,71.72,67.44,0,59.54,-20.08,2026-10-02
ACR03276,STU03276,100.0,91.79,85.78,0,86.98,-13.02,2026-10-02
ACR03277,STU03277,72.73,62.44,59.22,0,61.99,-10.74,2026-10-02
ACR03278,STU03278,47.48,62.93,44.05,2,48.42,0.94,2026-10-02
ACR03279,STU03279,100.0,91.12,80.91,0,77.83,-22.17,2026-10-02
ACR03280,STU03280,61.56,76.01,69.05,0,72.36,10.8,2026-10-02
ACR03281,STU03281,58.3,71.88,59.16,0,62.37,4.07,2026-10-02
ACR03282,STU03282,94.32,85.3,74.07,0,81.64,-12.68,2026-10-02
ACR03283,STU03283,73.17,68.8,71.69,1,72.74,-0.43,2026-10-02
ACR03284,STU03284,84.75,89.52,81.65,0,88.03,3.28,2026-10-02
ACR03285,STU03285,100.0,98.84,68.59,0,87.27,-12.73,2026-10-02
ACR03286,STU03286,68.37,68.74,67.15,0,62.83,-5.54,2026-10-02
ACR03287,STU03287,97.91,83.22,67.94,0,77.52,-20.39,2026-10-02
ACR03288,STU03288,95.84,91.4,83.35,0,88.73,-7.11,2026-10-02
ACR03289,STU03289,76.62,72.93,73.73,0,75.36,-1.26,2026-10-02
ACR03290,STU03290,76.43,71.33,74.48,0,73.59,-2.84,2026-10-02
ACR03291,STU03291,59.47,54.25,56.58,0,56.14,-3.33,2026-10-02
ACR03292,STU03292,70.98,46.54,64.94,0,67.15,-3.83,2026-10-02
ACR03293,STU03293,77.58,62.65,70.14,0,69.67,-7.91,2026-10-02
ACR03294,STU03294,92.01,98.45,92.64,0,93.34,1.33,2026-10-02
ACR03295,STU03295,89.42,79.36,86.7,0,81.94,-7.48,2026-10-02
ACR03296,STU03296,73.56,79.16,62.39,0,71.34,-2.22,2026-10-02
ACR03297,STU03297,60.38,69.65,61.29,0,68.62,8.24,2026-10-02
ACR03298,STU03298,75.62,72.84,80.17,0,76.12,0.5,2026-10-02
ACR03299,STU03299,85.62,75.91,71.69,0,73.22,-12.4,2026-10-02
ACR03300,STU03300,64.82,61.75,52.81,2,59.59,-5.23,2026-10-02
ACR03301,STU03301,78.22,69.59,61.41,0,77.25,-0.97,2026-10-02
ACR03302,STU03302,68.08,58.5,67.98,0,63.7,-4.38,2026-10-02
ACR03303,STU03303,63.78,62.75,69.16,0,53.03,-10.75,2026-10-02
ACR03304,STU03304,78.6,71.46,64.7,0,70.8,-7.8,2026-10-02
ACR03305,STU03305,80.67,72.74,76.74,0,83.83,3.16,2026-10-02
ACR03306,STU03306,41.37,52.35,47.05,2,48.34,6.97,2026-10-02
ACR03307,STU03307,96.07,94.78,63.44,0,96.67,0.6,2026-10-02
ACR03308,STU03308,90.4,78.78,75.09,0,74.84,-15.56,2026-10-02
ACR03309,STU03309,82.03,80.91,71.59,0,74.32,-7.71,2026-10-02
ACR03310,STU03310,88.05,89.8,67.64,0,83.31,-4.74,2026-10-02
ACR03311,STU03311,89.64,98.4,77.08,0,84.09,-5.55,2026-10-02
ACR03312,STU03312,74.87,82.02,65.11,0,69.05,-5.82,2026-10-02
ACR03313,STU03313,78.36,73.43,73.75,0,74.13,-4.23,2026-10-02
ACR03314,STU03314,53.33,62.53,53.42,0,54.62,1.29,2026-10-02
ACR03315,STU03315,62.91,54.74,52.7,1,60.71,-2.2,2026-10-02
ACR03316,STU03316,94.97,80.79,73.61,0,80.05,-14.92,2026-10-02
ACR03317,STU03317,80.22,66.62,54.94,0,74.22,-6.0,2026-10-02
ACR03318,STU03318,93.34,80.32,70.26,0,65.22,-28.12,2026-10-02
ACR03319,STU03319,100.0,100.0,88.19,0,94.16,-5.84,2026-10-02
ACR03320,STU03320,61.08,68.35,56.2,0,49.47,-11.61,2026-10-02
ACR03321,STU03321,94.07,99.7,91.53,0,85.87,-8.2,2026-10-02
ACR03322,STU03322,74.2,71.53,74.46,0,63.21,-10.99,2026-10-02
ACR03323,STU03323,89.35,70.7,81.18,0,71.35,-18.0,2026-10-02
ACR03324,STU03324,76.71,59.34,68.3,0,62.66,-14.05,2026-10-02
ACR03325,STU03325,73.49,62.94,72.62,0,61.48,-12.01,2026-10-02
ACR03326,STU03326,97.23,86.04,78.98,0,74.19,-23.04,2026-10-02
ACR03327,STU03327,87.38,65.96,66.93,0,77.36,-10.02,2026-10-02
ACR03328,STU03328,87.58,94.4,74.82,0,80.95,-6.63,2026-10-02
ACR03329,STU03329,88.57,68.25,60.13,0,66.3,-22.27,2026-10-02
ACR03330,STU03330,71.97,67.5,70.93,1,68.54,-3.43,2026-10-02
ACR03331,STU03331,100.0,90.47,90.98,0,87.43,-12.57,2026-10-02
ACR03332,STU03332,53.79,66.35,64.37,0,54.62,0.83,2026-10-02
ACR03333,STU03333,71.32,87.35,69.73,1,73.26,1.94,2026-10-02
ACR03334,STU03334,100.0,100.0,97.87,0,99.55,-0.45,2026-10-02
ACR03335,STU03335,78.62,75.2,63.69,0,75.22,-3.4,2026-10-02
ACR03336,STU03336,92.43,80.76,76.2,0,79.76,-12.67,2026-10-02
ACR03337,STU03337,71.89,77.22,77.71,0,71.49,-0.4,2026-10-02
ACR03338,STU03338,62.11,58.34,62.99,0,56.94,-5.17,2026-10-02
ACR03339,STU03339,82.44,99.7,80.09,0,85.77,3.33,2026-10-02
ACR03340,STU03340,94.77,88.55,64.06,0,81.56,-13.21,2026-10-02
ACR03341,STU03341,91.92,88.12,85.3,0,83.86,-8.06,2026-10-02
ACR03342,STU03342,93.95,75.32,59.04,0,77.43,-16.52,2026-10-02
ACR03343,STU03343,48.52,60.04,50.27,1,43.93,-4.59,2026-10-02
ACR03344,STU03344,52.12,55.95,52.83,2,53.57,1.45,2026-10-02
ACR03345,STU03345,72.47,65.61,80.03,0,67.97,-4.5,2026-10-02
ACR03346,STU03346,57.19,75.92,65.47,1,51.98,-5.21,2026-10-02
ACR03347,STU03347,75.52,64.91,53.6,0,65.86,-9.66,2026-10-02
ACR03348,STU03348,70.63,65.35,53.77,0,63.66,-6.97,2026-10-02
ACR03349,STU03349,82.82,78.46,69.71,0,65.63,-17.19,2026-10-02
ACR03350,STU03350,86.75,77.83,80.17,0,82.29,-4.46,2026-10-02
ACR03351,STU03351,100.0,100.0,92.52,0,94.87,-5.13,2026-10-02
ACR03352,STU03352,80.0,62.22,50.38,0,67.18,-12.82,2026-10-02
ACR03353,STU03353,66.95,60.59,40.56,0,62.02,-4.93,2026-10-02
ACR03354,STU03354,45.55,42.86,56.78,0,55.41,9.86,2026-10-02
ACR03355,STU03355,92.32,83.63,75.67,0,80.39,-11.93,2026-10-02
ACR03356,STU03356,90.71,94.81,76.53,0,79.05,-11.66,2026-10-02
ACR03357,STU03357,67.17,78.57,61.64,0,72.21,5.04,2026-10-02
ACR03358,STU03358,94.86,84.64,71.95,0,81.7,-13.16,2026-10-02
ACR03359,STU03359,83.31,83.96,83.1,0,85.82,2.51,2026-10-02
ACR03360,STU03360,72.9,72.72,78.47,0,73.49,0.59,2026-10-02
ACR03361,STU03361,88.18,73.59,66.02,0,72.27,-15.91,2026-10-02
ACR03362,STU03362,100.0,100.0,74.16,0,81.99,-18.01,2026-10-02
ACR03363,STU03363,68.55,57.59,53.76,0,61.48,-7.07,2026-10-02
ACR03364,STU03364,79.77,82.0,61.68,0,80.34,0.57,2026-10-02
ACR03365,STU03365,68.21,61.5,43.61,0,53.66,-14.55,2026-10-02
ACR03366,STU03366,70.63,62.67,46.23,0,52.38,-18.25,2026-10-02
ACR03367,STU03367,58.19,70.33,59.16,1,57.87,-0.32,2026-10-02
ACR03368,STU03368,81.63,93.89,61.29,0,81.35,-0.28,2026-10-02
ACR03369,STU03369,70.79,78.52,65.17,0,70.26,-0.53,2026-10-02
ACR03370,STU03370,100.0,92.69,87.94,0,90.52,-9.48,2026-10-02
ACR03371,STU03371,63.65,57.04,45.93,0,55.61,-8.04,2026-10-02
ACR03372,STU03372,100.0,100.0,92.89,0,98.8,-1.2,2026-10-02
ACR03373,STU03373,82.92,85.43,68.54,0,71.39,-11.53,2026-10-02
ACR03374,STU03374,100.0,93.11,86.98,0,93.97,-6.03,2026-10-02
ACR03375,STU03375,100.0,100.0,95.75,0,93.89,-6.11,2026-10-02
ACR03376,STU03376,76.26,78.88,56.81,0,82.23,5.97,2026-10-02
ACR03377,STU03377,82.2,87.94,77.67,2,86.86,4.66,2026-10-02
ACR03378,STU03378,79.99,67.34,71.79,0,75.07,-4.92,2026-10-02
ACR03379,STU03379,96.34,70.13,56.59,0,80.95,-15.39,2026-10-02
ACR03380,STU03380,99.55,82.76,68.43,0,91.57,-7.98,2026-10-02
ACR03381,STU03381,100.0,84.85,84.44,0,80.33,-19.67,2026-10-02
ACR03382,STU03382,64.34,50.47,55.55,2,51.62,-12.72,2026-10-02
ACR03383,STU03383,95.01,78.1,86.08,0,86.83,-8.18,2026-10-02
ACR03384,STU03384,97.12,84.57,81.22,0,86.39,-10.73,2026-10-02
ACR03385,STU03385,87.25,67.74,80.16,0,73.69,-13.56,2026-10-02
ACR03386,STU03386,72.45,75.02,61.46,0,60.23,-12.22,2026-10-02
ACR03387,STU03387,94.98,95.23,87.18,0,85.83,-9.15,2026-10-02
ACR03388,STU03388,77.08,62.77,64.93,1,65.05,-12.03,2026-10-02
ACR03389,STU03389,93.67,86.54,72.55,0,80.89,-12.78,2026-10-02
ACR03390,STU03390,68.29,76.15,64.16,0,56.87,-11.42,2026-10-02
ACR03391,STU03391,56.14,57.84,48.15,0,43.59,-12.55,2026-10-02
ACR03392,STU03392,83.63,69.98,87.82,0,83.23,-0.4,2026-10-02
ACR03393,STU03393,84.53,67.37,75.62,0,71.34,-13.19,2026-10-02
ACR03394,STU03394,70.96,73.56,50.65,0,71.27,0.31,2026-10-02
ACR03395,STU03395,59.96,66.95,62.82,0,70.04,10.08,2026-10-02
ACR03396,STU03396,76.78,72.19,70.7,0,70.55,-6.23,2026-10-02
ACR03397,STU03397,55.57,55.3,43.86,0,47.34,-8.23,2026-10-02
ACR03398,STU03398,73.55,66.29,58.36,0,69.65,-3.9,2026-10-02
ACR03399,STU03399,66.5,58.8,55.85,2,52.5,-14.0,2026-10-02
ACR03400,STU03400,59.58,86.91,59.54,2,65.98,6.4,2026-10-02
ACR03401,STU03401,90.37,79.12,81.16,0,91.63,1.26,2026-10-02
ACR03402,STU03402,91.42,78.0,69.39,0,82.69,-8.73,2026-10-02
ACR03403,STU03403,84.69,70.65,69.95,0,75.36,-9.33,2026-10-02
ACR03404,STU03404,95.05,82.84,73.73,0,84.37,-10.68,2026-10-02
ACR03405,STU03405,75.44,81.78,80.92,0,79.96,4.52,2026-10-02
ACR03406,STU03406,78.68,82.4,73.0,0,70.15,-8.53,2026-10-02
ACR03407,STU03407,55.29,72.31,56.35,0,67.97,12.68,2026-10-02
ACR03408,STU03408,100.0,88.07,91.78,0,97.7,-2.3,2026-10-02
ACR03409,STU03409,46.7,68.2,43.12,2,52.42,5.72,2026-10-02
ACR03410,STU03410,73.14,77.3,48.58,0,61.99,-11.15,2026-10-02
ACR03411,STU03411,72.4,69.99,70.33,0,68.02,-4.38,2026-10-02
ACR03412,STU03412,63.52,70.5,70.47,0,62.2,-1.32,2026-10-02
ACR03413,STU03413,63.08,75.15,62.73,0,68.38,5.3,2026-10-02
ACR03414,STU03414,64.44,76.11,70.68,1,71.3,6.86,2026-10-02
ACR03415,STU03415,68.88,61.9,63.18,0,73.4,4.52,2026-10-02
ACR03416,STU03416,97.11,87.4,82.11,0,96.17,-0.94,2026-10-02
ACR03417,STU03417,61.23,59.15,61.87,0,55.82,-5.41,2026-10-02
ACR03418,STU03418,79.53,80.08,64.08,0,69.21,-10.32,2026-10-02
ACR03419,STU03419,67.12,85.14,65.29,0,63.92,-3.2,2026-10-02
ACR03420,STU03420,100.0,96.92,84.65,0,94.74,-5.26,2026-10-02
ACR03421,STU03421,77.05,73.0,74.15,0,64.56,-12.49,2026-10-02
ACR03422,STU03422,81.9,83.07,83.43,0,82.95,1.05,2026-10-02
ACR03423,STU03423,100.0,100.0,80.28,0,93.52,-6.48,2026-10-02
ACR03424,STU03424,75.29,78.4,58.86,0,65.3,-9.99,2026-10-02
ACR03425,STU03425,89.92,80.31,68.63,0,83.38,-6.54,2026-10-02
ACR03426,STU03426,84.43,82.67,78.21,0,72.68,-11.75,2026-10-02
ACR03427,STU03427,79.12,52.73,65.83,0,72.51,-6.61,2026-10-02
ACR03428,STU03428,82.72,80.16,54.75,0,67.9,-14.82,2026-10-02
ACR03429,STU03429,65.19,54.26,39.37,1,61.81,-3.38,2026-10-02
ACR03430,STU03430,52.57,63.26,42.53,1,48.83,-3.74,2026-10-02
ACR03431,STU03431,77.53,71.07,63.64,0,77.94,0.41,2026-10-02
ACR03432,STU03432,66.7,80.29,60.05,0,64.4,-2.3,2026-10-02
ACR03433,STU03433,71.54,84.65,76.41,0,85.66,14.12,2026-10-02
ACR03434,STU03434,78.26,81.5,68.57,0,79.4,1.14,2026-10-02
ACR03435,STU03435,92.11,80.17,79.97,0,71.13,-20.98,2026-10-02
ACR03436,STU03436,86.83,68.78,55.52,0,68.73,-18.1,2026-10-02
ACR03437,STU03437,61.26,69.66,55.22,0,55.18,-6.08,2026-10-02
ACR03438,STU03438,73.31,72.18,65.79,0,75.24,1.93,2026-10-02
ACR03439,STU03439,96.66,100.0,96.93,0,89.59,-7.07,2026-10-02
ACR03440,STU03440,74.51,62.85,63.44,0,64.5,-10.01,2026-10-02
ACR03441,STU03441,63.72,56.52,62.99,1,67.47,3.75,2026-10-02
ACR03442,STU03442,91.13,83.84,74.31,0,77.11,-14.02,2026-10-02
ACR03443,STU03443,71.98,73.66,58.18,0,69.38,-2.6,2026-10-02
ACR03444,STU03444,76.86,75.31,64.27,0,66.77,-10.09,2026-10-02
ACR03445,STU03445,57.53,61.26,61.93,1,53.1,-4.43,2026-10-02
ACR03446,STU03446,89.57,84.39,73.23,0,85.82,-3.75,2026-10-02
ACR03447,STU03447,88.14,79.14,77.54,0,72.99,-15.15,2026-10-02
ACR03448,STU03448,77.84,91.29,80.31,0,77.09,-0.75,2026-10-02
ACR03449,STU03449,71.66,79.8,58.5,0,68.76,-2.9,2026-10-02
ACR03450,STU03450,71.55,70.57,67.68,0,68.26,-3.29,2026-10-02
ACR03451,STU03451,81.75,80.19,72.56,0,82.88,1.13,2026-10-02
ACR03452,STU03452,94.06,71.42,74.6,0,79.91,-14.15,2026-10-02
ACR03453,STU03453,65.18,68.29,57.26,1,53.78,-11.4,2026-10-02
ACR03454,STU03454,62.9,47.08,38.96,0,49.8,-13.1,2026-10-02
ACR03455,STU03455,74.13,86.15,81.99,0,76.09,1.96,2026-10-02
ACR03456,STU03456,97.04,78.02,86.25,0,80.95,-16.09,2026-10-02
ACR03457,STU03457,95.72,95.89,72.47,0,84.29,-11.43,2026-10-02
ACR03458,STU03458,76.05,72.65,68.65,0,72.91,-3.14,2026-10-02
ACR03459,STU03459,75.28,62.67,62.53,0,67.79,-7.49,2026-10-02
ACR03460,STU03460,46.79,67.57,66.14,2,57.97,11.18,2026-10-02
ACR03461,STU03461,95.15,90.41,79.76,0,90.59,-4.56,2026-10-02
ACR03462,STU03462,66.31,67.79,58.86,0,64.72,-1.59,2026-10-02
ACR03463,STU03463,82.16,79.53,58.96,0,64.36,-17.8,2026-10-02
ACR03464,STU03464,98.51,93.3,72.87,0,87.62,-10.89,2026-10-02
ACR03465,STU03465,72.18,71.18,61.22,0,66.93,-5.25,2026-10-02
ACR03466,STU03466,44.88,42.49,40.76,1,47.56,2.68,2026-10-02
ACR03467,STU03467,78.1,70.0,73.89,0,67.52,-10.58,2026-10-02
ACR03468,STU03468,88.21,74.97,75.99,0,79.85,-8.36,2026-10-02
ACR03469,STU03469,62.99,69.82,82.59,0,61.4,-1.59,2026-10-02
ACR03470,STU03470,100.0,87.93,92.92,0,97.22,-2.78,2026-10-02
ACR03471,STU03471,72.45,73.35,79.37,0,81.87,9.42,2026-10-02
ACR03472,STU03472,70.33,80.32,58.79,0,69.14,-1.19,2026-10-02
ACR03473,STU03473,67.18,59.01,64.96,0,63.04,-4.14,2026-10-02
ACR03474,STU03474,73.5,59.71,70.3,1,70.31,-3.19,2026-10-02
ACR03475,STU03475,77.13,79.82,72.85,0,69.59,-7.54,2026-10-02
ACR03476,STU03476,71.2,59.09,75.16,0,57.08,-14.12,2026-10-02
ACR03477,STU03477,81.21,83.79,70.06,0,60.59,-20.62,2026-10-02
ACR03478,STU03478,55.46,60.41,54.75,1,44.44,-11.02,2026-10-02
ACR03479,STU03479,84.11,79.72,69.52,0,71.3,-12.81,2026-10-02
ACR03480,STU03480,59.47,64.94,65.96,0,54.12,-5.35,2026-10-02
ACR03481,STU03481,36.5,36.06,35.78,1,40.31,3.81,2026-10-02
ACR03482,STU03482,59.44,86.61,80.7,0,67.96,8.52,2026-10-02
ACR03483,STU03483,98.46,96.03,87.36,0,87.47,-10.99,2026-10-02
ACR03484,STU03484,73.82,83.49,61.17,0,65.65,-8.17,2026-10-02
ACR03485,STU03485,77.0,72.02,68.31,0,61.71,-15.29,2026-10-02
ACR03486,STU03486,71.58,74.89,63.0,0,66.78,-4.8,2026-10-02
ACR03487,STU03487,100.0,97.6,99.73,0,97.79,-2.21,2026-10-02
ACR03488,STU03488,83.58,71.07,69.3,0,74.45,-9.13,2026-10-02
ACR03489,STU03489,63.51,67.27,67.98,1,61.16,-2.35,2026-10-02
ACR03490,STU03490,64.95,68.51,67.97,1,65.11,0.16,2026-10-02
ACR03491,STU03491,100.0,87.72,74.65,0,81.73,-18.27,2026-10-02
ACR03492,STU03492,79.17,76.83,74.5,0,63.21,-15.96,2026-10-02
ACR03493,STU03493,60.91,66.38,67.11,0,64.65,3.74,2026-10-02
ACR03494,STU03494,78.89,80.38,66.82,0,71.87,-7.02,2026-10-02
ACR03495,STU03495,57.5,66.35,58.13,0,65.66,8.16,2026-10-02
ACR03496,STU03496,86.41,80.91,86.03,0,82.53,-3.88,2026-10-02
ACR03497,STU03497,100.0,95.14,87.53,0,92.65,-7.35,2026-10-02
ACR03498,STU03498,85.44,74.35,77.28,0,77.85,-7.59,2026-10-02
ACR03499,STU03499,73.51,72.09,42.75,0,73.28,-0.23,2026-10-02
ACR03500,STU03500,61.27,57.33,61.8,1,58.13,-3.14,2026-10-02
ACR03501,STU03501,79.48,72.23,52.41,1,70.87,-8.61,2026-10-02
ACR03502,STU03502,90.0,74.63,85.15,0,79.14,-10.86,2026-10-02
ACR03503,STU03503,95.9,74.94,78.95,0,76.6,-19.3,2026-10-02
ACR03504,STU03504,94.56,97.33,80.62,0,85.47,-9.09,2026-10-02
ACR03505,STU03505,71.38,79.23,70.03,0,76.2,4.82,2026-10-02
ACR03506,STU03506,94.34,68.01,69.93,0,78.2,-16.14,2026-10-02
ACR03507,STU03507,67.03,57.28,63.42,0,58.63,-8.4,2026-10-02
ACR03508,STU03508,63.81,71.04,67.02,0,64.33,0.52,2026-10-02
ACR03509,STU03509,59.04,68.26,61.69,0,63.83,4.79,2026-10-02
ACR03510,STU03510,67.96,75.4,63.05,1,70.72,2.76,2026-10-02
ACR03511,STU03511,43.77,54.02,46.85,0,40.76,-3.01,2026-10-02
ACR03512,STU03512,94.95,80.61,81.23,0,83.77,-11.18,2026-10-02
ACR03513,STU03513,98.2,87.25,68.25,0,85.37,-12.83,2026-10-02
ACR03514,STU03514,84.97,84.85,77.38,0,76.47,-8.5,2026-10-02
ACR03515,STU03515,91.83,86.52,86.46,0,89.54,-2.29,2026-10-02
ACR03516,STU03516,70.44,71.07,61.27,0,71.15,0.71,2026-10-02
ACR03517,STU03517,92.53,98.13,80.1,0,82.26,-10.27,2026-10-02
ACR03518,STU03518,92.99,79.81,79.24,0,83.45,-9.54,2026-10-02
ACR03519,STU03519,88.42,79.68,71.31,0,78.18,-10.24,2026-10-02
ACR03520,STU03520,82.39,76.75,65.9,0,70.92,-11.47,2026-10-02
ACR03521,STU03521,67.03,64.46,70.99,0,62.77,-4.26,2026-10-02
ACR03522,STU03522,63.89,56.17,40.08,0,60.33,-3.56,2026-10-02
ACR03523,STU03523,96.59,87.3,78.52,0,79.4,-17.19,2026-10-02
ACR03524,STU03524,61.71,59.79,62.48,0,59.19,-2.52,2026-10-02
ACR03525,STU03525,95.19,92.55,92.54,0,100.0,4.81,2026-10-02
ACR03526,STU03526,50.18,49.9,50.47,2,53.47,3.29,2026-10-02
ACR03527,STU03527,81.97,74.56,66.14,0,67.15,-14.82,2026-10-02
ACR03528,STU03528,98.17,76.42,74.96,0,81.31,-16.86,2026-10-02
ACR03529,STU03529,100.0,100.0,96.74,0,99.77,-0.23,2026-10-02
ACR03530,STU03530,26.09,35.89,38.95,2,35.24,9.15,2026-10-02
ACR03531,STU03531,75.71,78.72,75.12,0,65.49,-10.22,2026-10-02
ACR03532,STU03532,97.42,89.36,77.39,0,83.42,-14.0,2026-10-02
ACR03533,STU03533,62.9,55.63,62.58,0,58.5,-4.4,2026-10-02
ACR03534,STU03534,75.3,78.83,64.06,0,67.01,-8.29,2026-10-02
ACR03535,STU03535,81.0,97.11,82.34,0,93.91,12.91,2026-10-02
ACR03536,STU03536,46.07,56.42,37.24,2,38.81,-7.26,2026-10-02
ACR03537,STU03537,63.05,69.03,67.36,0,69.89,6.84,2026-10-02
ACR03538,STU03538,100.0,100.0,79.05,0,90.74,-9.26,2026-10-02
ACR03539,STU03539,69.13,65.04,69.52,0,61.52,-7.61,2026-10-02
ACR03540,STU03540,97.36,88.09,84.48,0,82.78,-14.58,2026-10-02
ACR03541,STU03541,90.16,80.92,62.58,0,85.56,-4.6,2026-10-02
ACR03542,STU03542,66.49,56.08,48.28,0,63.18,-3.31,2026-10-02
ACR03543,STU03543,75.38,68.63,58.26,0,71.17,-4.21,2026-10-02
ACR03544,STU03544,92.82,97.72,74.6,0,80.84,-11.98,2026-10-02
ACR03545,STU03545,69.38,68.1,64.43,0,66.24,-3.14,2026-10-02
ACR03546,STU03546,82.54,70.0,74.49,0,75.05,-7.49,2026-10-02
ACR03547,STU03547,63.55,82.08,56.21,0,59.44,-4.11,2026-10-02
ACR03548,STU03548,51.05,53.64,53.61,0,46.8,-4.25,2026-10-02
ACR03549,STU03549,89.39,87.61,78.56,0,83.27,-6.12,2026-10-02
ACR03550,STU03550,63.08,54.47,59.33,0,65.79,2.71,2026-10-02
ACR03551,STU03551,53.44,54.19,57.56,0,52.3,-1.14,2026-10-02
ACR03552,STU03552,100.0,88.86,78.1,0,81.36,-18.64,2026-10-02
ACR03553,STU03553,65.72,69.5,66.09,0,63.74,-1.98,2026-10-02
ACR03554,STU03554,61.14,72.16,56.09,0,63.59,2.45,2026-10-02
ACR03555,STU03555,76.67,81.04,74.76,0,71.09,-5.58,2026-10-02
ACR03556,STU03556,50.8,34.2,50.12,2,51.78,0.98,2026-10-02
ACR03557,STU03557,83.67,75.87,63.65,0,85.34,1.67,2026-10-02
ACR03558,STU03558,98.61,96.21,90.84,0,98.67,0.06,2026-10-02
ACR03559,STU03559,77.11,66.25,62.36,0,63.77,-13.34,2026-10-02
ACR03560,STU03560,65.65,68.01,67.05,0,62.8,-2.85,2026-10-02
ACR03561,STU03561,82.67,90.83,64.85,0,89.74,7.07,2026-10-02
ACR03562,STU03562,56.24,53.0,64.59,2,48.35,-7.89,2026-10-02
ACR03563,STU03563,57.04,62.45,53.07,0,58.84,1.8,2026-10-02
ACR03564,STU03564,79.87,90.72,83.86,2,79.45,-0.42,2026-10-02
ACR03565,STU03565,84.24,69.41,60.81,0,71.04,-13.2,2026-10-02
ACR03566,STU03566,68.47,50.84,60.24,0,60.62,-7.85,2026-10-02
ACR03567,STU03567,82.56,80.17,81.48,0,71.36,-11.2,2026-10-02
ACR03568,STU03568,79.77,98.31,98.94,0,83.32,3.55,2026-10-02
ACR03569,STU03569,70.71,69.06,69.92,0,69.87,-0.84,2026-10-02
ACR03570,STU03570,61.18,80.03,60.83,1,68.24,7.06,2026-10-02
ACR03571,STU03571,74.96,73.15,51.51,0,68.52,-6.44,2026-10-02
ACR03572,STU03572,49.0,48.44,47.54,2,41.44,-7.56,2026-10-02
ACR03573,STU03573,96.88,89.76,80.83,0,85.82,-11.06,2026-10-02
ACR03574,STU03574,38.42,39.13,33.98,3,33.77,-4.65,2026-10-02
ACR03575,STU03575,69.97,75.65,75.0,0,67.63,-2.34,2026-10-02
ACR03576,STU03576,76.77,82.04,73.91,0,71.6,-5.17,2026-10-02
ACR03577,STU03577,84.99,77.46,75.01,0,80.95,-4.04,2026-10-02
ACR03578,STU03578,49.13,57.25,46.53,2,47.78,-1.35,2026-10-02
ACR03579,STU03579,49.32,64.99,51.64,2,54.43,5.11,2026-10-02
ACR03580,STU03580,82.1,72.43,69.07,0,64.28,-17.82,2026-10-02
ACR03581,STU03581,78.05,80.01,86.54,0,85.56,7.51,2026-10-02
ACR03582,STU03582,52.69,64.01,47.17,2,49.48,-3.21,2026-10-02
ACR03583,STU03583,54.14,51.75,54.15,1,46.11,-8.03,2026-10-02
ACR03584,STU03584,95.26,93.03,84.81,0,88.96,-6.3,2026-10-02
ACR03585,STU03585,92.05,92.59,71.87,0,86.47,-5.58,2026-10-02
ACR03586,STU03586,86.09,86.39,69.21,0,78.11,-7.98,2026-10-02
ACR03587,STU03587,65.02,65.15,54.54,0,54.11,-10.91,2026-10-02
ACR03588,STU03588,91.93,95.07,92.72,0,77.02,-14.91,2026-10-02
ACR03589,STU03589,69.94,58.59,69.19,0,66.71,-3.23,2026-10-02
ACR03590,STU03590,93.05,100.0,74.91,0,94.23,1.18,2026-10-02
ACR03591,STU03591,60.8,64.75,59.65,0,67.46,6.66,2026-10-02
ACR03592,STU03592,77.89,85.86,71.26,0,72.71,-5.18,2026-10-02
ACR03593,STU03593,69.48,75.25,59.04,1,60.85,-8.63,2026-10-02
ACR03594,STU03594,76.65,80.54,73.44,0,76.68,0.03,2026-10-02
ACR03595,STU03595,52.28,45.55,44.16,0,44.35,-7.93,2026-10-02
ACR03596,STU03596,100.0,95.6,95.27,0,99.58,-0.42,2026-10-02
ACR03597,STU03597,86.92,85.03,85.16,0,84.93,-1.99,2026-10-02
ACR03598,STU03598,87.0,74.46,77.54,0,83.08,-3.92,2026-10-02
ACR03599,STU03599,65.26,75.1,81.07,0,71.87,6.61,2026-10-02
ACR03600,STU03600,65.31,73.13,54.21,0,62.07,-3.24,2026-10-02
ACR03601,STU03601,69.69,67.05,70.52,1,63.71,-5.98,2026-10-02
ACR03602,STU03602,81.09,90.93,71.43,0,78.45,-2.64,2026-10-02
ACR03603,STU03603,69.06,64.49,50.91,0,57.57,-11.49,2026-10-02
ACR03604,STU03604,89.56,70.34,57.17,0,82.76,-6.8,2026-10-02
ACR03605,STU03605,94.62,77.87,81.35,0,83.75,-10.87,2026-10-02
ACR03606,STU03606,67.99,81.34,60.84,0,74.11,6.12,2026-10-02
ACR03607,STU03607,91.31,89.42,96.51,0,84.77,-6.54,2026-10-02
ACR03608,STU03608,65.82,69.51,64.29,0,64.7,-1.12,2026-10-02
ACR03609,STU03609,63.47,52.12,56.32,0,63.63,0.16,2026-10-02
ACR03610,STU03610,88.79,90.74,79.75,0,74.95,-13.84,2026-10-02
ACR03611,STU03611,66.11,59.15,55.27,0,56.22,-9.89,2026-10-02
ACR03612,STU03612,90.85,76.92,77.8,0,79.41,-11.44,2026-10-02
ACR03613,STU03613,55.23,70.23,48.38,2,49.85,-5.38,2026-10-02
ACR03614,STU03614,67.91,61.67,64.57,0,63.04,-4.87,2026-10-02
ACR03615,STU03615,57.76,55.19,51.64,0,51.43,-6.33,2026-10-02
ACR03616,STU03616,60.97,60.02,54.02,0,64.19,3.22,2026-10-02
ACR03617,STU03617,61.73,62.11,60.31,2,55.93,-5.8,2026-10-02
ACR03618,STU03618,30.99,40.93,32.12,3,35.14,4.15,2026-10-02
ACR03619,STU03619,78.63,78.66,68.24,0,80.84,2.21,2026-10-02
ACR03620,STU03620,100.0,90.91,70.89,0,87.26,-12.74,2026-10-02
ACR03621,STU03621,78.14,72.33,67.99,0,71.87,-6.27,2026-10-02
ACR03622,STU03622,77.7,75.81,48.43,1,63.35,-14.35,2026-10-02
ACR03623,STU03623,57.26,77.34,67.58,1,67.02,9.76,2026-10-02
ACR03624,STU03624,89.11,81.03,72.41,0,80.55,-8.56,2026-10-02
ACR03625,STU03625,89.59,92.39,71.91,0,73.87,-15.72,2026-10-02
ACR03626,STU03626,49.29,48.74,56.36,4,52.19,2.9,2026-10-02
ACR03627,STU03627,69.16,51.5,58.12,0,62.37,-6.79,2026-10-02
ACR03628,STU03628,73.88,91.24,75.9,0,78.8,4.92,2026-10-02
ACR03629,STU03629,100.0,100.0,100.0,0,91.81,-8.19,2026-10-02
ACR03630,STU03630,59.79,58.95,53.19,0,55.76,-4.03,2026-10-02
ACR03631,STU03631,63.98,65.65,60.42,1,58.83,-5.15,2026-10-02
ACR03632,STU03632,66.82,65.51,60.77,0,64.51,-2.31,2026-10-02
ACR03633,STU03633,84.25,90.54,64.87,0,75.51,-8.74,2026-10-02
ACR03634,STU03634,100.0,100.0,88.43,0,90.83,-9.17,2026-10-02
ACR03635,STU03635,85.9,88.58,65.22,0,93.02,7.12,2026-10-02
ACR03636,STU03636,82.85,78.36,69.88,0,71.17,-11.68,2026-10-02
ACR03637,STU03637,90.4,74.51,65.34,0,68.77,-21.63,2026-10-02
ACR03638,STU03638,50.55,64.33,53.34,0,47.87,-2.68,2026-10-02
ACR03639,STU03639,84.59,100.0,72.37,0,80.95,-3.64,2026-10-02
ACR03640,STU03640,66.2,65.53,66.61,2,60.3,-5.9,2026-10-02
ACR03641,STU03641,58.48,70.34,48.1,0,47.31,-11.17,2026-10-02
ACR03642,STU03642,79.22,65.88,66.63,0,62.09,-17.13,2026-10-02
ACR03643,STU03643,100.0,87.14,100.0,0,91.2,-8.8,2026-10-02
ACR03644,STU03644,43.61,45.14,48.06,4,42.77,-0.84,2026-10-02
ACR03645,STU03645,67.41,54.77,51.51,0,55.09,-12.32,2026-10-02
ACR03646,STU03646,83.89,64.91,65.69,0,72.17,-11.72,2026-10-02
ACR03647,STU03647,91.82,82.15,81.72,0,81.68,-10.14,2026-10-02
ACR03648,STU03648,74.38,67.16,48.67,1,61.06,-13.32,2026-10-02
ACR03649,STU03649,79.03,65.19,63.37,0,69.84,-9.19,2026-10-02
ACR03650,STU03650,79.09,83.12,62.77,0,77.34,-1.75,2026-10-02
ACR03651,STU03651,78.64,78.02,58.56,0,69.47,-9.17,2026-10-02
ACR03652,STU03652,82.13,90.08,77.84,0,78.32,-3.81,2026-10-02
ACR03653,STU03653,62.34,60.06,66.31,3,45.77,-16.57,2026-10-02
ACR03654,STU03654,60.6,52.11,62.21,0,50.82,-9.78,2026-10-02
ACR03655,STU03655,53.88,61.52,57.77,1,64.22,10.34,2026-10-02
ACR03656,STU03656,73.73,75.38,56.04,0,57.6,-16.13,2026-10-02
ACR03657,STU03657,67.05,54.93,67.79,0,61.35,-5.7,2026-10-02
ACR03658,STU03658,71.68,72.28,68.96,1,65.58,-6.1,2026-10-02
ACR03659,STU03659,94.89,88.72,74.54,0,84.35,-10.54,2026-10-02
ACR03660,STU03660,75.78,84.27,76.07,0,84.09,8.31,2026-10-02
ACR03661,STU03661,80.22,62.71,60.13,0,70.46,-9.76,2026-10-02
ACR03662,STU03662,70.58,62.76,61.63,0,64.36,-6.22,2026-10-02
ACR03663,STU03663,65.95,64.6,62.24,0,68.0,2.05,2026-10-02
ACR03664,STU03664,87.13,91.95,83.82,0,85.47,-1.66,2026-10-02
ACR03665,STU03665,61.22,64.26,54.3,0,60.38,-0.84,2026-10-02
ACR03666,STU03666,70.38,62.54,60.3,0,61.85,-8.53,2026-10-02
ACR03667,STU03667,89.15,89.0,72.9,0,74.44,-14.71,2026-10-02
ACR03668,STU03668,77.97,66.61,60.11,0,63.83,-14.14,2026-10-02
ACR03669,STU03669,99.62,95.18,86.23,0,81.56,-18.06,2026-10-02
ACR03670,STU03670,81.09,54.56,56.26,0,57.98,-23.11,2026-10-02
ACR03671,STU03671,80.81,71.91,51.83,0,65.66,-15.15,2026-10-02
ACR03672,STU03672,72.17,68.89,59.9,0,70.94,-1.23,2026-10-02
ACR03673,STU03673,93.37,76.99,92.11,0,84.65,-8.72,2026-10-02
ACR03674,STU03674,62.47,66.39,55.81,0,58.94,-3.53,2026-10-02
ACR03675,STU03675,82.27,62.06,69.06,0,64.08,-18.19,2026-10-02
ACR03676,STU03676,73.44,70.44,68.74,0,70.57,-2.87,2026-10-02
ACR03677,STU03677,61.22,63.73,58.54,0,60.39,-0.83,2026-10-02
ACR03678,STU03678,83.49,75.67,65.45,0,70.18,-13.31,2026-10-02
ACR03679,STU03679,88.02,100.0,80.18,0,86.35,-1.67,2026-10-02
ACR03680,STU03680,59.28,67.1,63.64,0,60.6,1.32,2026-10-02
ACR03681,STU03681,75.6,72.4,70.08,0,68.73,-6.87,2026-10-02
ACR03682,STU03682,85.36,78.9,67.2,0,79.25,-6.11,2026-10-02
ACR03683,STU03683,93.13,81.45,78.97,0,80.71,-12.42,2026-10-02
ACR03684,STU03684,76.68,93.81,84.17,0,81.17,4.49,2026-10-02
ACR03685,STU03685,74.86,64.42,55.79,0,65.2,-9.66,2026-10-02
ACR03686,STU03686,100.0,80.15,70.06,0,79.03,-20.97,2026-10-02
ACR03687,STU03687,86.93,78.76,86.94,0,81.37,-5.56,2026-10-02
ACR03688,STU03688,55.67,75.5,43.93,0,61.95,6.28,2026-10-02
ACR03689,STU03689,62.69,50.2,48.25,0,52.04,-10.65,2026-10-02
ACR03690,STU03690,62.88,60.74,56.59,1,63.28,0.4,2026-10-02
ACR03691,STU03691,40.78,55.55,60.04,2,53.02,12.24,2026-10-02
ACR03692,STU03692,72.49,67.25,59.37,0,60.53,-11.96,2026-10-02
ACR03693,STU03693,61.32,64.22,54.12,2,50.78,-10.54,2026-10-02
ACR03694,STU03694,69.64,61.34,59.54,0,68.97,-0.67,2026-10-02
ACR03695,STU03695,70.27,82.2,65.72,0,68.52,-1.75,2026-10-02
ACR03696,STU03696,66.79,61.37,64.08,2,62.03,-4.76,2026-10-02
ACR03697,STU03697,43.21,62.11,52.04,2,44.22,1.01,2026-10-02
ACR03698,STU03698,79.24,62.45,52.89,0,60.16,-19.08,2026-10-02
ACR03699,STU03699,82.05,80.25,81.98,0,76.81,-5.24,2026-10-02
ACR03700,STU03700,82.64,80.33,73.06,0,85.42,2.78,2026-10-02
ACR03701,STU03701,69.8,68.95,70.44,0,78.72,8.92,2026-10-02
ACR03702,STU03702,89.18,100.0,75.72,0,85.77,-3.41,2026-10-02
ACR03703,STU03703,58.37,60.85,51.88,0,58.13,-0.24,2026-10-02
ACR03704,STU03704,62.74,50.95,55.7,0,52.66,-10.08,2026-10-02
ACR03705,STU03705,72.89,76.44,67.13,0,60.71,-12.18,2026-10-02
ACR03706,STU03706,95.24,73.88,73.75,0,76.31,-18.93,2026-10-02
ACR03707,STU03707,67.13,85.28,68.39,1,69.06,1.93,2026-10-02
ACR03708,STU03708,73.36,69.87,68.46,0,57.62,-15.74,2026-10-02
ACR03709,STU03709,56.44,53.33,48.1,1,47.27,-9.17,2026-10-02
ACR03710,STU03710,79.9,87.88,61.29,0,76.21,-3.69,2026-10-02
ACR03711,STU03711,66.08,69.56,67.29,0,57.47,-8.61,2026-10-02
ACR03712,STU03712,79.56,73.35,73.83,0,74.61,-4.95,2026-10-02
ACR03713,STU03713,52.74,51.56,50.99,1,46.69,-6.05,2026-10-02
ACR03714,STU03714,82.03,73.66,64.92,0,66.06,-15.97,2026-10-02
ACR03715,STU03715,67.73,68.58,60.31,0,64.15,-3.58,2026-10-02
ACR03716,STU03716,65.51,73.5,61.45,0,56.9,-8.61,2026-10-02
ACR03717,STU03717,67.38,64.09,50.76,0,59.28,-8.1,2026-10-02
ACR03718,STU03718,58.04,57.56,56.23,0,53.09,-4.95,2026-10-02
ACR03719,STU03719,71.83,64.92,61.01,0,66.3,-5.53,2026-10-02
ACR03720,STU03720,93.46,89.65,90.67,0,93.78,0.32,2026-10-02
ACR03721,STU03721,80.71,84.18,78.83,0,83.01,2.3,2026-10-02
ACR03722,STU03722,100.0,96.67,67.53,0,96.89,-3.11,2026-10-02
ACR03723,STU03723,86.8,79.64,73.64,0,74.81,-11.99,2026-10-02
ACR03724,STU03724,55.0,36.29,38.27,1,44.25,-10.75,2026-10-02
ACR03725,STU03725,60.1,74.22,56.52,1,58.45,-1.65,2026-10-02
ACR03726,STU03726,70.73,68.28,64.03,0,71.32,0.59,2026-10-02
ACR03727,STU03727,67.59,73.67,79.04,0,72.56,4.97,2026-10-02
ACR03728,STU03728,81.17,71.82,64.13,0,77.24,-3.93,2026-10-02
ACR03729,STU03729,69.01,72.2,66.74,0,69.22,0.21,2026-10-02
ACR03730,STU03730,70.3,67.54,56.19,0,61.53,-8.77,2026-10-02
ACR03731,STU03731,53.01,53.87,34.63,0,52.89,-0.12,2026-10-02
ACR03732,STU03732,86.22,76.01,69.32,0,66.96,-19.26,2026-10-02
ACR03733,STU03733,100.0,82.49,74.21,0,95.7,-4.3,2026-10-02
ACR03734,STU03734,88.94,83.72,86.92,0,84.82,-4.12,2026-10-02
ACR03735,STU03735,80.6,57.55,55.51,0,58.56,-22.04,2026-10-02
ACR03736,STU03736,100.0,96.6,91.84,0,93.15,-6.85,2026-10-02
ACR03737,STU03737,60.9,53.41,42.66,1,60.13,-0.77,2026-10-02
ACR03738,STU03738,62.49,83.6,58.12,1,65.34,2.85,2026-10-02
ACR03739,STU03739,80.14,91.25,70.22,2,77.43,-2.71,2026-10-02
ACR03740,STU03740,76.88,73.25,74.87,0,66.05,-10.83,2026-10-02
ACR03741,STU03741,74.28,78.37,68.89,0,72.34,-1.94,2026-10-02
ACR03742,STU03742,67.5,61.53,69.46,2,62.81,-4.69,2026-10-02
ACR03743,STU03743,89.84,100.0,83.42,0,81.91,-7.93,2026-10-02
ACR03744,STU03744,97.37,84.37,80.17,0,84.69,-12.68,2026-10-02
ACR03745,STU03745,100.0,93.6,81.94,0,91.83,-8.17,2026-10-02
ACR03746,STU03746,71.96,69.42,75.35,0,74.27,2.31,2026-10-02
ACR03747,STU03747,71.87,60.72,60.57,0,68.13,-3.74,2026-10-02
ACR03748,STU03748,87.73,76.96,71.84,0,82.38,-5.35,2026-10-02
ACR03749,STU03749,85.08,76.4,78.2,0,72.77,-12.31,2026-10-02
ACR03750,STU03750,93.29,86.27,83.02,0,82.33,-10.96,2026-10-02
ACR03751,STU03751,78.26,81.15,73.32,0,76.22,-2.04,2026-10-02
ACR03752,STU03752,61.33,54.13,54.83,1,51.3,-10.03,2026-10-02
ACR03753,STU03753,90.55,70.83,75.44,0,74.54,-16.01,2026-10-02
ACR03754,STU03754,88.62,85.51,70.72,0,82.02,-6.6,2026-10-02
ACR03755,STU03755,81.75,81.31,64.8,0,81.59,-0.16,2026-10-02
ACR03756,STU03756,60.97,45.51,38.19,0,40.17,-20.8,2026-10-02
ACR03757,STU03757,49.24,46.96,53.3,2,49.56,0.32,2026-10-02
ACR03758,STU03758,94.01,84.82,80.06,0,85.91,-8.1,2026-10-02
ACR03759,STU03759,67.68,72.15,71.16,0,63.74,-3.94,2026-10-02
ACR03760,STU03760,53.62,69.65,55.34,4,56.08,2.46,2026-10-02
ACR03761,STU03761,72.41,79.86,63.9,0,70.12,-2.29,2026-10-02
ACR03762,STU03762,100.0,84.36,70.41,0,80.82,-19.18,2026-10-02
ACR03763,STU03763,90.21,64.06,85.76,1,82.9,-7.31,2026-10-02
ACR03764,STU03764,70.3,64.01,66.58,0,62.95,-7.35,2026-10-02
ACR03765,STU03765,86.34,68.58,86.87,0,73.95,-12.39,2026-10-02
ACR03766,STU03766,91.76,80.29,73.9,0,83.16,-8.6,2026-10-02
ACR03767,STU03767,74.53,83.02,69.03,0,73.72,-0.81,2026-10-02
ACR03768,STU03768,58.92,72.75,70.14,0,63.64,4.72,2026-10-02
ACR03769,STU03769,81.69,90.23,62.32,0,68.29,-13.4,2026-10-02
ACR03770,STU03770,53.17,62.43,49.25,0,42.73,-10.44,2026-10-02
ACR03771,STU03771,81.55,84.78,83.51,0,78.29,-3.26,2026-10-02
ACR03772,STU03772,62.3,71.42,52.78,1,57.47,-4.83,2026-10-02
ACR03773,STU03773,61.33,68.52,56.05,1,46.54,-14.79,2026-10-02
ACR03774,STU03774,85.48,86.27,80.35,0,78.18,-7.3,2026-10-02
ACR03775,STU03775,42.13,54.9,53.3,2,48.9,6.77,2026-10-02
ACR03776,STU03776,82.42,68.78,72.34,0,65.02,-17.4,2026-10-02
ACR03777,STU03777,71.14,81.37,64.53,0,80.02,8.88,2026-10-02
ACR03778,STU03778,95.21,96.53,82.39,0,80.77,-14.44,2026-10-02
ACR03779,STU03779,97.99,96.46,67.63,0,85.91,-12.08,2026-10-02
ACR03780,STU03780,99.4,93.99,96.42,0,84.62,-14.78,2026-10-02
ACR03781,STU03781,87.99,86.14,65.36,0,78.22,-9.77,2026-10-02
ACR03782,STU03782,81.42,69.65,75.38,0,77.27,-4.15,2026-10-02
ACR03783,STU03783,69.78,63.71,49.94,0,54.51,-15.27,2026-10-02
ACR03784,STU03784,91.37,85.21,69.81,0,73.29,-18.08,2026-10-02
ACR03785,STU03785,80.31,63.73,60.81,0,72.0,-8.31,2026-10-02
ACR03786,STU03786,73.01,75.46,78.36,0,77.54,4.53,2026-10-02
ACR03787,STU03787,92.34,82.26,77.5,0,84.34,-8.0,2026-10-02
ACR03788,STU03788,59.88,66.35,52.39,0,57.87,-2.01,2026-10-02
ACR03789,STU03789,99.02,79.56,71.56,0,85.53,-13.49,2026-10-02
ACR03790,STU03790,72.4,74.7,75.11,0,73.07,0.67,2026-10-02
ACR03791,STU03791,61.15,59.55,49.42,0,52.65,-8.5,2026-10-02
ACR03792,STU03792,86.28,84.8,93.8,0,89.59,3.31,2026-10-02
ACR03793,STU03793,73.77,68.09,70.75,0,64.97,-8.8,2026-10-02
ACR03794,STU03794,79.01,82.68,69.88,0,77.73,-1.28,2026-10-02
ACR03795,STU03795,82.89,73.64,68.6,0,77.55,-5.34,2026-10-02
ACR03796,STU03796,77.36,81.66,60.05,0,70.16,-7.2,2026-10-02
ACR03797,STU03797,56.7,56.68,48.68,0,46.45,-10.25,2026-10-02
ACR03798,STU03798,73.56,77.55,70.55,0,79.85,6.29,2026-10-02
ACR03799,STU03799,59.45,59.11,59.35,2,53.67,-5.78,2026-10-02
ACR03800,STU03800,79.01,66.79,69.01,0,68.25,-10.76,2026-10-02
ACR03801,STU03801,79.54,84.42,62.79,0,79.6,0.06,2026-10-02
ACR03802,STU03802,79.53,77.73,82.31,0,70.98,-8.55,2026-10-02
ACR03803,STU03803,56.04,48.32,37.1,2,49.17,-6.87,2026-10-02
ACR03804,STU03804,68.33,85.17,48.24,0,69.21,0.88,2026-10-02
ACR03805,STU03805,74.7,71.96,66.2,0,62.14,-12.56,2026-10-02
ACR03806,STU03806,81.38,76.44,58.89,0,67.34,-14.04,2026-10-02
ACR03807,STU03807,63.8,75.93,81.61,0,72.43,8.63,2026-10-02
ACR03808,STU03808,79.91,63.93,69.46,0,60.73,-19.18,2026-10-02
ACR03809,STU03809,82.72,68.63,76.05,0,72.04,-10.68,2026-10-02
ACR03810,STU03810,72.58,82.37,61.48,0,67.57,-5.01,2026-10-02
ACR03811,STU03811,72.97,69.21,58.39,0,72.86,-0.11,2026-10-02
ACR03812,STU03812,73.37,62.19,65.48,0,60.23,-13.14,2026-10-02
ACR03813,STU03813,66.02,66.43,70.18,1,64.16,-1.86,2026-10-02
ACR03814,STU03814,84.18,64.88,62.79,0,77.12,-7.06,2026-10-02
ACR03815,STU03815,76.47,79.81,68.73,0,67.45,-9.02,2026-10-02
ACR03816,STU03816,98.15,95.16,86.7,0,81.3,-16.85,2026-10-02
ACR03817,STU03817,80.5,74.66,65.3,0,66.46,-14.04,2026-10-02
ACR03818,STU03818,76.69,75.35,67.43,0,67.51,-9.18,2026-10-02
ACR03819,STU03819,68.63,68.74,57.08,0,60.29,-8.34,2026-10-02
ACR03820,STU03820,96.62,95.13,86.13,0,91.59,-5.03,2026-10-02
ACR03821,STU03821,76.52,73.83,73.85,0,70.55,-5.97,2026-10-02
ACR03822,STU03822,92.35,81.97,61.83,0,84.67,-7.68,2026-10-02
ACR03823,STU03823,53.74,54.76,56.79,0,54.97,1.23,2026-10-02
ACR03824,STU03824,70.92,60.04,67.73,0,69.45,-1.47,2026-10-02
ACR03825,STU03825,59.22,62.94,50.22,2,55.61,-3.61,2026-10-02
ACR03826,STU03826,65.67,63.57,64.62,0,63.88,-1.79,2026-10-02
ACR03827,STU03827,87.07,64.02,62.02,0,72.33,-14.74,2026-10-02
ACR03828,STU03828,67.09,63.02,76.93,0,67.48,0.39,2026-10-02
ACR03829,STU03829,78.07,76.68,63.11,0,73.89,-4.18,2026-10-02
ACR03830,STU03830,100.0,96.32,90.79,0,89.77,-10.23,2026-10-02
ACR03831,STU03831,79.27,60.42,50.38,0,57.78,-21.49,2026-10-02
ACR03832,STU03832,55.3,60.58,45.74,0,55.61,0.31,2026-10-02
ACR03833,STU03833,83.52,69.83,72.56,0,69.72,-13.8,2026-10-02
ACR03834,STU03834,66.24,72.43,63.18,0,59.35,-6.89,2026-10-02
ACR03835,STU03835,81.42,81.24,81.46,1,84.91,3.49,2026-10-02
ACR03836,STU03836,78.2,87.51,73.33,1,72.21,-5.99,2026-10-02
ACR03837,STU03837,90.96,84.21,71.33,0,73.98,-16.98,2026-10-02
ACR03838,STU03838,70.49,70.34,74.36,0,72.16,1.67,2026-10-02
ACR03839,STU03839,70.27,70.19,69.88,2,65.67,-4.6,2026-10-02
ACR03840,STU03840,60.24,54.51,64.94,1,41.98,-18.26,2026-10-02
ACR03841,STU03841,78.56,78.81,74.25,0,57.73,-20.83,2026-10-02
ACR03842,STU03842,100.0,94.2,87.59,0,97.63,-2.37,2026-10-02
ACR03843,STU03843,59.69,75.6,58.03,1,64.32,4.63,2026-10-02
ACR03844,STU03844,100.0,93.11,93.27,0,79.21,-20.79,2026-10-02
ACR03845,STU03845,64.42,79.6,73.39,1,76.13,11.71,2026-10-02
ACR03846,STU03846,67.32,83.57,62.02,0,64.87,-2.45,2026-10-02
ACR03847,STU03847,94.11,88.48,87.79,0,93.69,-0.42,2026-10-02
ACR03848,STU03848,49.43,64.34,47.36,0,57.75,8.32,2026-10-02
ACR03849,STU03849,100.0,90.7,90.95,0,100.0,0.0,2026-10-02
ACR03850,STU03850,100.0,84.5,79.93,0,87.31,-12.69,2026-10-02
ACR03851,STU03851,85.9,88.35,71.55,0,89.39,3.49,2026-10-02
ACR03852,STU03852,73.13,70.43,62.02,0,59.59,-13.54,2026-10-02
ACR03853,STU03853,65.07,62.05,67.06,0,58.36,-6.71,2026-10-02
ACR03854,STU03854,85.44,87.75,73.3,0,79.01,-6.43,2026-10-02
ACR03855,STU03855,42.68,41.14,43.57,1,30.5,-12.18,2026-10-02
ACR03856,STU03856,75.91,89.17,66.75,0,67.16,-8.75,2026-10-02
ACR03857,STU03857,54.91,45.76,41.69,1,49.12,-5.79,2026-10-02
ACR03858,STU03858,100.0,100.0,93.98,0,89.67,-10.33,2026-10-02
ACR03859,STU03859,77.61,81.9,70.39,0,67.56,-10.05,2026-10-02
ACR03860,STU03860,85.45,73.39,70.97,0,78.82,-6.63,2026-10-02
ACR03861,STU03861,86.78,74.71,62.36,0,72.05,-14.73,2026-10-02
ACR03862,STU03862,54.34,72.36,65.2,0,60.03,5.69,2026-10-02
ACR03863,STU03863,100.0,95.07,83.79,0,90.08,-9.92,2026-10-02
ACR03864,STU03864,59.28,67.92,60.48,0,68.86,9.58,2026-10-02
ACR03865,STU03865,86.39,66.66,77.93,0,81.62,-4.77,2026-10-02
ACR03866,STU03866,74.53,68.07,77.3,0,70.5,-4.03,2026-10-02
ACR03867,STU03867,43.25,55.26,49.68,5,31.63,-11.62,2026-10-02
ACR03868,STU03868,82.94,74.22,72.28,0,70.09,-12.85,2026-10-02
ACR03869,STU03869,71.19,70.93,58.37,0,69.44,-1.75,2026-10-02
ACR03870,STU03870,68.93,64.78,63.77,0,59.71,-9.22,2026-10-02
ACR03871,STU03871,59.74,56.13,62.08,1,60.02,0.28,2026-10-02
ACR03872,STU03872,85.47,86.19,85.04,0,80.37,-5.1,2026-10-02
ACR03873,STU03873,84.35,74.09,64.17,0,74.13,-10.22,2026-10-02
ACR03874,STU03874,84.39,83.31,79.11,0,73.98,-10.41,2026-10-02
ACR03875,STU03875,91.48,82.31,70.49,0,78.19,-13.29,2026-10-02
ACR03876,STU03876,70.8,65.86,64.02,0,60.77,-10.03,2026-10-02
ACR03877,STU03877,86.38,78.12,70.12,0,75.86,-10.52,2026-10-02
ACR03878,STU03878,67.79,65.34,69.17,0,61.25,-6.54,2026-10-02
ACR03879,STU03879,72.5,77.0,66.84,0,63.6,-8.9,2026-10-02
ACR03880,STU03880,100.0,83.16,81.78,0,87.69,-12.31,2026-10-02
ACR03881,STU03881,42.34,58.19,46.1,0,39.55,-2.79,2026-10-02
ACR03882,STU03882,58.45,67.73,64.09,0,59.98,1.53,2026-10-02
ACR03883,STU03883,84.35,89.7,62.02,0,81.99,-2.36,2026-10-02
ACR03884,STU03884,63.25,76.72,63.46,0,61.61,-1.64,2026-10-02
ACR03885,STU03885,55.53,55.06,46.57,0,62.19,6.66,2026-10-02
ACR03886,STU03886,86.22,70.15,73.77,0,81.88,-4.34,2026-10-02
ACR03887,STU03887,93.57,84.31,72.86,0,79.7,-13.87,2026-10-02
ACR03888,STU03888,42.92,52.31,49.37,0,50.54,7.62,2026-10-02
ACR03889,STU03889,85.85,77.61,77.44,0,78.65,-7.2,2026-10-02
ACR03890,STU03890,75.56,78.98,80.34,0,82.6,7.04,2026-10-02
ACR03891,STU03891,82.07,81.76,67.86,0,68.93,-13.14,2026-10-02
ACR03892,STU03892,67.94,71.04,58.86,0,59.08,-8.86,2026-10-02
ACR03893,STU03893,51.66,48.66,43.12,4,53.54,1.88,2026-10-02
ACR03894,STU03894,64.13,51.8,53.05,0,55.51,-8.62,2026-10-02
ACR03895,STU03895,85.54,71.23,77.93,0,78.22,-7.32,2026-10-02
ACR03896,STU03896,86.68,65.1,70.7,0,78.84,-7.84,2026-10-02
ACR03897,STU03897,90.05,88.59,83.65,0,81.87,-8.18,2026-10-02
ACR03898,STU03898,75.86,73.72,70.97,0,74.04,-1.82,2026-10-02
ACR03899,STU03899,56.75,61.1,70.2,0,59.98,3.23,2026-10-02
ACR03900,STU03900,60.74,59.8,65.5,0,61.2,0.46,2026-10-02
ACR03901,STU03901,86.97,83.34,75.57,0,82.37,-4.6,2026-10-02
ACR03902,STU03902,100.0,100.0,86.87,0,96.94,-3.06,2026-10-02
ACR03903,STU03903,70.47,66.77,63.47,0,71.16,0.69,2026-10-02
ACR03904,STU03904,81.82,79.94,75.98,0,75.04,-6.78,2026-10-02
ACR03905,STU03905,56.73,67.53,53.91,0,63.98,7.25,2026-10-02
ACR03906,STU03906,78.75,76.88,59.96,0,70.1,-8.65,2026-10-02
ACR03907,STU03907,75.06,78.79,63.93,1,66.91,-8.15,2026-10-02
ACR03908,STU03908,93.89,74.39,78.74,0,76.16,-17.73,2026-10-02
ACR03909,STU03909,75.79,84.63,64.22,0,73.07,-2.72,2026-10-02
ACR03910,STU03910,62.71,72.55,64.53,0,67.83,5.12,2026-10-02
ACR03911,STU03911,61.68,69.74,53.51,1,60.81,-0.87,2026-10-02
ACR03912,STU03912,100.0,78.12,87.12,0,84.57,-15.43,2026-10-02
ACR03913,STU03913,90.9,89.27,90.13,0,93.07,2.17,2026-10-02
ACR03914,STU03914,88.1,85.59,79.29,0,75.41,-12.69,2026-10-02
ACR03915,STU03915,88.52,86.08,80.74,0,88.45,-0.07,2026-10-02
ACR03916,STU03916,46.02,48.43,45.98,2,41.41,-4.61,2026-10-02
ACR03917,STU03917,42.76,51.45,48.86,2,52.96,10.2,2026-10-02
ACR03918,STU03918,70.92,79.87,63.43,0,63.23,-7.69,2026-10-02
ACR03919,STU03919,73.45,64.41,49.55,0,58.48,-14.97,2026-10-02
ACR03920,STU03920,78.9,88.12,74.49,0,71.66,-7.24,2026-10-02
ACR03921,STU03921,82.66,86.85,69.16,0,71.3,-11.36,2026-10-02
ACR03922,STU03922,82.44,66.89,58.27,0,60.09,-22.35,2026-10-02
ACR03923,STU03923,71.79,88.5,78.79,0,79.04,7.25,2026-10-02
ACR03924,STU03924,98.55,92.09,79.64,0,87.09,-11.46,2026-10-02
ACR03925,STU03925,100.0,78.62,79.75,0,85.65,-14.35,2026-10-02
ACR03926,STU03926,83.38,88.69,65.32,0,75.94,-7.44,2026-10-02
ACR03927,STU03927,64.07,65.58,56.98,1,63.54,-0.53,2026-10-02
ACR03928,STU03928,51.29,43.98,54.73,0,48.81,-2.48,2026-10-02
ACR03929,STU03929,93.74,85.25,71.26,0,80.91,-12.83,2026-10-02
ACR03930,STU03930,86.65,78.75,78.88,0,90.17,3.52,2026-10-02
ACR03931,STU03931,62.95,57.38,58.41,0,60.44,-2.51,2026-10-02
ACR03932,STU03932,51.33,62.5,52.42,1,55.14,3.81,2026-10-02
ACR03933,STU03933,72.86,71.41,63.95,0,77.67,4.81,2026-10-02
ACR03934,STU03934,45.26,43.29,44.6,1,37.84,-7.42,2026-10-02
ACR03935,STU03935,77.66,84.49,65.25,0,75.23,-2.43,2026-10-02
ACR03936,STU03936,49.65,49.95,53.44,2,52.28,2.63,2026-10-02
ACR03937,STU03937,58.04,63.59,57.42,0,64.56,6.52,2026-10-02
ACR03938,STU03938,61.62,47.38,61.95,0,64.67,3.05,2026-10-02
ACR03939,STU03939,100.0,98.93,90.95,0,88.97,-11.03,2026-10-02
ACR03940,STU03940,79.57,84.01,72.9,0,76.26,-3.31,2026-10-02
ACR03941,STU03941,64.47,51.57,61.84,0,57.22,-7.25,2026-10-02
ACR03942,STU03942,74.22,79.1,76.15,0,79.51,5.29,2026-10-02
ACR03943,STU03943,56.04,53.21,53.1,0,50.2,-5.84,2026-10-02
ACR03944,STU03944,88.24,71.58,68.12,0,73.43,-14.81,2026-10-02
ACR03945,STU03945,73.74,58.65,72.46,1,67.84,-5.9,2026-10-02
ACR03946,STU03946,72.45,64.21,56.64,0,61.69,-10.76,2026-10-02
ACR03947,STU03947,85.97,79.75,82.62,0,81.37,-4.6,2026-10-02
ACR03948,STU03948,67.64,77.58,70.25,0,74.58,6.94,2026-10-02
ACR03949,STU03949,82.35,74.56,80.21,0,77.08,-5.27,2026-10-02
ACR03950,STU03950,56.04,68.44,46.18,1,52.14,-3.9,2026-10-02
ACR03951,STU03951,83.89,77.8,69.91,0,70.0,-13.89,2026-10-02
ACR03952,STU03952,80.88,86.15,75.92,0,82.59,1.71,2026-10-02
ACR03953,STU03953,89.88,97.98,82.76,0,91.91,2.03,2026-10-02
ACR03954,STU03954,83.62,80.63,70.26,0,74.53,-9.09,2026-10-02
ACR03955,STU03955,54.11,68.39,46.86,0,63.42,9.31,2026-10-02
ACR03956,STU03956,61.96,72.4,62.19,1,62.81,0.85,2026-10-02
ACR03957,STU03957,94.76,81.87,76.86,0,84.75,-10.01,2026-10-02
ACR03958,STU03958,80.98,90.77,70.37,0,76.6,-4.38,2026-10-02
ACR03959,STU03959,84.56,68.2,43.03,0,64.24,-20.32,2026-10-02
ACR03960,STU03960,100.0,100.0,95.9,0,87.04,-12.96,2026-10-02
ACR03961,STU03961,54.12,55.99,55.66,1,46.73,-7.39,2026-10-02
ACR03962,STU03962,90.9,70.5,58.64,0,58.74,-32.16,2026-10-02
ACR03963,STU03963,87.15,83.39,65.15,0,72.89,-14.26,2026-10-02
ACR03964,STU03964,83.7,80.75,66.95,0,75.71,-7.99,2026-10-02
ACR03965,STU03965,44.1,52.3,45.61,1,40.88,-3.22,2026-10-02
ACR03966,STU03966,81.91,69.47,60.04,0,62.67,-19.24,2026-10-02
ACR03967,STU03967,100.0,80.64,88.08,0,81.3,-18.7,2026-10-02
ACR03968,STU03968,76.67,72.38,40.49,0,57.69,-18.98,2026-10-02
ACR03969,STU03969,51.26,56.98,55.24,0,55.77,4.51,2026-10-02
ACR03970,STU03970,97.56,100.0,79.81,0,89.4,-8.16,2026-10-02
ACR03971,STU03971,68.35,61.06,58.4,0,59.82,-8.53,2026-10-02
ACR03972,STU03972,81.37,83.06,65.65,0,78.6,-2.77,2026-10-02
ACR03973,STU03973,99.45,93.38,83.72,0,85.05,-14.4,2026-10-02
ACR03974,STU03974,77.0,61.39,53.86,0,59.26,-17.74,2026-10-02
ACR03975,STU03975,68.21,81.13,69.43,4,58.54,-9.67,2026-10-02
ACR03976,STU03976,79.02,93.2,80.61,0,85.16,6.14,2026-10-02
ACR03977,STU03977,81.68,71.7,51.06,0,63.24,-18.44,2026-10-02
ACR03978,STU03978,80.62,73.23,75.06,0,65.8,-14.82,2026-10-02
ACR03979,STU03979,73.55,65.21,67.63,0,65.89,-7.66,2026-10-02
ACR03980,STU03980,83.78,89.59,73.82,0,81.79,-1.99,2026-10-02
ACR03981,STU03981,93.5,88.55,84.43,0,79.73,-13.77,2026-10-02
ACR03982,STU03982,64.78,60.29,60.36,0,68.86,4.08,2026-10-02
ACR03983,STU03983,75.28,66.21,58.5,1,55.26,-20.02,2026-10-02
ACR03984,STU03984,87.72,76.49,81.71,0,80.68,-7.04,2026-10-02
ACR03985,STU03985,74.9,58.62,78.73,0,65.18,-9.72,2026-10-02
ACR03986,STU03986,100.0,100.0,95.21,0,88.99,-11.01,2026-10-02
ACR03987,STU03987,61.13,65.28,47.95,0,54.78,-6.35,2026-10-02
ACR03988,STU03988,55.74,57.07,46.75,1,62.64,6.9,2026-10-02
ACR03989,STU03989,56.67,62.64,46.34,0,63.04,6.37,2026-10-02
ACR03990,STU03990,56.74,71.61,75.41,0,67.52,10.78,2026-10-02
ACR03991,STU03991,87.87,98.35,78.17,0,85.17,-2.7,2026-10-02
ACR03992,STU03992,76.99,78.07,76.0,0,74.63,-2.36,2026-10-02
ACR03993,STU03993,69.09,82.1,81.69,1,73.04,3.95,2026-10-02
ACR03994,STU03994,83.09,76.77,59.61,0,67.75,-15.34,2026-10-02
ACR03995,STU03995,46.24,62.87,48.97,0,52.87,6.63,2026-10-02
ACR03996,STU03996,85.49,90.32,80.7,0,79.89,-5.6,2026-10-02
ACR03997,STU03997,70.41,69.57,36.06,0,65.57,-4.84,2026-10-02
ACR03998,STU03998,84.72,89.49,85.38,1,84.61,-0.11,2026-10-02
ACR03999,STU03999,43.75,37.11,36.34,0,46.89,3.14,2026-10-02
ACR04000,STU04000,67.48,57.21,68.74,1,50.41,-17.07,2026-10-02
ACR04001,STU04001,50.89,53.19,50.61,2,52.51,1.62,2026-10-02
ACR04002,STU04002,93.48,89.02,78.69,0,77.5,-15.98,2026-10-02
ACR04003,STU04003,75.83,54.86,62.41,0,56.91,-18.92,2026-10-02
ACR04004,STU04004,80.89,78.89,79.29,0,71.08,-9.81,2026-10-02
ACR04005,STU04005,62.06,53.29,60.14,0,52.68,-9.38,2026-10-02
ACR04006,STU04006,89.46,96.13,90.1,0,89.57,0.11,2026-10-02
ACR04007,STU04007,39.83,56.71,62.31,3,46.79,6.96,2026-10-02
ACR04008,STU04008,100.0,90.75,85.63,0,91.31,-8.69,2026-10-02
ACR04009,STU04009,83.87,81.93,76.95,0,76.27,-7.6,2026-10-02
ACR04010,STU04010,81.42,77.6,63.77,0,67.93,-13.49,2026-10-02
ACR04011,STU04011,70.93,65.78,60.0,1,69.7,-1.23,2026-10-02
ACR04012,STU04012,56.54,64.49,57.86,0,52.7,-3.84,2026-10-02
ACR04013,STU04013,100.0,93.89,84.15,0,92.79,-7.21,2026-10-02
ACR04014,STU04014,61.39,75.57,61.08,1,63.88,2.49,2026-10-02
ACR04015,STU04015,88.91,84.71,75.32,0,85.66,-3.25,2026-10-02
ACR04016,STU04016,100.0,69.32,80.52,0,81.63,-18.37,2026-10-02
ACR04017,STU04017,88.19,86.18,72.23,0,79.06,-9.13,2026-10-02
ACR04018,STU04018,89.34,90.96,80.13,0,74.26,-15.08,2026-10-02
ACR04019,STU04019,46.96,58.52,64.68,1,58.22,11.26,2026-10-02
ACR04020,STU04020,84.81,55.62,54.58,0,70.16,-14.65,2026-10-02
ACR04021,STU04021,47.83,47.71,29.89,1,39.21,-8.62,2026-10-02
ACR04022,STU04022,83.97,85.24,73.26,0,74.92,-9.05,2026-10-02
ACR04023,STU04023,64.88,70.93,66.36,0,68.94,4.06,2026-10-02
ACR04024,STU04024,57.66,60.16,42.07,1,46.88,-10.78,2026-10-02
ACR04025,STU04025,46.1,56.47,44.92,2,52.92,6.82,2026-10-02
ACR04026,STU04026,60.05,59.74,69.15,1,46.52,-13.53,2026-10-02
ACR04027,STU04027,93.34,96.46,73.34,0,84.75,-8.59,2026-10-02
ACR04028,STU04028,91.7,77.21,87.02,0,83.77,-7.93,2026-10-02
ACR04029,STU04029,63.58,70.38,43.28,0,60.97,-2.61,2026-10-02
ACR04030,STU04030,74.7,82.41,65.79,0,68.17,-6.53,2026-10-02
ACR04031,STU04031,60.33,68.92,57.24,1,52.69,-7.64,2026-10-02
ACR04032,STU04032,56.87,64.72,46.87,0,51.95,-4.92,2026-10-02
ACR04033,STU04033,60.94,76.56,56.32,0,53.6,-7.34,2026-10-02
ACR04034,STU04034,83.65,93.04,79.2,0,72.76,-10.89,2026-10-02
ACR04035,STU04035,65.86,58.0,46.22,0,62.32,-3.54,2026-10-02
ACR04036,STU04036,100.0,87.76,67.36,0,77.94,-22.06,2026-10-02
ACR04037,STU04037,66.48,62.03,59.47,0,63.55,-2.93,2026-10-02
ACR04038,STU04038,73.67,65.01,63.06,0,63.9,-9.77,2026-10-02
ACR04039,STU04039,82.59,86.21,86.43,0,66.05,-16.54,2026-10-02
ACR04040,STU04040,70.63,75.9,57.53,1,62.36,-8.27,2026-10-02
ACR04041,STU04041,86.1,89.39,72.5,0,83.35,-2.75,2026-10-02
ACR04042,STU04042,64.07,79.09,62.57,1,64.67,0.6,2026-10-02
ACR04043,STU04043,91.62,82.59,88.96,0,81.16,-10.46,2026-10-02
ACR04044,STU04044,95.26,100.0,75.19,0,88.65,-6.61,2026-10-02
ACR04045,STU04045,78.53,66.77,63.06,0,74.46,-4.07,2026-10-02
ACR04046,STU04046,79.52,68.12,74.24,0,76.81,-2.71,2026-10-02
ACR04047,STU04047,100.0,100.0,99.3,0,93.15,-6.85,2026-10-02
ACR04048,STU04048,77.19,85.38,52.89,0,61.97,-15.22,2026-10-02
ACR04049,STU04049,72.23,85.58,61.98,0,66.49,-5.74,2026-10-02
ACR04050,STU04050,73.5,52.27,45.73,0,59.47,-14.03,2026-10-02
ACR04051,STU04051,76.12,73.83,70.35,0,68.52,-7.6,2026-10-02
ACR04052,STU04052,76.64,77.3,69.05,0,74.64,-2.0,2026-10-02
ACR04053,STU04053,62.49,72.25,62.69,0,51.16,-11.33,2026-10-02
ACR04054,STU04054,81.61,63.69,65.28,0,73.56,-8.05,2026-10-02
ACR04055,STU04055,89.95,72.5,73.25,0,75.63,-14.32,2026-10-02
ACR04056,STU04056,46.86,53.36,53.28,3,48.62,1.76,2026-10-02
ACR04057,STU04057,62.42,58.83,64.44,0,54.29,-8.13,2026-10-02
ACR04058,STU04058,97.99,84.07,90.65,0,92.62,-5.37,2026-10-02
ACR04059,STU04059,79.0,67.65,74.96,1,74.6,-4.4,2026-10-02
ACR04060,STU04060,67.74,63.85,71.09,0,62.09,-5.65,2026-10-02
ACR04061,STU04061,100.0,83.54,80.88,0,86.51,-13.49,2026-10-02
ACR04062,STU04062,80.21,80.32,70.89,0,87.38,7.17,2026-10-02
ACR04063,STU04063,82.33,68.37,76.21,0,74.26,-8.07,2026-10-02
ACR04064,STU04064,73.74,74.07,68.24,0,67.91,-5.83,2026-10-02
ACR04065,STU04065,77.96,73.42,75.53,0,71.0,-6.96,2026-10-02
ACR04066,STU04066,95.17,88.97,83.04,0,82.84,-12.33,2026-10-02
ACR04067,STU04067,92.09,73.82,67.25,0,73.77,-18.32,2026-10-02
ACR04068,STU04068,93.79,80.27,70.02,0,78.42,-15.37,2026-10-02
ACR04069,STU04069,88.31,80.16,70.45,0,85.77,-2.54,2026-10-02
ACR04070,STU04070,74.51,86.39,75.9,0,75.14,0.63,2026-10-02
ACR04071,STU04071,68.16,62.52,52.75,1,57.7,-10.46,2026-10-02
ACR04072,STU04072,95.38,83.13,72.85,0,86.7,-8.68,2026-10-02
ACR04073,STU04073,91.81,90.57,81.79,0,85.37,-6.44,2026-10-02
ACR04074,STU04074,72.4,80.05,67.51,0,74.54,2.14,2026-10-02
ACR04075,STU04075,68.07,58.72,54.76,0,67.21,-0.86,2026-10-02
ACR04076,STU04076,86.04,79.97,67.58,0,79.13,-6.91,2026-10-02
ACR04077,STU04077,68.95,65.39,56.99,0,62.23,-6.72,2026-10-02
ACR04078,STU04078,98.5,82.96,67.07,0,77.84,-20.66,2026-10-02
ACR04079,STU04079,72.66,65.83,76.69,0,59.81,-12.85,2026-10-02
ACR04080,STU04080,75.53,65.09,69.06,0,69.57,-5.96,2026-10-02
ACR04081,STU04081,99.9,90.32,71.16,0,86.9,-13.0,2026-10-02
ACR04082,STU04082,76.29,87.32,64.47,0,69.18,-7.11,2026-10-02
ACR04083,STU04083,65.79,65.6,67.36,0,59.29,-6.5,2026-10-02
ACR04084,STU04084,85.49,73.55,66.79,0,69.26,-16.23,2026-10-02
ACR04085,STU04085,92.04,72.81,72.04,0,72.11,-19.93,2026-10-02
ACR04086,STU04086,53.56,45.53,51.88,0,56.18,2.62,2026-10-02
ACR04087,STU04087,54.09,65.15,54.41,1,52.7,-1.39,2026-10-02
ACR04088,STU04088,66.79,69.84,73.31,0,72.9,6.11,2026-10-02
ACR04089,STU04089,98.17,81.84,83.06,0,81.25,-16.92,2026-10-02
ACR04090,STU04090,84.56,76.77,74.57,0,83.29,-1.27,2026-10-02
ACR04091,STU04091,96.93,79.29,69.02,0,77.51,-19.42,2026-10-02
ACR04092,STU04092,95.99,73.93,52.91,0,74.86,-21.13,2026-10-02
ACR04093,STU04093,91.78,80.66,66.02,0,82.9,-8.88,2026-10-02
ACR04094,STU04094,60.87,57.11,64.85,2,42.7,-18.17,2026-10-02
ACR04095,STU04095,77.3,74.22,68.01,0,69.44,-7.86,2026-10-02
ACR04096,STU04096,94.2,80.79,80.49,0,79.34,-14.86,2026-10-02
ACR04097,STU04097,83.92,66.73,70.71,0,68.67,-15.25,2026-10-02
ACR04098,STU04098,75.95,68.65,65.54,0,79.27,3.32,2026-10-02
ACR04099,STU04099,78.69,74.7,49.39,1,76.81,-1.88,2026-10-02
ACR04100,STU04100,73.23,73.72,57.23,0,64.82,-8.41,2026-10-02
ACR04101,STU04101,76.19,76.63,62.85,0,61.24,-14.95,2026-10-02
ACR04102,STU04102,64.96,70.58,65.08,0,66.81,1.85,2026-10-02
ACR04103,STU04103,100.0,100.0,100.0,0,95.46,-4.54,2026-10-02
ACR04104,STU04104,73.32,68.74,68.3,0,70.07,-3.25,2026-10-02
ACR04105,STU04105,66.86,67.81,64.64,0,62.95,-3.91,2026-10-02
ACR04106,STU04106,69.63,69.77,68.14,0,73.3,3.67,2026-10-02
ACR04107,STU04107,100.0,97.03,83.08,0,100.0,0.0,2026-10-02
ACR04108,STU04108,69.6,71.85,59.72,2,69.32,-0.28,2026-10-02
ACR04109,STU04109,73.86,64.96,52.03,0,74.53,0.67,2026-10-02
ACR04110,STU04110,75.25,76.51,73.58,1,61.2,-14.05,2026-10-02
ACR04111,STU04111,72.08,83.15,79.65,1,74.79,2.71,2026-10-02
ACR04112,STU04112,73.2,73.57,68.58,0,72.54,-0.66,2026-10-02
ACR04113,STU04113,66.18,70.03,75.61,0,70.17,3.99,2026-10-02
ACR04114,STU04114,63.87,51.6,49.23,1,53.21,-10.66,2026-10-02
ACR04115,STU04115,65.53,63.94,65.51,0,61.84,-3.69,2026-10-02
ACR04116,STU04116,92.91,94.93,89.68,0,90.73,-2.18,2026-10-02
ACR04117,STU04117,86.22,77.87,60.1,0,70.25,-15.97,2026-10-02
ACR04118,STU04118,37.37,35.54,22.59,2,32.17,-5.2,2026-10-02
ACR04119,STU04119,56.14,66.49,50.74,1,52.91,-3.23,2026-10-02
ACR04120,STU04120,69.63,60.23,71.33,0,71.18,1.55,2026-10-02
ACR04121,STU04121,84.74,78.31,71.64,0,82.87,-1.87,2026-10-02
ACR04122,STU04122,61.09,59.73,49.62,0,54.84,-6.25,2026-10-02
ACR04123,STU04123,79.96,81.11,58.35,0,67.41,-12.55,2026-10-02
ACR04124,STU04124,49.49,58.68,50.56,0,56.99,7.5,2026-10-02
ACR04125,STU04125,82.22,79.75,68.85,0,61.19,-21.03,2026-10-02
ACR04126,STU04126,75.88,79.1,81.95,0,78.97,3.09,2026-10-02
ACR04127,STU04127,93.89,87.82,86.45,0,84.98,-8.91,2026-10-02
ACR04128,STU04128,63.99,52.1,58.19,2,58.36,-5.63,2026-10-02
ACR04129,STU04129,69.95,83.76,79.8,0,77.47,7.52,2026-10-02
ACR04130,STU04130,100.0,94.61,87.63,0,83.49,-16.51,2026-10-02
ACR04131,STU04131,94.08,83.07,76.45,0,75.02,-19.06,2026-10-02
ACR04132,STU04132,76.14,70.95,71.74,0,63.74,-12.4,2026-10-02
ACR04133,STU04133,51.1,58.64,52.37,1,54.13,3.03,2026-10-02
ACR04134,STU04134,80.57,65.57,81.14,0,75.96,-4.61,2026-10-02
ACR04135,STU04135,93.14,95.89,86.93,0,86.02,-7.12,2026-10-02
ACR04136,STU04136,95.72,100.0,91.47,0,84.03,-11.69,2026-10-02
ACR04137,STU04137,68.81,65.47,58.06,0,61.07,-7.74,2026-10-02
ACR04138,STU04138,70.23,67.02,69.4,0,61.53,-8.7,2026-10-02
ACR04139,STU04139,62.66,56.12,64.1,0,64.55,1.89,2026-10-02
ACR04140,STU04140,63.51,61.07,39.86,0,53.64,-9.87,2026-10-02
ACR04141,STU04141,80.79,84.48,75.71,0,76.18,-4.61,2026-10-02
ACR04142,STU04142,43.13,46.85,47.55,3,48.11,4.98,2026-10-02
ACR04143,STU04143,45.34,71.9,51.32,0,56.3,10.96,2026-10-02
ACR04144,STU04144,79.78,75.42,71.22,0,74.88,-4.9,2026-10-02
ACR04145,STU04145,93.3,99.99,86.3,0,86.92,-6.38,2026-10-02
ACR04146,STU04146,76.85,57.36,58.35,0,69.35,-7.5,2026-10-02
ACR04147,STU04147,81.93,78.34,76.86,0,81.53,-0.4,2026-10-02
ACR04148,STU04148,73.43,57.35,73.64,0,60.02,-13.41,2026-10-02
ACR04149,STU04149,78.58,69.72,46.59,0,70.36,-8.22,2026-10-02
ACR04150,STU04150,82.43,81.79,63.09,0,72.64,-9.79,2026-10-02
ACR04151,STU04151,53.56,58.98,39.15,3,45.54,-8.02,2026-10-02
ACR04152,STU04152,89.32,89.99,62.1,0,83.24,-6.08,2026-10-02
ACR04153,STU04153,81.63,69.54,70.54,0,65.31,-16.32,2026-10-02
ACR04154,STU04154,80.91,73.1,71.15,0,69.62,-11.29,2026-10-02
ACR04155,STU04155,82.06,72.52,79.62,0,78.92,-3.14,2026-10-02
ACR04156,STU04156,78.11,68.29,61.32,0,59.92,-18.19,2026-10-02
ACR04157,STU04157,74.96,60.36,63.85,0,62.81,-12.15,2026-10-02
ACR04158,STU04158,78.39,85.69,70.75,0,76.73,-1.66,2026-10-02
ACR04159,STU04159,77.01,63.22,65.1,0,71.34,-5.67,2026-10-02
ACR04160,STU04160,100.0,88.8,80.35,0,91.61,-8.39,2026-10-02
ACR04161,STU04161,70.46,63.58,60.13,0,68.18,-2.28,2026-10-02
ACR04162,STU04162,91.26,81.63,71.59,0,81.86,-9.4,2026-10-02
ACR04163,STU04163,58.65,53.3,54.93,0,43.71,-14.94,2026-10-02
ACR04164,STU04164,93.28,84.01,81.85,0,79.2,-14.08,2026-10-02
ACR04165,STU04165,70.41,86.41,57.1,0,69.04,-1.37,2026-10-02
ACR04166,STU04166,63.09,77.17,51.02,0,58.58,-4.51,2026-10-02
ACR04167,STU04167,100.0,78.9,80.81,0,74.64,-25.36,2026-10-02
ACR04168,STU04168,86.05,80.98,76.37,0,71.21,-14.84,2026-10-02
ACR04169,STU04169,97.29,98.07,79.69,0,89.34,-7.95,2026-10-02
ACR04170,STU04170,97.69,79.03,76.05,0,79.24,-18.45,2026-10-02
ACR04171,STU04171,52.73,65.54,64.19,1,63.3,10.57,2026-10-02
ACR04172,STU04172,60.4,52.77,55.21,2,58.07,-2.33,2026-10-02
ACR04173,STU04173,84.84,66.97,64.78,0,70.45,-14.39,2026-10-02
ACR04174,STU04174,71.27,69.15,75.02,1,63.58,-7.69,2026-10-02
ACR04175,STU04175,72.09,69.8,60.5,0,73.64,1.55,2026-10-02
ACR04176,STU04176,59.91,80.98,70.17,3,68.1,8.19,2026-10-02
ACR04177,STU04177,68.78,67.23,70.7,0,69.9,1.12,2026-10-02
ACR04178,STU04178,100.0,100.0,93.28,0,87.26,-12.74,2026-10-02
ACR04179,STU04179,100.0,100.0,86.87,0,96.79,-3.21,2026-10-02
ACR04180,STU04180,50.73,57.32,63.72,2,52.27,1.54,2026-10-02
ACR04181,STU04181,98.92,83.46,77.34,0,86.42,-12.5,2026-10-02
ACR04182,STU04182,81.24,64.36,61.56,0,65.33,-15.91,2026-10-02
ACR04183,STU04183,82.98,72.93,65.15,0,70.12,-12.86,2026-10-02
ACR04184,STU04184,17.41,47.13,28.99,3,25.79,8.38,2026-10-02
ACR04185,STU04185,98.05,84.21,80.91,0,89.3,-8.75,2026-10-02
ACR04186,STU04186,89.94,71.05,75.55,0,77.69,-12.25,2026-10-02
ACR04187,STU04187,83.52,88.46,86.67,0,91.02,7.5,2026-10-02
ACR04188,STU04188,73.72,68.33,72.07,0,69.62,-4.1,2026-10-02
ACR04189,STU04189,100.0,88.74,95.81,0,95.68,-4.32,2026-10-02
ACR04190,STU04190,86.8,81.81,84.11,0,82.82,-3.98,2026-10-02
ACR04191,STU04191,85.86,87.44,72.37,0,80.53,-5.33,2026-10-02
ACR04192,STU04192,66.07,66.25,66.75,2,63.22,-2.85,2026-10-02
ACR04193,STU04193,96.44,88.54,88.94,0,80.4,-16.04,2026-10-02
ACR04194,STU04194,79.13,70.81,53.76,0,69.21,-9.92,2026-10-02
ACR04195,STU04195,47.71,36.83,45.2,2,38.77,-8.94,2026-10-02
ACR04196,STU04196,86.57,82.7,82.74,0,74.17,-12.4,2026-10-02
ACR04197,STU04197,66.09,59.1,75.5,0,67.54,1.45,2026-10-02
ACR04198,STU04198,82.2,74.57,68.32,0,80.78,-1.42,2026-10-02
ACR04199,STU04199,86.99,87.9,78.72,0,81.82,-5.17,2026-10-02
ACR04200,STU04200,74.81,71.22,63.34,0,69.23,-5.58,2026-10-02
ACR04201,STU04201,89.53,76.49,75.09,0,81.86,-7.67,2026-10-02
ACR04202,STU04202,100.0,100.0,86.49,0,91.71,-8.29,2026-10-02
ACR04203,STU04203,47.7,58.26,51.18,0,61.26,13.56,2026-10-02
ACR04204,STU04204,98.95,95.27,84.97,0,88.66,-10.29,2026-10-02
ACR04205,STU04205,77.87,70.59,79.47,0,74.67,-3.2,2026-10-02
ACR04206,STU04206,73.4,72.25,72.58,0,70.93,-2.47,2026-10-02
ACR04207,STU04207,98.3,97.85,83.1,0,87.67,-10.63,2026-10-02
ACR04208,STU04208,68.97,79.14,60.6,0,60.48,-8.49,2026-10-02
ACR04209,STU04209,82.18,63.48,71.59,0,70.48,-11.7,2026-10-02
ACR04210,STU04210,70.48,70.26,73.32,0,71.95,1.47,2026-10-02
ACR04211,STU04211,80.41,77.16,81.47,2,71.93,-8.48,2026-10-02
ACR04212,STU04212,78.62,80.15,72.56,0,78.34,-0.28,2026-10-02
ACR04213,STU04213,94.64,76.25,70.95,0,73.79,-20.85,2026-10-02
ACR04214,STU04214,72.87,69.42,62.63,0,68.42,-4.45,2026-10-02
ACR04215,STU04215,75.91,78.59,67.53,0,68.5,-7.41,2026-10-02
ACR04216,STU04216,59.33,69.74,73.26,0,64.01,4.68,2026-10-02
ACR04217,STU04217,63.6,56.93,49.51,0,58.17,-5.43,2026-10-02
ACR04218,STU04218,61.42,54.22,53.17,0,66.47,5.05,2026-10-02
ACR04219,STU04219,89.16,96.74,83.91,0,92.18,3.02,2026-10-02
ACR04220,STU04220,86.23,89.68,76.78,0,85.54,-0.69,2026-10-02
ACR04221,STU04221,66.82,76.72,60.66,0,60.06,-6.76,2026-10-02
ACR04222,STU04222,91.9,69.36,72.95,0,80.26,-11.64,2026-10-02
ACR04223,STU04223,79.74,71.85,68.46,0,70.19,-9.55,2026-10-02
ACR04224,STU04224,73.48,79.84,59.99,1,66.52,-6.96,2026-10-02
ACR04225,STU04225,88.56,92.13,83.78,0,83.28,-5.28,2026-10-02
ACR04226,STU04226,100.0,99.09,96.12,0,91.36,-8.64,2026-10-02
ACR04227,STU04227,51.0,69.3,57.08,0,66.68,15.68,2026-10-02
ACR04228,STU04228,98.34,65.23,79.9,0,80.31,-18.03,2026-10-02
ACR04229,STU04229,37.53,40.92,40.02,3,38.57,1.04,2026-10-02
ACR04230,STU04230,52.71,44.72,54.4,0,47.51,-5.2,2026-10-02
ACR04231,STU04231,53.81,52.31,43.01,1,50.32,-3.49,2026-10-02
ACR04232,STU04232,62.6,63.79,61.44,2,62.66,0.06,2026-10-02
ACR04233,STU04233,75.68,61.84,66.14,0,58.71,-16.97,2026-10-02
ACR04234,STU04234,66.66,65.11,47.79,0,57.61,-9.05,2026-10-02
ACR04235,STU04235,87.21,86.03,90.05,0,79.89,-7.32,2026-10-02
ACR04236,STU04236,52.32,55.87,46.0,0,60.62,8.3,2026-10-02
ACR04237,STU04237,77.66,73.85,64.37,0,68.35,-9.31,2026-10-02
ACR04238,STU04238,85.71,80.2,87.4,0,78.83,-6.88,2026-10-02
ACR04239,STU04239,74.78,71.76,71.32,0,70.76,-4.02,2026-10-02
ACR04240,STU04240,56.1,76.41,63.13,2,57.55,1.45,2026-10-02
ACR04241,STU04241,95.14,88.96,72.51,0,86.24,-8.9,2026-10-02
ACR04242,STU04242,65.55,60.36,53.76,0,60.44,-5.11,2026-10-02
ACR04243,STU04243,69.88,74.11,62.0,0,63.4,-6.48,2026-10-02
ACR04244,STU04244,94.59,97.38,75.68,0,99.2,4.61,2026-10-02
ACR04245,STU04245,85.46,56.67,58.99,0,57.35,-28.11,2026-10-02
ACR04246,STU04246,68.8,55.81,50.51,0,75.1,6.3,2026-10-02
ACR04247,STU04247,71.47,75.89,63.16,0,66.05,-5.42,2026-10-02
ACR04248,STU04248,96.36,79.23,74.62,0,75.25,-21.11,2026-10-02
ACR04249,STU04249,80.36,81.61,75.58,0,70.59,-9.77,2026-10-02
ACR04250,STU04250,73.59,63.17,62.87,0,61.33,-12.26,2026-10-02
ACR04251,STU04251,100.0,100.0,100.0,0,85.46,-14.54,2026-10-02
ACR04252,STU04252,94.75,75.85,65.77,0,75.13,-19.62,2026-10-02
ACR04253,STU04253,95.68,86.36,81.54,0,87.94,-7.74,2026-10-02
ACR04254,STU04254,82.87,71.7,51.48,0,69.62,-13.25,2026-10-02
ACR04255,STU04255,73.38,83.66,63.51,0,67.6,-5.78,2026-10-02
ACR04256,STU04256,68.06,80.25,81.31,0,72.35,4.29,2026-10-02
ACR04257,STU04257,57.07,55.38,46.13,1,56.32,-0.75,2026-10-02
ACR04258,STU04258,97.13,93.17,86.37,0,84.28,-12.85,2026-10-02
ACR04259,STU04259,42.81,56.83,46.34,0,53.25,10.44,2026-10-02
ACR04260,STU04260,49.94,56.99,44.77,0,49.55,-0.39,2026-10-02
ACR04261,STU04261,73.49,69.73,69.09,0,60.46,-13.03,2026-10-02
ACR04262,STU04262,100.0,100.0,83.16,0,88.93,-11.07,2026-10-02
ACR04263,STU04263,68.05,57.57,58.63,0,54.61,-13.44,2026-10-02
ACR04264,STU04264,60.94,57.28,71.7,1,58.21,-2.73,2026-10-02
ACR04265,STU04265,71.76,73.87,92.01,0,78.26,6.5,2026-10-02
ACR04266,STU04266,93.54,81.33,62.95,0,76.63,-16.91,2026-10-02
ACR04267,STU04267,100.0,92.54,83.48,0,92.54,-7.46,2026-10-02
ACR04268,STU04268,71.81,76.18,79.57,0,74.73,2.92,2026-10-02
ACR04269,STU04269,74.23,83.38,77.13,0,81.05,6.82,2026-10-02
ACR04270,STU04270,55.3,47.46,50.31,3,41.56,-13.74,2026-10-02
ACR04271,STU04271,94.8,90.7,70.62,0,74.81,-19.99,2026-10-02
ACR04272,STU04272,70.87,68.6,57.27,0,57.6,-13.27,2026-10-02
ACR04273,STU04273,42.25,39.35,24.68,3,37.67,-4.58,2026-10-02
ACR04274,STU04274,81.56,84.43,80.99,0,84.83,3.27,2026-10-02
ACR04275,STU04275,70.34,45.99,38.32,0,53.94,-16.4,2026-10-02
ACR04276,STU04276,55.21,62.62,48.42,0,60.67,5.46,2026-10-02
ACR04277,STU04277,84.77,76.62,81.23,0,83.57,-1.2,2026-10-02
ACR04278,STU04278,90.18,70.02,70.03,0,81.61,-8.57,2026-10-02
ACR04279,STU04279,69.39,79.12,56.71,0,65.31,-4.08,2026-10-02
ACR04280,STU04280,81.6,76.0,75.75,0,73.0,-8.6,2026-10-02
ACR04281,STU04281,80.19,83.63,67.09,0,62.53,-17.66,2026-10-02
ACR04282,STU04282,65.1,79.46,55.81,1,48.66,-16.44,2026-10-02
ACR04283,STU04283,77.64,81.36,66.1,0,67.09,-10.55,2026-10-02
ACR04284,STU04284,55.35,63.11,51.83,1,61.24,5.89,2026-10-02
ACR04285,STU04285,81.7,71.84,63.47,0,69.94,-11.76,2026-10-02
ACR04286,STU04286,51.74,69.65,48.07,0,47.56,-4.18,2026-10-02
ACR04287,STU04287,66.35,84.1,61.56,0,69.46,3.11,2026-10-02
ACR04288,STU04288,45.92,54.2,42.23,1,46.76,0.84,2026-10-02
ACR04289,STU04289,68.61,75.2,64.55,0,64.51,-4.1,2026-10-02
ACR04290,STU04290,83.84,78.14,76.22,0,69.52,-14.32,2026-10-02
ACR04291,STU04291,97.41,95.42,77.97,0,94.77,-2.64,2026-10-02
ACR04292,STU04292,64.64,71.2,63.82,0,65.41,0.77,2026-10-02
ACR04293,STU04293,69.5,76.95,66.24,0,64.72,-4.78,2026-10-02
ACR04294,STU04294,43.78,62.99,48.31,0,52.61,8.83,2026-10-02
ACR04295,STU04295,79.64,71.55,83.89,0,75.97,-3.67,2026-10-02
ACR04296,STU04296,47.98,48.54,49.53,1,51.44,3.46,2026-10-02
ACR04297,STU04297,100.0,93.52,75.08,0,85.54,-14.46,2026-10-02
ACR04298,STU04298,75.63,64.21,58.23,0,69.53,-6.1,2026-10-02
ACR04299,STU04299,83.79,83.94,84.38,0,76.39,-7.4,2026-10-02
ACR04300,STU04300,70.82,60.17,63.4,0,62.64,-8.18,2026-10-02
ACR04301,STU04301,100.0,100.0,92.92,0,96.22,-3.78,2026-10-02
ACR04302,STU04302,71.72,60.49,58.89,1,61.13,-10.59,2026-10-02
ACR04303,STU04303,93.26,78.73,62.65,0,80.7,-12.56,2026-10-02
ACR04304,STU04304,62.84,56.9,53.33,0,46.95,-15.89,2026-10-02
ACR04305,STU04305,77.74,76.34,63.77,0,65.19,-12.55,2026-10-02
ACR04306,STU04306,89.89,73.17,73.0,0,81.32,-8.57,2026-10-02
ACR04307,STU04307,54.7,66.66,48.68,1,47.09,-7.61,2026-10-02
ACR04308,STU04308,98.32,90.33,100.0,0,88.14,-10.18,2026-10-02
ACR04309,STU04309,74.78,68.68,52.92,0,65.6,-9.18,2026-10-02
ACR04310,STU04310,68.16,63.9,51.06,0,55.44,-12.72,2026-10-02
ACR04311,STU04311,78.96,78.51,75.87,0,81.4,2.44,2026-10-02
ACR04312,STU04312,73.79,72.16,59.51,0,63.98,-9.81,2026-10-02
ACR04313,STU04313,78.52,66.02,72.72,0,67.02,-11.5,2026-10-02
ACR04314,STU04314,71.83,60.72,67.93,0,70.75,-1.08,2026-10-02
ACR04315,STU04315,89.52,87.57,75.83,0,73.02,-16.5,2026-10-02
ACR04316,STU04316,100.0,96.19,77.22,0,95.75,-4.25,2026-10-02
ACR04317,STU04317,91.6,75.38,80.78,0,75.05,-16.55,2026-10-02
ACR04318,STU04318,84.84,72.32,67.98,0,74.7,-10.14,2026-10-02
ACR04319,STU04319,81.66,86.28,69.94,0,73.24,-8.42,2026-10-02
ACR04320,STU04320,72.49,93.61,68.14,0,72.67,0.18,2026-10-02
ACR04321,STU04321,92.04,80.63,74.59,0,80.31,-11.73,2026-10-02
ACR04322,STU04322,94.19,93.78,88.5,0,90.94,-3.25,2026-10-02
ACR04323,STU04323,100.0,100.0,87.71,0,98.19,-1.81,2026-10-02
ACR04324,STU04324,88.41,80.67,67.56,0,74.41,-14.0,2026-10-02
ACR04325,STU04325,100.0,100.0,83.73,0,93.15,-6.85,2026-10-02
ACR04326,STU04326,100.0,100.0,86.89,0,82.22,-17.78,2026-10-02
ACR04327,STU04327,95.87,76.03,77.79,0,81.1,-14.77,2026-10-02
ACR04328,STU04328,95.36,96.29,86.78,0,90.35,-5.01,2026-10-02
ACR04329,STU04329,36.08,42.26,33.0,3,40.41,4.33,2026-10-02
ACR04330,STU04330,91.09,84.73,63.57,0,82.24,-8.85,2026-10-02
ACR04331,STU04331,64.09,53.67,59.31,0,49.67,-14.42,2026-10-02
ACR04332,STU04332,70.63,72.44,46.09,0,64.97,-5.66,2026-10-02
ACR04333,STU04333,60.63,79.39,60.01,0,58.21,-2.42,2026-10-02
ACR04334,STU04334,75.12,78.99,65.7,0,72.28,-2.84,2026-10-02
ACR04335,STU04335,67.0,72.72,67.05,1,65.86,-1.14,2026-10-02
ACR04336,STU04336,71.9,80.94,47.54,0,61.13,-10.77,2026-10-02
ACR04337,STU04337,90.05,85.33,78.95,0,80.22,-9.83,2026-10-02
ACR04338,STU04338,85.82,72.16,66.02,0,73.3,-12.52,2026-10-02
ACR04339,STU04339,76.71,75.24,70.02,0,58.87,-17.84,2026-10-02
ACR04340,STU04340,72.89,71.1,69.3,0,67.81,-5.08,2026-10-02
ACR04341,STU04341,77.73,84.02,81.84,0,75.81,-1.92,2026-10-02
ACR04342,STU04342,52.67,55.12,42.99,0,54.4,1.73,2026-10-02
ACR04343,STU04343,78.87,80.85,74.62,0,75.8,-3.07,2026-10-02
ACR04344,STU04344,68.21,65.07,61.85,0,56.86,-11.35,2026-10-02
ACR04345,STU04345,100.0,86.74,85.01,0,85.69,-14.31,2026-10-02
ACR04346,STU04346,87.45,74.7,61.02,0,71.41,-16.04,2026-10-02
ACR04347,STU04347,67.32,67.13,46.32,0,55.93,-11.39,2026-10-02
ACR04348,STU04348,67.77,62.04,58.49,2,54.51,-13.26,2026-10-02
ACR04349,STU04349,45.65,43.02,43.3,1,50.13,4.48,2026-10-02
ACR04350,STU04350,93.22,80.92,62.62,0,75.06,-18.16,2026-10-02
ACR04351,STU04351,82.14,62.29,52.62,0,65.45,-16.69,2026-10-02
ACR04352,STU04352,97.01,85.42,69.41,0,78.29,-18.72,2026-10-02
ACR04353,STU04353,85.16,83.9,59.72,0,71.61,-13.55,2026-10-02
ACR04354,STU04354,76.68,63.4,67.08,0,62.68,-14.0,2026-10-02
ACR04355,STU04355,95.83,99.66,82.03,0,79.25,-16.58,2026-10-02
ACR04356,STU04356,83.52,73.05,79.16,0,78.76,-4.76,2026-10-02
ACR04357,STU04357,89.51,79.85,69.19,0,77.24,-12.27,2026-10-02
ACR04358,STU04358,96.61,78.05,66.08,0,80.54,-16.07,2026-10-02
ACR04359,STU04359,63.31,69.53,45.16,0,65.83,2.52,2026-10-02
ACR04360,STU04360,96.83,81.26,81.33,0,85.44,-11.39,2026-10-02
ACR04361,STU04361,80.65,75.0,65.52,0,75.1,-5.55,2026-10-02
ACR04362,STU04362,60.98,71.42,58.79,1,61.51,0.53,2026-10-02
ACR04363,STU04363,66.86,63.62,60.67,1,67.71,0.85,2026-10-02
ACR04364,STU04364,74.26,82.91,78.77,0,76.04,1.78,2026-10-02
ACR04365,STU04365,62.62,64.57,50.36,1,56.38,-6.24,2026-10-02
ACR04366,STU04366,85.18,65.54,68.16,0,70.72,-14.46,2026-10-02
ACR04367,STU04367,97.95,96.26,79.1,0,87.84,-10.11,2026-10-02
ACR04368,STU04368,74.42,73.17,66.35,0,69.54,-4.88,2026-10-02
ACR04369,STU04369,95.93,84.57,71.22,0,78.37,-17.56,2026-10-02
ACR04370,STU04370,69.26,83.28,72.82,0,72.95,3.69,2026-10-02
ACR04371,STU04371,100.0,85.05,88.3,0,79.56,-20.44,2026-10-02
ACR04372,STU04372,51.64,59.18,55.5,2,48.01,-3.63,2026-10-02
ACR04373,STU04373,70.15,56.71,56.36,0,54.81,-15.34,2026-10-02
ACR04374,STU04374,84.59,74.26,85.63,0,91.55,6.96,2026-10-02
ACR04375,STU04375,82.52,71.61,64.64,0,69.55,-12.97,2026-10-02
ACR04376,STU04376,87.4,80.42,81.48,0,72.65,-14.75,2026-10-02
ACR04377,STU04377,72.31,55.0,60.27,0,71.39,-0.92,2026-10-02
ACR04378,STU04378,100.0,100.0,100.0,0,100.0,0.0,2026-10-02
ACR04379,STU04379,56.01,66.9,62.75,0,60.6,4.59,2026-10-02
ACR04380,STU04380,73.3,79.65,58.99,1,63.86,-9.44,2026-10-02
ACR04381,STU04381,80.07,76.59,59.29,0,71.55,-8.52,2026-10-02
ACR04382,STU04382,64.3,59.07,64.7,1,56.63,-7.67,2026-10-02
ACR04383,STU04383,86.28,87.09,72.54,1,69.97,-16.31,2026-10-02
ACR04384,STU04384,92.17,71.89,60.04,0,71.75,-20.42,2026-10-02
ACR04385,STU04385,90.15,94.07,85.95,0,90.26,0.11,2026-10-02
ACR04386,STU04386,100.0,100.0,76.53,0,92.22,-7.78,2026-10-02
ACR04387,STU04387,100.0,100.0,95.57,0,90.64,-9.36,2026-10-02
ACR04388,STU04388,88.59,88.12,91.92,0,94.3,5.71,2026-10-02
ACR04389,STU04389,83.77,77.15,64.78,0,71.52,-12.25,2026-10-02
ACR04390,STU04390,71.52,76.51,67.72,0,62.65,-8.87,2026-10-02
ACR04391,STU04391,74.61,97.36,93.26,0,78.61,4.0,2026-10-02
ACR04392,STU04392,73.21,69.12,65.95,0,73.11,-0.1,2026-10-02
ACR04393,STU04393,64.1,48.36,46.32,0,55.42,-8.68,2026-10-02
ACR04394,STU04394,85.07,87.08,56.64,0,79.34,-5.73,2026-10-02
ACR04395,STU04395,67.6,64.39,60.09,0,56.75,-10.85,2026-10-02
ACR04396,STU04396,42.4,39.34,37.94,3,42.28,-0.12,2026-10-02
ACR04397,STU04397,64.79,63.21,49.96,1,63.7,-1.09,2026-10-02
ACR04398,STU04398,98.12,96.67,95.24,0,88.3,-9.82,2026-10-02
ACR04399,STU04399,72.0,58.91,57.75,0,68.64,-3.36,2026-10-02
ACR04400,STU04400,43.95,51.93,48.3,1,41.91,-2.04,2026-10-02
ACR04401,STU04401,80.07,78.19,75.38,0,71.06,-9.01,2026-10-02
ACR04402,STU04402,72.42,53.45,63.42,0,58.71,-13.71,2026-10-02
ACR04403,STU04403,59.31,64.2,58.32,1,58.38,-0.93,2026-10-02
ACR04404,STU04404,85.39,69.85,67.53,0,70.27,-15.12,2026-10-02
ACR04405,STU04405,77.49,60.98,55.87,0,65.17,-12.32,2026-10-02
ACR04406,STU04406,98.44,95.48,69.32,0,85.28,-13.16,2026-10-02
ACR04407,STU04407,64.62,58.86,56.51,0,65.72,1.1,2026-10-02
ACR04408,STU04408,83.24,69.87,73.51,0,66.99,-16.25,2026-10-02
ACR04409,STU04409,92.86,85.29,92.43,0,88.41,-4.45,2026-10-02
ACR04410,STU04410,61.27,44.96,51.2,1,56.01,-5.26,2026-10-02
ACR04411,STU04411,76.32,81.52,73.87,0,76.19,-0.13,2026-10-02
ACR04412,STU04412,68.18,74.05,63.27,0,65.5,-2.68,2026-10-02
ACR04413,STU04413,74.74,75.51,62.35,0,70.36,-4.38,2026-10-02
ACR04414,STU04414,62.79,54.9,54.01,0,57.67,-5.12,2026-10-02
ACR04415,STU04415,59.1,61.0,53.16,2,49.63,-9.47,2026-10-02
ACR04416,STU04416,79.06,68.0,63.94,0,68.5,-10.56,2026-10-02
ACR04417,STU04417,96.97,95.56,87.3,0,93.33,-3.64,2026-10-02
ACR04418,STU04418,61.23,80.8,69.71,0,62.52,1.29,2026-10-02
ACR04419,STU04419,80.93,66.62,74.72,0,72.18,-8.75,2026-10-02
ACR04420,STU04420,58.35,45.32,57.12,0,55.01,-3.34,2026-10-02
ACR04421,STU04421,84.44,88.45,84.26,1,76.75,-7.69,2026-10-02
ACR04422,STU04422,73.98,75.11,67.23,0,70.31,-3.67,2026-10-02
ACR04423,STU04423,56.16,58.33,56.26,2,59.73,3.57,2026-10-02
ACR04424,STU04424,49.06,55.18,50.47,1,54.96,5.9,2026-10-02
ACR04425,STU04425,88.25,64.21,62.5,0,67.81,-20.44,2026-10-02
ACR04426,STU04426,85.22,86.08,65.6,0,76.28,-8.94,2026-10-02
ACR04427,STU04427,91.23,78.49,64.92,0,80.58,-10.65,2026-10-02
ACR04428,STU04428,78.74,67.23,50.98,0,73.05,-5.69,2026-10-02
ACR04429,STU04429,87.61,80.89,68.84,0,84.76,-2.85,2026-10-02
ACR04430,STU04430,96.58,92.82,74.53,0,90.46,-6.12,2026-10-02
ACR04431,STU04431,70.45,72.29,63.48,0,62.9,-7.55,2026-10-02
ACR04432,STU04432,88.72,90.75,63.56,0,81.98,-6.74,2026-10-02
ACR04433,STU04433,100.0,87.84,100.0,0,92.05,-7.95,2026-10-02
ACR04434,STU04434,81.44,72.05,63.57,0,74.19,-7.25,2026-10-02
ACR04435,STU04435,62.59,66.58,47.95,0,69.23,6.64,2026-10-02
ACR04436,STU04436,41.97,45.41,39.5,0,41.07,-0.9,2026-10-02
ACR04437,STU04437,96.36,94.24,80.77,0,76.53,-19.83,2026-10-02
ACR04438,STU04438,100.0,86.08,73.99,0,83.1,-16.9,2026-10-02
ACR04439,STU04439,74.45,68.17,54.98,0,67.6,-6.85,2026-10-02
ACR04440,STU04440,62.99,65.03,69.33,0,64.11,1.12,2026-10-02
ACR04441,STU04441,90.44,78.31,73.33,0,79.05,-11.39,2026-10-02
ACR04442,STU04442,87.14,79.71,80.62,0,86.26,-0.88,2026-10-02
ACR04443,STU04443,84.57,77.95,74.03,0,74.99,-9.58,2026-10-02
ACR04444,STU04444,49.89,49.02,39.97,1,50.38,0.49,2026-10-02
ACR04445,STU04445,69.91,70.54,63.31,0,76.2,6.29,2026-10-02
ACR04446,STU04446,89.38,88.1,73.54,0,84.76,-4.62,2026-10-02
ACR04447,STU04447,62.95,58.47,44.13,1,49.85,-13.1,2026-10-02
ACR04448,STU04448,87.06,98.78,83.75,0,84.69,-2.37,2026-10-02
ACR04449,STU04449,77.14,79.42,81.75,0,72.28,-4.86,2026-10-02
ACR04450,STU04450,100.0,91.86,82.65,0,87.01,-12.99,2026-10-02
ACR04451,STU04451,70.29,70.95,60.55,0,59.31,-10.98,2026-10-02
ACR04452,STU04452,69.88,71.9,52.2,0,63.02,-6.86,2026-10-02
ACR04453,STU04453,71.31,66.44,60.64,0,47.04,-24.27,2026-10-02
ACR04454,STU04454,66.98,65.22,54.09,0,61.48,-5.5,2026-10-02
ACR04455,STU04455,63.05,68.33,63.79,0,66.83,3.78,2026-10-02
ACR04456,STU04456,77.38,69.12,58.25,0,72.05,-5.33,2026-10-02
ACR04457,STU04457,78.1,76.76,62.08,0,75.77,-2.33,2026-10-02
ACR04458,STU04458,77.5,75.32,68.05,0,78.96,1.46,2026-10-02
ACR04459,STU04459,100.0,99.11,84.85,0,96.98,-3.02,2026-10-02
ACR04460,STU04460,44.24,50.99,41.8,1,46.7,2.46,2026-10-02
ACR04461,STU04461,61.73,67.05,62.26,1,66.64,4.91,2026-10-02
ACR04462,STU04462,95.87,91.54,82.35,0,78.91,-16.96,2026-10-02
ACR04463,STU04463,65.83,60.31,65.5,1,49.35,-16.48,2026-10-02
ACR04464,STU04464,65.2,65.66,70.13,0,62.28,-2.92,2026-10-02
ACR04465,STU04465,53.36,66.15,58.92,2,53.94,0.58,2026-10-02
ACR04466,STU04466,90.2,85.3,81.75,0,80.87,-9.33,2026-10-02
ACR04467,STU04467,49.26,65.75,47.78,2,61.96,12.7,2026-10-02
ACR04468,STU04468,89.83,85.9,84.99,0,82.76,-7.07,2026-10-02
ACR04469,STU04469,90.48,99.4,88.2,0,87.0,-3.48,2026-10-02
ACR04470,STU04470,53.81,48.8,53.19,0,52.97,-0.84,2026-10-02
ACR04471,STU04471,87.83,79.05,69.45,0,78.67,-9.16,2026-10-02
ACR04472,STU04472,63.07,72.21,52.66,0,62.08,-0.99,2026-10-02
ACR04473,STU04473,90.32,82.57,67.82,0,80.63,-9.69,2026-10-02
ACR04474,STU04474,70.29,72.99,77.96,1,71.11,0.82,2026-10-02
ACR04475,STU04475,80.64,77.57,79.93,0,82.89,2.25,2026-10-02
ACR04476,STU04476,54.46,74.74,74.61,2,54.75,0.29,2026-10-02
ACR04477,STU04477,76.25,71.7,69.92,0,67.81,-8.44,2026-10-02
ACR04478,STU04478,63.73,70.0,73.3,0,71.65,7.92,2026-10-02
ACR04479,STU04479,100.0,90.09,85.08,0,87.27,-12.73,2026-10-02
ACR04480,STU04480,68.39,69.61,59.86,0,61.02,-7.37,2026-10-02
ACR04481,STU04481,80.2,88.14,64.48,0,77.22,-2.98,2026-10-02
ACR04482,STU04482,68.8,70.01,54.44,2,64.3,-4.5,2026-10-02
ACR04483,STU04483,62.21,59.49,56.73,2,53.2,-9.01,2026-10-02
ACR04484,STU04484,56.58,62.78,50.2,1,69.46,12.88,2026-10-02
ACR04485,STU04485,60.87,37.15,48.32,0,42.22,-18.65,2026-10-02
ACR04486,STU04486,88.49,95.14,70.0,0,87.97,-0.52,2026-10-02
ACR04487,STU04487,84.16,89.71,74.95,0,75.02,-9.14,2026-10-02
ACR04488,STU04488,77.81,75.78,68.2,0,74.59,-3.22,2026-10-02
ACR04489,STU04489,52.99,58.76,74.74,0,56.98,3.99,2026-10-02
ACR04490,STU04490,65.08,82.29,68.76,0,69.11,4.03,2026-10-02
ACR04491,STU04491,51.25,59.87,53.92,1,54.78,3.53,2026-10-02
ACR04492,STU04492,82.0,80.26,67.04,0,70.43,-11.57,2026-10-02
ACR04493,STU04493,79.54,73.52,60.33,0,65.06,-14.48,2026-10-02
ACR04494,STU04494,60.58,60.82,59.76,2,65.07,4.49,2026-10-02
ACR04495,STU04495,55.06,75.28,59.78,0,60.26,5.2,2026-10-02
ACR04496,STU04496,69.27,68.77,56.32,0,53.23,-16.04,2026-10-02
ACR04497,STU04497,74.61,61.01,71.51,0,72.91,-1.7,2026-10-02
ACR04498,STU04498,61.53,65.18,45.78,0,62.43,0.9,2026-10-02
ACR04499,STU04499,87.19,90.39,79.77,0,83.21,-3.98,2026-10-02
ACR04500,STU04500,58.49,66.13,56.64,1,60.82,2.33,2026-10-02
ACR04501,STU04501,71.49,71.4,68.07,0,73.34,1.85,2026-10-02
ACR04502,STU04502,55.17,57.07,52.78,3,51.52,-3.65,2026-10-02
ACR04503,STU04503,89.88,86.49,89.49,0,90.86,0.98,2026-10-02
ACR04504,STU04504,77.27,68.05,68.28,0,70.42,-6.85,2026-10-02
ACR04505,STU04505,75.19,64.72,61.31,0,67.95,-7.24,2026-10-02
ACR04506,STU04506,80.56,100.0,71.19,0,81.78,1.22,2026-10-02
ACR04507,STU04507,93.29,100.0,83.49,0,94.89,1.6,2026-10-02
ACR04508,STU04508,64.0,78.59,57.12,0,58.85,-5.15,2026-10-02
ACR04509,STU04509,82.62,85.79,73.57,0,77.68,-4.94,2026-10-02
ACR04510,STU04510,87.68,70.25,65.12,0,67.6,-20.08,2026-10-02
ACR04511,STU04511,56.4,53.2,55.2,1,55.25,-1.15,2026-10-02
ACR04512,STU04512,88.66,61.77,67.85,0,68.23,-20.43,2026-10-02
ACR04513,STU04513,92.63,74.5,86.73,0,81.48,-11.15,2026-10-02
ACR04514,STU04514,65.18,72.37,62.57,0,64.27,-0.91,2026-10-02
ACR04515,STU04515,62.54,53.28,49.25,2,49.61,-12.93,2026-10-02
ACR04516,STU04516,80.87,85.18,80.69,0,70.65,-10.22,2026-10-02
ACR04517,STU04517,87.44,83.75,67.94,1,78.08,-9.36,2026-10-02
ACR04518,STU04518,90.17,78.61,75.02,0,81.73,-8.44,2026-10-02
ACR04519,STU04519,51.74,54.29,36.13,0,34.32,-17.42,2026-10-02
ACR04520,STU04520,99.55,91.68,83.46,0,95.44,-4.11,2026-10-02
ACR04521,STU04521,86.78,82.44,75.68,0,78.89,-7.89,2026-10-02
ACR04522,STU04522,75.62,80.03,79.93,0,71.87,-3.75,2026-10-02
ACR04523,STU04523,89.22,94.27,74.41,0,80.71,-8.51,2026-10-02
ACR04524,STU04524,99.18,85.57,76.82,0,90.69,-8.49,2026-10-02
ACR04525,STU04525,43.39,38.87,45.17,1,34.03,-9.36,2026-10-02
ACR04526,STU04526,72.14,76.17,80.16,1,62.77,-9.37,2026-10-02
ACR04527,STU04527,64.73,71.12,61.24,0,64.93,0.2,2026-10-02
ACR04528,STU04528,78.33,63.94,63.63,0,74.86,-3.47,2026-10-02
ACR04529,STU04529,100.0,91.95,71.34,0,93.22,-6.78,2026-10-02
ACR04530,STU04530,53.27,45.65,51.12,0,48.67,-4.6,2026-10-02
ACR04531,STU04531,63.08,53.07,54.86,0,65.58,2.5,2026-10-02
ACR04532,STU04532,62.81,64.36,51.59,0,64.73,1.92,2026-10-02
ACR04533,STU04533,94.75,87.98,76.0,0,69.65,-25.1,2026-10-02
ACR04534,STU04534,49.59,50.93,59.4,0,51.73,2.14,2026-10-02
ACR04535,STU04535,74.03,70.14,57.26,0,65.49,-8.54,2026-10-02
ACR04536,STU04536,86.19,81.89,74.96,0,81.92,-4.27,2026-10-02
ACR04537,STU04537,99.37,99.57,84.31,0,90.37,-9.0,2026-10-02
ACR04538,STU04538,98.61,88.19,86.95,0,76.97,-21.64,2026-10-02
ACR04539,STU04539,100.0,78.85,91.67,0,88.98,-11.02,2026-10-02
ACR04540,STU04540,66.25,53.18,63.78,1,44.75,-21.5,2026-10-02
ACR04541,STU04541,76.56,83.14,72.38,1,73.03,-3.53,2026-10-02
ACR04542,STU04542,81.73,76.7,67.15,0,74.99,-6.74,2026-10-02
ACR04543,STU04543,87.03,93.47,71.44,0,77.16,-9.87,2026-10-02
ACR04544,STU04544,83.07,70.3,79.91,0,74.66,-8.41,2026-10-02
ACR04545,STU04545,74.44,72.53,58.47,1,73.67,-0.77,2026-10-02
ACR04546,STU04546,87.7,71.29,70.09,0,77.55,-10.15,2026-10-02
ACR04547,STU04547,92.63,82.82,80.76,0,77.58,-15.05,2026-10-02
ACR04548,STU04548,83.55,69.6,61.42,0,71.9,-11.65,2026-10-02
ACR04549,STU04549,92.86,73.42,64.61,0,73.73,-19.13,2026-10-02
ACR04550,STU04550,60.97,53.16,59.75,0,53.93,-7.04,2026-10-02
ACR04551,STU04551,86.58,71.31,75.42,0,74.24,-12.34,2026-10-02
ACR04552,STU04552,97.83,89.9,82.98,0,80.96,-16.87,2026-10-02
ACR04553,STU04553,61.66,55.92,54.27,0,64.69,3.03,2026-10-02
ACR04554,STU04554,93.42,95.36,81.85,0,83.47,-9.95,2026-10-02
ACR04555,STU04555,69.43,73.82,73.54,0,64.23,-5.2,2026-10-02
ACR04556,STU04556,63.23,59.9,50.05,0,51.09,-12.14,2026-10-02
ACR04557,STU04557,100.0,88.73,89.14,0,90.4,-9.6,2026-10-02
ACR04558,STU04558,63.53,61.04,67.03,0,60.73,-2.8,2026-10-02
ACR04559,STU04559,92.95,66.82,80.08,0,69.46,-23.49,2026-10-02
ACR04560,STU04560,72.5,73.94,48.77,0,62.43,-10.07,2026-10-02
ACR04561,STU04561,88.44,71.45,70.37,0,69.68,-18.76,2026-10-02
ACR04562,STU04562,86.17,63.08,69.21,0,83.9,-2.27,2026-10-02
ACR04563,STU04563,98.17,94.15,90.27,0,95.74,-2.43,2026-10-02
ACR04564,STU04564,85.2,70.61,79.12,0,78.24,-6.96,2026-10-02
ACR04565,STU04565,81.55,87.17,81.84,0,68.78,-12.77,2026-10-02
ACR04566,STU04566,82.66,85.04,85.61,0,81.33,-1.33,2026-10-02
ACR04567,STU04567,80.88,77.71,73.1,0,69.68,-11.2,2026-10-02
ACR04568,STU04568,47.17,33.31,54.71,0,40.41,-6.76,2026-10-02
ACR04569,STU04569,60.28,42.04,50.68,0,48.39,-11.89,2026-10-02
ACR04570,STU04570,51.84,50.73,50.89,1,48.45,-3.39,2026-10-02
ACR04571,STU04571,63.13,62.94,51.25,1,71.23,8.1,2026-10-02
ACR04572,STU04572,93.24,93.86,75.82,0,73.43,-19.81,2026-10-02
ACR04573,STU04573,93.2,86.08,77.6,0,79.21,-13.99,2026-10-02
ACR04574,STU04574,69.21,72.15,71.28,0,69.91,0.7,2026-10-02
ACR04575,STU04575,76.31,84.68,70.83,0,71.35,-4.96,2026-10-02
ACR04576,STU04576,97.42,92.39,82.13,0,88.76,-8.66,2026-10-02
ACR04577,STU04577,87.7,75.94,77.25,0,75.22,-12.48,2026-10-02
ACR04578,STU04578,76.23,76.19,56.78,0,63.24,-12.99,2026-10-02
ACR04579,STU04579,78.89,75.57,70.42,0,64.82,-14.07,2026-10-02
ACR04580,STU04580,77.65,81.88,81.47,0,69.84,-7.81,2026-10-02
ACR04581,STU04581,76.01,76.96,56.07,0,78.29,2.28,2026-10-02
ACR04582,STU04582,67.27,79.43,70.08,0,70.92,3.65,2026-10-02
ACR04583,STU04583,100.0,98.31,78.61,0,94.31,-5.69,2026-10-02
ACR04584,STU04584,93.91,78.04,75.08,0,84.61,-9.3,2026-10-02
ACR04585,STU04585,64.9,63.59,54.61,0,58.09,-6.81,2026-10-02
ACR04586,STU04586,65.24,58.88,57.76,0,62.59,-2.65,2026-10-02
ACR04587,STU04587,54.45,53.2,66.69,2,57.29,2.84,2026-10-02
ACR04588,STU04588,80.66,62.82,53.41,0,62.8,-17.86,2026-10-02
ACR04589,STU04589,69.67,55.57,56.58,0,63.96,-5.71,2026-10-02
ACR04590,STU04590,68.83,54.0,55.39,1,62.16,-6.67,2026-10-02
ACR04591,STU04591,49.65,60.2,40.14,1,48.26,-1.39,2026-10-02
ACR04592,STU04592,64.76,58.96,50.39,0,62.53,-2.23,2026-10-02
ACR04593,STU04593,82.87,79.35,68.47,0,71.1,-11.77,2026-10-02
ACR04594,STU04594,81.43,76.61,74.27,0,81.46,0.03,2026-10-02
ACR04595,STU04595,83.7,78.43,78.5,0,81.82,-1.88,2026-10-02
ACR04596,STU04596,76.35,84.02,79.79,0,70.97,-5.38,2026-10-02
ACR04597,STU04597,100.0,79.59,73.25,0,83.79,-16.21,2026-10-02
ACR04598,STU04598,76.03,65.08,54.9,0,55.84,-20.19,2026-10-02
ACR04599,STU04599,79.23,92.28,83.45,0,82.65,3.42,2026-10-02
ACR04600,STU04600,69.67,72.18,56.38,1,56.05,-13.62,2026-10-02
ACR04601,STU04601,81.63,78.51,63.26,0,69.86,-11.77,2026-10-02
ACR04602,STU04602,90.71,78.6,76.67,0,80.36,-10.35,2026-10-02
ACR04603,STU04603,94.57,78.99,92.06,0,73.91,-20.66,2026-10-02
ACR04604,STU04604,63.52,70.87,49.16,0,44.89,-18.63,2026-10-02
ACR04605,STU04605,74.39,71.84,76.11,0,80.92,6.53,2026-10-02
ACR04606,STU04606,65.61,59.25,55.12,0,51.77,-13.84,2026-10-02
ACR04607,STU04607,50.07,52.95,64.08,0,51.53,1.46,2026-10-02
ACR04608,STU04608,81.24,75.34,74.33,0,79.36,-1.88,2026-10-02
ACR04609,STU04609,87.96,74.33,55.19,0,65.06,-22.9,2026-10-02
ACR04610,STU04610,93.36,82.53,75.18,0,88.42,-4.94,2026-10-02
ACR04611,STU04611,35.44,49.87,37.76,2,37.51,2.07,2026-10-02
ACR04612,STU04612,67.74,78.75,65.88,0,77.2,9.46,2026-10-02
ACR04613,STU04613,64.09,68.41,65.97,0,67.13,3.04,2026-10-02
ACR04614,STU04614,60.62,46.57,51.77,0,55.35,-5.27,2026-10-02
ACR04615,STU04615,89.23,81.0,76.92,0,76.71,-12.52,2026-10-02
ACR04616,STU04616,93.61,96.61,71.71,0,79.08,-14.53,2026-10-02
ACR04617,STU04617,81.75,65.56,77.79,0,77.73,-4.02,2026-10-02
ACR04618,STU04618,97.59,72.42,79.11,0,77.55,-20.04,2026-10-02
ACR04619,STU04619,51.93,56.91,41.57,0,52.18,0.25,2026-10-02
ACR04620,STU04620,100.0,91.17,85.81,0,82.79,-17.21,2026-10-02
ACR04621,STU04621,67.0,45.71,48.46,0,59.32,-7.68,2026-10-02
ACR04622,STU04622,96.44,91.77,79.03,0,77.54,-18.9,2026-10-02
ACR04623,STU04623,59.69,76.76,58.5,1,62.15,2.46,2026-10-02
ACR04624,STU04624,58.86,71.39,55.97,1,49.41,-9.45,2026-10-02
ACR04625,STU04625,63.95,84.63,52.31,0,69.05,5.1,2026-10-02
ACR04626,STU04626,76.88,94.25,65.03,0,78.51,1.63,2026-10-02
ACR04627,STU04627,90.82,62.28,60.4,0,75.9,-14.92,2026-10-02
ACR04628,STU04628,65.86,71.89,78.75,0,69.73,3.87,2026-10-02
ACR04629,STU04629,100.0,84.9,82.04,0,88.24,-11.76,2026-10-02
ACR04630,STU04630,76.85,71.07,55.85,0,69.77,-7.08,2026-10-02
ACR04631,STU04631,74.49,68.33,54.17,0,62.95,-11.54,2026-10-02
ACR04632,STU04632,81.77,77.26,64.28,0,73.26,-8.51,2026-10-02
ACR04633,STU04633,71.35,80.61,72.38,1,72.84,1.49,2026-10-02
ACR04634,STU04634,83.23,68.39,64.24,0,70.53,-12.7,2026-10-02
ACR04635,STU04635,87.48,76.24,64.75,0,82.46,-5.02,2026-10-02
ACR04636,STU04636,96.2,76.62,71.41,0,79.93,-16.27,2026-10-02
ACR04637,STU04637,51.42,57.16,29.86,2,41.5,-9.92,2026-10-02
ACR04638,STU04638,96.04,86.57,70.66,0,84.43,-11.61,2026-10-02
ACR04639,STU04639,97.25,80.39,73.6,0,81.64,-15.61,2026-10-02
ACR04640,STU04640,56.7,59.4,48.57,1,58.5,1.8,2026-10-02
ACR04641,STU04641,72.84,85.53,70.58,0,67.71,-5.13,2026-10-02
ACR04642,STU04642,94.83,78.8,88.49,0,89.47,-5.36,2026-10-02
ACR04643,STU04643,76.41,78.2,73.87,1,72.92,-3.49,2026-10-02
ACR04644,STU04644,87.7,75.58,72.22,0,71.22,-16.48,2026-10-02
ACR04645,STU04645,79.16,77.79,67.86,0,70.71,-8.45,2026-10-02
ACR04646,STU04646,74.34,62.34,69.18,0,68.16,-6.18,2026-10-02
ACR04647,STU04647,86.65,66.59,79.45,0,79.06,-7.59,2026-10-02
ACR04648,STU04648,52.01,50.82,49.83,0,52.13,0.12,2026-10-02
ACR04649,STU04649,73.5,74.2,80.32,0,74.47,0.97,2026-10-02
ACR04650,STU04650,88.65,81.56,82.43,1,72.6,-16.05,2026-10-02
ACR04651,STU04651,57.38,53.0,56.14,0,53.78,-3.6,2026-10-02
ACR04652,STU04652,51.8,53.05,41.34,0,38.11,-13.69,2026-10-02
ACR04653,STU04653,44.4,48.35,55.36,4,45.74,1.34,2026-10-02
ACR04654,STU04654,69.36,83.49,77.9,0,78.76,9.4,2026-10-02
ACR04655,STU04655,71.76,63.43,53.16,1,66.79,-4.97,2026-10-02
ACR04656,STU04656,83.18,75.8,79.17,0,75.67,-7.51,2026-10-02
ACR04657,STU04657,100.0,96.71,70.83,0,89.11,-10.89,2026-10-02
ACR04658,STU04658,81.57,79.11,76.27,0,72.11,-9.46,2026-10-02
ACR04659,STU04659,79.23,77.1,72.09,0,89.61,10.38,2026-10-02
ACR04660,STU04660,81.94,84.63,71.46,0,75.09,-6.85,2026-10-02
ACR04661,STU04661,73.76,76.21,66.91,0,69.89,-3.87,2026-10-02
ACR04662,STU04662,96.3,99.16,77.25,0,91.09,-5.21,2026-10-02
ACR04663,STU04663,83.99,61.87,64.62,0,62.0,-21.99,2026-10-02
ACR04664,STU04664,65.98,76.82,67.53,1,70.07,4.09,2026-10-02
ACR04665,STU04665,61.42,64.57,55.38,0,57.49,-3.93,2026-10-02
ACR04666,STU04666,47.61,53.44,61.66,2,51.93,4.32,2026-10-02
ACR04667,STU04667,81.91,86.49,66.59,0,73.91,-8.0,2026-10-02
ACR04668,STU04668,85.16,87.04,68.59,0,83.64,-1.52,2026-10-02
ACR04669,STU04669,75.71,66.6,65.08,0,63.77,-11.94,2026-10-02
ACR04670,STU04670,81.23,87.16,67.32,0,83.4,2.17,2026-10-02
ACR04671,STU04671,83.88,80.6,57.04,0,77.02,-6.86,2026-10-02
ACR04672,STU04672,77.99,54.58,60.56,0,62.97,-15.02,2026-10-02
ACR04673,STU04673,86.05,90.72,77.14,0,84.57,-1.48,2026-10-02
ACR04674,STU04674,47.6,60.01,40.02,0,54.08,6.48,2026-10-02
ACR04675,STU04675,93.05,97.69,77.44,0,89.4,-3.65,2026-10-02
ACR04676,STU04676,83.03,73.87,72.42,0,71.91,-11.12,2026-10-02
ACR04677,STU04677,70.69,63.47,66.73,0,69.08,-1.61,2026-10-02
ACR04678,STU04678,62.42,63.1,61.47,1,55.74,-6.68,2026-10-02
ACR04679,STU04679,84.32,87.55,79.83,0,71.75,-12.57,2026-10-02
ACR04680,STU04680,87.24,69.71,73.47,0,78.27,-8.97,2026-10-02
ACR04681,STU04681,52.89,46.48,51.06,1,50.02,-2.87,2026-10-02
ACR04682,STU04682,83.97,64.25,58.69,0,59.99,-23.98,2026-10-02
ACR04683,STU04683,93.64,73.54,76.49,0,78.88,-14.76,2026-10-02
ACR04684,STU04684,88.43,87.43,76.26,0,82.98,-5.45,2026-10-02
ACR04685,STU04685,58.04,61.64,44.17,0,49.5,-8.54,2026-10-02
ACR04686,STU04686,70.61,58.26,55.86,0,64.85,-5.76,2026-10-02
ACR04687,STU04687,100.0,88.4,96.81,0,91.22,-8.78,2026-10-02
ACR04688,STU04688,58.31,66.81,53.39,0,53.39,-4.92,2026-10-02
ACR04689,STU04689,100.0,100.0,100.0,0,100.0,0.0,2026-10-02
ACR04690,STU04690,86.02,75.09,88.67,0,75.02,-11.0,2026-10-02
ACR04691,STU04691,81.02,69.31,69.45,0,79.94,-1.08,2026-10-02
ACR04692,STU04692,92.56,78.85,71.57,0,76.01,-16.55,2026-10-02
ACR04693,STU04693,92.82,87.32,75.6,0,79.4,-13.42,2026-10-02
ACR04694,STU04694,71.7,74.31,59.24,0,53.09,-18.61,2026-10-02
ACR04695,STU04695,87.78,82.74,69.3,0,85.88,-1.9,2026-10-02
ACR04696,STU04696,64.27,66.11,69.69,0,74.21,9.94,2026-10-02
ACR04697,STU04697,84.16,78.14,91.18,0,78.73,-5.43,2026-10-02
ACR04698,STU04698,62.74,61.96,39.08,0,57.68,-5.06,2026-10-02
ACR04699,STU04699,97.93,95.44,74.15,0,85.78,-12.15,2026-10-02
ACR04700,STU04700,84.77,95.88,80.68,0,84.27,-0.5,2026-10-02
ACR04701,STU04701,59.49,66.87,54.19,3,61.42,1.93,2026-10-02
ACR04702,STU04702,71.62,81.06,57.55,0,60.88,-10.74,2026-10-02
ACR04703,STU04703,81.12,94.58,65.13,0,80.2,-0.92,2026-10-02
ACR04704,STU04704,82.16,74.68,81.31,0,81.12,-1.04,2026-10-02
ACR04705,STU04705,97.27,90.91,77.72,0,85.17,-12.1,2026-10-02
ACR04706,STU04706,72.73,62.84,71.09,1,65.99,-6.74,2026-10-02
ACR04707,STU04707,83.26,69.42,73.54,0,73.51,-9.75,2026-10-02
ACR04708,STU04708,60.22,75.91,58.3,0,70.08,9.86,2026-10-02
ACR04709,STU04709,82.03,64.64,68.26,0,64.5,-17.53,2026-10-02
ACR04710,STU04710,77.54,78.54,66.49,0,74.9,-2.64,2026-10-02
ACR04711,STU04711,67.94,62.2,67.66,0,61.21,-6.73,2026-10-02
ACR04712,STU04712,79.99,88.7,76.93,0,77.35,-2.64,2026-10-02
ACR04713,STU04713,100.0,98.81,85.71,0,92.54,-7.46,2026-10-02
ACR04714,STU04714,69.43,58.35,42.49,0,61.34,-8.09,2026-10-02
ACR04715,STU04715,62.23,77.88,50.3,0,63.94,1.71,2026-10-02
ACR04716,STU04716,99.4,69.93,72.01,0,71.78,-27.62,2026-10-02
ACR04717,STU04717,78.56,74.96,67.3,0,59.27,-19.29,2026-10-02
ACR04718,STU04718,64.82,57.68,43.46,0,57.1,-7.72,2026-10-02
ACR04719,STU04719,90.56,94.95,83.58,0,90.56,0.0,2026-10-02
ACR04720,STU04720,69.08,66.51,70.49,0,68.99,-0.09,2026-10-02
ACR04721,STU04721,71.46,72.53,68.69,0,62.54,-8.92,2026-10-02
ACR04722,STU04722,89.47,91.99,85.08,0,81.45,-8.02,2026-10-02
ACR04723,STU04723,62.98,58.81,50.6,0,65.38,2.4,2026-10-02
ACR04724,STU04724,83.19,66.44,75.13,0,67.9,-15.29,2026-10-02
ACR04725,STU04725,71.38,82.06,54.97,2,59.42,-11.96,2026-10-02
ACR04726,STU04726,52.12,46.18,41.47,1,54.01,1.89,2026-10-02
ACR04727,STU04727,58.91,84.47,63.81,2,61.09,2.18,2026-10-02
ACR04728,STU04728,100.0,100.0,87.19,0,96.74,-3.26,2026-10-02
ACR04729,STU04729,79.45,79.89,75.33,0,63.54,-15.91,2026-10-02
ACR04730,STU04730,84.13,81.32,72.64,0,79.17,-4.96,2026-10-02
ACR04731,STU04731,71.04,86.21,63.7,0,79.58,8.54,2026-10-02
ACR04732,STU04732,79.86,70.65,68.85,0,60.16,-19.7,2026-10-02
ACR04733,STU04733,73.43,65.77,73.47,0,69.25,-4.18,2026-10-02
ACR04734,STU04734,67.95,76.41,70.15,0,58.99,-8.96,2026-10-02
ACR04735,STU04735,76.07,74.87,64.89,0,72.76,-3.31,2026-10-02
ACR04736,STU04736,77.4,65.75,58.15,0,65.46,-11.94,2026-10-02
ACR04737,STU04737,77.34,71.06,67.94,0,67.43,-9.91,2026-10-02
ACR04738,STU04738,65.52,61.51,60.37,2,56.91,-8.61,2026-10-02
ACR04739,STU04739,93.61,84.78,89.99,0,78.42,-15.19,2026-10-02
ACR04740,STU04740,76.55,80.69,66.95,0,69.46,-7.09,2026-10-02
ACR04741,STU04741,68.58,61.18,79.93,0,62.86,-5.72,2026-10-02
ACR04742,STU04742,74.05,79.16,63.96,0,66.6,-7.45,2026-10-02
ACR04743,STU04743,62.6,54.69,56.46,0,54.77,-7.83,2026-10-02
ACR04744,STU04744,60.83,55.34,49.7,0,58.2,-2.63,2026-10-02
ACR04745,STU04745,51.95,56.41,45.04,2,44.34,-7.61,2026-10-02
ACR04746,STU04746,100.0,100.0,96.87,0,94.0,-6.0,2026-10-02
ACR04747,STU04747,100.0,100.0,89.06,0,93.13,-6.87,2026-10-02
ACR04748,STU04748,78.9,90.01,76.51,0,77.02,-1.88,2026-10-02
ACR04749,STU04749,83.35,77.87,69.09,0,69.15,-14.2,2026-10-02
ACR04750,STU04750,71.18,65.29,56.33,0,66.49,-4.69,2026-10-02
ACR04751,STU04751,63.79,81.17,54.2,1,64.58,0.79,2026-10-02
ACR04752,STU04752,49.07,50.43,39.82,0,52.16,3.09,2026-10-02
ACR04753,STU04753,100.0,100.0,94.82,0,91.8,-8.2,2026-10-02
ACR04754,STU04754,76.12,89.29,69.19,0,69.1,-7.02,2026-10-02
ACR04755,STU04755,87.26,98.18,74.96,0,87.2,-0.06,2026-10-02
ACR04756,STU04756,78.06,49.3,62.71,0,64.34,-13.72,2026-10-02
ACR04757,STU04757,76.19,79.61,71.57,0,72.57,-3.62,2026-10-02
ACR04758,STU04758,59.58,61.94,61.79,0,63.4,3.82,2026-10-02
ACR04759,STU04759,57.06,52.52,63.74,3,47.23,-9.83,2026-10-02
ACR04760,STU04760,72.29,70.38,61.37,0,63.23,-9.06,2026-10-02
ACR04761,STU04761,83.75,79.21,68.68,0,78.96,-4.79,2026-10-02
ACR04762,STU04762,64.83,67.93,72.17,0,51.89,-12.94,2026-10-02
ACR04763,STU04763,100.0,100.0,88.7,0,92.95,-7.05,2026-10-02
ACR04764,STU04764,45.85,51.31,57.51,1,41.63,-4.22,2026-10-02
ACR04765,STU04765,100.0,97.59,81.85,0,84.38,-15.62,2026-10-02
ACR04766,STU04766,77.15,71.71,72.93,0,71.01,-6.14,2026-10-02
ACR04767,STU04767,83.98,75.4,65.37,0,66.29,-17.69,2026-10-02
ACR04768,STU04768,83.78,82.0,68.79,0,77.02,-6.76,2026-10-02
ACR04769,STU04769,77.77,63.59,68.47,0,65.29,-12.48,2026-10-02
ACR04770,STU04770,84.36,81.06,72.56,0,78.64,-5.72,2026-10-02
ACR04771,STU04771,52.71,69.34,57.05,3,59.1,6.39,2026-10-02
ACR04772,STU04772,100.0,87.75,84.87,0,87.84,-12.16,2026-10-02
ACR04773,STU04773,71.67,75.03,72.67,0,66.05,-5.62,2026-10-02
ACR04774,STU04774,84.38,82.69,77.15,0,81.35,-3.03,2026-10-02
ACR04775,STU04775,62.0,66.27,43.74,0,53.18,-8.82,2026-10-02
ACR04776,STU04776,100.0,76.87,75.61,0,78.72,-21.28,2026-10-02
ACR04777,STU04777,84.33,89.53,63.74,0,85.74,1.41,2026-10-02
ACR04778,STU04778,94.94,92.19,84.55,0,89.36,-5.58,2026-10-02
ACR04779,STU04779,65.97,71.19,77.77,0,66.06,0.09,2026-10-02
ACR04780,STU04780,85.29,88.42,68.97,0,82.18,-3.11,2026-10-02
ACR04781,STU04781,59.17,69.13,59.98,0,64.05,4.88,2026-10-02
ACR04782,STU04782,55.64,65.24,61.75,0,69.6,13.96,2026-10-02
ACR04783,STU04783,57.06,41.87,51.32,1,53.31,-3.75,2026-10-02
ACR04784,STU04784,68.92,60.13,55.76,0,58.39,-10.53,2026-10-02
ACR04785,STU04785,79.21,84.07,70.84,0,67.45,-11.76,2026-10-02
ACR04786,STU04786,85.88,75.8,64.29,0,69.3,-16.58,2026-10-02
ACR04787,STU04787,92.22,99.91,84.71,0,81.95,-10.27,2026-10-02
ACR04788,STU04788,45.14,46.63,30.48,0,36.76,-8.38,2026-10-02
ACR04789,STU04789,67.3,65.27,61.65,0,67.01,-0.29,2026-10-02
ACR04790,STU04790,80.38,71.86,72.97,0,74.57,-5.81,2026-10-02
ACR04791,STU04791,59.45,69.77,51.78,1,63.63,4.18,2026-10-02
ACR04792,STU04792,79.94,77.89,68.28,0,77.88,-2.06,2026-10-02
ACR04793,STU04793,82.4,71.27,58.9,0,67.49,-14.91,2026-10-02
ACR04794,STU04794,100.0,100.0,95.54,0,94.7,-5.3,2026-10-02
ACR04795,STU04795,72.86,60.4,62.83,0,58.76,-14.1,2026-10-02
ACR04796,STU04796,55.26,50.83,43.12,3,51.66,-3.6,2026-10-02
ACR04797,STU04797,96.38,90.67,67.64,0,81.78,-14.6,2026-10-02
ACR04798,STU04798,35.34,37.62,37.16,3,33.63,-1.71,2026-10-02
ACR04799,STU04799,56.46,64.36,71.35,1,61.62,5.16,2026-10-02
ACR04800,STU04800,78.32,84.43,89.68,1,89.77,11.45,2026-10-02
ACR04801,STU04801,65.2,82.01,64.27,0,65.99,0.79,2026-10-02
ACR04802,STU04802,88.6,86.32,66.26,0,72.96,-15.64,2026-10-02
ACR04803,STU04803,82.14,88.61,89.43,0,80.02,-2.12,2026-10-02
ACR04804,STU04804,69.77,62.33,67.38,0,66.11,-3.66,2026-10-02
ACR04805,STU04805,65.22,66.82,67.51,0,60.42,-4.8,2026-10-02
ACR04806,STU04806,72.86,71.64,55.96,0,70.71,-2.15,2026-10-02
ACR04807,STU04807,59.8,74.16,56.35,1,56.13,-3.67,2026-10-02
ACR04808,STU04808,83.2,79.54,78.27,0,60.12,-23.08,2026-10-02
ACR04809,STU04809,72.79,78.29,65.53,0,74.89,2.1,2026-10-02
ACR04810,STU04810,87.8,74.67,79.94,0,73.51,-14.29,2026-10-02
ACR04811,STU04811,99.1,97.31,82.65,0,87.81,-11.29,2026-10-02
ACR04812,STU04812,82.2,69.31,85.53,0,78.72,-3.48,2026-10-02
ACR04813,STU04813,99.75,87.11,82.96,0,91.51,-8.24,2026-10-02
ACR04814,STU04814,53.81,62.59,50.43,0,53.44,-0.37,2026-10-02
ACR04815,STU04815,98.83,80.19,55.79,0,75.83,-23.0,2026-10-02
ACR04816,STU04816,46.08,40.0,34.44,1,38.31,-7.77,2026-10-02
ACR04817,STU04817,82.39,72.33,72.33,0,70.64,-11.75,2026-10-02
ACR04818,STU04818,72.01,69.76,64.41,0,65.31,-6.7,2026-10-02
ACR04819,STU04819,94.74,84.65,89.45,0,87.11,-7.63,2026-10-02
ACR04820,STU04820,100.0,100.0,72.18,0,91.9,-8.1,2026-10-02
ACR04821,STU04821,100.0,88.71,88.75,0,84.28,-15.72,2026-10-02
ACR04822,STU04822,23.9,11.94,24.15,4,33.77,9.87,2026-10-02
ACR04823,STU04823,60.03,47.82,61.0,1,54.18,-5.85,2026-10-02
ACR04824,STU04824,89.53,72.97,73.3,0,77.06,-12.47,2026-10-02
ACR04825,STU04825,70.36,72.21,59.88,0,64.92,-5.44,2026-10-02
ACR04826,STU04826,67.91,55.71,56.16,0,55.61,-12.3,2026-10-02
ACR04827,STU04827,80.86,68.08,58.78,0,67.99,-12.87,2026-10-02
ACR04828,STU04828,62.7,73.68,67.07,0,64.0,1.3,2026-10-02
ACR04829,STU04829,85.63,84.55,69.62,0,69.95,-15.68,2026-10-02
ACR04830,STU04830,82.43,59.68,70.23,0,73.29,-9.14,2026-10-02
ACR04831,STU04831,95.74,78.16,67.23,0,81.07,-14.67,2026-10-02
ACR04832,STU04832,81.61,75.34,80.88,0,68.88,-12.73,2026-10-02
ACR04833,STU04833,90.43,67.75,80.33,0,84.19,-6.24,2026-10-02
ACR04834,STU04834,67.46,63.14,55.35,0,60.24,-7.22,2026-10-02
ACR04835,STU04835,52.81,49.73,48.06,0,61.97,9.16,2026-10-02
ACR04836,STU04836,75.15,73.8,67.67,0,75.49,0.34,2026-10-02
ACR04837,STU04837,95.88,60.37,68.38,0,76.19,-19.69,2026-10-02
ACR04838,STU04838,76.6,85.98,78.43,0,73.87,-2.73,2026-10-02
ACR04839,STU04839,70.72,83.21,77.82,0,67.62,-3.1,2026-10-02
ACR04840,STU04840,66.89,66.65,65.27,0,59.58,-7.31,2026-10-02
ACR04841,STU04841,100.0,100.0,91.08,0,96.43,-3.57,2026-10-02
ACR04842,STU04842,83.98,79.9,74.0,0,77.7,-6.28,2026-10-02
ACR04843,STU04843,89.02,83.86,84.27,0,81.76,-7.26,2026-10-02
ACR04844,STU04844,90.16,79.72,61.39,0,74.52,-15.64,2026-10-02
ACR04845,STU04845,79.8,82.39,65.68,0,82.74,2.94,2026-10-02
ACR04846,STU04846,71.04,64.85,57.0,0,68.73,-2.31,2026-10-02
ACR04847,STU04847,80.29,83.28,61.4,0,71.17,-9.12,2026-10-02
ACR04848,STU04848,69.4,71.47,55.05,0,57.91,-11.49,2026-10-02
ACR04849,STU04849,47.81,57.34,47.47,0,51.7,3.89,2026-10-02
ACR04850,STU04850,68.34,60.8,67.71,0,61.92,-6.42,2026-10-02
ACR04851,STU04851,71.8,63.34,58.18,0,56.6,-15.2,2026-10-02
ACR04852,STU04852,90.57,91.73,84.72,0,86.24,-4.33,2026-10-02
ACR04853,STU04853,50.9,70.28,56.58,1,62.07,11.17,2026-10-02
ACR04854,STU04854,75.89,90.26,74.37,0,79.82,3.93,2026-10-02
ACR04855,STU04855,63.33,59.42,67.09,1,62.0,-1.33,2026-10-02
ACR04856,STU04856,76.55,74.19,66.2,0,70.95,-5.6,2026-10-02
ACR04857,STU04857,80.32,86.16,70.65,1,75.54,-4.78,2026-10-02
ACR04858,STU04858,79.89,62.46,70.05,0,67.0,-12.89,2026-10-02
ACR04859,STU04859,89.95,81.15,70.72,1,73.51,-16.44,2026-10-02
ACR04860,STU04860,69.22,65.36,63.95,0,76.63,7.41,2026-10-02
ACR04861,STU04861,59.95,62.63,56.19,0,48.67,-11.28,2026-10-02
ACR04862,STU04862,60.82,60.33,51.18,1,58.43,-2.39,2026-10-02
ACR04863,STU04863,100.0,95.82,89.07,0,89.32,-10.68,2026-10-02
ACR04864,STU04864,69.6,73.25,61.53,1,61.35,-8.25,2026-10-02
ACR04865,STU04865,89.72,93.79,66.99,0,83.84,-5.88,2026-10-02
ACR04866,STU04866,84.25,86.82,70.87,0,76.96,-7.29,2026-10-02
ACR04867,STU04867,73.07,80.04,70.99,0,69.43,-3.64,2026-10-02
ACR04868,STU04868,71.83,71.78,53.1,0,63.07,-8.76,2026-10-02
ACR04869,STU04869,60.6,62.33,33.86,0,46.19,-14.41,2026-10-02
ACR04870,STU04870,57.0,64.92,43.75,0,57.66,0.66,2026-10-02
ACR04871,STU04871,41.79,52.27,52.88,1,53.6,11.81,2026-10-02
ACR04872,STU04872,88.34,82.11,87.79,0,73.81,-14.53,2026-10-02
ACR04873,STU04873,67.54,71.79,69.85,1,57.22,-10.32,2026-10-02
ACR04874,STU04874,58.17,64.35,40.85,0,47.28,-10.89,2026-10-02
ACR04875,STU04875,100.0,87.29,87.07,0,91.51,-8.49,2026-10-02
ACR04876,STU04876,82.14,86.33,95.81,1,79.75,-2.39,2026-10-02
ACR04877,STU04877,67.94,61.94,72.12,0,65.7,-2.24,2026-10-02
ACR04878,STU04878,77.98,64.82,66.01,0,63.72,-14.26,2026-10-02
ACR04879,STU04879,75.56,81.23,84.55,0,79.98,4.42,2026-10-02
ACR04880,STU04880,70.1,76.02,66.75,0,68.67,-1.43,2026-10-02
ACR04881,STU04881,37.78,51.04,38.03,3,35.68,-2.1,2026-10-02
ACR04882,STU04882,85.93,81.8,76.16,0,86.97,1.04,2026-10-02
ACR04883,STU04883,86.1,69.06,75.15,0,63.4,-22.7,2026-10-02
ACR04884,STU04884,85.49,79.77,85.81,0,79.14,-6.35,2026-10-02
ACR04885,STU04885,86.34,74.24,66.31,0,67.75,-18.59,2026-10-02
ACR04886,STU04886,66.48,48.56,55.81,1,57.15,-9.33,2026-10-02
ACR04887,STU04887,64.95,77.15,69.07,0,70.56,5.61,2026-10-02
ACR04888,STU04888,80.22,70.56,59.73,2,72.89,-7.33,2026-10-02
ACR04889,STU04889,80.28,66.67,62.59,0,70.49,-9.79,2026-10-02
ACR04890,STU04890,64.04,63.72,68.6,0,65.33,1.29,2026-10-02
ACR04891,STU04891,67.64,70.15,67.75,1,56.22,-11.42,2026-10-02
ACR04892,STU04892,94.58,81.96,85.66,0,90.64,-3.94,2026-10-02
ACR04893,STU04893,79.2,77.89,77.5,0,65.58,-13.62,2026-10-02
ACR04894,STU04894,42.16,59.06,47.82,1,44.79,2.63,2026-10-02
ACR04895,STU04895,63.46,66.78,52.34,0,62.87,-0.59,2026-10-02
ACR04896,STU04896,67.33,68.36,62.07,0,68.96,1.63,2026-10-02
ACR04897,STU04897,73.61,69.06,61.6,0,63.16,-10.45,2026-10-02
ACR04898,STU04898,84.36,86.75,87.08,0,80.43,-3.93,2026-10-02
ACR04899,STU04899,78.25,54.9,57.91,0,55.11,-23.14,2026-10-02
ACR04900,STU04900,79.66,77.97,71.56,0,74.9,-4.76,2026-10-02
ACR04901,STU04901,78.5,74.39,68.02,0,74.16,-4.34,2026-10-02
ACR04902,STU04902,59.03,52.3,43.14,1,40.42,-18.61,2026-10-02
ACR04903,STU04903,97.13,92.52,84.71,0,89.63,-7.5,2026-10-02
ACR04904,STU04904,51.91,59.51,53.77,0,55.32,3.41,2026-10-02
ACR04905,STU04905,79.81,64.32,57.9,0,65.04,-14.77,2026-10-02
ACR04906,STU04906,47.93,79.18,52.54,0,59.7,11.77,2026-10-02
ACR04907,STU04907,63.45,72.69,68.64,0,64.42,0.97,2026-10-02
ACR04908,STU04908,69.71,90.81,65.26,1,78.95,9.24,2026-10-02
ACR04909,STU04909,74.85,79.21,51.09,0,65.11,-9.74,2026-10-02
ACR04910,STU04910,85.12,78.49,80.8,0,80.33,-4.79,2026-10-02
ACR04911,STU04911,85.81,81.68,76.48,0,74.8,-11.01,2026-10-02
ACR04912,STU04912,43.65,48.78,39.18,0,31.53,-12.12,2026-10-02
ACR04913,STU04913,53.83,68.0,63.73,0,56.17,2.34,2026-10-02
ACR04914,STU04914,100.0,77.57,71.7,0,79.46,-20.54,2026-10-02
ACR04915,STU04915,64.44,59.15,78.85,0,67.31,2.87,2026-10-02
ACR04916,STU04916,82.45,82.15,63.09,0,81.57,-0.88,2026-10-02
ACR04917,STU04917,51.38,46.38,31.45,1,43.94,-7.44,2026-10-02
ACR04918,STU04918,77.06,89.59,87.59,0,85.98,8.92,2026-10-02
ACR04919,STU04919,55.6,64.33,51.81,1,45.52,-10.08,2026-10-02
ACR04920,STU04920,73.94,76.46,50.95,0,71.66,-2.28,2026-10-02
ACR04921,STU04921,93.57,97.09,75.26,0,76.32,-17.25,2026-10-02
ACR04922,STU04922,69.55,58.67,76.75,0,63.68,-5.87,2026-10-02
ACR04923,STU04923,87.6,76.09,66.09,0,76.93,-10.67,2026-10-02
ACR04924,STU04924,86.65,75.62,70.41,0,74.1,-12.55,2026-10-02
ACR04925,STU04925,95.17,100.0,86.55,0,90.38,-4.79,2026-10-02
ACR04926,STU04926,86.08,90.48,57.68,1,68.41,-17.67,2026-10-02
ACR04927,STU04927,90.21,79.18,66.93,0,81.3,-8.91,2026-10-02
ACR04928,STU04928,61.93,67.39,76.22,0,75.7,13.77,2026-10-02
ACR04929,STU04929,88.22,75.27,61.95,0,71.07,-17.15,2026-10-02
ACR04930,STU04930,81.99,80.59,80.11,0,80.02,-1.97,2026-10-02
ACR04931,STU04931,73.72,69.03,63.57,0,64.09,-9.63,2026-10-02
ACR04932,STU04932,98.31,74.24,69.9,0,80.16,-18.15,2026-10-02
ACR04933,STU04933,40.98,46.74,51.25,1,53.48,12.5,2026-10-02
ACR04934,STU04934,77.08,77.01,61.7,0,67.82,-9.26,2026-10-02
ACR04935,STU04935,63.36,67.1,58.73,0,60.22,-3.14,2026-10-02
ACR04936,STU04936,100.0,100.0,88.43,0,93.74,-6.26,2026-10-02
ACR04937,STU04937,69.0,70.29,69.9,2,66.41,-2.59,2026-10-02
ACR04938,STU04938,53.08,57.78,36.1,2,45.68,-7.4,2026-10-02
ACR04939,STU04939,79.45,71.87,79.85,0,67.12,-12.33,2026-10-02
ACR04940,STU04940,56.48,45.19,44.57,0,53.04,-3.44,2026-10-02
ACR04941,STU04941,51.95,55.79,65.62,1,56.53,4.58,2026-10-02
ACR04942,STU04942,64.42,56.52,79.51,0,57.72,-6.7,2026-10-02
ACR04943,STU04943,91.77,77.46,75.19,0,65.68,-26.09,2026-10-02
ACR04944,STU04944,72.85,76.04,68.12,0,68.74,-4.11,2026-10-02
ACR04945,STU04945,77.58,70.44,57.47,0,61.66,-15.92,2026-10-02
ACR04946,STU04946,47.42,60.33,45.61,4,40.31,-7.11,2026-10-02
ACR04947,STU04947,67.68,70.52,62.92,0,67.06,-0.62,2026-10-02
ACR04948,STU04948,98.73,92.55,71.51,0,80.82,-17.91,2026-10-02
ACR04949,STU04949,73.89,63.34,64.78,0,70.29,-3.6,2026-10-02
ACR04950,STU04950,73.74,63.62,66.64,0,67.52,-6.22,2026-10-02
ACR04951,STU04951,49.98,58.86,43.42,2,51.98,2.0,2026-10-02
ACR04952,STU04952,96.71,86.62,61.27,0,86.33,-10.38,2026-10-02
ACR04953,STU04953,53.32,55.81,57.48,0,48.33,-4.99,2026-10-02
ACR04954,STU04954,100.0,88.62,91.82,0,83.35,-16.65,2026-10-02
ACR04955,STU04955,93.03,97.33,80.54,0,85.84,-7.19,2026-10-02
ACR04956,STU04956,75.42,70.76,69.22,0,68.27,-7.15,2026-10-02
ACR04957,STU04957,43.97,29.24,34.18,1,35.44,-8.53,2026-10-02
ACR04958,STU04958,93.96,73.56,64.38,0,77.49,-16.47,2026-10-02
ACR04959,STU04959,100.0,90.25,82.67,0,86.38,-13.62,2026-10-02
ACR04960,STU04960,69.43,69.59,73.79,0,65.4,-4.03,2026-10-02
ACR04961,STU04961,76.13,84.83,60.04,0,69.91,-6.22,2026-10-02
ACR04962,STU04962,69.27,61.39,65.09,1,64.38,-4.89,2026-10-02
ACR04963,STU04963,50.42,54.15,55.85,1,56.81,6.39,2026-10-02
ACR04964,STU04964,73.28,64.7,63.61,0,66.85,-6.43,2026-10-02
ACR04965,STU04965,60.05,73.19,56.96,0,51.73,-8.32,2026-10-02
ACR04966,STU04966,100.0,100.0,95.56,0,93.26,-6.74,2026-10-02
ACR04967,STU04967,91.49,78.72,81.96,0,75.33,-16.16,2026-10-02
ACR04968,STU04968,22.59,26.12,24.86,6,24.56,1.97,2026-10-02
ACR04969,STU04969,90.38,88.68,80.76,0,82.5,-7.88,2026-10-02
ACR04970,STU04970,88.47,100.0,87.66,0,86.65,-1.82,2026-10-02
ACR04971,STU04971,76.77,75.15,70.55,0,61.12,-15.65,2026-10-02
ACR04972,STU04972,73.78,76.48,72.9,0,70.74,-3.04,2026-10-02
ACR04973,STU04973,100.0,100.0,92.42,0,96.97,-3.03,2026-10-02
ACR04974,STU04974,87.65,68.76,71.54,0,80.4,-7.25,2026-10-02
ACR04975,STU04975,95.84,90.45,84.62,0,85.06,-10.78,2026-10-02
ACR04976,STU04976,90.77,79.01,72.44,0,80.09,-10.68,2026-10-02
ACR04977,STU04977,83.72,81.1,50.69,0,63.65,-20.07,2026-10-02
ACR04978,STU04978,75.04,67.29,71.79,0,73.12,-1.92,2026-10-02
ACR04979,STU04979,69.68,57.39,55.41,0,64.33,-5.35,2026-10-02
ACR04980,STU04980,63.83,58.37,63.2,1,58.6,-5.23,2026-10-02
ACR04981,STU04981,58.3,53.82,61.85,0,57.14,-1.16,2026-10-02
ACR04982,STU04982,74.47,67.15,58.69,0,62.51,-11.96,2026-10-02
ACR04983,STU04983,65.99,59.24,48.41,0,56.33,-9.66,2026-10-02
ACR04984,STU04984,66.17,69.33,78.35,0,61.19,-4.98,2026-10-02
ACR04985,STU04985,82.79,79.37,63.92,0,68.67,-14.12,2026-10-02
ACR04986,STU04986,73.45,52.29,54.9,0,52.68,-20.77,2026-10-02
ACR04987,STU04987,76.21,70.15,69.56,0,65.84,-10.37,2026-10-02
ACR04988,STU04988,51.16,58.1,63.79,0,52.25,1.09,2026-10-02
ACR04989,STU04989,91.6,90.15,77.49,0,80.64,-10.96,2026-10-02
ACR04990,STU04990,91.79,75.55,81.84,0,82.79,-9.0,2026-10-02
ACR04991,STU04991,74.54,52.94,59.55,0,61.07,-13.47,2026-10-02
ACR04992,STU04992,84.95,73.97,60.32,1,77.93,-7.02,2026-10-02
ACR04993,STU04993,58.02,69.13,59.9,2,55.82,-2.2,2026-10-02
ACR04994,STU04994,79.06,80.16,61.12,0,67.56,-11.5,2026-10-02
ACR04995,STU04995,100.0,86.09,76.93,0,88.34,-11.66,2026-10-02
ACR04996,STU04996,95.93,91.08,69.41,0,91.09,-4.84,2026-10-02
ACR04997,STU04997,67.95,62.72,56.93,2,59.21,-8.74,2026-10-02
ACR04998,STU04998,73.57,59.36,63.84,0,63.65,-9.92,2026-10-02
ACR04999,STU04999,78.6,71.08,55.23,0,66.73,-11.87,2026-10-02
ACR05000,STU05000,37.88,51.08,54.68,1,42.1,4.22,2026-10-02
ACR05001,STU05001,77.09,71.47,72.22,0,72.81,-4.28,2026-10-02
ACR05002,STU05002,82.96,79.67,65.28,0,68.75,-14.21,2026-10-02
ACR05003,STU05003,89.42,84.08,88.43,0,85.97,-3.45,2026-10-02
ACR05004,STU05004,100.0,82.31,70.91,0,87.16,-12.84,2026-10-02
ACR05005,STU05005,90.34,73.41,73.09,0,74.87,-15.47,2026-10-02
ACR05006,STU05006,43.21,53.83,48.9,1,39.49,-3.72,2026-10-02
ACR05007,STU05007,76.5,71.64,65.32,0,78.51,2.01,2026-10-02
ACR05008,STU05008,92.78,95.0,81.34,0,92.46,-0.32,2026-10-02
ACR05009,STU05009,65.94,68.04,50.96,0,57.46,-8.48,2026-10-02
ACR05010,STU05010,83.27,79.7,86.23,0,80.16,-3.11,2026-10-02
ACR05011,STU05011,38.36,45.97,60.24,1,48.65,10.29,2026-10-02
ACR05012,STU05012,83.93,74.09,63.35,0,73.38,-10.55,2026-10-02
ACR05013,STU05013,70.22,74.33,65.53,0,64.06,-6.16,2026-10-02
ACR05014,STU05014,86.67,74.46,81.06,0,74.17,-12.5,2026-10-02
ACR05015,STU05015,80.6,73.73,73.08,0,72.61,-7.99,2026-10-02
ACR05016,STU05016,62.64,65.98,55.32,0,65.26,2.62,2026-10-02
ACR05017,STU05017,80.53,73.45,64.88,0,78.22,-2.31,2026-10-02
ACR05018,STU05018,91.26,100.0,87.27,0,77.38,-13.88,2026-10-02
ACR05019,STU05019,90.75,84.96,74.05,0,80.34,-10.41,2026-10-02
ACR05020,STU05020,66.77,66.51,57.03,2,64.99,-1.78,2026-10-02
ACR05021,STU05021,86.1,85.75,70.72,0,86.55,0.45,2026-10-02
ACR05022,STU05022,70.25,70.32,76.23,0,69.03,-1.22,2026-10-02
ACR05023,STU05023,70.04,83.95,80.46,0,76.69,6.65,2026-10-02
ACR05024,STU05024,87.19,77.22,66.03,0,69.26,-17.93,2026-10-02
ACR05025,STU05025,84.09,71.75,55.25,0,73.45,-10.64,2026-10-02
ACR05026,STU05026,83.23,74.98,68.7,0,72.54,-10.69,2026-10-02
ACR05027,STU05027,94.66,92.46,85.77,0,90.44,-4.22,2026-10-02
ACR05028,STU05028,53.64,48.36,49.92,0,57.72,4.08,2026-10-02
ACR05029,STU05029,71.59,74.31,57.58,0,68.15,-3.44,2026-10-02
ACR05030,STU05030,48.96,44.19,39.13,1,49.78,0.82,2026-10-02
ACR05031,STU05031,75.72,68.07,69.74,0,69.52,-6.2,2026-10-02
ACR05032,STU05032,79.4,81.8,62.6,0,67.76,-11.64,2026-10-02
ACR05033,STU05033,64.72,57.11,58.0,2,55.4,-9.32,2026-10-02
ACR05034,STU05034,87.06,80.17,69.72,0,73.58,-13.48,2026-10-02
ACR05035,STU05035,72.56,76.95,62.62,0,72.87,0.31,2026-10-02
ACR05036,STU05036,78.1,73.76,66.98,0,78.83,0.73,2026-10-02
ACR05037,STU05037,65.44,51.8,50.13,0,54.89,-10.55,2026-10-02
ACR05038,STU05038,79.4,81.01,68.91,1,74.7,-4.7,2026-10-02
ACR05039,STU05039,100.0,100.0,91.02,0,86.37,-13.63,2026-10-02
ACR05040,STU05040,92.24,73.79,73.17,0,73.51,-18.73,2026-10-02
ACR05041,STU05041,83.34,87.2,67.36,0,82.98,-0.36,2026-10-02
ACR05042,STU05042,49.51,45.42,53.87,0,52.22,2.71,2026-10-02
ACR05043,STU05043,86.89,83.21,72.33,0,70.06,-16.83,2026-10-02
ACR05044,STU05044,96.26,79.96,81.4,0,82.12,-14.14,2026-10-02
ACR05045,STU05045,84.22,81.07,76.4,0,80.24,-3.98,2026-10-02
ACR05046,STU05046,82.46,76.32,77.05,0,80.15,-2.31,2026-10-02
ACR05047,STU05047,80.33,60.5,53.51,0,62.53,-17.8,2026-10-02
ACR05048,STU05048,100.0,97.98,100.0,0,100.0,0.0,2026-10-02
ACR05049,STU05049,71.12,67.23,74.99,0,67.49,-3.63,2026-10-02
ACR05050,STU05050,60.26,71.91,61.86,0,58.81,-1.45,2026-10-02
ACR05051,STU05051,58.43,65.94,62.48,1,59.39,0.96,2026-10-02
ACR05052,STU05052,55.64,55.28,63.33,1,59.98,4.34,2026-10-02
ACR05053,STU05053,62.85,58.14,51.6,0,61.92,-0.93,2026-10-02
ACR05054,STU05054,90.27,77.82,66.62,0,79.07,-11.2,2026-10-02
ACR05055,STU05055,53.39,43.91,54.91,1,34.87,-18.52,2026-10-02
ACR05056,STU05056,98.7,83.41,69.43,0,82.44,-16.26,2026-10-02
ACR05057,STU05057,81.6,76.0,84.16,0,69.67,-11.93,2026-10-02
ACR05058,STU05058,100.0,79.08,87.63,0,92.95,-7.05,2026-10-02
ACR05059,STU05059,73.66,88.79,71.63,0,68.51,-5.15,2026-10-02
ACR05060,STU05060,45.33,41.3,31.02,2,49.21,3.88,2026-10-02
ACR05061,STU05061,69.01,61.87,62.1,0,62.82,-6.19,2026-10-02
ACR05062,STU05062,76.5,57.08,46.29,0,55.79,-20.71,2026-10-02
ACR05063,STU05063,42.48,51.58,36.73,2,39.65,-2.83,2026-10-02
ACR05064,STU05064,78.36,82.08,79.63,1,68.48,-9.88,2026-10-02
ACR05065,STU05065,79.35,82.92,64.75,0,64.1,-15.25,2026-10-02
ACR05066,STU05066,91.05,82.51,69.38,0,86.2,-4.85,2026-10-02
ACR05067,STU05067,79.51,85.7,68.07,0,66.29,-13.22,2026-10-02
ACR05068,STU05068,93.89,92.09,83.93,0,89.67,-4.22,2026-10-02
ACR05069,STU05069,97.52,76.5,81.96,0,89.53,-7.99,2026-10-02
ACR05070,STU05070,71.25,80.56,76.16,1,83.99,12.74,2026-10-02
ACR05071,STU05071,63.46,65.91,61.22,0,63.85,0.39,2026-10-02
ACR05072,STU05072,71.42,74.28,54.85,0,59.24,-12.18,2026-10-02
ACR05073,STU05073,83.42,88.83,75.95,0,85.11,1.69,2026-10-02
ACR05074,STU05074,93.7,84.08,80.79,0,77.99,-15.71,2026-10-02
ACR05075,STU05075,92.56,78.16,79.15,0,67.25,-25.31,2026-10-02
ACR05076,STU05076,92.2,90.2,82.05,0,79.6,-12.6,2026-10-02
ACR05077,STU05077,66.26,66.08,50.72,0,62.3,-3.96,2026-10-02
ACR05078,STU05078,100.0,100.0,100.0,0,100.0,0.0,2026-10-02
ACR05079,STU05079,71.5,62.69,61.15,0,61.67,-9.83,2026-10-02
ACR05080,STU05080,48.54,63.09,52.22,1,51.16,2.62,2026-10-02
ACR05081,STU05081,87.66,74.87,63.6,0,73.02,-14.64,2026-10-02
ACR05082,STU05082,92.16,91.9,77.58,0,83.02,-9.14,2026-10-02
ACR05083,STU05083,60.71,58.03,64.05,0,56.94,-3.77,2026-10-02
ACR05084,STU05084,67.45,55.29,56.28,0,67.05,-0.4,2026-10-02
ACR05085,STU05085,76.05,74.95,71.83,0,74.63,-1.42,2026-10-02
ACR05086,STU05086,62.03,64.77,62.15,2,58.05,-3.98,2026-10-02
ACR05087,STU05087,76.61,79.6,69.85,0,66.56,-10.05,2026-10-02
ACR05088,STU05088,66.11,69.01,51.22,0,55.73,-10.38,2026-10-02
ACR05089,STU05089,56.33,52.45,55.47,3,48.82,-7.51,2026-10-02
ACR05090,STU05090,68.55,69.7,55.03,1,65.78,-2.77,2026-10-02
ACR05091,STU05091,99.57,78.43,83.3,0,83.26,-16.31,2026-10-02
ACR05092,STU05092,69.85,70.26,68.55,0,60.31,-9.54,2026-10-02
ACR05093,STU05093,89.84,79.66,81.57,0,88.26,-1.58,2026-10-02
ACR05094,STU05094,87.29,78.39,76.56,0,80.68,-6.61,2026-10-02
ACR05095,STU05095,96.7,76.89,79.5,0,82.71,-13.99,2026-10-02
ACR05096,STU05096,81.31,70.9,66.4,0,66.2,-15.11,2026-10-02
ACR05097,STU05097,70.65,69.58,57.29,0,63.85,-6.8,2026-10-02
ACR05098,STU05098,100.0,90.81,71.5,0,91.93,-8.07,2026-10-02
ACR05099,STU05099,57.95,68.39,52.41,1,52.25,-5.7,2026-10-02
ACR05100,STU05100,77.08,75.7,67.55,0,65.07,-12.01,2026-10-02
ACR05101,STU05101,85.13,88.13,79.44,0,87.94,2.81,2026-10-02
ACR05102,STU05102,58.11,51.05,50.93,1,53.64,-4.47,2026-10-02
ACR05103,STU05103,48.88,39.53,44.4,3,47.17,-1.71,2026-10-02
ACR05104,STU05104,86.96,85.76,69.88,0,84.93,-2.03,2026-10-02
ACR05105,STU05105,74.05,64.09,59.44,0,76.41,2.36,2026-10-02
ACR05106,STU05106,83.61,84.22,80.09,0,76.74,-6.87,2026-10-02
ACR05107,STU05107,86.62,72.48,63.82,0,75.17,-11.45,2026-10-02
ACR05108,STU05108,100.0,99.78,93.22,0,91.11,-8.89,2026-10-02
ACR05109,STU05109,75.41,72.88,61.4,0,69.73,-5.68,2026-10-02
ACR05110,STU05110,76.79,71.42,73.24,0,62.46,-14.33,2026-10-02
ACR05111,STU05111,94.0,88.69,88.62,0,80.53,-13.47,2026-10-02
ACR05112,STU05112,93.49,79.63,84.5,0,76.01,-17.48,2026-10-02
ACR05113,STU05113,73.33,70.94,79.74,0,69.95,-3.38,2026-10-02
ACR05114,STU05114,53.04,64.33,52.46,1,50.23,-2.81,2026-10-02
ACR05115,STU05115,70.65,55.7,47.27,0,62.17,-8.48,2026-10-02
ACR05116,STU05116,58.45,47.2,43.68,0,50.66,-7.79,2026-10-02
ACR05117,STU05117,80.03,75.23,81.9,0,79.94,-0.09,2026-10-02
ACR05118,STU05118,92.63,100.0,86.14,0,85.2,-7.43,2026-10-02
ACR05119,STU05119,67.38,71.46,72.42,0,70.17,2.79,2026-10-02
ACR05120,STU05120,79.74,60.78,61.21,0,76.28,-3.46,2026-10-02
ACR05121,STU05121,92.41,76.65,60.33,0,72.85,-19.56,2026-10-02
ACR05122,STU05122,90.54,91.75,77.16,0,83.95,-6.59,2026-10-02
ACR05123,STU05123,48.02,80.04,55.07,4,53.08,5.06,2026-10-02
ACR05124,STU05124,71.83,67.68,66.09,0,69.75,-2.08,2026-10-02
ACR05125,STU05125,62.69,67.73,56.82,0,66.23,3.54,2026-10-02
ACR05126,STU05126,51.89,58.63,50.29,0,45.91,-5.98,2026-10-02
ACR05127,STU05127,60.19,54.17,65.68,2,60.96,0.77,2026-10-02
ACR05128,STU05128,100.0,91.03,82.43,0,86.4,-13.6,2026-10-02
ACR05129,STU05129,67.62,61.22,56.9,1,54.44,-13.18,2026-10-02
ACR05130,STU05130,100.0,85.01,76.94,0,80.97,-19.03,2026-10-02
ACR05131,STU05131,91.28,80.95,78.29,0,86.18,-5.1,2026-10-02
ACR05132,STU05132,62.16,57.07,60.56,1,57.46,-4.7,2026-10-02
ACR05133,STU05133,57.54,61.66,39.11,0,47.67,-9.87,2026-10-02
ACR05134,STU05134,100.0,84.14,86.82,0,94.83,-5.17,2026-10-02
ACR05135,STU05135,67.38,67.55,44.42,0,58.52,-8.86,2026-10-02
ACR05136,STU05136,77.95,72.71,63.97,0,75.49,-2.46,2026-10-02
ACR05137,STU05137,87.13,87.07,78.22,0,78.6,-8.53,2026-10-02
ACR05138,STU05138,70.92,63.31,56.56,0,64.37,-6.55,2026-10-02
ACR05139,STU05139,81.97,86.52,56.63,0,71.44,-10.53,2026-10-02
ACR05140,STU05140,53.01,59.23,55.57,0,53.5,0.49,2026-10-02
ACR05141,STU05141,88.28,94.0,94.14,0,89.78,1.5,2026-10-02
ACR05142,STU05142,69.19,67.78,66.44,0,63.13,-6.06,2026-10-02
ACR05143,STU05143,78.48,50.74,55.56,0,68.37,-10.11,2026-10-02
ACR05144,STU05144,100.0,94.87,70.89,0,86.29,-13.71,2026-10-02
ACR05145,STU05145,84.3,78.36,84.17,0,76.82,-7.48,2026-10-02
ACR05146,STU05146,69.38,74.43,76.68,0,73.83,4.45,2026-10-02
ACR05147,STU05147,60.79,62.0,62.87,0,55.15,-5.64,2026-10-02
ACR05148,STU05148,67.3,56.67,51.64,0,62.15,-5.15,2026-10-02
ACR05149,STU05149,86.96,88.55,64.53,0,78.65,-8.31,2026-10-02
ACR05150,STU05150,92.34,93.33,82.04,0,96.33,3.99,2026-10-02
ACR05151,STU05151,70.89,56.7,63.47,0,70.25,-0.64,2026-10-02
ACR05152,STU05152,88.44,77.53,83.89,0,77.14,-11.3,2026-10-02
ACR05153,STU05153,88.33,87.71,74.05,0,78.39,-9.94,2026-10-02
ACR05154,STU05154,64.65,77.82,58.01,2,54.73,-9.92,2026-10-02
ACR05155,STU05155,76.75,75.96,61.09,0,60.42,-16.33,2026-10-02
ACR05156,STU05156,58.88,64.63,51.59,0,63.1,4.22,2026-10-02
ACR05157,STU05157,80.39,89.85,72.34,0,63.82,-16.57,2026-10-02
ACR05158,STU05158,58.24,47.12,59.35,2,48.16,-10.08,2026-10-02
ACR05159,STU05159,94.76,84.79,75.15,0,86.31,-8.45,2026-10-02
ACR05160,STU05160,89.01,65.83,81.71,0,79.77,-9.24,2026-10-02
ACR05161,STU05161,81.24,73.56,71.1,0,57.27,-23.97,2026-10-02
ACR05162,STU05162,63.06,67.96,70.19,0,56.46,-6.6,2026-10-02
ACR05163,STU05163,71.01,83.97,80.29,0,75.9,4.89,2026-10-02
ACR05164,STU05164,74.38,70.91,74.39,0,77.41,3.03,2026-10-02
ACR05165,STU05165,70.22,72.08,59.35,1,70.45,0.23,2026-10-02
ACR05166,STU05166,84.91,90.3,75.07,0,68.29,-16.62,2026-10-02
ACR05167,STU05167,86.39,66.85,67.22,0,68.2,-18.19,2026-10-02
ACR05168,STU05168,76.17,72.55,76.53,0,73.51,-2.66,2026-10-02
ACR05169,STU05169,61.81,79.04,66.79,1,60.25,-1.56,2026-10-02
ACR05170,STU05170,40.95,35.13,44.79,3,37.07,-3.88,2026-10-02
ACR05171,STU05171,70.89,61.75,50.13,0,60.44,-10.45,2026-10-02
ACR05172,STU05172,69.49,77.44,75.51,0,64.69,-4.8,2026-10-02
ACR05173,STU05173,96.77,88.7,99.67,0,94.95,-1.82,2026-10-02
ACR05174,STU05174,83.94,73.09,55.59,0,60.46,-23.48,2026-10-02
ACR05175,STU05175,63.86,79.09,74.77,0,67.7,3.84,2026-10-02
ACR05176,STU05176,78.66,56.79,70.04,0,70.44,-8.22,2026-10-02
ACR05177,STU05177,65.93,75.13,67.36,0,61.8,-4.13,2026-10-02
ACR05178,STU05178,100.0,100.0,75.69,0,94.12,-5.88,2026-10-02
ACR05179,STU05179,59.05,71.66,57.74,0,57.69,-1.36,2026-10-02
ACR05180,STU05180,81.96,78.6,68.36,0,73.94,-8.02,2026-10-02
ACR05181,STU05181,91.85,77.44,69.7,0,73.21,-18.64,2026-10-02
ACR05182,STU05182,75.82,76.91,68.55,0,67.93,-7.89,2026-10-02
ACR05183,STU05183,69.41,65.82,54.23,1,59.14,-10.27,2026-10-02
ACR05184,STU05184,62.37,69.82,60.6,0,63.99,1.62,2026-10-02
ACR05185,STU05185,74.66,64.17,69.18,0,73.73,-0.93,2026-10-02
ACR05186,STU05186,68.2,68.61,59.49,0,67.47,-0.73,2026-10-02
ACR05187,STU05187,65.92,74.3,71.73,0,71.54,5.62,2026-10-02
ACR05188,STU05188,93.38,80.48,74.4,0,89.81,-3.57,2026-10-02
ACR05189,STU05189,100.0,100.0,77.48,0,97.32,-2.68,2026-10-02
ACR05190,STU05190,66.62,69.71,65.89,0,68.59,1.97,2026-10-02
ACR05191,STU05191,100.0,100.0,88.66,0,84.54,-15.46,2026-10-02
ACR05192,STU05192,49.5,62.06,49.38,3,46.75,-2.75,2026-10-02
ACR05193,STU05193,89.17,85.23,59.18,1,83.58,-5.59,2026-10-02
ACR05194,STU05194,79.26,76.92,55.43,0,63.86,-15.4,2026-10-02
ACR05195,STU05195,76.31,76.32,68.42,0,69.26,-7.05,2026-10-02
ACR05196,STU05196,76.07,78.2,62.35,0,72.24,-3.83,2026-10-02
ACR05197,STU05197,97.93,83.89,91.83,0,88.54,-9.39,2026-10-02
ACR05198,STU05198,62.95,62.28,55.57,0,56.07,-6.88,2026-10-02
ACR05199,STU05199,77.53,56.0,59.78,0,51.42,-26.11,2026-10-02
ACR05200,STU05200,74.19,74.31,69.0,0,70.88,-3.31,2026-10-02
ACR05201,STU05201,81.67,86.66,79.75,0,84.37,2.7,2026-10-02
ACR05202,STU05202,100.0,90.44,88.77,0,99.46,-0.54,2026-10-02
ACR05203,STU05203,86.73,65.41,61.85,0,70.61,-16.12,2026-10-02
ACR05204,STU05204,43.57,41.73,43.9,3,33.87,-9.7,2026-10-02
ACR05205,STU05205,96.34,100.0,98.77,0,100.0,3.66,2026-10-02
ACR05206,STU05206,65.33,41.42,48.64,0,43.95,-21.38,2026-10-02
ACR05207,STU05207,69.11,76.36,70.03,0,73.24,4.13,2026-10-02
ACR05208,STU05208,90.56,90.33,91.95,0,77.34,-13.22,2026-10-02
ACR05209,STU05209,83.98,76.32,51.41,0,82.54,-1.44,2026-10-02
ACR05210,STU05210,100.0,79.21,77.68,0,73.57,-26.43,2026-10-02
ACR05211,STU05211,58.93,67.76,64.68,0,60.79,1.86,2026-10-02
ACR05212,STU05212,99.85,91.5,91.38,0,91.25,-8.6,2026-10-02
ACR05213,STU05213,89.8,84.02,83.62,0,84.99,-4.81,2026-10-02
ACR05214,STU05214,77.64,80.37,63.33,0,68.04,-9.6,2026-10-02
ACR05215,STU05215,82.99,74.04,74.75,0,72.34,-10.65,2026-10-02
ACR05216,STU05216,74.35,72.89,60.14,2,60.21,-14.14,2026-10-02
ACR05217,STU05217,98.65,73.38,67.66,0,82.74,-15.91,2026-10-02
ACR05218,STU05218,79.78,85.25,69.4,0,70.5,-9.28,2026-10-02
ACR05219,STU05219,100.0,100.0,94.99,0,93.08,-6.92,2026-10-02
ACR05220,STU05220,73.3,71.51,48.52,0,67.22,-6.08,2026-10-02
ACR05221,STU05221,80.35,65.12,61.67,0,66.47,-13.88,2026-10-02
ACR05222,STU05222,93.58,96.02,77.27,0,91.63,-1.95,2026-10-02
ACR05223,STU05223,85.1,79.34,73.26,0,81.9,-3.2,2026-10-02
ACR05224,STU05224,100.0,92.16,86.28,0,92.77,-7.23,2026-10-02
ACR05225,STU05225,38.29,42.56,32.52,3,42.85,4.56,2026-10-02
ACR05226,STU05226,94.74,85.41,74.52,0,77.07,-17.67,2026-10-02
ACR05227,STU05227,88.42,74.2,86.95,0,77.56,-10.86,2026-10-02
ACR05228,STU05228,69.39,57.61,65.15,0,64.02,-5.37,2026-10-02
ACR05229,STU05229,73.61,76.19,63.15,0,68.72,-4.89,2026-10-02
ACR05230,STU05230,89.1,78.4,75.06,0,74.08,-15.02,2026-10-02
ACR05231,STU05231,88.52,74.1,69.52,0,76.29,-12.23,2026-10-02
ACR05232,STU05232,90.94,81.85,79.59,0,78.93,-12.01,2026-10-02
ACR05233,STU05233,67.23,57.07,65.16,0,55.18,-12.05,2026-10-02
ACR05234,STU05234,78.55,79.54,82.81,0,68.98,-9.57,2026-10-02
ACR05235,STU05235,79.98,76.32,72.88,0,72.43,-7.55,2026-10-02
ACR05236,STU05236,100.0,98.55,94.42,0,94.11,-5.89,2026-10-02
ACR05237,STU05237,77.95,72.17,80.93,0,73.26,-4.69,2026-10-02
ACR05238,STU05238,82.2,73.52,56.24,0,80.47,-1.73,2026-10-02
ACR05239,STU05239,64.32,67.16,40.69,0,51.79,-12.53,2026-10-02
ACR05240,STU05240,34.68,42.94,24.79,0,36.2,1.52,2026-10-02
ACR05241,STU05241,100.0,97.97,91.72,0,96.24,-3.76,2026-10-02
ACR05242,STU05242,91.18,88.88,81.89,0,90.12,-1.06,2026-10-02
ACR05243,STU05243,68.17,63.54,78.35,0,68.39,0.22,2026-10-02
ACR05244,STU05244,44.19,52.14,47.77,2,37.99,-6.2,2026-10-02
ACR05245,STU05245,57.72,66.15,51.0,0,62.42,4.7,2026-10-02
ACR05246,STU05246,83.65,85.01,67.24,0,79.96,-3.69,2026-10-02
ACR05247,STU05247,78.77,72.02,68.98,0,67.42,-11.35,2026-10-02
ACR05248,STU05248,80.97,79.43,55.83,0,65.11,-15.86,2026-10-02
ACR05249,STU05249,41.26,43.15,47.75,1,47.47,6.21,2026-10-02
ACR05250,STU05250,79.49,86.87,69.42,0,78.44,-1.05,2026-10-02
ACR05251,STU05251,67.41,64.77,63.2,0,68.1,0.69,2026-10-02
ACR05252,STU05252,62.91,64.61,58.17,0,63.1,0.19,2026-10-02
ACR05253,STU05253,56.09,65.1,53.49,0,59.32,3.23,2026-10-02
ACR05254,STU05254,69.95,76.17,63.7,0,62.42,-7.53,2026-10-02
ACR05255,STU05255,63.89,68.26,44.65,1,59.07,-4.82,2026-10-02
ACR05256,STU05256,100.0,94.74,82.54,0,99.29,-0.71,2026-10-02
ACR05257,STU05257,83.59,83.65,81.02,0,77.65,-5.94,2026-10-02
ACR05258,STU05258,73.71,78.03,58.82,0,67.87,-5.84,2026-10-02
ACR05259,STU05259,95.27,69.37,74.94,0,74.68,-20.59,2026-10-02
ACR05260,STU05260,56.53,60.48,47.37,0,55.64,-0.89,2026-10-02
ACR05261,STU05261,46.27,57.0,41.16,0,45.54,-0.73,2026-10-02
ACR05262,STU05262,93.43,96.47,78.15,0,83.49,-9.94,2026-10-02
ACR05263,STU05263,87.84,87.25,69.59,0,73.86,-13.98,2026-10-02
ACR05264,STU05264,100.0,100.0,84.39,0,98.28,-1.72,2026-10-02
ACR05265,STU05265,100.0,100.0,71.47,0,87.25,-12.75,2026-10-02
ACR05266,STU05266,63.16,81.97,65.15,0,64.79,1.63,2026-10-02
ACR05267,STU05267,52.17,56.72,52.36,1,44.49,-7.68,2026-10-02
ACR05268,STU05268,73.59,63.32,58.08,0,57.92,-15.67,2026-10-02
ACR05269,STU05269,66.68,73.75,77.0,1,68.41,1.73,2026-10-02
ACR05270,STU05270,66.36,70.32,58.83,1,60.37,-5.99,2026-10-02
ACR05271,STU05271,61.66,64.05,51.55,0,48.08,-13.58,2026-10-02
ACR05272,STU05272,100.0,98.26,88.52,0,87.52,-12.48,2026-10-02
ACR05273,STU05273,100.0,100.0,79.96,0,87.17,-12.83,2026-10-02
ACR05274,STU05274,69.88,66.01,59.61,0,64.56,-5.32,2026-10-02
ACR05275,STU05275,61.19,57.3,65.94,2,56.97,-4.22,2026-10-02
ACR05276,STU05276,81.56,68.39,66.77,0,63.11,-18.45,2026-10-02
ACR05277,STU05277,97.94,99.78,87.83,0,91.8,-6.14,2026-10-02
ACR05278,STU05278,65.68,79.88,59.76,1,65.98,0.3,2026-10-02
ACR05279,STU05279,100.0,98.31,76.75,0,94.51,-5.49,2026-10-02
ACR05280,STU05280,64.25,58.46,59.53,0,69.3,5.05,2026-10-02
ACR05281,STU05281,65.59,60.75,60.44,0,56.32,-9.27,2026-10-02
ACR05282,STU05282,97.68,100.0,82.27,0,83.65,-14.03,2026-10-02
ACR05283,STU05283,40.13,46.38,36.28,3,31.49,-8.64,2026-10-02
ACR05284,STU05284,66.96,69.05,43.66,0,63.4,-3.56,2026-10-02
ACR05285,STU05285,91.06,66.53,78.34,0,67.2,-23.86,2026-10-02
ACR05286,STU05286,77.2,77.03,75.02,0,66.66,-10.54,2026-10-02
ACR05287,STU05287,80.13,78.37,64.21,0,71.63,-8.5,2026-10-02
ACR05288,STU05288,64.63,62.14,55.93,1,68.64,4.01,2026-10-02
ACR05289,STU05289,62.54,59.19,64.34,0,55.18,-7.36,2026-10-02
ACR05290,STU05290,39.81,35.49,23.31,2,28.09,-11.72,2026-10-02
ACR05291,STU05291,97.65,76.22,62.85,0,77.71,-19.94,2026-10-02
ACR05292,STU05292,87.45,73.44,70.93,0,61.99,-25.46,2026-10-02
ACR05293,STU05293,48.03,60.15,40.11,1,41.95,-6.08,2026-10-02
ACR05294,STU05294,83.58,79.35,84.58,0,77.68,-5.9,2026-10-02
ACR05295,STU05295,73.07,78.75,50.49,0,75.36,2.29,2026-10-02
ACR05296,STU05296,72.81,74.63,55.54,0,74.0,1.19,2026-10-02
ACR05297,STU05297,98.52,100.0,77.9,0,81.14,-17.38,2026-10-02
ACR05298,STU05298,91.28,79.1,55.8,0,84.3,-6.98,2026-10-02
ACR05299,STU05299,91.88,83.87,77.48,0,83.31,-8.57,2026-10-02
ACR05300,STU05300,66.21,51.69,56.63,0,59.07,-7.14,2026-10-02
ACR05301,STU05301,76.17,73.04,60.85,0,65.13,-11.04,2026-10-02
ACR05302,STU05302,93.07,80.51,79.2,0,75.36,-17.71,2026-10-02
ACR05303,STU05303,82.54,73.38,70.26,0,73.3,-9.24,2026-10-02
ACR05304,STU05304,73.7,82.2,62.37,0,73.04,-0.66,2026-10-02
ACR05305,STU05305,83.1,84.52,79.1,0,82.59,-0.51,2026-10-02
ACR05306,STU05306,55.86,53.31,46.95,0,46.39,-9.47,2026-10-02
ACR05307,STU05307,66.4,70.45,52.81,0,60.68,-5.72,2026-10-02
ACR05308,STU05308,90.46,68.1,74.87,0,67.41,-23.05,2026-10-02
ACR05309,STU05309,54.86,55.33,53.63,0,49.36,-5.5,2026-10-02
ACR05310,STU05310,53.82,53.35,47.04,1,50.32,-3.5,2026-10-02
ACR05311,STU05311,54.25,55.43,45.61,1,47.89,-6.36,2026-10-02
ACR05312,STU05312,75.21,58.52,54.27,0,72.15,-3.06,2026-10-02
ACR05313,STU05313,79.51,74.14,58.19,0,79.2,-0.31,2026-10-02
ACR05314,STU05314,95.75,91.44,72.41,0,81.19,-14.56,2026-10-02
ACR05315,STU05315,81.25,72.23,65.09,0,65.11,-16.14,2026-10-02
ACR05316,STU05316,96.37,96.61,82.68,0,81.87,-14.5,2026-10-02
ACR05317,STU05317,46.1,36.57,43.95,1,48.55,2.45,2026-10-02
ACR05318,STU05318,96.04,92.73,78.46,0,79.14,-16.9,2026-10-02
ACR05319,STU05319,87.68,86.56,78.75,0,66.95,-20.73,2026-10-02
ACR05320,STU05320,100.0,89.83,95.95,0,87.79,-12.21,2026-10-02
ACR05321,STU05321,100.0,82.29,82.45,0,88.53,-11.47,2026-10-02
ACR05322,STU05322,67.5,55.09,59.54,0,60.73,-6.77,2026-10-02
ACR05323,STU05323,73.19,72.13,59.5,0,57.78,-15.41,2026-10-02
ACR05324,STU05324,95.14,83.97,68.06,0,79.26,-15.88,2026-10-02
ACR05325,STU05325,91.56,91.57,74.16,0,87.34,-4.22,2026-10-02
ACR05326,STU05326,71.34,82.65,68.23,0,73.85,2.51,2026-10-02
ACR05327,STU05327,80.61,71.32,59.11,0,61.99,-18.62,2026-10-02
ACR05328,STU05328,85.37,69.14,74.26,0,75.3,-10.07,2026-10-02
ACR05329,STU05329,72.27,78.34,58.25,0,69.65,-2.62,2026-10-02
ACR05330,STU05330,94.05,82.9,77.55,0,80.41,-13.64,2026-10-02
ACR05331,STU05331,100.0,100.0,87.3,0,74.06,-25.94,2026-10-02
ACR05332,STU05332,72.06,79.12,64.55,0,72.68,0.62,2026-10-02
ACR05333,STU05333,48.46,60.63,33.8,0,39.91,-8.55,2026-10-02
ACR05334,STU05334,61.06,75.66,57.44,0,57.47,-3.59,2026-10-02
ACR05335,STU05335,63.88,66.6,63.17,0,59.69,-4.19,2026-10-02
ACR05336,STU05336,67.54,75.38,72.49,0,69.82,2.28,2026-10-02
ACR05337,STU05337,62.12,60.83,52.43,1,55.1,-7.02,2026-10-02
ACR05338,STU05338,56.82,44.36,56.46,1,45.79,-11.03,2026-10-02
ACR05339,STU05339,92.15,94.26,87.28,0,81.32,-10.83,2026-10-02
ACR05340,STU05340,58.62,55.56,49.75,0,56.75,-1.87,2026-10-02
ACR05341,STU05341,71.05,80.23,72.4,0,73.74,2.69,2026-10-02
ACR05342,STU05342,87.5,83.67,75.39,0,71.45,-16.05,2026-10-02
ACR05343,STU05343,55.72,85.6,69.79,1,56.21,0.49,2026-10-02
ACR05344,STU05344,76.37,60.06,57.11,0,66.61,-9.76,2026-10-02
ACR05345,STU05345,62.09,67.32,73.52,0,68.87,6.78,2026-10-02
ACR05346,STU05346,88.2,97.32,87.64,0,85.24,-2.96,2026-10-02
ACR05347,STU05347,59.3,51.36,48.58,0,49.57,-9.73,2026-10-02
ACR05348,STU05348,62.94,71.82,61.08,1,63.66,0.72,2026-10-02
ACR05349,STU05349,67.07,58.3,83.43,0,65.4,-1.67,2026-10-02
ACR05350,STU05350,54.66,51.84,56.27,0,46.97,-7.69,2026-10-02
ACR05351,STU05351,88.36,87.3,77.26,0,82.04,-6.32,2026-10-02
ACR05352,STU05352,100.0,89.64,88.57,0,86.77,-13.23,2026-10-02
ACR05353,STU05353,66.18,59.34,53.19,0,56.11,-10.07,2026-10-02
ACR05354,STU05354,93.51,91.37,87.31,0,86.12,-7.39,2026-10-02
ACR05355,STU05355,94.95,90.76,83.29,0,82.59,-12.36,2026-10-02
ACR05356,STU05356,69.4,61.3,54.37,0,53.27,-16.13,2026-10-02
ACR05357,STU05357,100.0,99.7,89.54,0,94.02,-5.98,2026-10-02
ACR05358,STU05358,70.85,72.99,66.36,0,69.63,-1.22,2026-10-02
ACR05359,STU05359,83.72,75.09,68.47,0,77.62,-6.1,2026-10-02
ACR05360,STU05360,93.51,76.07,75.91,0,69.64,-23.87,2026-10-02
ACR05361,STU05361,89.68,88.29,80.4,0,82.61,-7.07,2026-10-02
ACR05362,STU05362,73.17,87.74,59.82,0,65.17,-8.0,2026-10-02
ACR05363,STU05363,92.44,83.89,70.0,0,79.49,-12.95,2026-10-02
ACR05364,STU05364,69.68,64.36,61.45,1,59.1,-10.58,2026-10-02
ACR05365,STU05365,67.72,57.21,51.96,0,58.26,-9.46,2026-10-02
ACR05366,STU05366,43.38,60.77,35.14,2,49.41,6.03,2026-10-02
ACR05367,STU05367,66.89,65.76,66.09,0,71.3,4.41,2026-10-02
ACR05368,STU05368,91.04,85.45,81.85,0,92.25,1.21,2026-10-02
ACR05369,STU05369,100.0,87.93,91.36,0,97.73,-2.27,2026-10-02
ACR05370,STU05370,98.08,91.14,73.33,0,81.34,-16.74,2026-10-02
ACR05371,STU05371,71.52,53.47,48.5,0,60.84,-10.68,2026-10-02
ACR05372,STU05372,65.46,64.91,67.82,0,54.59,-10.87,2026-10-02
ACR05373,STU05373,87.92,83.58,72.68,0,76.45,-11.47,2026-10-02
ACR05374,STU05374,59.82,44.66,42.46,1,39.84,-19.98,2026-10-02
ACR05375,STU05375,93.27,85.07,77.51,0,87.82,-5.45,2026-10-02
ACR05376,STU05376,100.0,94.89,87.32,0,93.58,-6.42,2026-10-02
ACR05377,STU05377,90.86,79.02,79.16,1,76.15,-14.71,2026-10-02
ACR05378,STU05378,100.0,76.06,80.61,0,84.37,-15.63,2026-10-02
ACR05379,STU05379,48.76,47.53,49.12,1,46.8,-1.96,2026-10-02
ACR05380,STU05380,82.51,86.97,82.89,0,80.67,-1.84,2026-10-02
ACR05381,STU05381,92.57,100.0,83.27,0,85.17,-7.4,2026-10-02
ACR05382,STU05382,64.63,73.46,64.53,0,62.41,-2.22,2026-10-02
ACR05383,STU05383,80.86,76.56,68.27,1,64.66,-16.2,2026-10-02
ACR05384,STU05384,91.21,87.71,81.52,0,88.13,-3.08,2026-10-02
ACR05385,STU05385,98.15,100.0,81.57,0,87.33,-10.82,2026-10-02
ACR05386,STU05386,68.89,56.33,62.73,0,60.33,-8.56,2026-10-02
ACR05387,STU05387,74.5,61.22,74.21,0,71.47,-3.03,2026-10-02
ACR05388,STU05388,46.79,69.97,62.04,5,53.61,6.82,2026-10-02
ACR05389,STU05389,66.0,70.72,69.51,0,56.43,-9.57,2026-10-02
ACR05390,STU05390,95.8,81.55,73.87,0,80.8,-15.0,2026-10-02
ACR05391,STU05391,83.2,77.52,61.1,0,82.5,-0.7,2026-10-02
ACR05392,STU05392,100.0,100.0,93.11,0,97.97,-2.03,2026-10-02
ACR05393,STU05393,75.82,70.45,69.43,0,64.75,-11.07,2026-10-02
ACR05394,STU05394,74.67,77.06,53.97,0,66.81,-7.86,2026-10-02
ACR05395,STU05395,52.92,40.43,46.92,0,43.65,-9.27,2026-10-02
ACR05396,STU05396,65.37,55.61,59.68,1,62.29,-3.08,2026-10-02
ACR05397,STU05397,89.63,75.47,95.31,0,85.7,-3.93,2026-10-02
ACR05398,STU05398,64.39,77.61,55.42,1,71.16,6.77,2026-10-02
ACR05399,STU05399,66.51,58.38,59.93,0,64.63,-1.88,2026-10-02
ACR05400,STU05400,72.8,71.26,80.57,0,68.99,-3.81,2026-10-02
ACR05401,STU05401,84.82,85.33,77.23,0,82.06,-2.76,2026-10-02
ACR05402,STU05402,88.38,92.8,79.13,0,75.82,-12.56,2026-10-02
ACR05403,STU05403,100.0,100.0,88.29,0,94.99,-5.01,2026-10-02
ACR05404,STU05404,81.0,73.84,66.06,0,67.48,-13.52,2026-10-02
ACR05405,STU05405,61.17,71.65,60.77,0,57.86,-3.31,2026-10-02
ACR05406,STU05406,95.89,80.11,85.49,0,83.01,-12.88,2026-10-02
ACR05407,STU05407,68.89,72.89,47.52,0,59.06,-9.83,2026-10-02
ACR05408,STU05408,72.19,65.04,69.34,0,69.96,-2.23,2026-10-02
ACR05409,STU05409,57.79,67.4,47.53,0,55.36,-2.43,2026-10-02
ACR05410,STU05410,97.54,94.62,85.82,0,94.69,-2.85,2026-10-02
ACR05411,STU05411,72.77,60.38,56.75,0,62.28,-10.49,2026-10-02
ACR05412,STU05412,81.26,70.46,63.73,0,76.28,-4.98,2026-10-02
ACR05413,STU05413,72.65,62.64,61.52,0,59.46,-13.19,2026-10-02
ACR05414,STU05414,69.63,66.81,68.07,1,66.72,-2.91,2026-10-02
ACR05415,STU05415,94.24,84.06,68.18,0,83.16,-11.08,2026-10-02
ACR05416,STU05416,83.77,63.99,79.91,0,79.89,-3.88,2026-10-02
ACR05417,STU05417,62.3,52.97,59.62,0,53.91,-8.39,2026-10-02
ACR05418,STU05418,87.75,92.21,62.35,0,83.47,-4.28,2026-10-02
ACR05419,STU05419,100.0,92.35,93.74,0,97.04,-2.96,2026-10-02
ACR05420,STU05420,66.04,71.89,51.29,2,61.83,-4.21,2026-10-02
ACR05421,STU05421,68.05,56.27,73.72,0,66.42,-1.63,2026-10-02
ACR05422,STU05422,85.8,71.3,88.43,0,83.87,-1.93,2026-10-02
ACR05423,STU05423,69.69,65.65,65.46,0,68.88,-0.81,2026-10-02
ACR05424,STU05424,89.3,92.62,66.71,0,87.65,-1.65,2026-10-02
ACR05425,STU05425,91.98,85.48,83.02,0,86.07,-5.91,2026-10-02
ACR05426,STU05426,98.06,76.28,80.97,0,80.21,-17.85,2026-10-02
ACR05427,STU05427,54.26,43.12,55.82,0,59.39,5.13,2026-10-02
ACR05428,STU05428,72.44,80.39,61.69,0,75.76,3.32,2026-10-02
ACR05429,STU05429,100.0,88.08,83.41,0,82.56,-17.44,2026-10-02
ACR05430,STU05430,75.49,69.45,85.1,0,79.12,3.63,2026-10-02
ACR05431,STU05431,71.02,44.82,40.66,0,56.84,-14.18,2026-10-02
ACR05432,STU05432,68.62,73.38,76.26,0,64.79,-3.83,2026-10-02
ACR05433,STU05433,97.32,94.82,78.39,0,86.97,-10.35,2026-10-02
ACR05434,STU05434,70.49,80.8,50.18,0,71.92,1.43,2026-10-02
ACR05435,STU05435,87.71,81.26,68.1,0,83.44,-4.27,2026-10-02
ACR05436,STU05436,79.53,81.19,63.33,0,69.57,-9.96,2026-10-02
ACR05437,STU05437,75.21,68.09,63.32,0,66.3,-8.91,2026-10-02
ACR05438,STU05438,53.5,77.41,62.86,0,67.2,13.7,2026-10-02
ACR05439,STU05439,63.57,69.8,64.41,0,54.41,-9.16,2026-10-02
ACR05440,STU05440,97.12,100.0,80.23,0,88.9,-8.22,2026-10-02
ACR05441,STU05441,66.47,63.72,52.43,0,65.18,-1.29,2026-10-02
ACR05442,STU05442,90.18,89.62,90.32,0,91.62,1.44,2026-10-02
ACR05443,STU05443,71.27,70.83,64.7,0,52.06,-19.21,2026-10-02
ACR05444,STU05444,60.16,69.53,50.91,1,60.32,0.16,2026-10-02
ACR05445,STU05445,83.29,53.42,65.11,0,62.01,-21.28,2026-10-02
ACR05446,STU05446,60.85,69.96,66.01,1,61.31,0.46,2026-10-02
ACR05447,STU05447,100.0,99.27,100.0,0,100.0,0.0,2026-10-02
ACR05448,STU05448,77.12,63.0,71.11,0,75.6,-1.52,2026-10-02
ACR05449,STU05449,84.23,96.63,81.37,0,80.51,-3.72,2026-10-02
ACR05450,STU05450,56.64,55.14,56.62,0,53.32,-3.32,2026-10-02
ACR05451,STU05451,71.25,74.67,73.12,0,65.8,-5.45,2026-10-02
ACR05452,STU05452,67.14,60.05,62.71,0,60.7,-6.44,2026-10-02
ACR05453,STU05453,80.87,79.87,59.42,0,71.22,-9.65,2026-10-02
ACR05454,STU05454,84.76,73.98,63.19,0,75.03,-9.73,2026-10-02
ACR05455,STU05455,88.42,81.93,75.76,0,79.64,-8.78,2026-10-02
ACR05456,STU05456,34.32,39.31,45.81,1,34.04,-0.28,2026-10-02
ACR05457,STU05457,61.18,54.82,69.2,1,62.37,1.19,2026-10-02
ACR05458,STU05458,92.18,91.08,79.91,0,90.11,-2.07,2026-10-02
ACR05459,STU05459,85.06,81.96,80.39,0,80.04,-5.02,2026-10-02
ACR05460,STU05460,96.11,82.93,83.42,0,89.16,-6.95,2026-10-02
ACR05461,STU05461,84.83,78.02,78.23,0,83.76,-1.07,2026-10-02
ACR05462,STU05462,81.23,88.22,76.89,0,73.12,-8.11,2026-10-02
ACR05463,STU05463,100.0,99.19,92.78,0,92.55,-7.45,2026-10-02
ACR05464,STU05464,97.69,92.64,83.7,0,93.61,-4.08,2026-10-02
ACR05465,STU05465,85.51,69.61,65.66,0,73.05,-12.46,2026-10-02
ACR05466,STU05466,100.0,83.83,84.31,0,80.29,-19.71,2026-10-02
ACR05467,STU05467,81.91,74.81,68.66,0,78.0,-3.91,2026-10-02
ACR05468,STU05468,60.62,55.05,47.84,0,48.28,-12.34,2026-10-02
ACR05469,STU05469,66.63,75.81,60.49,0,74.11,7.48,2026-10-02
ACR05470,STU05470,100.0,100.0,76.75,0,87.24,-12.76,2026-10-02
ACR05471,STU05471,97.41,79.73,75.88,0,75.05,-22.36,2026-10-02
ACR05472,STU05472,100.0,78.14,65.02,0,77.71,-22.29,2026-10-02
ACR05473,STU05473,72.87,76.55,55.94,0,66.57,-6.3,2026-10-02
ACR05474,STU05474,64.71,72.57,43.65,3,48.07,-16.64,2026-10-02
ACR05475,STU05475,84.41,84.49,65.7,0,68.9,-15.51,2026-10-02
ACR05476,STU05476,85.03,91.78,73.86,0,90.98,5.95,2026-10-02
ACR05477,STU05477,100.0,100.0,98.6,0,91.31,-8.69,2026-10-02
ACR05478,STU05478,67.49,62.56,61.51,0,68.5,1.01,2026-10-02
ACR05479,STU05479,75.77,61.08,60.1,1,58.63,-17.14,2026-10-02
ACR05480,STU05480,78.97,82.06,50.94,0,72.79,-6.18,2026-10-02
ACR05481,STU05481,49.83,59.15,48.75,0,52.11,2.28,2026-10-02
ACR05482,STU05482,95.39,94.43,97.18,0,89.15,-6.24,2026-10-02
ACR05483,STU05483,55.52,71.25,58.23,0,53.83,-1.69,2026-10-02
ACR05484,STU05484,76.45,67.77,61.43,0,71.28,-5.17,2026-10-02
ACR05485,STU05485,92.7,91.58,59.72,0,91.57,-1.13,2026-10-02
ACR05486,STU05486,95.24,84.44,70.28,0,83.44,-11.8,2026-10-02
ACR05487,STU05487,59.78,66.33,52.43,1,58.85,-0.93,2026-10-02
ACR05488,STU05488,59.98,69.81,57.67,2,65.44,5.46,2026-10-02
ACR05489,STU05489,75.78,61.41,59.66,0,55.6,-20.18,2026-10-02
ACR05490,STU05490,75.43,66.5,51.58,1,59.12,-16.31,2026-10-02
ACR05491,STU05491,82.17,68.62,80.32,0,73.09,-9.08,2026-10-02
ACR05492,STU05492,84.11,79.51,75.67,0,78.85,-5.26,2026-10-02
ACR05493,STU05493,79.34,66.5,64.9,0,60.42,-18.92,2026-10-02
ACR05494,STU05494,91.06,94.96,76.57,0,76.52,-14.54,2026-10-02
ACR05495,STU05495,44.22,51.83,50.4,1,54.74,10.52,2026-10-02
ACR05496,STU05496,84.45,69.37,73.97,0,85.02,0.57,2026-10-02
ACR05497,STU05497,78.54,70.67,71.0,0,79.07,0.53,2026-10-02
ACR05498,STU05498,71.49,72.91,64.31,0,58.91,-12.58,2026-10-02
ACR05499,STU05499,71.54,83.16,68.66,2,80.7,9.16,2026-10-02
ACR05500,STU05500,46.33,58.89,61.8,1,49.73,3.4,2026-10-02
ACR05501,STU05501,72.25,64.39,66.31,0,56.65,-15.6,2026-10-02
ACR05502,STU05502,57.84,56.04,47.62,2,45.69,-12.15,2026-10-02
ACR05503,STU05503,76.76,75.51,82.45,0,75.44,-1.32,2026-10-02
ACR05504,STU05504,71.59,87.78,75.2,0,76.53,4.94,2026-10-02
ACR05505,STU05505,85.11,61.36,65.72,0,71.78,-13.33,2026-10-02
ACR05506,STU05506,59.08,61.06,53.83,2,50.0,-9.08,2026-10-02
ACR05507,STU05507,87.43,78.37,73.6,0,78.32,-9.11,2026-10-02
ACR05508,STU05508,66.84,66.15,45.54,0,57.08,-9.76,2026-10-02
ACR05509,STU05509,86.32,77.45,63.54,0,75.23,-11.09,2026-10-02
ACR05510,STU05510,73.91,71.53,70.06,0,77.2,3.29,2026-10-02
ACR05511,STU05511,86.32,71.85,67.5,0,73.24,-13.08,2026-10-02
ACR05512,STU05512,48.48,31.42,33.18,3,36.56,-11.92,2026-10-02
ACR05513,STU05513,78.71,74.27,70.07,1,83.76,5.05,2026-10-02
ACR05514,STU05514,82.4,72.35,64.99,0,74.84,-7.56,2026-10-02
ACR05515,STU05515,100.0,86.62,87.35,0,82.21,-17.79,2026-10-02
ACR05516,STU05516,75.33,83.94,59.11,1,61.69,-13.64,2026-10-02
ACR05517,STU05517,85.74,87.29,76.15,0,94.85,9.11,2026-10-02
ACR05518,STU05518,86.56,77.75,77.08,0,74.85,-11.71,2026-10-02
ACR05519,STU05519,74.28,68.43,75.52,0,63.63,-10.65,2026-10-02
ACR05520,STU05520,68.96,73.17,70.64,0,66.03,-2.93,2026-10-02
ACR05521,STU05521,85.74,71.99,89.3,0,70.57,-15.17,2026-10-02
ACR05522,STU05522,68.76,77.8,60.83,0,57.72,-11.04,2026-10-02
ACR05523,STU05523,100.0,94.89,81.43,0,86.15,-13.85,2026-10-02
ACR05524,STU05524,52.28,47.44,44.77,1,46.53,-5.75,2026-10-02
ACR05525,STU05525,47.98,69.03,61.08,2,58.22,10.24,2026-10-02
ACR05526,STU05526,100.0,100.0,86.27,0,87.48,-12.52,2026-10-02
ACR05527,STU05527,83.38,76.44,77.47,0,70.53,-12.85,2026-10-02
ACR05528,STU05528,46.31,55.55,47.18,1,43.27,-3.04,2026-10-02
ACR05529,STU05529,66.98,58.27,57.72,0,55.02,-11.96,2026-10-02
ACR05530,STU05530,78.92,64.53,52.42,0,66.64,-12.28,2026-10-02
ACR05531,STU05531,61.72,44.87,45.57,0,51.05,-10.67,2026-10-02
ACR05532,STU05532,70.72,71.19,67.75,0,60.55,-10.17,2026-10-02
ACR05533,STU05533,65.12,73.5,62.36,0,62.75,-2.37,2026-10-02
ACR05534,STU05534,88.32,84.49,76.1,0,84.35,-3.97,2026-10-02
ACR05535,STU05535,92.54,90.38,81.28,0,78.61,-13.93,2026-10-02
ACR05536,STU05536,48.98,47.31,51.01,2,46.77,-2.21,2026-10-02
ACR05537,STU05537,77.06,79.8,73.54,0,72.85,-4.21,2026-10-02
ACR05538,STU05538,71.67,65.33,50.32,0,51.67,-20.0,2026-10-02
ACR05539,STU05539,91.36,81.65,73.61,0,88.44,-2.92,2026-10-02
ACR05540,STU05540,83.02,87.84,82.63,0,78.83,-4.19,2026-10-02
ACR05541,STU05541,61.06,71.58,50.95,2,50.6,-10.46,2026-10-02
ACR05542,STU05542,80.26,67.41,70.96,0,72.52,-7.74,2026-10-02
ACR05543,STU05543,89.92,96.63,66.79,0,90.85,0.93,2026-10-02
ACR05544,STU05544,69.13,67.11,51.98,1,64.5,-4.63,2026-10-02
ACR05545,STU05545,84.61,76.42,74.13,0,70.73,-13.88,2026-10-02
ACR05546,STU05546,37.13,51.41,34.48,1,31.69,-5.44,2026-10-02
ACR05547,STU05547,79.65,69.45,52.38,0,74.07,-5.58,2026-10-02
ACR05548,STU05548,57.98,64.89,69.92,0,61.44,3.46,2026-10-02
ACR05549,STU05549,86.24,76.46,74.03,0,85.35,-0.89,2026-10-02
ACR05550,STU05550,88.4,90.65,75.64,0,83.75,-4.65,2026-10-02
ACR05551,STU05551,61.81,58.56,48.22,1,61.23,-0.58,2026-10-02
ACR05552,STU05552,30.3,29.66,42.39,3,36.1,5.8,2026-10-02
ACR05553,STU05553,52.86,49.99,43.56,2,42.41,-10.45,2026-10-02
ACR05554,STU05554,73.26,72.26,51.87,0,69.5,-3.76,2026-10-02
ACR05555,STU05555,77.9,75.12,67.19,1,64.71,-13.19,2026-10-02
ACR05556,STU05556,94.23,88.61,90.55,0,84.12,-10.11,2026-10-02
ACR05557,STU05557,64.8,75.79,63.32,2,58.65,-6.15,2026-10-02
ACR05558,STU05558,76.65,70.77,64.49,0,75.35,-1.3,2026-10-02
ACR05559,STU05559,74.24,71.68,63.71,1,65.5,-8.74,2026-10-02
ACR05560,STU05560,100.0,85.1,78.02,0,92.55,-7.45,2026-10-02
ACR05561,STU05561,93.76,86.01,76.74,0,80.78,-12.98,2026-10-02
ACR05562,STU05562,71.29,81.96,65.39,0,70.68,-0.61,2026-10-02
ACR05563,STU05563,96.8,89.04,95.01,0,92.33,-4.47,2026-10-02
ACR05564,STU05564,78.41,79.7,68.49,0,71.15,-7.26,2026-10-02
ACR05565,STU05565,65.58,59.06,49.91,0,59.95,-5.63,2026-10-02
ACR05566,STU05566,82.38,65.53,61.34,0,68.75,-13.63,2026-10-02
ACR05567,STU05567,69.76,66.13,72.34,0,73.5,3.74,2026-10-02
ACR05568,STU05568,76.61,83.44,62.24,0,73.86,-2.75,2026-10-02
ACR05569,STU05569,69.23,79.88,68.91,0,64.95,-4.28,2026-10-02
ACR05570,STU05570,80.65,80.08,70.72,0,69.16,-11.49,2026-10-02
ACR05571,STU05571,97.76,77.58,77.12,0,71.84,-25.92,2026-10-02
ACR05572,STU05572,72.46,67.73,70.23,1,64.76,-7.7,2026-10-02
ACR05573,STU05573,70.09,71.91,61.78,0,62.48,-7.61,2026-10-02
ACR05574,STU05574,100.0,100.0,98.82,0,96.84,-3.16,2026-10-02
ACR05575,STU05575,59.96,62.38,63.18,0,58.91,-1.05,2026-10-02
ACR05576,STU05576,100.0,88.17,72.68,0,79.2,-20.8,2026-10-02
ACR05577,STU05577,80.71,89.09,61.75,0,77.16,-3.55,2026-10-02
ACR05578,STU05578,89.81,75.06,77.84,0,71.41,-18.4,2026-10-02
ACR05579,STU05579,84.79,83.39,61.03,0,68.12,-16.67,2026-10-02
ACR05580,STU05580,100.0,84.49,65.35,0,81.22,-18.78,2026-10-02
ACR05581,STU05581,82.03,78.01,73.11,0,72.94,-9.09,2026-10-02
ACR05582,STU05582,60.27,60.38,46.48,2,57.36,-2.91,2026-10-02
ACR05583,STU05583,75.6,70.36,72.59,0,63.97,-11.63,2026-10-02
ACR05584,STU05584,46.59,49.51,41.38,2,47.57,0.98,2026-10-02
ACR05585,STU05585,93.33,100.0,85.26,0,81.54,-11.79,2026-10-02
ACR05586,STU05586,57.16,58.57,67.65,0,62.43,5.27,2026-10-02
ACR05587,STU05587,66.34,78.71,73.1,1,70.07,3.73,2026-10-02
ACR05588,STU05588,91.37,81.0,82.08,0,79.61,-11.76,2026-10-02
ACR05589,STU05589,68.0,88.76,62.45,0,66.82,-1.18,2026-10-02
ACR05590,STU05590,77.36,69.49,65.13,0,65.36,-12.0,2026-10-02
ACR05591,STU05591,71.59,57.77,61.84,0,59.39,-12.2,2026-10-02
ACR05592,STU05592,80.38,73.86,49.91,0,73.78,-6.6,2026-10-02
ACR05593,STU05593,83.69,92.95,76.75,0,89.2,5.51,2026-10-02
ACR05594,STU05594,67.2,59.67,62.65,0,59.88,-7.32,2026-10-02
ACR05595,STU05595,55.13,44.39,64.76,1,38.91,-16.22,2026-10-02
ACR05596,STU05596,78.16,87.94,63.54,0,71.89,-6.27,2026-10-02
ACR05597,STU05597,97.45,80.41,79.56,0,85.02,-12.43,2026-10-02
ACR05598,STU05598,88.28,82.09,83.65,0,91.96,3.68,2026-10-02
ACR05599,STU05599,93.65,82.56,83.76,0,84.25,-9.4,2026-10-02
ACR05600,STU05600,53.33,56.25,58.52,0,51.37,-1.96,2026-10-02
ACR05601,STU05601,86.72,68.66,69.81,0,86.0,-0.72,2026-10-02
ACR05602,STU05602,60.82,78.67,70.08,0,70.6,9.78,2026-10-02
ACR05603,STU05603,65.99,66.25,63.73,0,71.28,5.29,2026-10-02
ACR05604,STU05604,74.56,77.64,74.57,0,71.7,-2.86,2026-10-02
ACR05605,STU05605,73.97,70.83,63.89,0,60.79,-13.18,2026-10-02
ACR05606,STU05606,100.0,93.87,77.28,0,90.22,-9.78,2026-10-02
ACR05607,STU05607,70.24,72.34,71.83,1,67.31,-2.93,2026-10-02
ACR05608,STU05608,97.08,86.91,85.3,0,93.56,-3.52,2026-10-02
ACR05609,STU05609,58.31,53.59,53.35,1,56.44,-1.87,2026-10-02
ACR05610,STU05610,82.45,75.1,69.39,0,79.13,-3.32,2026-10-02
ACR05611,STU05611,92.78,73.34,85.62,0,72.94,-19.84,2026-10-02
ACR05612,STU05612,44.5,47.39,52.6,2,41.68,-2.82,2026-10-02
ACR05613,STU05613,92.76,81.1,75.07,0,85.62,-7.14,2026-10-02
ACR05614,STU05614,53.55,60.93,47.43,2,60.62,7.07,2026-10-02
ACR05615,STU05615,61.81,54.64,49.81,0,62.72,0.91,2026-10-02
ACR05616,STU05616,89.03,85.16,91.98,0,89.0,-0.03,2026-10-02
ACR05617,STU05617,89.77,98.09,68.69,0,84.21,-5.56,2026-10-02
ACR05618,STU05618,78.5,80.28,66.92,0,77.19,-1.31,2026-10-02
ACR05619,STU05619,60.45,72.19,76.67,2,58.43,-2.02,2026-10-02
ACR05620,STU05620,81.99,69.92,60.53,0,67.37,-14.62,2026-10-02
ACR05621,STU05621,87.26,71.54,65.3,0,69.24,-18.02,2026-10-02
ACR05622,STU05622,58.31,58.4,51.85,2,60.47,2.16,2026-10-02
ACR05623,STU05623,50.46,45.5,43.99,4,35.29,-15.17,2026-10-02
ACR05624,STU05624,83.6,58.43,59.03,0,67.67,-15.93,2026-10-02
ACR05625,STU05625,81.32,78.94,76.62,0,70.74,-10.58,2026-10-02
ACR05626,STU05626,81.68,80.51,54.85,0,64.6,-17.08,2026-10-02
ACR05627,STU05627,45.73,39.46,55.35,2,44.49,-1.24,2026-10-02
ACR05628,STU05628,89.64,91.96,69.28,0,71.98,-17.66,2026-10-02
ACR05629,STU05629,85.25,83.93,73.33,0,79.14,-6.11,2026-10-02
ACR05630,STU05630,42.78,36.37,39.11,0,35.6,-7.18,2026-10-02
ACR05631,STU05631,60.04,54.68,53.15,1,48.48,-11.56,2026-10-02
ACR05632,STU05632,68.67,49.44,57.76,3,51.82,-16.85,2026-10-02
ACR05633,STU05633,90.07,82.73,77.33,0,81.1,-8.97,2026-10-02
ACR05634,STU05634,68.13,71.1,69.67,0,63.15,-4.98,2026-10-02
ACR05635,STU05635,77.34,67.02,75.87,0,70.81,-6.53,2026-10-02
ACR05636,STU05636,75.03,64.26,57.73,0,75.4,0.37,2026-10-02
ACR05637,STU05637,75.65,69.49,58.52,1,64.38,-11.27,2026-10-02
ACR05638,STU05638,69.43,45.66,57.95,0,58.58,-10.85,2026-10-02
ACR05639,STU05639,67.97,60.46,59.19,0,66.86,-1.11,2026-10-02
ACR05640,STU05640,56.72,80.46,73.32,1,70.66,13.94,2026-10-02
ACR05641,STU05641,65.37,61.93,58.21,0,60.41,-4.96,2026-10-02
ACR05642,STU05642,79.93,80.51,70.6,1,73.32,-6.61,2026-10-02
ACR05643,STU05643,98.42,83.69,83.9,0,84.13,-14.29,2026-10-02
ACR05644,STU05644,77.94,72.47,72.12,0,70.05,-7.89,2026-10-02
ACR05645,STU05645,77.67,59.06,68.82,0,64.7,-12.97,2026-10-02
ACR05646,STU05646,57.9,52.54,55.12,1,55.16,-2.74,2026-10-02
ACR05647,STU05647,78.9,84.86,68.15,0,69.26,-9.64,2026-10-02
ACR05648,STU05648,47.69,54.73,52.22,2,50.68,2.99,2026-10-02
ACR05649,STU05649,76.36,66.3,69.65,0,59.72,-16.64,2026-10-02
ACR05650,STU05650,97.49,80.74,81.24,0,88.36,-9.13,2026-10-02
ACR05651,STU05651,100.0,90.25,78.64,0,84.55,-15.45,2026-10-02
ACR05652,STU05652,88.71,78.32,71.18,0,83.9,-4.81,2026-10-02
ACR05653,STU05653,48.67,44.63,33.54,2,36.12,-12.55,2026-10-02
ACR05654,STU05654,90.9,65.78,62.05,0,64.35,-26.55,2026-10-02
ACR05655,STU05655,89.88,78.75,52.54,0,68.6,-21.28,2026-10-02
ACR05656,STU05656,94.94,67.76,61.73,0,74.31,-20.63,2026-10-02
ACR05657,STU05657,84.93,86.79,57.39,0,79.0,-5.93,2026-10-02
ACR05658,STU05658,100.0,97.17,98.14,0,100.0,0.0,2026-10-02
ACR05659,STU05659,100.0,100.0,96.56,0,100.0,0.0,2026-10-02
ACR05660,STU05660,32.12,26.72,52.07,4,32.15,0.03,2026-10-02
ACR05661,STU05661,76.3,74.5,79.98,0,74.65,-1.65,2026-10-02
ACR05662,STU05662,78.95,55.88,59.83,0,61.38,-17.57,2026-10-02
ACR05663,STU05663,100.0,100.0,87.51,0,96.04,-3.96,2026-10-02
ACR05664,STU05664,77.33,74.61,53.31,0,61.58,-15.75,2026-10-02
ACR05665,STU05665,61.65,63.24,62.07,1,57.73,-3.92,2026-10-02
ACR05666,STU05666,95.1,86.81,75.36,0,84.06,-11.04,2026-10-02
ACR05667,STU05667,100.0,96.56,91.85,0,90.37,-9.63,2026-10-02
ACR05668,STU05668,27.86,38.57,31.36,3,35.28,7.42,2026-10-02
ACR05669,STU05669,60.16,65.22,62.41,0,54.34,-5.82,2026-10-02
ACR05670,STU05670,63.66,64.62,61.32,0,55.81,-7.85,2026-10-02
ACR05671,STU05671,51.44,47.4,39.51,1,49.92,-1.52,2026-10-02
ACR05672,STU05672,53.98,68.64,72.04,0,67.93,13.95,2026-10-02
ACR05673,STU05673,73.01,66.42,53.22,0,60.84,-12.17,2026-10-02
ACR05674,STU05674,70.87,76.67,63.98,0,65.08,-5.79,2026-10-02
ACR05675,STU05675,77.82,74.36,72.65,0,70.7,-7.12,2026-10-02
ACR05676,STU05676,69.86,73.54,66.43,0,64.97,-4.89,2026-10-02
ACR05677,STU05677,78.87,79.17,76.38,0,65.02,-13.85,2026-10-02
ACR05678,STU05678,90.14,86.8,73.17,0,82.2,-7.94,2026-10-02
ACR05679,STU05679,59.08,59.29,57.85,1,57.03,-2.05,2026-10-02
ACR05680,STU05680,97.84,71.44,71.64,0,82.22,-15.62,2026-10-02
ACR05681,STU05681,63.76,66.95,61.17,2,61.67,-2.09,2026-10-02
ACR05682,STU05682,71.2,63.54,58.32,0,62.23,-8.97,2026-10-02
ACR05683,STU05683,89.46,79.59,82.67,0,70.81,-18.65,2026-10-02
ACR05684,STU05684,60.56,68.97,60.09,2,62.97,2.41,2026-10-02
ACR05685,STU05685,53.11,59.62,61.96,2,52.08,-1.03,2026-10-02
ACR05686,STU05686,70.26,73.21,67.66,0,72.63,2.37,2026-10-02
ACR05687,STU05687,70.14,86.42,60.66,0,72.49,2.35,2026-10-02
ACR05688,STU05688,90.55,86.03,71.91,0,78.93,-11.62,2026-10-02
ACR05689,STU05689,94.14,64.45,71.17,0,78.09,-16.05,2026-10-02
ACR05690,STU05690,78.05,77.34,69.75,0,69.57,-8.48,2026-10-02
ACR05691,STU05691,88.55,80.16,90.0,0,80.38,-8.17,2026-10-02
ACR05692,STU05692,84.62,88.32,72.29,0,81.48,-3.14,2026-10-02
ACR05693,STU05693,84.26,84.05,63.04,0,82.73,-1.53,2026-10-02
ACR05694,STU05694,74.35,82.97,78.45,0,77.52,3.17,2026-10-02
ACR05695,STU05695,82.28,57.28,78.91,0,68.43,-13.85,2026-10-02
ACR05696,STU05696,100.0,95.93,83.67,0,86.57,-13.43,2026-10-02
ACR05697,STU05697,78.65,83.86,74.5,0,74.51,-4.14,2026-10-02
ACR05698,STU05698,75.9,68.48,54.46,0,62.42,-13.48,2026-10-02
ACR05699,STU05699,94.48,81.13,79.03,0,90.67,-3.81,2026-10-02
ACR05700,STU05700,100.0,100.0,92.04,0,94.23,-5.77,2026-10-02
ACR05701,STU05701,80.77,64.99,57.84,0,68.18,-12.59,2026-10-02
ACR05702,STU05702,77.56,68.83,58.78,0,72.66,-4.9,2026-10-02
ACR05703,STU05703,83.02,71.5,71.95,0,63.85,-19.17,2026-10-02
ACR05704,STU05704,45.02,68.49,38.06,0,49.38,4.36,2026-10-02
ACR05705,STU05705,85.59,63.95,65.27,1,66.69,-18.9,2026-10-02
ACR05706,STU05706,100.0,100.0,76.86,0,89.71,-10.29,2026-10-02
ACR05707,STU05707,65.67,52.42,55.59,0,55.24,-10.43,2026-10-02
ACR05708,STU05708,73.06,86.25,76.29,0,71.51,-1.55,2026-10-02
ACR05709,STU05709,86.9,87.69,78.7,0,86.78,-0.12,2026-10-02
ACR05710,STU05710,67.17,67.48,46.2,0,50.18,-16.99,2026-10-02
ACR05711,STU05711,65.91,51.04,56.86,0,56.25,-9.66,2026-10-02
ACR05712,STU05712,57.04,65.47,61.45,0,55.66,-1.38,2026-10-02
ACR05713,STU05713,77.62,75.93,71.01,0,76.1,-1.52,2026-10-02
ACR05714,STU05714,71.63,70.88,66.3,0,72.99,1.36,2026-10-02
ACR05715,STU05715,63.57,74.14,49.76,0,64.55,0.98,2026-10-02
ACR05716,STU05716,100.0,92.57,85.39,0,88.29,-11.71,2026-10-02
ACR05717,STU05717,72.54,76.29,77.61,0,72.27,-0.27,2026-10-02
ACR05718,STU05718,70.85,61.2,57.77,0,59.24,-11.61,2026-10-02
ACR05719,STU05719,37.66,22.75,34.72,2,30.64,-7.02,2026-10-02
ACR05720,STU05720,56.27,58.5,49.36,0,49.4,-6.87,2026-10-02
ACR05721,STU05721,54.44,58.33,55.86,2,63.03,8.59,2026-10-02
ACR05722,STU05722,87.06,73.7,77.96,0,71.45,-15.61,2026-10-02
ACR05723,STU05723,89.65,73.26,79.61,0,76.12,-13.53,2026-10-02
ACR05724,STU05724,81.95,85.61,75.98,0,73.59,-8.36,2026-10-02
ACR05725,STU05725,61.76,70.8,63.54,1,61.58,-0.18,2026-10-02
ACR05726,STU05726,100.0,91.7,91.11,0,96.89,-3.11,2026-10-02
ACR05727,STU05727,96.59,98.67,74.11,0,94.01,-2.58,2026-10-02
ACR05728,STU05728,92.87,89.64,69.34,0,78.42,-14.45,2026-10-02
ACR05729,STU05729,84.29,83.02,70.91,0,71.6,-12.69,2026-10-02
ACR05730,STU05730,82.65,76.91,61.77,0,74.38,-8.27,2026-10-02
ACR05731,STU05731,68.18,64.69,73.45,0,64.25,-3.93,2026-10-02
ACR05732,STU05732,59.36,64.44,71.12,1,64.38,5.02,2026-10-02
ACR05733,STU05733,56.48,74.14,58.5,0,49.28,-7.2,2026-10-02
ACR05734,STU05734,68.04,77.9,69.73,0,62.57,-5.47,2026-10-02
ACR05735,STU05735,76.5,74.27,74.05,0,74.28,-2.22,2026-10-02
ACR05736,STU05736,84.75,81.66,68.61,0,68.28,-16.47,2026-10-02
ACR05737,STU05737,77.54,62.7,62.96,0,71.08,-6.46,2026-10-02
ACR05738,STU05738,100.0,86.1,85.1,0,92.92,-7.08,2026-10-02
ACR05739,STU05739,75.38,54.88,57.67,0,58.84,-16.54,2026-10-02
ACR05740,STU05740,79.93,77.53,69.03,0,74.43,-5.5,2026-10-02
ACR05741,STU05741,82.8,71.62,78.87,0,78.47,-4.33,2026-10-02
ACR05742,STU05742,79.49,66.51,50.79,0,68.73,-10.76,2026-10-02
ACR05743,STU05743,66.31,71.88,59.57,1,69.24,2.93,2026-10-02
ACR05744,STU05744,78.94,68.55,64.29,0,59.73,-19.21,2026-10-02
ACR05745,STU05745,74.28,68.17,77.45,0,73.8,-0.48,2026-10-02
ACR05746,STU05746,95.12,91.62,73.8,0,91.39,-3.73,2026-10-02
ACR05747,STU05747,81.24,67.32,68.67,0,74.16,-7.08,2026-10-02
ACR05748,STU05748,95.81,82.2,83.09,0,84.71,-11.1,2026-10-02
ACR05749,STU05749,67.27,64.73,58.74,0,65.78,-1.49,2026-10-02
ACR05750,STU05750,30.95,54.72,51.93,4,46.99,16.04,2026-10-02
ACR05751,STU05751,100.0,100.0,73.76,0,84.47,-15.53,2026-10-02
ACR05752,STU05752,65.22,59.53,69.4,0,69.78,4.56,2026-10-02
ACR05753,STU05753,77.23,62.15,39.34,0,53.23,-24.0,2026-10-02
ACR05754,STU05754,75.56,73.12,72.01,0,69.88,-5.68,2026-10-02
ACR05755,STU05755,96.54,73.85,80.64,0,87.09,-9.45,2026-10-02
ACR05756,STU05756,91.37,77.11,68.48,0,75.94,-15.43,2026-10-02
ACR05757,STU05757,98.3,90.51,75.37,0,83.62,-14.68,2026-10-02
ACR05758,STU05758,100.0,81.75,84.35,0,87.32,-12.68,2026-10-02
ACR05759,STU05759,86.42,73.12,71.1,1,76.48,-9.94,2026-10-02
ACR05760,STU05760,73.33,65.36,67.22,1,70.0,-3.33,2026-10-02
ACR05761,STU05761,79.79,67.83,70.87,0,65.23,-14.56,2026-10-02
ACR05762,STU05762,66.86,72.01,52.99,0,61.84,-5.02,2026-10-02
ACR05763,STU05763,84.87,70.38,72.2,0,77.25,-7.62,2026-10-02
ACR05764,STU05764,75.03,73.26,73.32,0,71.97,-3.06,2026-10-02
ACR05765,STU05765,89.25,80.12,70.15,0,70.79,-18.46,2026-10-02
ACR05766,STU05766,86.59,87.55,76.89,0,79.86,-6.73,2026-10-02
ACR05767,STU05767,86.46,70.62,62.34,0,68.4,-18.06,2026-10-02
ACR05768,STU05768,79.93,75.19,64.37,0,55.11,-24.82,2026-10-02
ACR05769,STU05769,90.65,93.25,72.72,0,74.23,-16.42,2026-10-02
ACR05770,STU05770,54.65,49.51,50.11,1,48.28,-6.37,2026-10-02
ACR05771,STU05771,67.08,52.42,59.87,0,61.13,-5.95,2026-10-02
ACR05772,STU05772,76.28,62.99,72.95,0,74.8,-1.48,2026-10-02
ACR05773,STU05773,62.77,69.31,66.81,0,64.19,1.42,2026-10-02
ACR05774,STU05774,94.28,81.95,54.81,0,70.1,-24.18,2026-10-02
ACR05775,STU05775,100.0,95.92,100.0,0,95.35,-4.65,2026-10-02
ACR05776,STU05776,56.35,54.18,54.7,2,47.91,-8.44,2026-10-02
ACR05777,STU05777,82.43,74.9,62.1,0,71.41,-11.02,2026-10-02
ACR05778,STU05778,57.01,44.97,51.94,0,48.15,-8.86,2026-10-02
ACR05779,STU05779,64.36,66.76,50.71,1,62.76,-1.6,2026-10-02
ACR05780,STU05780,61.9,66.62,70.98,0,75.49,13.59,2026-10-02
ACR05781,STU05781,97.04,83.59,78.52,0,83.83,-13.21,2026-10-02
ACR05782,STU05782,66.54,68.21,52.47,0,68.66,2.12,2026-10-02
ACR05783,STU05783,90.0,78.53,65.09,0,80.44,-9.56,2026-10-02
ACR05784,STU05784,92.0,90.26,71.52,0,86.44,-5.56,2026-10-02
ACR05785,STU05785,100.0,90.19,96.65,0,94.52,-5.48,2026-10-02
ACR05786,STU05786,62.93,83.26,82.75,0,70.42,7.49,2026-10-02
ACR05787,STU05787,90.09,85.11,82.49,0,88.39,-1.7,2026-10-02
ACR05788,STU05788,52.93,37.87,50.49,1,46.87,-6.06,2026-10-02
ACR05789,STU05789,89.21,85.98,85.62,0,93.55,4.34,2026-10-02
ACR05790,STU05790,66.81,56.54,48.52,0,65.81,-1.0,2026-10-02
ACR05791,STU05791,81.58,72.61,69.24,0,75.69,-5.89,2026-10-02
ACR05792,STU05792,79.05,84.77,79.18,0,70.41,-8.64,2026-10-02
ACR05793,STU05793,49.65,39.3,47.96,3,41.78,-7.87,2026-10-02
ACR05794,STU05794,74.52,69.61,74.11,0,67.69,-6.83,2026-10-02
ACR05795,STU05795,73.67,74.05,62.07,0,67.3,-6.37,2026-10-02
ACR05796,STU05796,50.42,63.59,60.05,0,58.5,8.08,2026-10-02
ACR05797,STU05797,91.99,89.65,68.93,0,78.58,-13.41,2026-10-02
ACR05798,STU05798,65.63,67.54,60.46,2,58.49,-7.14,2026-10-02
ACR05799,STU05799,78.74,73.56,72.12,0,79.81,1.07,2026-10-02
ACR05800,STU05800,93.9,91.66,81.69,0,78.21,-15.69,2026-10-02
ACR05801,STU05801,80.65,73.93,71.06,0,71.86,-8.79,2026-10-02
ACR05802,STU05802,95.31,90.03,86.74,0,92.53,-2.78,2026-10-02
ACR05803,STU05803,66.11,69.02,69.98,0,66.18,0.07,2026-10-02
ACR05804,STU05804,82.16,87.56,80.75,0,78.76,-3.4,2026-10-02
ACR05805,STU05805,86.05,88.06,81.81,0,88.54,2.49,2026-10-02
ACR05806,STU05806,88.73,81.1,68.85,0,87.9,-0.83,2026-10-02
ACR05807,STU05807,89.7,99.65,76.01,0,84.1,-5.6,2026-10-02
ACR05808,STU05808,73.41,91.47,77.39,0,86.21,12.8,2026-10-02
ACR05809,STU05809,97.78,74.83,77.13,0,84.08,-13.7,2026-10-02
ACR05810,STU05810,59.54,57.63,59.11,2,64.94,5.4,2026-10-02
ACR05811,STU05811,80.37,77.55,70.04,0,71.81,-8.56,2026-10-02
ACR05812,STU05812,100.0,89.46,83.18,0,91.74,-8.26,2026-10-02
ACR05813,STU05813,66.79,65.03,61.51,0,54.76,-12.03,2026-10-02
ACR05814,STU05814,87.89,100.0,85.89,0,85.88,-2.01,2026-10-02
ACR05815,STU05815,66.53,60.45,59.48,0,63.9,-2.63,2026-10-02
ACR05816,STU05816,69.36,67.45,57.47,0,64.22,-5.14,2026-10-02
ACR05817,STU05817,84.08,71.79,67.32,0,62.15,-21.93,2026-10-02
ACR05818,STU05818,64.05,64.31,44.99,0,53.15,-10.9,2026-10-02
ACR05819,STU05819,73.02,66.86,59.0,0,56.8,-16.22,2026-10-02
ACR05820,STU05820,62.76,66.82,58.08,0,55.97,-6.79,2026-10-02
ACR05821,STU05821,85.34,80.5,60.07,0,71.72,-13.62,2026-10-02
ACR05822,STU05822,55.43,66.21,61.41,2,65.49,10.06,2026-10-02
ACR05823,STU05823,88.09,64.38,65.89,0,71.38,-16.71,2026-10-02
ACR05824,STU05824,80.51,86.14,75.69,0,85.45,4.94,2026-10-02
ACR05825,STU05825,58.91,52.11,48.69,1,53.07,-5.84,2026-10-02
ACR05826,STU05826,66.63,60.39,41.36,0,64.99,-1.64,2026-10-02
ACR05827,STU05827,100.0,78.12,89.8,0,82.93,-17.07,2026-10-02
ACR05828,STU05828,96.55,74.38,71.72,0,74.44,-22.11,2026-10-02
ACR05829,STU05829,91.04,71.87,83.09,0,80.69,-10.35,2026-10-02
ACR05830,STU05830,66.59,67.67,64.82,0,68.18,1.59,2026-10-02
ACR05831,STU05831,94.02,69.0,77.72,0,79.27,-14.75,2026-10-02
ACR05832,STU05832,100.0,100.0,100.0,0,100.0,0.0,2026-10-02
ACR05833,STU05833,92.75,70.06,82.72,0,78.41,-14.34,2026-10-02
ACR05834,STU05834,99.57,100.0,87.84,0,95.32,-4.25,2026-10-02
ACR05835,STU05835,64.56,65.69,61.71,0,62.45,-2.11,2026-10-02
ACR05836,STU05836,95.13,89.28,97.64,0,89.8,-5.33,2026-10-02
ACR05837,STU05837,45.92,54.59,60.07,1,53.42,7.5,2026-10-02
ACR05838,STU05838,96.82,74.18,82.28,0,85.54,-11.28,2026-10-02
ACR05839,STU05839,58.32,50.94,40.02,0,45.94,-12.38,2026-10-02
ACR05840,STU05840,83.3,84.53,71.01,0,81.38,-1.92,2026-10-02
ACR05841,STU05841,100.0,96.56,82.21,0,93.35,-6.65,2026-10-02
ACR05842,STU05842,70.16,69.08,57.77,0,60.49,-9.67,2026-10-02
ACR05843,STU05843,91.23,81.14,77.76,0,82.14,-9.09,2026-10-02
ACR05844,STU05844,100.0,93.3,100.0,0,84.64,-15.36,2026-10-02
ACR05845,STU05845,47.56,69.13,36.43,2,40.59,-6.97,2026-10-02
ACR05846,STU05846,87.89,78.91,81.19,0,73.05,-14.84,2026-10-02
ACR05847,STU05847,94.1,76.07,82.47,0,74.03,-20.07,2026-10-02
ACR05848,STU05848,55.96,68.17,58.31,0,54.77,-1.19,2026-10-02
ACR05849,STU05849,91.49,82.03,84.27,0,85.13,-6.36,2026-10-02
ACR05850,STU05850,72.58,64.86,50.25,0,64.35,-8.23,2026-10-02
ACR05851,STU05851,61.44,52.59,47.95,0,46.73,-14.71,2026-10-02
ACR05852,STU05852,62.91,45.63,48.0,0,59.57,-3.34,2026-10-02
ACR05853,STU05853,70.79,73.87,79.5,0,79.19,8.4,2026-10-02
ACR05854,STU05854,50.2,68.92,58.93,1,56.23,6.03,2026-10-02
ACR05855,STU05855,84.56,67.95,69.23,0,71.98,-12.58,2026-10-02
ACR05856,STU05856,75.43,72.71,72.95,0,77.64,2.21,2026-10-02
ACR05857,STU05857,89.48,68.77,79.96,0,75.22,-14.26,2026-10-02
ACR05858,STU05858,56.75,50.12,37.47,1,49.5,-7.25,2026-10-02
ACR05859,STU05859,88.51,82.77,81.81,0,80.88,-7.63,2026-10-02
ACR05860,STU05860,73.79,70.68,70.67,0,70.63,-3.16,2026-10-02
ACR05861,STU05861,100.0,96.94,80.38,0,90.59,-9.41,2026-10-02
ACR05862,STU05862,85.79,70.91,71.97,0,65.1,-20.69,2026-10-02
ACR05863,STU05863,76.15,74.04,58.64,0,65.73,-10.42,2026-10-02
ACR05864,STU05864,54.54,59.02,66.47,0,59.4,4.86,2026-10-02
ACR05865,STU05865,94.25,88.97,74.44,0,82.91,-11.34,2026-10-02
ACR05866,STU05866,100.0,82.13,85.26,0,95.36,-4.64,2026-10-02
ACR05867,STU05867,70.53,73.5,68.02,1,64.57,-5.96,2026-10-02
ACR05868,STU05868,63.19,48.96,50.31,0,51.44,-11.75,2026-10-02
ACR05869,STU05869,77.63,84.38,66.91,0,76.56,-1.07,2026-10-02
ACR05870,STU05870,100.0,88.77,83.91,0,80.83,-19.17,2026-10-02
ACR05871,STU05871,77.56,67.54,53.96,0,58.91,-18.65,2026-10-02
ACR05872,STU05872,89.42,77.68,68.35,0,69.29,-20.13,2026-10-02
ACR05873,STU05873,100.0,100.0,84.25,0,94.92,-5.08,2026-10-02
ACR05874,STU05874,92.53,83.91,79.84,0,85.39,-7.14,2026-10-02
ACR05875,STU05875,63.26,67.3,54.35,1,52.06,-11.2,2026-10-02
ACR05876,STU05876,43.56,54.12,46.95,2,47.43,3.87,2026-10-02
ACR05877,STU05877,80.57,75.98,55.85,0,69.14,-11.43,2026-10-02
ACR05878,STU05878,100.0,97.64,97.11,0,90.67,-9.33,2026-10-02
ACR05879,STU05879,83.48,87.76,74.74,0,74.99,-8.49,2026-10-02
ACR05880,STU05880,74.23,67.32,67.57,0,65.19,-9.04,2026-10-02
ACR05881,STU05881,60.52,72.51,62.48,3,59.75,-0.77,2026-10-02
ACR05882,STU05882,88.86,76.91,76.14,0,77.56,-11.3,2026-10-02
ACR05883,STU05883,100.0,100.0,96.14,0,92.73,-7.27,2026-10-02
ACR05884,STU05884,83.18,77.38,74.14,0,76.13,-7.05,2026-10-02
ACR05885,STU05885,82.39,65.98,76.08,0,67.02,-15.37,2026-10-02
ACR05886,STU05886,71.78,53.82,58.32,1,51.6,-20.18,2026-10-02
ACR05887,STU05887,68.63,67.69,80.65,1,73.62,4.99,2026-10-02
ACR05888,STU05888,69.08,67.49,56.02,0,74.78,5.7,2026-10-02
ACR05889,STU05889,46.67,64.0,45.61,1,52.08,5.41,2026-10-02
ACR05890,STU05890,82.43,59.21,71.86,0,60.41,-22.02,2026-10-02
ACR05891,STU05891,92.66,93.52,86.59,0,76.68,-15.98,2026-10-02
ACR05892,STU05892,54.33,40.87,54.98,0,53.51,-0.82,2026-10-02
ACR05893,STU05893,55.74,76.4,57.66,2,59.65,3.91,2026-10-02
ACR05894,STU05894,77.2,66.22,70.88,0,67.96,-9.24,2026-10-02
ACR05895,STU05895,69.11,63.58,58.46,0,59.49,-9.62,2026-10-02
ACR05896,STU05896,58.52,54.02,66.23,0,54.68,-3.84,2026-10-02
ACR05897,STU05897,97.21,78.31,66.77,0,82.1,-15.11,2026-10-02
ACR05898,STU05898,68.7,71.04,73.13,0,64.46,-4.24,2026-10-02
ACR05899,STU05899,74.94,66.21,62.94,0,69.9,-5.04,2026-10-02
ACR05900,STU05900,82.8,85.6,73.0,1,69.92,-12.88,2026-10-02
ACR05901,STU05901,86.63,77.22,90.18,0,89.09,2.46,2026-10-02
ACR05902,STU05902,91.92,90.49,82.38,0,90.93,-0.99,2026-10-02
ACR05903,STU05903,70.26,72.56,47.49,0,61.34,-8.92,2026-10-02
ACR05904,STU05904,97.73,71.58,77.1,0,75.06,-22.67,2026-10-02
ACR05905,STU05905,85.15,79.15,78.71,0,85.49,0.34,2026-10-02
ACR05906,STU05906,80.28,68.37,62.02,0,78.83,-1.45,2026-10-02
ACR05907,STU05907,68.67,66.8,64.89,0,62.37,-6.3,2026-10-02
ACR05908,STU05908,90.96,82.98,75.12,0,83.61,-7.35,2026-10-02
ACR05909,STU05909,87.01,80.42,74.55,0,75.92,-11.09,2026-10-02
ACR05910,STU05910,62.44,65.3,72.64,1,67.8,5.36,2026-10-02
ACR05911,STU05911,69.59,62.94,69.27,0,62.49,-7.1,2026-10-02
ACR05912,STU05912,94.69,97.71,59.23,0,76.04,-18.65,2026-10-02
ACR05913,STU05913,79.47,70.36,81.06,0,64.45,-15.02,2026-10-02
ACR05914,STU05914,87.22,58.54,65.19,0,68.48,-18.74,2026-10-02
ACR05915,STU05915,53.38,59.09,48.46,1,59.48,6.1,2026-10-02
ACR05916,STU05916,91.1,74.33,59.08,0,71.06,-20.04,2026-10-02
ACR05917,STU05917,76.89,87.43,65.78,0,68.87,-8.02,2026-10-02
ACR05918,STU05918,83.68,76.71,73.38,0,78.3,-5.38,2026-10-02
ACR05919,STU05919,92.59,84.49,72.38,0,76.59,-16.0,2026-10-02
ACR05920,STU05920,76.58,84.77,84.54,0,86.83,10.25,2026-10-02
ACR05921,STU05921,86.68,70.3,76.91,0,82.79,-3.89,2026-10-02
ACR05922,STU05922,78.23,81.92,72.82,0,78.74,0.51,2026-10-02
ACR05923,STU05923,98.52,84.12,66.77,0,82.01,-16.51,2026-10-02
ACR05924,STU05924,100.0,96.12,93.29,0,95.51,-4.49,2026-10-02
ACR05925,STU05925,100.0,100.0,95.96,0,100.0,0.0,2026-10-02
ACR05926,STU05926,69.58,70.75,62.55,1,56.49,-13.09,2026-10-02
ACR05927,STU05927,83.93,70.16,69.89,0,75.9,-8.03,2026-10-02
ACR05928,STU05928,96.32,91.78,84.68,0,80.38,-15.94,2026-10-02
ACR05929,STU05929,72.71,73.01,82.71,0,59.59,-13.12,2026-10-02
ACR05930,STU05930,74.84,69.37,70.09,0,67.17,-7.67,2026-10-02
ACR05931,STU05931,83.5,75.13,57.75,1,74.46,-9.04,2026-10-02
ACR05932,STU05932,100.0,95.15,78.59,0,83.53,-16.47,2026-10-02
ACR05933,STU05933,96.77,83.03,72.6,0,81.51,-15.26,2026-10-02
ACR05934,STU05934,87.03,66.71,75.37,0,77.83,-9.2,2026-10-02
ACR05935,STU05935,97.91,80.85,76.65,0,85.77,-12.14,2026-10-02
ACR05936,STU05936,71.43,60.65,54.5,0,67.33,-4.1,2026-10-02
ACR05937,STU05937,73.65,70.81,58.43,0,67.63,-6.02,2026-10-02
ACR05938,STU05938,78.7,74.44,63.64,0,70.77,-7.93,2026-10-02
ACR05939,STU05939,82.73,67.41,71.35,0,70.84,-11.89,2026-10-02
ACR05940,STU05940,91.21,83.07,65.93,0,81.29,-9.92,2026-10-02
ACR05941,STU05941,77.43,81.44,64.66,0,77.7,0.27,2026-10-02
ACR05942,STU05942,69.23,65.39,60.49,0,61.15,-8.08,2026-10-02
ACR05943,STU05943,50.78,55.24,44.95,1,40.89,-9.89,2026-10-02
ACR05944,STU05944,49.28,50.55,54.19,1,51.89,2.61,2026-10-02
ACR05945,STU05945,76.18,74.69,72.96,2,66.21,-9.97,2026-10-02
ACR05946,STU05946,58.98,71.78,54.2,1,58.65,-0.33,2026-10-02
ACR05947,STU05947,68.11,71.74,65.05,0,59.83,-8.28,2026-10-02
ACR05948,STU05948,91.94,85.26,79.51,0,75.32,-16.62,2026-10-02
ACR05949,STU05949,75.69,73.72,55.3,0,64.24,-11.45,2026-10-02
ACR05950,STU05950,82.47,86.57,73.16,0,85.66,3.19,2026-10-02
ACR05951,STU05951,83.9,79.92,59.43,0,75.19,-8.71,2026-10-02
ACR05952,STU05952,79.16,87.51,74.38,0,72.39,-6.77,2026-10-02
ACR05953,STU05953,86.53,96.61,91.77,0,76.32,-10.21,2026-10-02
ACR05954,STU05954,91.71,86.38,65.66,0,83.15,-8.56,2026-10-02
ACR05955,STU05955,63.94,71.58,58.75,0,61.25,-2.69,2026-10-02
ACR05956,STU05956,64.78,63.35,65.41,0,64.54,-0.24,2026-10-02
ACR05957,STU05957,84.01,77.82,82.52,0,75.46,-8.55,2026-10-02
ACR05958,STU05958,87.19,73.34,60.63,0,68.28,-18.91,2026-10-02
ACR05959,STU05959,59.13,61.59,64.08,0,62.85,3.72,2026-10-02
ACR05960,STU05960,69.73,62.51,52.61,0,56.76,-12.97,2026-10-02
ACR05961,STU05961,66.81,70.61,57.45,1,55.76,-11.05,2026-10-02
ACR05962,STU05962,45.41,51.91,40.54,1,54.46,9.05,2026-10-02
ACR05963,STU05963,75.47,84.71,58.55,0,68.62,-6.85,2026-10-02
ACR05964,STU05964,68.51,67.71,60.01,0,63.05,-5.46,2026-10-02
ACR05965,STU05965,63.54,63.88,40.96,0,59.84,-3.7,2026-10-02
ACR05966,STU05966,87.99,81.82,75.03,0,77.66,-10.33,2026-10-02
ACR05967,STU05967,83.87,59.0,70.26,0,73.48,-10.39,2026-10-02
ACR05968,STU05968,80.84,62.42,48.7,0,64.28,-16.56,2026-10-02
ACR05969,STU05969,50.65,61.74,54.52,1,54.07,3.42,2026-10-02
ACR05970,STU05970,81.73,71.48,71.93,0,67.74,-13.99,2026-10-02
ACR05971,STU05971,81.61,90.7,85.81,0,69.6,-12.01,2026-10-02
ACR05972,STU05972,86.58,88.03,74.98,0,82.13,-4.45,2026-10-02
ACR05973,STU05973,72.45,63.02,46.98,0,79.96,7.51,2026-10-02
ACR05974,STU05974,59.84,60.86,59.74,1,59.0,-0.84,2026-10-02
ACR05975,STU05975,78.85,80.21,84.02,0,75.8,-3.05,2026-10-02
ACR05976,STU05976,50.39,54.54,54.39,1,52.06,1.67,2026-10-02
ACR05977,STU05977,88.44,78.79,72.53,0,82.68,-5.76,2026-10-02
ACR05978,STU05978,83.55,96.14,84.97,0,82.84,-0.71,2026-10-02
ACR05979,STU05979,100.0,100.0,87.52,0,89.57,-10.43,2026-10-02
ACR05980,STU05980,76.29,63.41,63.15,0,73.84,-2.45,2026-10-02
ACR05981,STU05981,77.27,68.09,66.74,0,74.61,-2.66,2026-10-02
ACR05982,STU05982,65.07,70.02,67.43,0,62.49,-2.58,2026-10-02
ACR05983,STU05983,62.05,78.45,69.16,1,66.21,4.16,2026-10-02
ACR05984,STU05984,86.91,77.93,66.56,0,78.84,-8.07,2026-10-02
ACR05985,STU05985,81.71,82.82,66.08,1,76.82,-4.89,2026-10-02
ACR05986,STU05986,57.66,65.62,38.84,0,58.02,0.36,2026-10-02
ACR05987,STU05987,83.29,65.19,70.05,0,67.76,-15.53,2026-10-02
ACR05988,STU05988,75.07,69.23,49.58,0,60.42,-14.65,2026-10-02
ACR05989,STU05989,100.0,89.89,86.87,0,96.55,-3.45,2026-10-02
ACR05990,STU05990,85.28,88.21,95.52,0,81.95,-3.33,2026-10-02
ACR05991,STU05991,70.55,71.6,71.3,0,65.56,-4.99,2026-10-02
ACR05992,STU05992,84.24,81.32,77.18,0,73.28,-10.96,2026-10-02
ACR05993,STU05993,100.0,94.5,97.76,0,88.26,-11.74,2026-10-02
ACR05994,STU05994,91.79,79.97,69.74,0,73.36,-18.43,2026-10-02
ACR05995,STU05995,87.86,66.41,69.29,0,76.74,-11.12,2026-10-02
ACR05996,STU05996,66.56,82.03,64.59,0,71.91,5.35,2026-10-02
ACR05997,STU05997,67.9,63.03,64.97,2,54.81,-13.09,2026-10-02
ACR05998,STU05998,74.02,85.51,74.67,0,77.71,3.69,2026-10-02
ACR05999,STU05999,90.54,76.18,80.59,0,75.03,-15.51,2026-10-02
ACR06000,STU06000,58.45,52.27,47.55,1,50.28,-8.17,2026-10-02
ACR06001,STU06001,67.01,60.7,55.72,0,68.09,1.08,2026-10-02
ACR06002,STU06002,56.29,73.22,63.98,0,59.71,3.42,2026-10-02
ACR06003,STU06003,60.38,74.22,65.9,0,68.7,8.32,2026-10-02
ACR06004,STU06004,86.2,84.06,76.44,0,71.01,-15.19,2026-10-02
ACR06005,STU06005,76.48,82.41,77.66,0,83.57,7.09,2026-10-02
ACR06006,STU06006,85.11,79.87,71.05,0,85.42,0.31,2026-10-02
ACR06007,STU06007,77.5,59.29,52.89,1,62.6,-14.9,2026-10-02
ACR06008,STU06008,42.22,58.76,53.21,3,44.35,2.13,2026-10-02
ACR06009,STU06009,87.62,97.79,74.08,0,87.58,-0.04,2026-10-02
ACR06010,STU06010,82.25,73.77,65.85,0,76.75,-5.5,2026-10-02
ACR06011,STU06011,59.19,61.64,52.55,1,54.6,-4.59,2026-10-02
ACR06012,STU06012,60.86,46.28,63.24,0,53.7,-7.16,2026-10-02
ACR06013,STU06013,82.37,84.43,75.35,0,72.1,-10.27,2026-10-02
ACR06014,STU06014,87.37,65.72,67.14,0,72.7,-14.67,2026-10-02
ACR06015,STU06015,50.24,57.61,51.61,0,44.9,-5.34,2026-10-02
ACR06016,STU06016,72.34,74.8,56.92,1,69.62,-2.72,2026-10-02
ACR06017,STU06017,52.3,41.92,45.42,0,53.94,1.64,2026-10-02
ACR06018,STU06018,70.08,66.84,56.22,1,59.75,-10.33,2026-10-02
ACR06019,STU06019,90.5,93.98,67.94,0,81.8,-8.7,2026-10-02
ACR06020,STU06020,80.84,77.22,71.82,1,77.91,-2.93,2026-10-02
ACR06021,STU06021,82.24,87.81,82.33,0,82.22,-0.02,2026-10-02
ACR06022,STU06022,83.81,87.55,67.36,0,81.6,-2.21,2026-10-02
ACR06023,STU06023,76.31,80.66,55.12,0,72.58,-3.73,2026-10-02
ACR06024,STU06024,77.26,82.84,62.87,0,70.01,-7.25,2026-10-02
ACR06025,STU06025,54.51,53.97,52.51,2,61.46,6.95,2026-10-02
ACR06026,STU06026,83.15,85.81,83.78,0,72.5,-10.65,2026-10-02
ACR06027,STU06027,94.0,100.0,87.3,0,89.39,-4.61,2026-10-02
ACR06028,STU06028,100.0,100.0,100.0,0,96.69,-3.31,2026-10-02
ACR06029,STU06029,80.97,77.3,76.44,0,76.38,-4.59,2026-10-02
ACR06030,STU06030,69.58,56.97,63.48,0,63.13,-6.45,2026-10-02
ACR06031,STU06031,83.78,79.09,78.31,0,78.65,-5.13,2026-10-02
ACR06032,STU06032,90.52,86.58,78.05,0,82.07,-8.45,2026-10-02
ACR06033,STU06033,62.08,56.01,63.22,1,66.5,4.42,2026-10-02
ACR06034,STU06034,34.94,46.63,42.33,2,43.32,8.38,2026-10-02
ACR06035,STU06035,75.29,75.73,60.52,1,64.26,-11.03,2026-10-02
ACR06036,STU06036,82.21,84.42,86.77,0,88.53,6.32,2026-10-02
ACR06037,STU06037,61.84,64.11,52.72,2,56.42,-5.42,2026-10-02
ACR06038,STU06038,100.0,82.46,81.21,0,87.8,-12.2,2026-10-02
ACR06039,STU06039,87.1,77.43,62.27,0,77.61,-9.49,2026-10-02
ACR06040,STU06040,89.55,86.69,77.27,0,83.92,-5.63,2026-10-02
ACR06041,STU06041,52.58,65.85,58.85,2,57.19,4.61,2026-10-02
ACR06042,STU06042,56.81,80.6,65.7,1,58.75,1.94,2026-10-02
ACR06043,STU06043,76.22,68.6,64.95,0,71.76,-4.46,2026-10-02
ACR06044,STU06044,81.2,80.53,67.5,0,74.35,-6.85,2026-10-02
ACR06045,STU06045,83.72,68.7,57.53,0,67.63,-16.09,2026-10-02
ACR06046,STU06046,85.78,74.75,81.48,0,72.53,-13.25,2026-10-02
ACR06047,STU06047,91.96,80.8,78.01,0,84.55,-7.41,2026-10-02
ACR06048,STU06048,73.35,67.94,58.71,0,68.96,-4.39,2026-10-02
ACR06049,STU06049,79.03,80.07,55.68,0,71.95,-7.08,2026-10-02
ACR06050,STU06050,51.27,53.16,55.05,0,53.49,2.22,2026-10-02
ACR06051,STU06051,87.76,69.91,63.76,0,69.51,-18.25,2026-10-02
ACR06052,STU06052,100.0,97.75,94.31,0,95.34,-4.66,2026-10-02
ACR06053,STU06053,69.64,67.99,52.74,0,68.45,-1.19,2026-10-02
ACR06054,STU06054,90.77,94.38,72.46,0,85.17,-5.6,2026-10-02
ACR06055,STU06055,76.64,79.73,65.82,0,73.12,-3.52,2026-10-02
ACR06056,STU06056,70.37,59.99,67.86,0,63.7,-6.67,2026-10-02
ACR06057,STU06057,70.09,70.8,76.7,0,66.34,-3.75,2026-10-02
ACR06058,STU06058,57.06,61.26,45.59,1,52.35,-4.71,2026-10-02
ACR06059,STU06059,77.86,83.66,68.06,1,68.03,-9.83,2026-10-02
ACR06060,STU06060,86.09,83.27,69.57,0,75.64,-10.45,2026-10-02
ACR06061,STU06061,67.56,61.23,62.12,0,58.73,-8.83,2026-10-02
ACR06062,STU06062,97.38,77.86,70.25,0,81.81,-15.57,2026-10-02
ACR06063,STU06063,71.27,58.55,67.28,1,55.42,-15.85,2026-10-02
ACR06064,STU06064,60.87,61.77,62.08,0,57.74,-3.13,2026-10-02
ACR06065,STU06065,75.54,68.31,49.22,0,62.36,-13.18,2026-10-02
ACR06066,STU06066,77.31,84.03,73.21,0,78.2,0.89,2026-10-02
ACR06067,STU06067,93.88,85.59,69.08,0,77.63,-16.25,2026-10-02
ACR06068,STU06068,66.75,63.3,70.95,0,78.49,11.74,2026-10-02
ACR06069,STU06069,86.17,78.67,66.88,0,71.8,-14.37,2026-10-02
ACR06070,STU06070,100.0,90.34,83.07,0,89.37,-10.63,2026-10-02
ACR06071,STU06071,79.1,71.38,59.56,0,64.36,-14.74,2026-10-02
ACR06072,STU06072,61.3,52.52,55.24,0,54.63,-6.67,2026-10-02
ACR06073,STU06073,100.0,100.0,93.47,0,100.0,0.0,2026-10-02
ACR06074,STU06074,81.53,86.48,72.8,0,81.25,-0.28,2026-10-02
ACR06075,STU06075,77.62,80.47,63.57,0,82.27,4.65,2026-10-02
ACR06076,STU06076,71.17,52.57,40.18,0,60.53,-10.64,2026-10-02
ACR06077,STU06077,99.57,89.67,87.43,0,88.53,-11.04,2026-10-02
ACR06078,STU06078,83.88,67.85,67.55,0,74.6,-9.28,2026-10-02
ACR06079,STU06079,58.79,73.78,57.11,0,55.52,-3.27,2026-10-02
ACR06080,STU06080,71.4,78.45,60.61,0,68.71,-2.69,2026-10-02
ACR06081,STU06081,79.34,87.37,69.44,0,73.66,-5.68,2026-10-02
ACR06082,STU06082,75.18,91.43,75.76,0,76.34,1.16,2026-10-02
ACR06083,STU06083,83.26,87.54,71.33,0,71.52,-11.74,2026-10-02
ACR06084,STU06084,98.58,89.13,84.09,0,81.36,-17.22,2026-10-02
ACR06085,STU06085,39.07,45.03,42.93,2,38.81,-0.26,2026-10-02
ACR06086,STU06086,80.93,82.25,54.96,0,76.55,-4.38,2026-10-02
ACR06087,STU06087,100.0,100.0,71.94,0,91.56,-8.44,2026-10-02
ACR06088,STU06088,65.21,75.38,65.0,1,60.15,-5.06,2026-10-02
ACR06089,STU06089,81.75,81.09,68.45,0,77.74,-4.01,2026-10-02
ACR06090,STU06090,100.0,100.0,86.72,0,88.03,-11.97,2026-10-02
ACR06091,STU06091,92.6,100.0,87.69,0,91.8,-0.8,2026-10-02
ACR06092,STU06092,70.77,77.89,56.9,0,64.09,-6.68,2026-10-02
ACR06093,STU06093,79.45,64.57,57.07,0,69.66,-9.79,2026-10-02
ACR06094,STU06094,94.17,72.56,74.56,0,83.43,-10.74,2026-10-02
ACR06095,STU06095,64.5,79.89,71.21,0,68.32,3.82,2026-10-02
ACR06096,STU06096,58.07,58.7,49.54,1,53.75,-4.32,2026-10-02
ACR06097,STU06097,98.87,95.12,76.84,0,80.65,-18.22,2026-10-02
ACR06098,STU06098,65.85,62.75,50.82,1,60.27,-5.58,2026-10-02
ACR06099,STU06099,94.75,97.64,87.31,1,95.52,0.77,2026-10-02
ACR06100,STU06100,77.6,71.48,75.87,0,73.5,-4.1,2026-10-02
ACR06101,STU06101,76.0,82.09,69.1,0,75.65,-0.35,2026-10-02
ACR06102,STU06102,87.39,86.22,76.42,0,82.08,-5.31,2026-10-02
ACR06103,STU06103,100.0,89.55,88.55,0,88.7,-11.3,2026-10-02
ACR06104,STU06104,59.94,57.98,37.54,0,48.75,-11.19,2026-10-02
ACR06105,STU06105,79.27,73.06,64.45,0,80.1,0.83,2026-10-02
ACR06106,STU06106,77.02,67.94,63.63,1,61.17,-15.85,2026-10-02
ACR06107,STU06107,96.11,96.89,98.25,0,90.49,-5.62,2026-10-02
ACR06108,STU06108,53.53,65.61,52.89,2,50.02,-3.51,2026-10-02
ACR06109,STU06109,70.23,65.8,52.44,0,56.89,-13.34,2026-10-02
ACR06110,STU06110,72.1,62.13,72.41,0,66.13,-5.97,2026-10-02
ACR06111,STU06111,69.96,70.39,78.94,0,70.62,0.66,2026-10-02
ACR06112,STU06112,65.34,59.39,73.53,1,68.89,3.55,2026-10-02
ACR06113,STU06113,78.46,85.12,65.33,0,72.22,-6.24,2026-10-02
ACR06114,STU06114,49.88,50.14,63.19,3,45.21,-4.67,2026-10-02
ACR06115,STU06115,100.0,88.45,76.07,0,83.57,-16.43,2026-10-02
ACR06116,STU06116,98.81,98.45,100.0,0,100.0,1.19,2026-10-02
ACR06117,STU06117,93.95,74.39,63.52,0,74.99,-18.96,2026-10-02
ACR06118,STU06118,87.21,80.16,70.48,0,76.1,-11.11,2026-10-02
ACR06119,STU06119,86.94,68.15,66.3,0,69.91,-17.03,2026-10-02
ACR06120,STU06120,79.86,74.07,69.44,0,71.36,-8.5,2026-10-02
ACR06121,STU06121,87.63,91.56,69.98,0,72.67,-14.96,2026-10-02
ACR06122,STU06122,100.0,100.0,88.35,0,89.06,-10.94,2026-10-02
ACR06123,STU06123,76.83,71.02,51.65,0,67.23,-9.6,2026-10-02
ACR06124,STU06124,78.03,73.07,60.43,1,72.51,-5.52,2026-10-02
ACR06125,STU06125,90.42,88.41,86.9,0,86.83,-3.59,2026-10-02
ACR06126,STU06126,92.26,78.43,59.7,0,75.31,-16.95,2026-10-02
ACR06127,STU06127,78.34,80.76,79.25,0,73.32,-5.02,2026-10-02
ACR06128,STU06128,82.12,79.74,71.49,0,80.7,-1.42,2026-10-02
ACR06129,STU06129,53.47,59.37,62.34,2,56.42,2.95,2026-10-02
ACR06130,STU06130,60.36,54.58,48.24,0,58.07,-2.29,2026-10-02
ACR06131,STU06131,66.96,55.67,64.95,0,65.33,-1.63,2026-10-02
ACR06132,STU06132,75.76,84.8,87.23,0,83.69,7.93,2026-10-02
ACR06133,STU06133,64.25,64.53,72.22,1,57.3,-6.95,2026-10-02
ACR06134,STU06134,86.86,93.56,88.88,0,80.84,-6.02,2026-10-02
ACR06135,STU06135,95.39,88.99,90.08,0,81.41,-13.98,2026-10-02
ACR06136,STU06136,68.2,71.73,62.25,0,66.95,-1.25,2026-10-02
ACR06137,STU06137,76.26,69.35,55.43,0,69.33,-6.93,2026-10-02
ACR06138,STU06138,54.53,50.62,39.17,1,45.77,-8.76,2026-10-02
ACR06139,STU06139,100.0,100.0,88.93,0,84.99,-15.01,2026-10-02
ACR06140,STU06140,54.38,68.57,66.31,2,59.65,5.27,2026-10-02
ACR06141,STU06141,86.15,82.12,61.16,0,80.56,-5.59,2026-10-02
ACR06142,STU06142,53.44,57.89,60.4,1,46.76,-6.68,2026-10-02
ACR06143,STU06143,92.03,95.21,85.98,0,82.33,-9.7,2026-10-02
ACR06144,STU06144,65.9,76.69,62.09,0,55.65,-10.25,2026-10-02
ACR06145,STU06145,53.62,58.31,54.83,0,60.41,6.79,2026-10-02
ACR06146,STU06146,66.36,63.68,66.78,0,67.0,0.64,2026-10-02
ACR06147,STU06147,79.08,93.95,69.21,0,73.65,-5.43,2026-10-02
ACR06148,STU06148,81.85,81.84,77.29,0,73.39,-8.46,2026-10-02
ACR06149,STU06149,77.31,58.93,56.92,0,61.87,-15.44,2026-10-02
ACR06150,STU06150,84.47,73.18,66.46,0,74.31,-10.16,2026-10-02
ACR06151,STU06151,81.25,83.88,69.3,0,77.18,-4.07,2026-10-02
ACR06152,STU06152,100.0,94.54,83.16,0,87.65,-12.35,2026-10-02
ACR06153,STU06153,72.99,72.15,65.45,1,69.61,-3.38,2026-10-02
ACR06154,STU06154,61.0,56.48,53.25,0,64.91,3.91,2026-10-02
ACR06155,STU06155,70.15,71.21,66.49,0,77.54,7.39,2026-10-02
ACR06156,STU06156,91.5,92.97,70.23,0,76.56,-14.94,2026-10-02
ACR06157,STU06157,63.72,59.35,53.45,0,55.74,-7.98,2026-10-02
ACR06158,STU06158,71.83,72.12,55.96,0,58.45,-13.38,2026-10-02
ACR06159,STU06159,73.98,67.83,73.3,0,69.6,-4.38,2026-10-02
ACR06160,STU06160,81.06,66.63,78.11,0,79.98,-1.08,2026-10-02
ACR06161,STU06161,73.08,69.1,72.65,0,69.09,-3.99,2026-10-02
ACR06162,STU06162,58.26,53.66,55.6,0,56.79,-1.47,2026-10-02
ACR06163,STU06163,66.23,76.88,63.75,0,67.83,1.6,2026-10-02
ACR06164,STU06164,89.92,84.44,83.81,0,83.17,-6.75,2026-10-02
ACR06165,STU06165,48.97,44.82,47.39,0,50.24,1.27,2026-10-02
ACR06166,STU06166,98.23,91.49,88.55,0,87.59,-10.64,2026-10-02
ACR06167,STU06167,84.4,83.07,64.93,0,71.59,-12.81,2026-10-02
ACR06168,STU06168,90.83,76.56,73.61,0,81.29,-9.54,2026-10-02
ACR06169,STU06169,55.01,60.56,53.97,0,46.8,-8.21,2026-10-02
ACR06170,STU06170,92.43,94.41,80.65,0,79.8,-12.63,2026-10-02
ACR06171,STU06171,83.2,79.92,72.59,0,82.91,-0.29,2026-10-02
ACR06172,STU06172,79.5,81.86,55.78,0,72.0,-7.5,2026-10-02
ACR06173,STU06173,74.56,84.93,73.88,0,78.56,4.0,2026-10-02
ACR06174,STU06174,89.23,84.88,67.89,0,83.96,-5.27,2026-10-02
ACR06175,STU06175,75.41,66.09,60.22,0,71.06,-4.35,2026-10-02
ACR06176,STU06176,85.13,77.08,64.75,0,63.83,-21.3,2026-10-02
ACR06177,STU06177,100.0,100.0,96.72,0,98.18,-1.82,2026-10-02
ACR06178,STU06178,78.02,71.83,78.31,0,79.11,1.09,2026-10-02
ACR06179,STU06179,74.88,73.49,74.24,0,73.58,-1.3,2026-10-02
ACR06180,STU06180,67.53,74.4,65.33,0,64.93,-2.6,2026-10-02
ACR06181,STU06181,72.44,68.73,61.72,0,61.33,-11.11,2026-10-02
ACR06182,STU06182,63.43,78.74,79.31,0,64.26,0.83,2026-10-02
ACR06183,STU06183,80.33,69.31,62.91,0,63.29,-17.04,2026-10-02
ACR06184,STU06184,87.66,77.18,66.07,0,74.02,-13.64,2026-10-02
ACR06185,STU06185,80.51,78.99,71.41,0,72.94,-7.57,2026-10-02
ACR06186,STU06186,82.35,90.49,74.21,0,77.27,-5.08,2026-10-02
ACR06187,STU06187,77.44,81.23,61.89,0,54.41,-23.03,2026-10-02
ACR06188,STU06188,100.0,91.24,79.14,0,88.84,-11.16,2026-10-02
ACR06189,STU06189,73.24,63.69,67.78,0,77.25,4.01,2026-10-02
ACR06190,STU06190,87.27,90.25,99.62,0,90.29,3.02,2026-10-02
ACR06191,STU06191,84.83,79.09,75.32,0,82.17,-2.66,2026-10-02
ACR06192,STU06192,100.0,92.17,91.9,0,92.62,-7.38,2026-10-02
ACR06193,STU06193,61.26,52.01,53.32,1,58.65,-2.61,2026-10-02
ACR06194,STU06194,42.54,49.49,39.85,4,40.72,-1.82,2026-10-02
ACR06195,STU06195,86.89,92.06,74.14,0,88.06,1.17,2026-10-02
ACR06196,STU06196,77.24,67.28,77.86,0,71.77,-5.47,2026-10-02
ACR06197,STU06197,100.0,85.47,78.21,0,86.49,-13.51,2026-10-02
ACR06198,STU06198,64.9,69.0,58.0,1,76.39,11.49,2026-10-02
ACR06199,STU06199,89.91,68.62,62.89,0,78.06,-11.85,2026-10-02
ACR06200,STU06200,96.7,100.0,65.46,0,88.97,-7.73,2026-10-02
ACR06201,STU06201,80.87,60.01,57.87,0,71.73,-9.14,2026-10-02
ACR06202,STU06202,100.0,100.0,92.39,0,96.99,-3.01,2026-10-02
ACR06203,STU06203,69.36,73.6,51.94,0,68.42,-0.94,2026-10-02
ACR06204,STU06204,84.98,75.96,73.16,0,79.25,-5.73,2026-10-02
ACR06205,STU06205,80.9,87.62,76.63,0,81.43,0.53,2026-10-02
ACR06206,STU06206,88.64,94.16,90.29,0,85.83,-2.81,2026-10-02
ACR06207,STU06207,62.0,81.81,54.97,0,70.04,8.04,2026-10-02
ACR06208,STU06208,99.68,85.32,80.36,0,84.37,-15.31,2026-10-02
ACR06209,STU06209,75.45,81.19,58.16,0,68.19,-7.26,2026-10-02
ACR06210,STU06210,96.95,98.27,89.96,0,91.4,-5.55,2026-10-02
ACR06211,STU06211,94.09,77.51,66.79,0,77.86,-16.23,2026-10-02
ACR06212,STU06212,99.65,95.95,94.05,0,92.78,-6.87,2026-10-02
ACR06213,STU06213,78.16,76.01,75.29,0,66.46,-11.7,2026-10-02
ACR06214,STU06214,84.4,79.94,49.26,0,72.44,-11.96,2026-10-02
ACR06215,STU06215,95.09,74.69,68.36,0,78.41,-16.68,2026-10-02
ACR06216,STU06216,60.47,72.89,68.92,0,63.06,2.59,2026-10-02
ACR06217,STU06217,60.16,83.4,73.96,0,70.33,10.17,2026-10-02
ACR06218,STU06218,78.04,75.61,72.18,0,72.78,-5.26,2026-10-02
ACR06219,STU06219,59.33,49.32,43.61,2,44.68,-14.65,2026-10-02
ACR06220,STU06220,98.98,85.62,84.65,0,84.1,-14.88,2026-10-02
ACR06221,STU06221,83.46,78.99,70.25,1,78.56,-4.9,2026-10-02
ACR06222,STU06222,55.14,73.66,50.43,0,58.66,3.52,2026-10-02
ACR06223,STU06223,93.22,77.4,75.47,0,95.5,2.28,2026-10-02
ACR06224,STU06224,81.53,82.38,83.86,1,74.61,-6.92,2026-10-02
ACR06225,STU06225,88.2,89.78,72.35,0,92.05,3.85,2026-10-02
ACR06226,STU06226,45.21,47.1,42.11,2,47.46,2.25,2026-10-02
ACR06227,STU06227,88.03,81.71,63.81,0,79.35,-8.68,2026-10-02
ACR06228,STU06228,82.2,79.08,75.85,0,72.68,-9.52,2026-10-02
ACR06229,STU06229,89.98,77.35,69.72,0,78.97,-11.01,2026-10-02
ACR06230,STU06230,87.73,86.4,76.65,0,87.46,-0.27,2026-10-02
ACR06231,STU06231,68.47,90.79,69.45,0,70.28,1.81,2026-10-02
ACR06232,STU06232,82.86,72.4,71.05,0,71.5,-11.36,2026-10-02
ACR06233,STU06233,87.49,95.76,53.81,0,75.46,-12.03,2026-10-02
ACR06234,STU06234,68.14,69.07,60.39,0,65.2,-2.94,2026-10-02
ACR06235,STU06235,100.0,100.0,84.03,0,88.31,-11.69,2026-10-02
ACR06236,STU06236,44.37,48.91,38.68,2,49.62,5.25,2026-10-02
ACR06237,STU06237,75.26,52.45,58.38,0,58.89,-16.37,2026-10-02
ACR06238,STU06238,100.0,89.24,86.22,0,89.52,-10.48,2026-10-02
ACR06239,STU06239,89.98,79.86,71.38,0,79.41,-10.57,2026-10-02
ACR06240,STU06240,100.0,82.11,75.98,0,86.03,-13.97,2026-10-02
ACR06241,STU06241,85.25,83.06,78.49,0,78.05,-7.2,2026-10-02
ACR06242,STU06242,90.33,75.03,82.46,0,76.29,-14.04,2026-10-02
ACR06243,STU06243,52.19,48.21,41.02,3,42.45,-9.74,2026-10-02
ACR06244,STU06244,95.74,97.28,86.75,0,91.34,-4.4,2026-10-02
ACR06245,STU06245,82.24,80.2,68.07,0,68.76,-13.48,2026-10-02
ACR06246,STU06246,61.07,53.38,58.38,0,51.18,-9.89,2026-10-02
ACR06247,STU06247,71.4,69.98,63.88,1,64.11,-7.29,2026-10-02
ACR06248,STU06248,69.99,72.31,67.64,0,71.72,1.73,2026-10-02
ACR06249,STU06249,81.34,68.42,77.71,0,79.92,-1.42,2026-10-02
ACR06250,STU06250,70.46,82.04,73.71,0,67.75,-2.71,2026-10-02
ACR06251,STU06251,100.0,88.29,79.41,0,96.63,-3.37,2026-10-02
ACR06252,STU06252,87.27,79.82,84.2,0,85.43,-1.84,2026-10-02
ACR06253,STU06253,78.16,81.92,72.26,0,83.01,4.85,2026-10-02
ACR06254,STU06254,55.24,72.72,49.93,1,50.75,-4.49,2026-10-02
ACR06255,STU06255,100.0,92.83,93.9,0,94.2,-5.8,2026-10-02
ACR06256,STU06256,75.26,93.57,76.98,0,84.99,9.73,2026-10-02
ACR06257,STU06257,67.57,66.17,63.03,0,60.61,-6.96,2026-10-02
ACR06258,STU06258,100.0,91.75,82.89,0,90.64,-9.36,2026-10-02
ACR06259,STU06259,66.69,68.25,63.02,0,60.98,-5.71,2026-10-02
ACR06260,STU06260,77.54,65.53,56.35,0,66.21,-11.33,2026-10-02
ACR06261,STU06261,100.0,91.67,86.59,0,86.29,-13.71,2026-10-02
ACR06262,STU06262,79.71,72.07,67.26,0,68.16,-11.55,2026-10-02
ACR06263,STU06263,77.73,75.65,71.04,0,72.9,-4.83,2026-10-02
ACR06264,STU06264,89.48,64.68,73.88,0,81.82,-7.66,2026-10-02
ACR06265,STU06265,100.0,96.88,83.59,0,86.25,-13.75,2026-10-02
ACR06266,STU06266,77.19,68.8,63.38,0,69.28,-7.91,2026-10-02
ACR06267,STU06267,42.64,48.11,49.77,3,40.12,-2.52,2026-10-02
ACR06268,STU06268,66.94,68.92,69.88,0,68.04,1.1,2026-10-02
ACR06269,STU06269,75.1,66.98,73.53,0,69.48,-5.62,2026-10-02
ACR06270,STU06270,94.1,85.42,76.23,0,76.9,-17.2,2026-10-02
ACR06271,STU06271,67.04,58.96,64.15,1,58.57,-8.47,2026-10-02
ACR06272,STU06272,95.22,83.73,70.19,0,86.31,-8.91,2026-10-02
ACR06273,STU06273,79.92,77.69,72.89,0,65.52,-14.4,2026-10-02
ACR06274,STU06274,89.99,91.65,67.56,0,82.65,-7.34,2026-10-02
ACR06275,STU06275,82.2,72.43,75.41,0,66.48,-15.72,2026-10-02
ACR06276,STU06276,93.37,81.78,77.98,0,78.89,-14.48,2026-10-02
ACR06277,STU06277,88.95,76.17,73.17,0,82.55,-6.4,2026-10-02
ACR06278,STU06278,84.77,80.71,73.09,0,77.8,-6.97,2026-10-02
ACR06279,STU06279,85.51,64.55,61.09,0,69.05,-16.46,2026-10-02
ACR06280,STU06280,87.94,78.01,77.06,0,77.55,-10.39,2026-10-02
ACR06281,STU06281,82.76,76.73,68.73,0,70.75,-12.01,2026-10-02
ACR06282,STU06282,68.39,69.63,57.25,1,58.71,-9.68,2026-10-02
ACR06283,STU06283,74.24,64.26,76.13,0,66.31,-7.93,2026-10-02
ACR06284,STU06284,71.26,73.7,73.31,0,55.33,-15.93,2026-10-02
ACR06285,STU06285,95.65,100.0,86.73,0,88.49,-7.16,2026-10-02
ACR06286,STU06286,100.0,100.0,99.88,0,95.08,-4.92,2026-10-02
ACR06287,STU06287,98.48,81.71,84.17,0,85.25,-13.23,2026-10-02
ACR06288,STU06288,48.82,54.04,48.04,1,57.98,9.16,2026-10-02
ACR06289,STU06289,60.32,68.87,54.36,0,59.05,-1.27,2026-10-02
ACR06290,STU06290,60.43,57.02,37.36,2,52.47,-7.96,2026-10-02
ACR06291,STU06291,83.57,70.58,70.91,0,64.29,-19.28,2026-10-02
ACR06292,STU06292,85.3,70.13,73.19,0,69.23,-16.07,2026-10-02
ACR06293,STU06293,53.66,47.65,44.85,0,49.83,-3.83,2026-10-02
ACR06294,STU06294,80.71,73.41,69.23,1,75.87,-4.84,2026-10-02
ACR06295,STU06295,96.9,95.51,89.8,0,86.39,-10.51,2026-10-02
ACR06296,STU06296,68.83,81.24,67.16,0,69.89,1.06,2026-10-02
ACR06297,STU06297,80.54,88.72,84.16,0,78.63,-1.91,2026-10-02
ACR06298,STU06298,94.81,85.8,86.15,0,79.4,-15.41,2026-10-02
ACR06299,STU06299,79.37,75.16,64.99,0,70.44,-8.93,2026-10-02
ACR06300,STU06300,74.38,69.53,71.47,0,67.97,-6.41,2026-10-02
ACR06301,STU06301,70.84,65.46,48.13,0,58.58,-12.26,2026-10-02
ACR06302,STU06302,85.96,77.36,67.87,0,72.4,-13.56,2026-10-02
ACR06303,STU06303,80.53,64.28,52.86,0,68.68,-11.85,2026-10-02
ACR06304,STU06304,83.21,89.3,68.2,0,77.46,-5.75,2026-10-02
ACR06305,STU06305,72.85,64.76,71.01,0,78.36,5.51,2026-10-02
ACR06306,STU06306,90.51,68.11,73.67,0,75.54,-14.97,2026-10-02
ACR06307,STU06307,82.23,77.85,62.34,0,74.2,-8.03,2026-10-02
ACR06308,STU06308,96.5,84.55,79.96,0,82.56,-13.94,2026-10-02
ACR06309,STU06309,100.0,89.31,95.02,0,94.17,-5.83,2026-10-02
ACR06310,STU06310,68.71,77.74,77.58,0,73.48,4.77,2026-10-02
ACR06311,STU06311,88.05,88.59,95.43,0,85.18,-2.87,2026-10-02
ACR06312,STU06312,90.81,80.16,69.02,0,80.95,-9.86,2026-10-02
ACR06313,STU06313,73.95,82.18,53.81,0,66.55,-7.4,2026-10-02
ACR06314,STU06314,82.91,76.83,62.65,0,69.11,-13.8,2026-10-02
ACR06315,STU06315,51.83,45.35,60.84,0,52.46,0.63,2026-10-02
ACR06316,STU06316,89.95,94.03,87.98,0,91.65,1.7,2026-10-02
ACR06317,STU06317,99.81,85.79,96.71,0,91.31,-8.5,2026-10-02
ACR06318,STU06318,64.99,61.49,40.9,0,58.31,-6.68,2026-10-02
ACR06319,STU06319,76.39,71.75,69.0,0,76.12,-0.27,2026-10-02
ACR06320,STU06320,70.42,87.93,68.29,1,76.5,6.08,2026-10-02
ACR06321,STU06321,74.47,73.47,84.86,0,78.42,3.95,2026-10-02
ACR06322,STU06322,70.33,74.13,64.92,0,63.62,-6.71,2026-10-02
ACR06323,STU06323,67.81,78.24,69.0,0,66.6,-1.21,2026-10-02
ACR06324,STU06324,62.62,73.22,69.45,0,68.06,5.44,2026-10-02
ACR06325,STU06325,91.4,77.03,68.96,0,78.19,-13.21,2026-10-02
ACR06326,STU06326,99.42,92.81,95.54,0,75.99,-23.43,2026-10-02
ACR06327,STU06327,89.3,91.73,58.57,0,80.01,-9.29,2026-10-02
ACR06328,STU06328,74.85,79.29,49.9,0,58.05,-16.8,2026-10-02
ACR06329,STU06329,70.81,63.37,55.73,0,63.21,-7.6,2026-10-02
ACR06330,STU06330,85.27,74.59,81.94,0,76.21,-9.06,2026-10-02
ACR06331,STU06331,55.08,58.15,74.35,1,54.05,-1.03,2026-10-02
ACR06332,STU06332,84.13,81.92,87.49,0,69.57,-14.56,2026-10-02
ACR06333,STU06333,91.52,100.0,71.13,0,90.18,-1.34,2026-10-02
ACR06334,STU06334,96.18,99.05,81.56,0,87.75,-8.43,2026-10-02
ACR06335,STU06335,64.99,60.39,61.53,0,60.16,-4.83,2026-10-02
ACR06336,STU06336,86.38,91.43,80.72,0,89.03,2.65,2026-10-02
ACR06337,STU06337,62.31,75.91,58.0,0,58.83,-3.48,2026-10-02
ACR06338,STU06338,68.48,87.41,68.52,0,68.26,-0.22,2026-10-02
ACR06339,STU06339,82.62,84.27,65.58,0,76.21,-6.41,2026-10-02
ACR06340,STU06340,65.98,48.51,63.54,0,54.88,-11.1,2026-10-02
ACR06341,STU06341,70.21,79.05,60.32,0,65.61,-4.6,2026-10-02
ACR06342,STU06342,77.01,68.42,70.85,0,71.28,-5.73,2026-10-02
ACR06343,STU06343,95.53,85.07,70.12,0,76.19,-19.34,2026-10-02
ACR06344,STU06344,56.02,58.67,56.13,0,57.41,1.39,2026-10-02
ACR06345,STU06345,78.7,85.02,65.24,0,72.55,-6.15,2026-10-02
ACR06346,STU06346,68.85,73.81,80.03,0,69.08,0.23,2026-10-02
ACR06347,STU06347,74.09,72.31,62.17,0,77.48,3.39,2026-10-02
ACR06348,STU06348,65.86,54.53,49.44,1,53.64,-12.22,2026-10-02
ACR06349,STU06349,73.72,83.92,67.23,0,69.02,-4.7,2026-10-02
ACR06350,STU06350,81.96,82.14,67.21,0,73.21,-8.75,2026-10-02
ACR06351,STU06351,100.0,87.69,78.47,0,86.03,-13.97,2026-10-02
ACR06352,STU06352,49.68,57.05,44.19,1,42.23,-7.45,2026-10-02
ACR06353,STU06353,85.87,65.6,61.45,0,65.99,-19.88,2026-10-02
ACR06354,STU06354,60.4,66.79,51.74,1,59.16,-1.24,2026-10-02
ACR06355,STU06355,77.28,59.4,70.36,0,79.65,2.37,2026-10-02
ACR06356,STU06356,68.54,68.0,70.57,0,70.1,1.56,2026-10-02
ACR06357,STU06357,87.57,87.66,75.51,0,80.43,-7.14,2026-10-02
ACR06358,STU06358,58.98,66.7,50.79,0,58.13,-0.85,2026-10-02
ACR06359,STU06359,100.0,80.23,76.73,0,87.69,-12.31,2026-10-02
ACR06360,STU06360,66.58,58.71,62.09,0,65.14,-1.44,2026-10-02
ACR06361,STU06361,84.26,68.22,66.29,0,78.17,-6.09,2026-10-02
ACR06362,STU06362,59.47,61.39,52.87,1,60.68,1.21,2026-10-02
ACR06363,STU06363,91.21,63.18,75.46,0,80.84,-10.37,2026-10-02
ACR06364,STU06364,97.09,78.75,96.38,0,94.11,-2.98,2026-10-02
ACR06365,STU06365,63.87,67.51,56.47,1,60.57,-3.3,2026-10-02
ACR06366,STU06366,99.47,90.52,73.45,0,84.03,-15.44,2026-10-02
ACR06367,STU06367,61.43,50.2,54.56,1,63.43,2.0,2026-10-02
ACR06368,STU06368,62.9,69.33,69.65,0,63.84,0.94,2026-10-02
ACR06369,STU06369,52.2,46.31,63.16,1,56.53,4.33,2026-10-02
ACR06370,STU06370,91.77,86.51,57.66,0,70.35,-21.42,2026-10-02
ACR06371,STU06371,92.44,91.57,72.88,0,84.23,-8.21,2026-10-02
ACR06372,STU06372,73.49,61.18,70.17,0,65.37,-8.12,2026-10-02
ACR06373,STU06373,59.33,81.22,50.6,0,75.88,16.55,2026-10-02
ACR06374,STU06374,100.0,85.23,85.69,0,82.87,-17.13,2026-10-02
ACR06375,STU06375,87.13,85.8,61.58,0,74.56,-12.57,2026-10-02
ACR06376,STU06376,82.91,81.36,68.15,0,72.05,-10.86,2026-10-02
ACR06377,STU06377,69.56,81.08,68.52,0,68.12,-1.44,2026-10-02
ACR06378,STU06378,76.78,60.82,59.83,0,61.99,-14.79,2026-10-02
ACR06379,STU06379,88.87,92.81,71.24,0,77.54,-11.33,2026-10-02
ACR06380,STU06380,63.56,64.56,52.89,1,55.38,-8.18,2026-10-02
ACR06381,STU06381,84.22,80.68,74.48,0,77.96,-6.26,2026-10-02
ACR06382,STU06382,77.06,63.52,64.96,0,69.17,-7.89,2026-10-02
ACR06383,STU06383,60.38,60.5,51.78,0,53.06,-7.32,2026-10-02
ACR06384,STU06384,92.17,93.31,84.52,0,87.95,-4.22,2026-10-02
ACR06385,STU06385,100.0,92.24,88.57,0,90.43,-9.57,2026-10-02
ACR06386,STU06386,86.41,81.56,63.49,0,75.58,-10.83,2026-10-02
ACR06387,STU06387,72.28,67.44,51.46,0,52.02,-20.26,2026-10-02
ACR06388,STU06388,71.43,63.84,63.05,0,64.59,-6.84,2026-10-02
ACR06389,STU06389,77.48,72.3,72.33,0,79.52,2.04,2026-10-02
ACR06390,STU06390,72.67,62.08,57.68,1,49.98,-22.69,2026-10-02
ACR06391,STU06391,79.11,74.97,83.86,0,84.52,5.41,2026-10-02
ACR06392,STU06392,96.5,82.16,81.71,0,80.32,-16.18,2026-10-02
ACR06393,STU06393,54.61,66.2,57.15,1,57.05,2.44,2026-10-02
ACR06394,STU06394,91.63,76.82,79.35,0,84.41,-7.22,2026-10-02
ACR06395,STU06395,100.0,100.0,89.28,0,86.22,-13.78,2026-10-02
ACR06396,STU06396,57.86,55.83,46.95,0,47.51,-10.35,2026-10-02
ACR06397,STU06397,85.74,84.67,65.34,0,80.88,-4.86,2026-10-02
ACR06398,STU06398,91.81,79.83,86.98,0,88.1,-3.71,2026-10-02
ACR06399,STU06399,78.36,83.68,74.3,0,79.39,1.03,2026-10-02
ACR06400,STU06400,82.51,68.4,65.82,0,71.67,-10.84,2026-10-02
ACR06401,STU06401,85.32,71.24,82.01,0,78.9,-6.42,2026-10-02
ACR06402,STU06402,90.51,78.0,86.25,0,81.89,-8.62,2026-10-02
ACR06403,STU06403,88.29,64.02,70.91,0,79.36,-8.93,2026-10-02
ACR06404,STU06404,82.35,98.01,69.96,0,78.05,-4.3,2026-10-02
ACR06405,STU06405,56.74,67.57,60.37,0,59.87,3.13,2026-10-02
ACR06406,STU06406,79.02,63.53,64.48,0,67.71,-11.31,2026-10-02
ACR06407,STU06407,69.93,81.47,54.92,0,64.69,-5.24,2026-10-02
ACR06408,STU06408,84.0,99.76,83.79,0,78.27,-5.73,2026-10-02
ACR06409,STU06409,100.0,100.0,99.67,0,90.46,-9.54,2026-10-02
ACR06410,STU06410,82.87,88.1,87.16,0,79.81,-3.06,2026-10-02
ACR06411,STU06411,77.25,72.19,63.45,0,71.18,-6.07,2026-10-02
ACR06412,STU06412,88.39,77.35,57.66,0,81.88,-6.51,2026-10-02
ACR06413,STU06413,67.05,64.3,78.11,0,58.61,-8.44,2026-10-02
ACR06414,STU06414,84.32,70.04,71.6,0,67.31,-17.01,2026-10-02
ACR06415,STU06415,65.07,60.61,65.41,0,63.08,-1.99,2026-10-02
ACR06416,STU06416,82.29,73.98,77.42,0,75.76,-6.53,2026-10-02
ACR06417,STU06417,66.67,76.72,69.48,0,63.98,-2.69,2026-10-02
ACR06418,STU06418,77.45,65.58,65.1,0,59.59,-17.86,2026-10-02
ACR06419,STU06419,75.42,58.4,59.71,0,64.88,-10.54,2026-10-02
ACR06420,STU06420,81.23,75.46,57.66,0,72.55,-8.68,2026-10-02
ACR06421,STU06421,77.57,68.64,72.92,0,70.01,-7.56,2026-10-02
ACR06422,STU06422,62.98,73.68,66.04,1,62.96,-0.02,2026-10-02
ACR06423,STU06423,77.11,79.18,76.85,0,66.2,-10.91,2026-10-02
ACR06424,STU06424,100.0,100.0,100.0,0,99.59,-0.41,2026-10-02
ACR06425,STU06425,57.24,44.96,48.19,0,52.87,-4.37,2026-10-02
ACR06426,STU06426,100.0,99.37,84.77,0,95.98,-4.02,2026-10-02
ACR06427,STU06427,54.07,51.07,34.89,0,50.01,-4.06,2026-10-02
ACR06428,STU06428,80.92,89.38,82.09,0,72.66,-8.26,2026-10-02
ACR06429,STU06429,59.32,50.76,65.16,1,45.24,-14.08,2026-10-02
ACR06430,STU06430,70.01,77.7,76.39,0,71.78,1.77,2026-10-02
ACR06431,STU06431,77.26,74.47,76.49,0,76.83,-0.43,2026-10-02
ACR06432,STU06432,100.0,89.76,77.01,0,86.28,-13.72,2026-10-02
ACR06433,STU06433,74.05,89.64,70.78,0,70.69,-3.36,2026-10-02
ACR06434,STU06434,97.21,82.34,95.31,0,71.43,-25.78,2026-10-02
ACR06435,STU06435,61.9,70.55,70.23,0,78.82,16.92,2026-10-02
ACR06436,STU06436,79.06,94.86,67.66,0,78.08,-0.98,2026-10-02
ACR06437,STU06437,82.91,91.24,73.17,0,80.86,-2.05,2026-10-02
ACR06438,STU06438,70.08,84.12,53.35,1,69.3,-0.78,2026-10-02
ACR06439,STU06439,68.05,64.62,50.2,0,56.64,-11.41,2026-10-02
ACR06440,STU06440,95.32,100.0,84.93,0,91.38,-3.94,2026-10-02
ACR06441,STU06441,99.92,90.17,94.36,0,100.0,0.08,2026-10-02
ACR06442,STU06442,67.65,63.47,71.41,1,63.09,-4.56,2026-10-02
ACR06443,STU06443,55.88,66.68,57.0,0,62.72,6.84,2026-10-02
ACR06444,STU06444,100.0,84.09,99.78,0,88.43,-11.57,2026-10-02
ACR06445,STU06445,86.35,64.46,68.7,0,67.61,-18.74,2026-10-02
ACR06446,STU06446,65.58,67.85,63.74,0,64.2,-1.38,2026-10-02
ACR06447,STU06447,100.0,100.0,92.09,0,89.15,-10.85,2026-10-02
ACR06448,STU06448,100.0,90.36,89.24,0,96.83,-3.17,2026-10-02
ACR06449,STU06449,57.57,66.51,49.92,1,45.62,-11.95,2026-10-02
ACR06450,STU06450,81.59,67.6,56.58,0,64.73,-16.86,2026-10-02
ACR06451,STU06451,70.97,71.62,69.11,1,62.9,-8.07,2026-10-02
ACR06452,STU06452,76.43,64.4,68.22,0,68.93,-7.5,2026-10-02
ACR06453,STU06453,61.58,68.71,50.63,0,60.56,-1.02,2026-10-02
ACR06454,STU06454,67.2,65.33,62.68,0,67.37,0.17,2026-10-02
ACR06455,STU06455,83.5,75.55,76.19,0,77.32,-6.18,2026-10-02
ACR06456,STU06456,100.0,100.0,96.28,0,100.0,0.0,2026-10-02
ACR06457,STU06457,100.0,92.95,81.53,0,87.97,-12.03,2026-10-02
ACR06458,STU06458,69.45,66.33,57.05,0,56.11,-13.34,2026-10-02
ACR06459,STU06459,83.97,84.43,66.17,0,72.17,-11.8,2026-10-02
ACR06460,STU06460,62.18,72.51,67.92,1,65.74,3.56,2026-10-02
ACR06461,STU06461,80.31,73.41,86.05,0,69.32,-10.99,2026-10-02
ACR06462,STU06462,66.81,66.5,49.64,1,55.26,-11.55,2026-10-02
ACR06463,STU06463,85.46,63.76,71.98,0,78.45,-7.01,2026-10-02
ACR06464,STU06464,68.54,55.73,46.56,0,50.92,-17.62,2026-10-02
ACR06465,STU06465,49.92,50.02,45.01,2,43.98,-5.94,2026-10-02
ACR06466,STU06466,100.0,84.72,87.79,0,97.01,-2.99,2026-10-02
ACR06467,STU06467,65.92,48.91,66.04,0,58.37,-7.55,2026-10-02
ACR06468,STU06468,79.33,69.04,69.77,0,78.87,-0.46,2026-10-02
ACR06469,STU06469,63.15,63.33,60.79,1,65.6,2.45,2026-10-02
ACR06470,STU06470,87.77,72.02,82.32,0,82.47,-5.3,2026-10-02
ACR06471,STU06471,92.13,80.97,76.0,0,74.98,-17.15,2026-10-02
ACR06472,STU06472,94.27,69.78,66.99,0,76.35,-17.92,2026-10-02
ACR06473,STU06473,66.62,51.79,46.55,3,57.66,-8.96,2026-10-02
ACR06474,STU06474,71.77,65.73,55.09,1,63.65,-8.12,2026-10-02
ACR06475,STU06475,51.88,57.59,57.49,1,52.28,0.4,2026-10-02
ACR06476,STU06476,65.31,65.79,52.03,1,56.0,-9.31,2026-10-02
ACR06477,STU06477,63.88,86.29,65.93,0,60.03,-3.85,2026-10-02
ACR06478,STU06478,75.32,73.07,77.26,0,76.31,0.99,2026-10-02
ACR06479,STU06479,56.92,57.5,54.73,0,58.41,1.49,2026-10-02
ACR06480,STU06480,31.59,39.14,49.84,2,28.95,-2.64,2026-10-02
ACR06481,STU06481,74.5,72.64,70.17,0,69.5,-5.0,2026-10-02
ACR06482,STU06482,54.48,57.26,40.44,2,50.79,-3.69,2026-10-02
ACR06483,STU06483,58.21,68.25,47.67,0,54.43,-3.78,2026-10-02
ACR06484,STU06484,67.01,63.16,68.64,0,65.39,-1.62,2026-10-02
ACR06485,STU06485,85.14,75.69,68.1,0,75.8,-9.34,2026-10-02
ACR06486,STU06486,92.21,92.97,78.26,0,94.76,2.55,2026-10-02
ACR06487,STU06487,46.82,46.44,44.66,1,46.36,-0.46,2026-10-02
ACR06488,STU06488,94.21,98.2,89.63,0,96.54,2.33,2026-10-02
ACR06489,STU06489,100.0,77.12,92.59,0,96.57,-3.43,2026-10-02
ACR06490,STU06490,69.19,69.38,67.05,0,70.2,1.01,2026-10-02
ACR06491,STU06491,76.6,81.41,73.83,0,67.1,-9.5,2026-10-02
ACR06492,STU06492,51.4,51.4,60.89,3,46.81,-4.59,2026-10-02
ACR06493,STU06493,61.49,69.38,65.32,0,64.47,2.98,2026-10-02
ACR06494,STU06494,68.76,73.72,77.3,0,64.81,-3.95,2026-10-02
ACR06495,STU06495,48.27,61.74,67.73,1,55.06,6.79,2026-10-02
ACR06496,STU06496,54.37,59.46,50.62,1,47.28,-7.09,2026-10-02
ACR06497,STU06497,100.0,85.93,87.72,0,88.69,-11.31,2026-10-02
ACR06498,STU06498,79.31,65.48,70.43,0,59.77,-19.54,2026-10-02
ACR06499,STU06499,68.19,68.75,74.27,0,61.05,-7.14,2026-10-02
ACR06500,STU06500,62.77,67.7,60.66,1,57.21,-5.56,2026-10-02
ACR06501,STU06501,74.14,77.03,73.95,0,68.82,-5.32,2026-10-02
ACR06502,STU06502,73.25,69.19,56.96,0,70.28,-2.97,2026-10-02
ACR06503,STU06503,95.54,85.67,77.81,0,91.49,-4.05,2026-10-02
ACR06504,STU06504,72.11,80.5,71.31,0,76.81,4.7,2026-10-02
ACR06505,STU06505,82.07,83.74,70.93,0,71.03,-11.04,2026-10-02
ACR06506,STU06506,49.42,51.32,42.86,0,47.53,-1.89,2026-10-02
ACR06507,STU06507,98.14,79.43,73.62,0,74.67,-23.47,2026-10-02
ACR06508,STU06508,51.23,55.38,44.88,1,45.91,-5.32,2026-10-02
ACR06509,STU06509,73.93,74.63,71.42,0,72.04,-1.89,2026-10-02
ACR06510,STU06510,64.37,61.23,63.69,0,61.81,-2.56,2026-10-02
ACR06511,STU06511,58.22,65.16,66.98,0,58.6,0.38,2026-10-02
ACR06512,STU06512,59.84,63.85,51.52,0,73.73,13.89,2026-10-02
ACR06513,STU06513,100.0,83.44,86.53,0,87.84,-12.16,2026-10-02
ACR06514,STU06514,57.77,50.18,50.34,0,56.02,-1.75,2026-10-02
ACR06515,STU06515,58.25,69.01,57.79,0,59.01,0.76,2026-10-02
ACR06516,STU06516,85.35,85.31,73.04,0,67.87,-17.48,2026-10-02
ACR06517,STU06517,100.0,89.89,86.31,0,88.0,-12.0,2026-10-02
ACR06518,STU06518,72.53,64.63,71.64,0,81.14,8.61,2026-10-02
ACR06519,STU06519,93.04,54.2,60.15,0,65.98,-27.06,2026-10-02
ACR06520,STU06520,56.91,86.88,57.18,1,69.25,12.34,2026-10-02
ACR06521,STU06521,70.1,96.19,62.7,0,85.29,15.19,2026-10-02
ACR06522,STU06522,66.49,69.97,59.75,0,65.66,-0.83,2026-10-02
ACR06523,STU06523,74.51,86.3,57.77,0,71.07,-3.44,2026-10-02
ACR06524,STU06524,91.46,82.91,66.3,0,75.16,-16.3,2026-10-02
ACR06525,STU06525,64.75,75.79,66.57,0,72.25,7.5,2026-10-02
ACR06526,STU06526,66.28,68.46,67.83,0,62.85,-3.43,2026-10-02
ACR06527,STU06527,89.08,77.74,89.38,0,78.0,-11.08,2026-10-02
ACR06528,STU06528,77.15,70.48,75.6,0,71.57,-5.58,2026-10-02
ACR06529,STU06529,66.15,75.55,77.79,0,74.8,8.65,2026-10-02
ACR06530,STU06530,89.29,78.97,76.49,0,82.18,-7.11,2026-10-02
ACR06531,STU06531,80.88,81.41,65.13,0,78.14,-2.74,2026-10-02
ACR06532,STU06532,34.88,57.16,44.92,3,51.69,16.81,2026-10-02
ACR06533,STU06533,63.37,65.15,59.2,1,61.53,-1.84,2026-10-02
ACR06534,STU06534,90.84,77.37,71.63,0,79.17,-11.67,2026-10-02
ACR06535,STU06535,72.23,74.48,65.21,0,68.18,-4.05,2026-10-02
ACR06536,STU06536,71.97,56.28,56.45,1,62.02,-9.95,2026-10-02
ACR06537,STU06537,67.82,62.27,52.39,1,63.24,-4.58,2026-10-02
ACR06538,STU06538,69.75,54.36,61.16,0,67.45,-2.3,2026-10-02
ACR06539,STU06539,73.65,76.0,71.61,1,64.85,-8.8,2026-10-02
ACR06540,STU06540,92.83,91.22,53.94,0,74.11,-18.72,2026-10-02
ACR06541,STU06541,94.59,92.95,86.01,0,84.43,-10.16,2026-10-02
ACR06542,STU06542,61.88,75.75,58.57,0,61.04,-0.84,2026-10-02
ACR06543,STU06543,45.78,45.66,48.49,2,42.09,-3.69,2026-10-02
ACR06544,STU06544,93.73,88.57,77.6,0,89.43,-4.3,2026-10-02
ACR06545,STU06545,81.06,88.03,66.07,0,78.09,-2.97,2026-10-02
ACR06546,STU06546,88.05,74.85,78.96,0,77.4,-10.65,2026-10-02
ACR06547,STU06547,91.94,95.46,89.14,0,78.07,-13.87,2026-10-02
ACR06548,STU06548,65.43,80.4,56.68,0,81.45,16.02,2026-10-02
ACR06549,STU06549,83.03,78.0,70.17,0,75.52,-7.51,2026-10-02
ACR06550,STU06550,62.19,56.72,64.24,1,55.55,-6.64,2026-10-02
ACR06551,STU06551,73.04,55.24,64.74,0,65.75,-7.29,2026-10-02
ACR06552,STU06552,100.0,100.0,82.31,0,94.77,-5.23,2026-10-02
ACR06553,STU06553,77.45,74.01,63.99,0,73.34,-4.11,2026-10-02
ACR06554,STU06554,77.76,70.93,66.91,0,56.78,-20.98,2026-10-02
ACR06555,STU06555,88.5,73.94,75.98,0,89.68,1.18,2026-10-02
ACR06556,STU06556,75.36,66.66,49.41,0,63.83,-11.53,2026-10-02
ACR06557,STU06557,75.72,64.63,64.91,0,67.24,-8.48,2026-10-02
ACR06558,STU06558,77.47,77.76,58.02,0,66.64,-10.83,2026-10-02
ACR06559,STU06559,89.79,82.07,71.01,0,80.1,-9.69,2026-10-02
ACR06560,STU06560,64.21,63.73,56.38,0,58.2,-6.01,2026-10-02
ACR06561,STU06561,71.02,60.53,60.02,1,62.55,-8.47,2026-10-02
ACR06562,STU06562,73.86,68.28,77.46,0,75.14,1.28,2026-10-02
ACR06563,STU06563,43.77,64.57,55.69,1,57.64,13.87,2026-10-02
ACR06564,STU06564,78.33,66.88,59.07,0,59.96,-18.37,2026-10-02
ACR06565,STU06565,100.0,100.0,84.43,0,94.86,-5.14,2026-10-02
ACR06566,STU06566,92.55,62.41,78.91,0,92.23,-0.32,2026-10-02
ACR06567,STU06567,100.0,94.36,100.0,0,100.0,0.0,2026-10-02
ACR06568,STU06568,83.14,78.84,67.44,0,76.19,-6.95,2026-10-02
ACR06569,STU06569,46.32,36.37,40.77,0,43.31,-3.01,2026-10-02
ACR06570,STU06570,79.82,96.89,87.66,0,83.48,3.66,2026-10-02
ACR06571,STU06571,70.95,75.86,62.09,0,61.99,-8.96,2026-10-02
ACR06572,STU06572,76.26,65.09,56.74,0,62.09,-14.17,2026-10-02
ACR06573,STU06573,59.41,58.87,63.39,0,63.27,3.86,2026-10-02
ACR06574,STU06574,81.99,73.17,71.32,0,72.36,-9.63,2026-10-02
ACR06575,STU06575,55.08,64.97,55.85,0,54.88,-0.2,2026-10-02
ACR06576,STU06576,77.39,64.05,66.94,0,64.91,-12.48,2026-10-02
ACR06577,STU06577,94.06,86.61,86.26,0,85.69,-8.37,2026-10-02
ACR06578,STU06578,86.68,75.48,78.37,0,73.86,-12.82,2026-10-02
ACR06579,STU06579,100.0,100.0,98.96,0,91.85,-8.15,2026-10-02
ACR06580,STU06580,87.95,85.07,68.69,0,74.13,-13.82,2026-10-02
ACR06581,STU06581,98.13,90.28,84.62,0,93.68,-4.45,2026-10-02
ACR06582,STU06582,59.38,57.13,46.48,0,71.09,11.71,2026-10-02
ACR06583,STU06583,48.66,61.34,49.75,1,55.41,6.75,2026-10-02
ACR06584,STU06584,52.79,70.81,52.09,0,69.38,16.59,2026-10-02
ACR06585,STU06585,99.46,84.84,76.7,0,81.49,-17.97,2026-10-02
ACR06586,STU06586,89.63,87.44,75.9,0,76.88,-12.75,2026-10-02
ACR06587,STU06587,72.98,79.54,62.08,0,75.32,2.34,2026-10-02
ACR06588,STU06588,70.93,60.08,72.11,0,71.26,0.33,2026-10-02
ACR06589,STU06589,75.23,87.88,84.64,0,78.13,2.9,2026-10-02
ACR06590,STU06590,82.27,71.22,75.99,0,70.26,-12.01,2026-10-02
ACR06591,STU06591,82.14,78.2,67.63,0,79.03,-3.11,2026-10-02
ACR06592,STU06592,90.13,99.34,81.46,0,87.52,-2.61,2026-10-02
ACR06593,STU06593,79.81,72.49,67.68,0,72.65,-7.16,2026-10-02
ACR06594,STU06594,75.71,67.82,62.71,0,69.23,-6.48,2026-10-02
ACR06595,STU06595,77.0,78.74,62.74,0,70.66,-6.34,2026-10-02
ACR06596,STU06596,70.39,67.85,63.55,0,62.55,-7.84,2026-10-02
ACR06597,STU06597,77.66,79.99,70.38,2,71.93,-5.73,2026-10-02
ACR06598,STU06598,81.01,76.76,61.1,0,78.0,-3.01,2026-10-02
ACR06599,STU06599,100.0,100.0,78.17,0,92.6,-7.4,2026-10-02
ACR06600,STU06600,52.38,46.8,45.14,1,43.85,-8.53,2026-10-02
ACR06601,STU06601,59.06,64.58,54.07,0,63.04,3.98,2026-10-02
ACR06602,STU06602,98.65,96.24,87.19,0,86.37,-12.28,2026-10-02
ACR06603,STU06603,67.46,70.08,52.5,0,72.46,5.0,2026-10-02
ACR06604,STU06604,85.61,79.86,68.63,0,80.19,-5.42,2026-10-02
ACR06605,STU06605,66.45,54.58,66.29,0,61.84,-4.61,2026-10-02
ACR06606,STU06606,43.66,53.14,43.14,1,37.03,-6.63,2026-10-02
ACR06607,STU06607,48.92,52.25,56.7,0,54.73,5.81,2026-10-02
ACR06608,STU06608,79.49,100.0,77.5,0,80.64,1.15,2026-10-02
ACR06609,STU06609,90.06,89.87,70.01,0,86.23,-3.83,2026-10-02
ACR06610,STU06610,92.76,98.37,83.34,0,85.13,-7.63,2026-10-02
ACR06611,STU06611,80.19,84.02,56.04,0,82.68,2.49,2026-10-02
ACR06612,STU06612,100.0,94.21,98.22,0,98.07,-1.93,2026-10-02
ACR06613,STU06613,83.5,81.41,65.75,0,77.95,-5.55,2026-10-02
ACR06614,STU06614,93.45,83.07,71.67,0,79.71,-13.74,2026-10-02
ACR06615,STU06615,92.63,74.7,77.52,0,81.58,-11.05,2026-10-02
ACR06616,STU06616,35.93,56.64,47.33,2,47.26,11.33,2026-10-02
ACR06617,STU06617,74.27,73.34,61.59,0,68.91,-5.36,2026-10-02
ACR06618,STU06618,89.99,85.4,77.45,0,83.67,-6.32,2026-10-02
ACR06619,STU06619,74.79,75.82,57.55,0,64.83,-9.96,2026-10-02
ACR06620,STU06620,93.13,86.59,77.18,0,75.42,-17.71,2026-10-02
ACR06621,STU06621,99.54,83.09,68.87,0,84.66,-14.88,2026-10-02
ACR06622,STU06622,83.42,82.11,72.38,0,82.04,-1.38,2026-10-02
ACR06623,STU06623,81.22,86.86,68.46,0,79.93,-1.29,2026-10-02
ACR06624,STU06624,78.38,83.37,82.53,0,77.69,-0.69,2026-10-02
ACR06625,STU06625,65.11,64.26,52.52,0,55.9,-9.21,2026-10-02
ACR06626,STU06626,98.98,85.52,76.99,0,90.31,-8.67,2026-10-02
ACR06627,STU06627,76.73,72.05,73.34,0,71.34,-5.39,2026-10-02
ACR06628,STU06628,74.64,72.06,48.97,0,60.51,-14.13,2026-10-02
ACR06629,STU06629,71.25,82.72,74.5,0,76.69,5.44,2026-10-02
ACR06630,STU06630,59.2,70.17,63.8,3,53.51,-5.69,2026-10-02
ACR06631,STU06631,80.68,83.7,80.78,0,72.46,-8.22,2026-10-02
ACR06632,STU06632,54.3,65.69,62.31,0,55.97,1.67,2026-10-02
ACR06633,STU06633,75.56,70.56,67.25,0,64.13,-11.43,2026-10-02
ACR06634,STU06634,54.55,62.55,70.53,1,57.63,3.08,2026-10-02
ACR06635,STU06635,100.0,100.0,98.11,0,100.0,0.0,2026-10-02
ACR06636,STU06636,100.0,80.66,73.74,0,81.53,-18.47,2026-10-02
ACR06637,STU06637,73.31,69.91,65.68,0,70.48,-2.83,2026-10-02
ACR06638,STU06638,79.45,74.56,64.51,0,70.44,-9.01,2026-10-02
ACR06639,STU06639,84.57,86.84,69.61,0,77.73,-6.84,2026-10-02
ACR06640,STU06640,91.34,84.2,73.33,0,74.49,-16.85,2026-10-02
ACR06641,STU06641,74.18,82.23,66.17,0,75.56,1.38,2026-10-02
ACR06642,STU06642,54.26,50.91,58.55,1,43.34,-10.92,2026-10-02
ACR06643,STU06643,77.08,65.18,67.11,0,64.44,-12.64,2026-10-02
ACR06644,STU06644,73.51,70.21,64.06,0,62.69,-10.82,2026-10-02
ACR06645,STU06645,80.47,93.03,64.6,0,78.0,-2.47,2026-10-02
ACR06646,STU06646,67.94,65.81,60.01,0,59.32,-8.62,2026-10-02
ACR06647,STU06647,73.93,70.19,58.97,0,68.68,-5.25,2026-10-02
ACR06648,STU06648,96.54,92.73,80.91,0,88.23,-8.31,2026-10-02
ACR06649,STU06649,79.63,76.3,57.32,0,67.38,-12.25,2026-10-02
ACR06650,STU06650,73.6,66.62,49.12,0,59.27,-14.33,2026-10-02
ACR06651,STU06651,100.0,98.87,100.0,0,99.27,-0.73,2026-10-02
ACR06652,STU06652,82.09,81.55,67.03,0,78.91,-3.18,2026-10-02
ACR06653,STU06653,96.34,85.6,83.61,0,81.79,-14.55,2026-10-02
ACR06654,STU06654,100.0,100.0,94.25,0,92.58,-7.42,2026-10-02
ACR06655,STU06655,84.57,74.9,76.19,0,79.18,-5.39,2026-10-02
ACR06656,STU06656,91.18,79.19,73.79,0,78.27,-12.91,2026-10-02
ACR06657,STU06657,59.59,66.14,52.3,1,55.49,-4.1,2026-10-02
ACR06658,STU06658,69.85,75.92,66.69,0,72.42,2.57,2026-10-02
ACR06659,STU06659,64.8,65.83,63.56,0,67.5,2.7,2026-10-02
ACR06660,STU06660,69.93,69.35,56.39,0,62.38,-7.55,2026-10-02
ACR06661,STU06661,87.49,83.05,78.25,0,84.39,-3.1,2026-10-02
ACR06662,STU06662,84.24,70.69,73.67,0,74.17,-10.07,2026-10-02
ACR06663,STU06663,70.88,69.83,72.04,0,67.49,-3.39,2026-10-02
ACR06664,STU06664,82.07,83.63,73.32,0,83.49,1.42,2026-10-02
ACR06665,STU06665,100.0,100.0,100.0,0,100.0,0.0,2026-10-02
ACR06666,STU06666,92.41,78.31,61.77,0,74.51,-17.9,2026-10-02
ACR06667,STU06667,90.42,51.79,60.91,0,82.15,-8.27,2026-10-02
ACR06668,STU06668,95.14,91.31,72.04,0,83.66,-11.48,2026-10-02
ACR06669,STU06669,69.71,69.92,64.27,0,68.33,-1.38,2026-10-02
ACR06670,STU06670,68.69,78.81,77.34,0,64.07,-4.62,2026-10-02
ACR06671,STU06671,82.86,84.34,84.13,0,74.02,-8.84,2026-10-02
ACR06672,STU06672,51.28,46.06,37.12,0,56.41,5.13,2026-10-02
ACR06673,STU06673,75.96,74.1,53.25,0,66.32,-9.64,2026-10-02
ACR06674,STU06674,71.03,92.07,64.47,0,70.81,-0.22,2026-10-02
ACR06675,STU06675,77.68,62.95,64.9,1,69.49,-8.19,2026-10-02
ACR06676,STU06676,68.04,69.53,69.58,2,59.05,-8.99,2026-10-02
ACR06677,STU06677,73.8,70.14,64.58,2,61.46,-12.34,2026-10-02
ACR06678,STU06678,72.93,69.67,68.73,0,65.92,-7.01,2026-10-02
ACR06679,STU06679,48.24,32.2,30.69,2,49.46,1.22,2026-10-02
ACR06680,STU06680,69.8,73.84,65.96,0,68.72,-1.08,2026-10-02
ACR06681,STU06681,80.48,69.92,64.12,0,59.04,-21.44,2026-10-02
ACR06682,STU06682,55.01,60.04,45.17,0,51.06,-3.95,2026-10-02
ACR06683,STU06683,67.41,64.79,62.67,0,65.62,-1.79,2026-10-02
ACR06684,STU06684,99.05,99.28,92.17,0,97.34,-1.71,2026-10-02
ACR06685,STU06685,92.79,97.71,56.74,0,81.66,-11.13,2026-10-02
ACR06686,STU06686,81.85,80.72,62.96,0,72.63,-9.22,2026-10-02
ACR06687,STU06687,60.02,59.63,66.47,1,51.68,-8.34,2026-10-02
ACR06688,STU06688,81.77,75.0,64.15,0,72.81,-8.96,2026-10-02
ACR06689,STU06689,73.21,67.82,64.55,0,61.39,-11.82,2026-10-02
ACR06690,STU06690,73.79,75.97,60.43,1,70.21,-3.58,2026-10-02
ACR06691,STU06691,77.64,65.52,57.37,1,64.34,-13.3,2026-10-02
ACR06692,STU06692,73.52,69.58,73.83,1,71.76,-1.76,2026-10-02
ACR06693,STU06693,77.07,65.88,73.25,0,60.93,-16.14,2026-10-02
ACR06694,STU06694,96.75,84.01,76.28,0,77.04,-19.71,2026-10-02
ACR06695,STU06695,71.18,75.57,66.9,0,73.09,1.91,2026-10-02
ACR06696,STU06696,88.93,90.56,73.98,0,78.19,-10.74,2026-10-02
ACR06697,STU06697,51.95,50.7,60.96,1,50.45,-1.5,2026-10-02
ACR06698,STU06698,64.17,66.97,76.65,0,63.82,-0.35,2026-10-02
ACR06699,STU06699,69.97,71.94,57.62,1,70.0,0.03,2026-10-02
ACR06700,STU06700,100.0,82.59,84.78,0,94.21,-5.79,2026-10-02
ACR06701,STU06701,87.33,83.89,88.27,0,81.34,-5.99,2026-10-02
ACR06702,STU06702,16.47,11.5,24.22,3,18.34,1.87,2026-10-02
ACR06703,STU06703,99.92,88.18,84.8,0,82.39,-17.53,2026-10-02
ACR06704,STU06704,88.29,95.33,74.38,0,84.04,-4.25,2026-10-02
ACR06705,STU06705,100.0,86.44,83.94,0,80.46,-19.54,2026-10-02
ACR06706,STU06706,71.09,53.13,63.56,0,63.95,-7.14,2026-10-02
ACR06707,STU06707,98.37,97.17,63.07,0,87.88,-10.49,2026-10-02
ACR06708,STU06708,100.0,90.82,99.19,0,94.73,-5.27,2026-10-02
ACR06709,STU06709,71.33,73.98,60.62,0,68.51,-2.82,2026-10-02
ACR06710,STU06710,14.64,44.98,31.94,2,40.36,25.72,2026-10-02
ACR06711,STU06711,69.55,84.57,72.54,0,75.49,5.94,2026-10-02
ACR06712,STU06712,46.45,49.24,49.28,2,52.93,6.48,2026-10-02
ACR06713,STU06713,85.7,92.53,71.08,0,92.39,6.69,2026-10-02
ACR06714,STU06714,83.39,66.97,68.96,0,69.98,-13.41,2026-10-02
ACR06715,STU06715,78.44,92.02,87.87,0,76.67,-1.77,2026-10-02
ACR06716,STU06716,86.73,88.58,71.37,0,68.33,-18.4,2026-10-02
ACR06717,STU06717,81.38,87.68,72.59,0,78.09,-3.29,2026-10-02
ACR06718,STU06718,85.79,63.83,56.02,0,61.46,-24.33,2026-10-02
ACR06719,STU06719,76.31,55.35,51.46,0,57.69,-18.62,2026-10-02
ACR06720,STU06720,67.59,65.3,62.21,0,62.84,-4.75,2026-10-02
ACR06721,STU06721,36.65,42.28,30.98,2,38.49,1.84,2026-10-02
ACR06722,STU06722,92.47,88.15,67.97,0,87.72,-4.75,2026-10-02
ACR06723,STU06723,100.0,92.1,83.97,0,97.05,-2.95,2026-10-02
ACR06724,STU06724,68.98,60.05,60.49,0,63.94,-5.04,2026-10-02
ACR06725,STU06725,62.29,60.51,50.3,0,58.31,-3.98,2026-10-02
ACR06726,STU06726,70.91,68.39,62.89,0,68.35,-2.56,2026-10-02
ACR06727,STU06727,82.4,87.73,67.17,0,87.31,4.91,2026-10-02
ACR06728,STU06728,75.72,59.68,50.38,0,56.21,-19.51,2026-10-02
ACR06729,STU06729,86.64,88.59,65.87,0,82.77,-3.87,2026-10-02
ACR06730,STU06730,69.77,76.33,61.72,0,68.55,-1.22,2026-10-02
ACR06731,STU06731,80.87,87.54,84.13,0,74.07,-6.8,2026-10-02
ACR06732,STU06732,73.39,88.53,74.34,0,75.54,2.15,2026-10-02
ACR06733,STU06733,81.65,77.11,67.97,2,63.19,-18.46,2026-10-02
ACR06734,STU06734,72.2,73.67,61.92,0,67.13,-5.07,2026-10-02
ACR06735,STU06735,100.0,93.14,78.75,0,95.13,-4.87,2026-10-02
ACR06736,STU06736,84.62,78.86,68.82,0,71.76,-12.86,2026-10-02
ACR06737,STU06737,86.13,75.21,71.11,0,76.54,-9.59,2026-10-02
ACR06738,STU06738,90.2,94.83,84.68,0,88.99,-1.21,2026-10-02
ACR06739,STU06739,97.8,80.63,79.17,0,85.79,-12.01,2026-10-02
ACR06740,STU06740,63.6,71.94,70.0,1,65.52,1.92,2026-10-02
ACR06741,STU06741,87.59,88.52,72.73,0,82.78,-4.81,2026-10-02
ACR06742,STU06742,81.41,77.14,68.51,0,70.74,-10.67,2026-10-02
ACR06743,STU06743,89.87,75.48,73.55,0,73.12,-16.75,2026-10-02
ACR06744,STU06744,70.27,78.73,59.16,2,65.72,-4.55,2026-10-02
ACR06745,STU06745,67.07,74.52,69.53,0,68.23,1.16,2026-10-02
ACR06746,STU06746,94.09,80.96,79.63,0,82.82,-11.27,2026-10-02
ACR06747,STU06747,48.65,52.23,58.19,1,35.89,-12.76,2026-10-02
ACR06748,STU06748,86.9,62.44,73.07,0,84.97,-1.93,2026-10-02
ACR06749,STU06749,78.38,77.13,74.91,0,70.96,-7.42,2026-10-02
ACR06750,STU06750,74.13,79.06,73.51,0,75.17,1.04,2026-10-02
ACR06751,STU06751,96.23,81.42,80.92,0,76.5,-19.73,2026-10-02
ACR06752,STU06752,89.75,88.72,78.67,0,80.08,-9.67,2026-10-02
ACR06753,STU06753,51.45,57.88,58.35,1,60.69,9.24,2026-10-02
ACR06754,STU06754,75.01,78.31,71.12,0,72.64,-2.37,2026-10-02
ACR06755,STU06755,64.95,78.22,71.97,0,63.46,-1.49,2026-10-02
ACR06756,STU06756,72.56,64.96,63.97,0,59.13,-13.43,2026-10-02
ACR06757,STU06757,77.79,83.36,68.71,0,75.67,-2.12,2026-10-02
ACR06758,STU06758,94.98,92.85,73.34,0,79.92,-15.06,2026-10-02
ACR06759,STU06759,87.12,67.84,73.12,0,65.86,-21.26,2026-10-02
ACR06760,STU06760,94.92,97.87,83.38,0,81.17,-13.75,2026-10-02
ACR06761,STU06761,54.39,56.62,42.15,2,45.6,-8.79,2026-10-02
ACR06762,STU06762,61.28,76.06,54.54,0,66.8,5.52,2026-10-02
ACR06763,STU06763,64.14,62.68,55.82,0,68.04,3.9,2026-10-02
ACR06764,STU06764,59.18,52.46,52.1,1,64.26,5.08,2026-10-02
ACR06765,STU06765,73.22,74.91,44.84,0,60.83,-12.39,2026-10-02
ACR06766,STU06766,85.69,81.14,59.81,0,68.79,-16.9,2026-10-02
ACR06767,STU06767,100.0,91.49,77.62,0,77.74,-22.26,2026-10-02
ACR06768,STU06768,95.79,80.54,75.83,0,75.73,-20.06,2026-10-02
ACR06769,STU06769,90.09,100.0,72.15,0,85.56,-4.53,2026-10-02
ACR06770,STU06770,59.39,70.15,69.11,1,49.21,-10.18,2026-10-02
ACR06771,STU06771,93.56,93.57,74.69,0,87.65,-5.91,2026-10-02
ACR06772,STU06772,79.7,79.09,74.5,0,77.59,-2.11,2026-10-02
ACR06773,STU06773,86.9,79.5,70.56,0,83.02,-3.88,2026-10-02
ACR06774,STU06774,68.87,69.79,57.23,1,64.79,-4.08,2026-10-02
ACR06775,STU06775,68.24,73.46,62.81,0,67.24,-1.0,2026-10-02
ACR06776,STU06776,47.16,55.12,52.96,0,48.39,1.23,2026-10-02
ACR06777,STU06777,73.06,47.93,44.59,1,54.65,-18.41,2026-10-02
ACR06778,STU06778,79.5,89.09,75.46,0,73.96,-5.54,2026-10-02
ACR06779,STU06779,76.7,71.53,67.8,0,62.03,-14.67,2026-10-02
ACR06780,STU06780,87.96,94.76,83.13,0,83.56,-4.4,2026-10-02
ACR06781,STU06781,56.02,74.04,57.94,0,62.31,6.29,2026-10-02
ACR06782,STU06782,62.85,59.23,68.27,1,58.83,-4.02,2026-10-02
ACR06783,STU06783,88.97,85.6,74.8,0,80.12,-8.85,2026-10-02
ACR06784,STU06784,76.61,66.5,57.46,1,63.95,-12.66,2026-10-02
ACR06785,STU06785,64.22,73.38,56.58,0,69.59,5.37,2026-10-02
ACR06786,STU06786,60.32,44.56,55.68,0,60.33,0.01,2026-10-02
ACR06787,STU06787,84.21,69.65,66.77,0,72.04,-12.17,2026-10-02
ACR06788,STU06788,98.5,99.28,73.4,0,85.76,-12.74,2026-10-02
ACR06789,STU06789,85.63,86.0,71.78,0,74.93,-10.7,2026-10-02
ACR06790,STU06790,95.87,99.5,79.02,0,81.81,-14.06,2026-10-02
ACR06791,STU06791,91.24,84.83,60.18,1,83.13,-8.11,2026-10-02
ACR06792,STU06792,79.08,73.99,80.35,0,73.22,-5.86,2026-10-02
ACR06793,STU06793,78.09,86.19,84.45,0,78.53,0.44,2026-10-02
ACR06794,STU06794,69.8,80.29,69.17,0,69.75,-0.05,2026-10-02
ACR06795,STU06795,38.14,52.07,44.43,3,42.19,4.05,2026-10-02
ACR06796,STU06796,98.01,85.71,69.02,0,91.54,-6.47,2026-10-02
ACR06797,STU06797,82.93,74.5,71.68,0,78.12,-4.81,2026-10-02
ACR06798,STU06798,95.77,100.0,79.25,0,75.38,-20.39,2026-10-02
ACR06799,STU06799,58.88,58.72,60.58,0,65.37,6.49,2026-10-02
ACR06800,STU06800,71.24,76.51,67.71,0,66.53,-4.71,2026-10-02
ACR06801,STU06801,100.0,99.74,87.2,0,96.18,-3.82,2026-10-02
ACR06802,STU06802,39.4,40.35,51.19,1,38.97,-0.43,2026-10-02
ACR06803,STU06803,82.92,68.76,38.31,0,67.97,-14.95,2026-10-02
ACR06804,STU06804,97.07,73.42,69.79,0,86.3,-10.77,2026-10-02
ACR06805,STU06805,100.0,99.86,95.64,0,100.0,0.0,2026-10-02
ACR06806,STU06806,61.35,64.12,48.79,3,57.08,-4.27,2026-10-02
ACR06807,STU06807,58.86,57.25,51.13,1,43.25,-15.61,2026-10-02
ACR06808,STU06808,73.27,67.55,50.15,0,72.04,-1.23,2026-10-02
ACR06809,STU06809,90.91,91.38,75.43,0,81.32,-9.59,2026-10-02
ACR06810,STU06810,100.0,97.88,74.89,0,82.27,-17.73,2026-10-02
ACR06811,STU06811,73.93,69.26,72.01,0,79.95,6.02,2026-10-02
ACR06812,STU06812,100.0,94.74,90.89,0,82.46,-17.54,2026-10-02
ACR06813,STU06813,81.74,74.82,51.03,0,63.44,-18.3,2026-10-02
ACR06814,STU06814,84.47,77.82,74.75,0,64.57,-19.9,2026-10-02
ACR06815,STU06815,50.83,57.94,62.96,0,58.85,8.02,2026-10-02
ACR06816,STU06816,53.42,66.74,44.85,1,52.43,-0.99,2026-10-02
ACR06817,STU06817,88.62,74.37,84.35,0,72.78,-15.84,2026-10-02
ACR06818,STU06818,69.83,60.46,54.29,0,55.6,-14.23,2026-10-02
ACR06819,STU06819,85.12,71.68,67.38,1,78.26,-6.86,2026-10-02
ACR06820,STU06820,66.16,50.48,55.72,0,59.12,-7.04,2026-10-02
ACR06821,STU06821,100.0,88.66,70.94,0,82.04,-17.96,2026-10-02
ACR06822,STU06822,100.0,85.67,75.95,0,89.22,-10.78,2026-10-02
ACR06823,STU06823,65.27,67.74,56.9,0,58.07,-7.2,2026-10-02
ACR06824,STU06824,84.05,71.41,67.56,0,76.68,-7.37,2026-10-02
ACR06825,STU06825,100.0,100.0,100.0,0,90.32,-9.68,2026-10-02
ACR06826,STU06826,63.18,69.33,64.12,0,62.07,-1.11,2026-10-02
ACR06827,STU06827,66.89,54.28,75.77,0,63.56,-3.33,2026-10-02
ACR06828,STU06828,78.54,51.06,53.21,1,55.83,-22.71,2026-10-02
ACR06829,STU06829,66.51,68.71,73.51,0,63.5,-3.01,2026-10-02
ACR06830,STU06830,65.24,74.62,75.29,0,67.57,2.33,2026-10-02
ACR06831,STU06831,73.08,66.89,68.88,0,71.37,-1.71,2026-10-02
ACR06832,STU06832,66.58,70.33,58.71,0,64.38,-2.2,2026-10-02
ACR06833,STU06833,72.29,75.17,48.54,1,62.92,-9.37,2026-10-02
ACR06834,STU06834,97.97,100.0,69.86,0,87.49,-10.48,2026-10-02
ACR06835,STU06835,81.1,74.12,61.87,0,79.92,-1.18,2026-10-02
ACR06836,STU06836,99.66,88.53,77.05,0,88.22,-11.44,2026-10-02
ACR06837,STU06837,81.55,76.37,73.03,0,72.81,-8.74,2026-10-02
ACR06838,STU06838,60.27,64.18,59.62,0,67.22,6.95,2026-10-02
ACR06839,STU06839,94.2,100.0,99.71,0,93.12,-1.08,2026-10-02
ACR06840,STU06840,79.7,79.56,75.82,0,72.04,-7.66,2026-10-02
ACR06841,STU06841,75.14,68.73,51.39,0,57.26,-17.88,2026-10-02
ACR06842,STU06842,66.88,73.96,72.62,0,64.29,-2.59,2026-10-02
ACR06843,STU06843,100.0,82.03,79.46,0,88.56,-11.44,2026-10-02
ACR06844,STU06844,78.62,93.82,80.81,0,83.2,4.58,2026-10-02
ACR06845,STU06845,65.18,68.31,62.22,0,66.58,1.4,2026-10-02
ACR06846,STU06846,70.87,65.9,71.73,0,68.88,-1.99,2026-10-02
ACR06847,STU06847,39.36,50.78,43.02,2,33.78,-5.58,2026-10-02
ACR06848,STU06848,67.32,76.27,57.77,0,77.17,9.85,2026-10-02
ACR06849,STU06849,77.87,67.6,64.44,0,63.26,-14.61,2026-10-02
ACR06850,STU06850,87.62,94.77,72.63,0,81.98,-5.64,2026-10-02
ACR06851,STU06851,80.29,72.69,68.92,0,63.51,-16.78,2026-10-02
ACR06852,STU06852,81.73,97.13,75.08,0,72.73,-9.0,2026-10-02
ACR06853,STU06853,58.6,62.03,63.12,0,61.33,2.73,2026-10-02
ACR06854,STU06854,61.31,72.98,69.79,0,71.29,9.98,2026-10-02
ACR06855,STU06855,74.8,79.54,66.58,0,69.84,-4.96,2026-10-02
ACR06856,STU06856,71.66,64.4,58.5,0,67.58,-4.08,2026-10-02
ACR06857,STU06857,76.24,70.75,70.62,0,76.17,-0.07,2026-10-02
ACR06858,STU06858,98.12,100.0,82.54,0,100.0,1.88,2026-10-02
ACR06859,STU06859,46.93,51.11,42.76,1,49.89,2.96,2026-10-02
ACR06860,STU06860,74.11,61.47,68.3,0,71.44,-2.67,2026-10-02
ACR06861,STU06861,76.69,81.51,73.44,0,71.32,-5.37,2026-10-02
ACR06862,STU06862,79.62,77.34,61.52,0,70.23,-9.39,2026-10-02
ACR06863,STU06863,100.0,89.95,69.0,0,82.27,-17.73,2026-10-02
ACR06864,STU06864,67.73,66.72,80.49,0,73.6,5.87,2026-10-02
ACR06865,STU06865,51.86,52.59,40.85,2,50.05,-1.81,2026-10-02
ACR06866,STU06866,76.02,71.24,68.0,0,65.87,-10.15,2026-10-02
ACR06867,STU06867,64.78,52.56,44.84,1,48.59,-16.19,2026-10-02
ACR06868,STU06868,59.46,61.78,62.48,0,54.36,-5.1,2026-10-02
ACR06869,STU06869,94.64,86.86,77.96,0,77.38,-17.26,2026-10-02
ACR06870,STU06870,58.99,53.68,52.77,1,53.0,-5.99,2026-10-02
ACR06871,STU06871,93.67,79.39,90.02,0,82.93,-10.74,2026-10-02
ACR06872,STU06872,78.17,56.01,55.52,1,59.49,-18.68,2026-10-02
ACR06873,STU06873,71.1,72.35,59.96,1,63.24,-7.86,2026-10-02
ACR06874,STU06874,67.74,44.37,57.52,0,50.09,-17.65,2026-10-02
ACR06875,STU06875,95.53,77.02,70.34,0,88.11,-7.42,2026-10-02
ACR06876,STU06876,68.44,76.16,55.57,0,56.32,-12.12,2026-10-02
ACR06877,STU06877,48.36,38.41,42.14,0,38.77,-9.59,2026-10-02
ACR06878,STU06878,80.11,87.17,78.03,0,86.3,6.19,2026-10-02
ACR06879,STU06879,72.41,77.42,49.45,0,66.47,-5.94,2026-10-02
ACR06880,STU06880,94.29,91.78,82.75,1,84.96,-9.33,2026-10-02
ACR06881,STU06881,74.53,85.33,71.18,0,82.58,8.05,2026-10-02
ACR06882,STU06882,71.48,62.82,62.93,1,55.7,-15.78,2026-10-02
ACR06883,STU06883,93.45,78.01,91.36,0,74.98,-18.47,2026-10-02
ACR06884,STU06884,83.35,82.8,65.11,0,75.47,-7.88,2026-10-02
ACR06885,STU06885,70.12,75.01,49.43,0,59.49,-10.63,2026-10-02
ACR06886,STU06886,82.22,87.97,95.59,0,82.47,0.25,2026-10-02
ACR06887,STU06887,64.74,53.83,59.27,3,52.75,-11.99,2026-10-02
ACR06888,STU06888,66.93,64.14,47.47,0,65.98,-0.95,2026-10-02
ACR06889,STU06889,68.35,76.17,50.26,0,76.09,7.74,2026-10-02
ACR06890,STU06890,89.47,82.8,60.06,0,77.51,-11.96,2026-10-02
ACR06891,STU06891,64.06,51.85,52.09,0,58.03,-6.03,2026-10-02
ACR06892,STU06892,100.0,91.86,84.64,0,86.01,-13.99,2026-10-02
ACR06893,STU06893,77.65,74.68,73.7,1,76.06,-1.59,2026-10-02
ACR06894,STU06894,84.82,77.29,81.53,0,77.92,-6.9,2026-10-02
ACR06895,STU06895,68.34,57.25,51.61,0,49.78,-18.56,2026-10-02
ACR06896,STU06896,60.39,70.99,66.18,0,58.31,-2.08,2026-10-02
ACR06897,STU06897,77.76,70.41,56.66,0,69.56,-8.2,2026-10-02
ACR06898,STU06898,55.1,58.73,45.64,0,52.68,-2.42,2026-10-02
ACR06899,STU06899,100.0,100.0,100.0,0,95.05,-4.95,2026-10-02
ACR06900,STU06900,73.69,60.59,63.35,0,64.47,-9.22,2026-10-02
ACR06901,STU06901,100.0,88.72,84.42,0,82.23,-17.77,2026-10-02
ACR06902,STU06902,78.07,74.77,66.44,0,62.59,-15.48,2026-10-02
ACR06903,STU06903,77.92,79.04,71.83,0,79.5,1.58,2026-10-02
ACR06904,STU06904,65.67,61.85,74.55,2,55.24,-10.43,2026-10-02
ACR06905,STU06905,75.24,98.77,73.65,0,82.56,7.32,2026-10-02
ACR06906,STU06906,73.05,61.36,57.26,0,61.56,-11.49,2026-10-02
ACR06907,STU06907,82.93,83.08,86.51,0,74.12,-8.81,2026-10-02
ACR06908,STU06908,68.88,77.48,65.28,0,66.08,-2.8,2026-10-02
ACR06909,STU06909,47.67,51.4,44.31,3,41.51,-6.16,2026-10-02
ACR06910,STU06910,79.59,88.4,84.99,0,75.33,-4.26,2026-10-02
ACR06911,STU06911,100.0,86.71,83.55,0,95.45,-4.55,2026-10-02
ACR06912,STU06912,87.01,78.95,79.0,0,73.16,-13.85,2026-10-02
ACR06913,STU06913,72.78,67.53,68.92,0,69.34,-3.44,2026-10-02
ACR06914,STU06914,95.01,88.69,72.34,0,73.34,-21.67,2026-10-02
ACR06915,STU06915,79.28,75.14,74.88,0,75.46,-3.82,2026-10-02
ACR06916,STU06916,72.17,67.1,74.14,0,65.52,-6.65,2026-10-02
ACR06917,STU06917,69.26,68.85,56.93,0,66.79,-2.47,2026-10-02
ACR06918,STU06918,60.32,47.31,55.33,0,55.28,-5.04,2026-10-02
ACR06919,STU06919,81.75,70.6,69.22,0,71.88,-9.87,2026-10-02
ACR06920,STU06920,85.72,92.27,72.02,0,79.33,-6.39,2026-10-02
ACR06921,STU06921,80.25,71.8,74.1,0,69.34,-10.91,2026-10-02
ACR06922,STU06922,61.56,70.76,67.2,0,65.01,3.45,2026-10-02
ACR06923,STU06923,90.61,83.33,75.2,0,71.94,-18.67,2026-10-02
ACR06924,STU06924,82.75,78.03,72.27,0,75.61,-7.14,2026-10-02
ACR06925,STU06925,78.0,63.31,60.39,0,68.51,-9.49,2026-10-02
ACR06926,STU06926,90.98,88.32,72.16,0,76.6,-14.38,2026-10-02
ACR06927,STU06927,54.01,50.28,57.08,2,52.02,-1.99,2026-10-02
ACR06928,STU06928,100.0,98.62,97.19,0,95.82,-4.18,2026-10-02
ACR06929,STU06929,90.33,80.61,80.99,0,80.8,-9.53,2026-10-02
ACR06930,STU06930,73.03,64.1,51.53,0,54.22,-18.81,2026-10-02
ACR06931,STU06931,63.46,72.74,69.2,0,67.27,3.81,2026-10-02
ACR06932,STU06932,71.3,57.45,62.91,0,65.51,-5.79,2026-10-02
ACR06933,STU06933,85.77,85.76,64.96,1,71.18,-14.59,2026-10-02
ACR06934,STU06934,65.93,50.84,54.71,1,53.63,-12.3,2026-10-02
ACR06935,STU06935,67.81,51.25,64.89,0,60.79,-7.02,2026-10-02
ACR06936,STU06936,76.53,77.63,70.61,0,76.82,0.29,2026-10-02
ACR06937,STU06937,100.0,93.18,78.62,0,86.44,-13.56,2026-10-02
ACR06938,STU06938,82.19,93.94,68.13,0,80.69,-1.5,2026-10-02
ACR06939,STU06939,57.39,52.62,49.19,0,47.38,-10.01,2026-10-02
ACR06940,STU06940,74.22,78.93,61.22,2,65.11,-9.11,2026-10-02
ACR06941,STU06941,81.52,87.22,69.95,1,81.25,-0.27,2026-10-02
ACR06942,STU06942,83.38,76.33,69.24,0,75.51,-7.87,2026-10-02
ACR06943,STU06943,87.6,93.51,59.08,0,74.8,-12.8,2026-10-02
ACR06944,STU06944,71.52,69.29,74.19,0,72.12,0.6,2026-10-02
ACR06945,STU06945,88.4,90.91,84.33,0,81.4,-7.0,2026-10-02
ACR06946,STU06946,67.6,65.23,63.94,2,63.91,-3.69,2026-10-02
ACR06947,STU06947,51.21,40.67,41.54,1,47.2,-4.01,2026-10-02
ACR06948,STU06948,71.2,75.21,53.97,1,63.88,-7.32,2026-10-02
ACR06949,STU06949,35.78,63.19,45.82,0,51.21,15.43,2026-10-02
ACR06950,STU06950,92.1,62.97,67.42,0,74.55,-17.55,2026-10-02
ACR06951,STU06951,100.0,93.12,84.54,0,88.56,-11.44,2026-10-02
ACR06952,STU06952,68.89,80.82,59.2,0,72.12,3.23,2026-10-02
ACR06953,STU06953,86.4,88.14,91.37,0,90.4,4.0,2026-10-02
ACR06954,STU06954,75.84,70.85,75.58,0,75.04,-0.8,2026-10-02
ACR06955,STU06955,84.13,65.47,79.79,0,79.62,-4.51,2026-10-02
ACR06956,STU06956,60.16,64.57,47.41,1,56.23,-3.93,2026-10-02
ACR06957,STU06957,69.63,81.0,52.67,0,73.08,3.45,2026-10-02
ACR06958,STU06958,56.85,53.5,61.82,0,46.4,-10.45,2026-10-02
ACR06959,STU06959,79.42,52.7,71.73,0,70.18,-9.24,2026-10-02
ACR06960,STU06960,40.37,47.61,39.82,4,45.7,5.33,2026-10-02
ACR06961,STU06961,97.11,80.16,81.41,0,77.55,-19.56,2026-10-02
ACR06962,STU06962,83.09,69.66,76.04,0,73.06,-10.03,2026-10-02
ACR06963,STU06963,93.3,82.3,82.26,0,87.75,-5.55,2026-10-02
ACR06964,STU06964,81.13,79.58,67.65,0,76.63,-4.5,2026-10-02
ACR06965,STU06965,62.11,62.54,46.85,1,55.75,-6.36,2026-10-02
ACR06966,STU06966,82.32,69.88,82.09,0,71.41,-10.91,2026-10-02
ACR06967,STU06967,87.68,83.86,71.33,0,85.54,-2.14,2026-10-02
ACR06968,STU06968,85.5,82.43,71.07,0,78.37,-7.13,2026-10-02
ACR06969,STU06969,74.73,75.01,65.53,1,69.92,-4.81,2026-10-02
ACR06970,STU06970,77.91,87.29,70.2,0,67.19,-10.72,2026-10-02
ACR06971,STU06971,84.01,70.1,77.64,0,82.76,-1.25,2026-10-02
ACR06972,STU06972,65.92,58.0,63.21,1,52.14,-13.78,2026-10-02
ACR06973,STU06973,80.12,82.14,65.13,1,61.8,-18.32,2026-10-02
ACR06974,STU06974,100.0,92.53,81.97,0,91.82,-8.18,2026-10-02
ACR06975,STU06975,85.9,89.65,78.48,0,74.67,-11.23,2026-10-02
ACR06976,STU06976,69.02,71.79,59.73,0,61.24,-7.78,2026-10-02
ACR06977,STU06977,53.94,51.8,49.53,1,59.49,5.55,2026-10-02
ACR06978,STU06978,56.3,55.96,38.55,1,49.75,-6.55,2026-10-02
ACR06979,STU06979,79.46,84.72,72.44,0,81.08,1.62,2026-10-02
ACR06980,STU06980,83.48,93.06,82.19,0,85.7,2.22,2026-10-02
ACR06981,STU06981,61.99,55.55,51.44,0,57.39,-4.6,2026-10-02
ACR06982,STU06982,80.08,82.1,61.81,0,79.89,-0.19,2026-10-02
ACR06983,STU06983,91.69,77.83,81.0,0,72.04,-19.65,2026-10-02
ACR06984,STU06984,51.23,60.17,50.56,0,56.84,5.61,2026-10-02
ACR06985,STU06985,83.94,70.32,76.96,0,71.06,-12.88,2026-10-02
ACR06986,STU06986,61.67,90.38,74.71,1,67.11,5.44,2026-10-02
ACR06987,STU06987,75.52,81.08,73.63,0,79.42,3.9,2026-10-02
ACR06988,STU06988,52.31,63.82,58.47,0,52.88,0.57,2026-10-02
ACR06989,STU06989,100.0,87.92,87.0,0,91.87,-8.13,2026-10-02
ACR06990,STU06990,49.25,53.9,50.86,1,50.16,0.91,2026-10-02
ACR06991,STU06991,70.64,83.99,64.58,0,69.5,-1.14,2026-10-02
ACR06992,STU06992,54.25,52.42,56.09,0,51.66,-2.59,2026-10-02
ACR06993,STU06993,72.31,78.75,76.64,0,81.79,9.48,2026-10-02
ACR06994,STU06994,59.95,62.25,70.5,0,58.76,-1.19,2026-10-02
ACR06995,STU06995,51.24,55.02,42.55,1,47.55,-3.69,2026-10-02
ACR06996,STU06996,90.03,76.25,63.74,0,76.64,-13.39,2026-10-02
ACR06997,STU06997,56.68,45.83,49.16,0,55.96,-0.72,2026-10-02
ACR06998,STU06998,70.45,63.93,77.87,0,76.79,6.34,2026-10-02
ACR06999,STU06999,100.0,96.73,89.85,0,98.27,-1.73,2026-10-02
ACR07000,STU07000,92.99,92.48,74.46,0,85.13,-7.86,2026-10-02
ACR07001,STU07001,71.01,58.04,59.94,0,61.53,-9.48,2026-10-02
ACR07002,STU07002,76.68,67.59,54.93,0,68.8,-7.88,2026-10-02
ACR07003,STU07003,69.77,79.48,60.39,0,64.94,-4.83,2026-10-02
ACR07004,STU07004,90.33,82.81,83.16,0,87.14,-3.19,2026-10-02
ACR07005,STU07005,83.27,78.72,78.61,0,76.69,-6.58,2026-10-02
ACR07006,STU07006,68.99,55.35,62.1,0,60.35,-8.64,2026-10-02
ACR07007,STU07007,100.0,100.0,93.4,0,94.87,-5.13,2026-10-02
ACR07008,STU07008,54.1,57.37,58.92,0,50.26,-3.84,2026-10-02
ACR07009,STU07009,92.03,90.45,84.14,0,86.87,-5.16,2026-10-02
ACR07010,STU07010,59.27,60.46,61.41,1,56.21,-3.06,2026-10-02
ACR07011,STU07011,66.48,74.33,57.93,2,66.19,-0.29,2026-10-02
ACR07012,STU07012,66.68,74.37,62.02,2,63.65,-3.03,2026-10-02
ACR07013,STU07013,79.39,71.34,76.19,0,68.09,-11.3,2026-10-02
ACR07014,STU07014,48.66,54.86,48.64,1,53.51,4.85,2026-10-02
ACR07015,STU07015,79.42,62.86,54.51,0,67.61,-11.81,2026-10-02
ACR07016,STU07016,82.08,66.7,71.23,0,68.47,-13.61,2026-10-02
ACR07017,STU07017,75.27,89.56,64.59,0,76.69,1.42,2026-10-02
ACR07018,STU07018,71.19,72.16,59.98,1,66.53,-4.66,2026-10-02
ACR07019,STU07019,71.7,49.74,73.37,0,61.02,-10.68,2026-10-02
ACR07020,STU07020,53.28,60.94,50.31,1,65.29,12.01,2026-10-02
ACR07021,STU07021,83.52,81.74,56.39,0,64.72,-18.8,2026-10-02
ACR07022,STU07022,83.64,61.03,68.86,0,69.58,-14.06,2026-10-02
ACR07023,STU07023,77.41,84.09,76.6,0,79.64,2.23,2026-10-02
ACR07024,STU07024,100.0,83.06,80.72,0,78.67,-21.33,2026-10-02
ACR07025,STU07025,79.01,56.81,61.55,0,63.56,-15.45,2026-10-02
ACR07026,STU07026,75.89,73.87,71.74,0,73.9,-1.99,2026-10-02
ACR07027,STU07027,65.95,59.67,55.39,0,58.34,-7.61,2026-10-02
ACR07028,STU07028,80.26,82.81,73.77,0,75.82,-4.44,2026-10-02
ACR07029,STU07029,68.16,61.45,57.6,1,62.56,-5.6,2026-10-02
ACR07030,STU07030,100.0,99.93,80.86,0,82.55,-17.45,2026-10-02
ACR07031,STU07031,83.98,79.88,71.56,0,73.15,-10.83,2026-10-02
ACR07032,STU07032,58.28,69.6,62.23,0,54.74,-3.54,2026-10-02
ACR07033,STU07033,100.0,87.17,87.28,0,90.25,-9.75,2026-10-02
ACR07034,STU07034,84.12,80.27,79.39,0,80.78,-3.34,2026-10-02
ACR07035,STU07035,98.59,87.95,80.15,0,90.44,-8.15,2026-10-02
ACR07036,STU07036,81.88,66.99,51.05,0,69.36,-12.52,2026-10-02
ACR07037,STU07037,75.65,62.29,51.58,0,57.42,-18.23,2026-10-02
ACR07038,STU07038,53.42,52.73,48.01,0,61.26,7.84,2026-10-02
ACR07039,STU07039,58.84,66.81,77.16,0,65.04,6.2,2026-10-02
ACR07040,STU07040,78.02,54.9,65.95,0,70.81,-7.21,2026-10-02
ACR07041,STU07041,57.55,60.98,58.89,1,52.56,-4.99,2026-10-02
ACR07042,STU07042,75.12,79.04,56.6,0,62.31,-12.81,2026-10-02
ACR07043,STU07043,40.05,48.78,44.8,1,48.56,8.51,2026-10-02
ACR07044,STU07044,71.72,100.0,72.78,0,79.96,8.24,2026-10-02
ACR07045,STU07045,84.44,72.79,69.03,0,80.51,-3.93,2026-10-02
ACR07046,STU07046,89.12,99.01,77.54,0,77.76,-11.36,2026-10-02
ACR07047,STU07047,75.69,70.86,84.93,0,72.81,-2.88,2026-10-02
ACR07048,STU07048,78.72,100.0,81.7,1,78.24,-0.48,2026-10-02
ACR07049,STU07049,69.32,88.46,68.05,0,75.6,6.28,2026-10-02
ACR07050,STU07050,87.39,52.15,67.67,2,60.27,-27.12,2026-10-02
ACR07051,STU07051,77.67,72.4,58.62,1,58.98,-18.69,2026-10-02
ACR07052,STU07052,76.44,72.26,73.6,0,67.58,-8.86,2026-10-02
ACR07053,STU07053,67.21,66.75,56.45,0,69.62,2.41,2026-10-02
ACR07054,STU07054,58.23,61.96,67.65,0,58.14,-0.09,2026-10-02
ACR07055,STU07055,70.25,49.67,59.17,0,57.13,-13.12,2026-10-02
ACR07056,STU07056,61.53,76.67,60.59,1,71.18,9.65,2026-10-02
ACR07057,STU07057,96.22,78.35,72.66,0,83.25,-12.97,2026-10-02
ACR07058,STU07058,64.07,72.87,66.06,0,64.36,0.29,2026-10-02
ACR07059,STU07059,85.36,90.88,70.03,0,83.93,-1.43,2026-10-02
ACR07060,STU07060,83.99,71.65,68.65,0,72.74,-11.25,2026-10-02
ACR07061,STU07061,90.97,90.98,88.05,0,86.92,-4.05,2026-10-02
ACR07062,STU07062,75.72,71.48,71.78,0,82.64,6.92,2026-10-02
ACR07063,STU07063,100.0,100.0,100.0,0,100.0,0.0,2026-10-02
ACR07064,STU07064,79.31,66.08,69.25,0,78.62,-0.69,2026-10-02
ACR07065,STU07065,65.64,68.37,51.93,0,58.62,-7.02,2026-10-02
ACR07066,STU07066,61.11,75.03,64.44,0,70.68,9.57,2026-10-02
ACR07067,STU07067,52.37,51.06,41.47,0,59.4,7.03,2026-10-02
ACR07068,STU07068,57.66,70.22,53.21,1,53.75,-3.91,2026-10-02
ACR07069,STU07069,94.87,92.76,67.06,0,86.61,-8.26,2026-10-02
ACR07070,STU07070,50.4,49.6,52.54,0,51.31,0.91,2026-10-02
ACR07071,STU07071,77.14,69.15,59.84,1,68.82,-8.32,2026-10-02
ACR07072,STU07072,68.16,72.65,72.07,1,68.8,0.64,2026-10-02
ACR07073,STU07073,67.14,56.69,68.73,0,71.92,4.78,2026-10-02
ACR07074,STU07074,71.32,69.63,48.77,0,67.42,-3.9,2026-10-02
ACR07075,STU07075,90.68,82.69,91.1,0,77.89,-12.79,2026-10-02
ACR07076,STU07076,65.52,71.89,53.11,1,60.06,-5.46,2026-10-02
ACR07077,STU07077,64.77,55.16,71.34,0,61.97,-2.8,2026-10-02
ACR07078,STU07078,87.66,69.11,76.07,0,70.81,-16.85,2026-10-02
ACR07079,STU07079,57.42,61.91,48.89,2,55.45,-1.97,2026-10-02
ACR07080,STU07080,100.0,71.66,84.92,0,80.29,-19.71,2026-10-02
ACR07081,STU07081,86.41,77.81,60.12,0,70.33,-16.08,2026-10-02
ACR07082,STU07082,75.64,71.5,71.79,0,67.38,-8.26,2026-10-02
ACR07083,STU07083,60.45,59.51,59.48,0,48.82,-11.63,2026-10-02
ACR07084,STU07084,69.63,69.69,68.47,0,78.5,8.87,2026-10-02
ACR07085,STU07085,100.0,100.0,81.93,0,90.65,-9.35,2026-10-02
ACR07086,STU07086,54.2,79.74,65.06,0,60.95,6.75,2026-10-02
ACR07087,STU07087,99.66,90.34,90.14,0,83.03,-16.63,2026-10-02
ACR07088,STU07088,84.33,95.29,88.74,0,89.07,4.74,2026-10-02
ACR07089,STU07089,76.41,54.95,80.64,0,59.98,-16.43,2026-10-02
ACR07090,STU07090,86.84,81.43,65.26,0,73.74,-13.1,2026-10-02
ACR07091,STU07091,73.95,71.96,63.68,0,61.12,-12.83,2026-10-02
ACR07092,STU07092,85.54,65.35,72.3,0,75.39,-10.15,2026-10-02
ACR07093,STU07093,83.95,68.87,59.94,0,63.67,-20.28,2026-10-02
ACR07094,STU07094,60.77,62.85,77.98,0,70.26,9.49,2026-10-02
ACR07095,STU07095,69.96,69.55,47.55,1,62.75,-7.21,2026-10-02
ACR07096,STU07096,51.69,64.8,48.85,2,51.64,-0.05,2026-10-02
ACR07097,STU07097,78.97,53.27,74.67,0,74.75,-4.22,2026-10-02
ACR07098,STU07098,77.46,66.75,64.28,0,65.31,-12.15,2026-10-02
ACR07099,STU07099,85.14,87.25,87.38,0,89.55,4.41,2026-10-02
ACR07100,STU07100,81.17,58.18,55.48,0,52.64,-28.53,2026-10-02
ACR07101,STU07101,77.44,61.98,63.88,0,63.12,-14.32,2026-10-02
ACR07102,STU07102,79.85,64.72,63.02,0,63.05,-16.8,2026-10-02
ACR07103,STU07103,88.34,85.04,72.81,0,81.86,-6.48,2026-10-02
ACR07104,STU07104,72.61,56.04,56.63,0,61.61,-11.0,2026-10-02
ACR07105,STU07105,59.03,53.92,53.04,1,60.1,1.07,2026-10-02
ACR07106,STU07106,87.64,96.32,80.15,0,76.62,-11.02,2026-10-02
ACR07107,STU07107,100.0,90.82,82.66,0,95.96,-4.04,2026-10-02
ACR07108,STU07108,100.0,97.97,75.72,0,90.36,-9.64,2026-10-02
ACR07109,STU07109,67.14,82.18,70.86,0,71.22,4.08,2026-10-02
ACR07110,STU07110,100.0,95.49,68.77,0,77.4,-22.6,2026-10-02
ACR07111,STU07111,68.29,56.26,51.31,2,51.2,-17.09,2026-10-02
ACR07112,STU07112,94.88,80.91,68.26,0,85.89,-8.99,2026-10-02
ACR07113,STU07113,72.99,79.01,75.54,0,79.09,6.1,2026-10-02
ACR07114,STU07114,58.29,64.59,67.79,1,65.22,6.93,2026-10-02
ACR07115,STU07115,100.0,88.86,77.44,0,84.41,-15.59,2026-10-02
ACR07116,STU07116,90.85,81.13,74.18,0,90.19,-0.66,2026-10-02
ACR07117,STU07117,51.54,59.87,50.05,2,51.64,0.1,2026-10-02
ACR07118,STU07118,93.9,81.32,81.54,0,75.57,-18.33,2026-10-02
ACR07119,STU07119,100.0,96.81,87.19,0,81.55,-18.45,2026-10-02
ACR07120,STU07120,63.76,79.11,54.14,0,70.96,7.2,2026-10-02
ACR07121,STU07121,71.65,59.85,65.42,0,63.59,-8.06,2026-10-02
ACR07122,STU07122,73.97,64.88,61.85,0,73.37,-0.6,2026-10-02
ACR07123,STU07123,66.74,75.39,61.65,0,61.27,-5.47,2026-10-02
ACR07124,STU07124,83.8,77.3,95.47,0,89.06,5.26,2026-10-02
ACR07125,STU07125,93.44,87.19,82.37,0,91.18,-2.26,2026-10-02
ACR07126,STU07126,56.9,70.89,53.56,0,63.59,6.69,2026-10-02
ACR07127,STU07127,70.71,63.35,49.01,0,62.37,-8.34,2026-10-02
ACR07128,STU07128,100.0,83.98,89.5,0,86.97,-13.03,2026-10-02
ACR07129,STU07129,100.0,87.36,92.34,0,84.89,-15.11,2026-10-02
ACR07130,STU07130,95.89,86.25,83.75,0,90.77,-5.12,2026-10-02
ACR07131,STU07131,65.63,73.29,54.33,0,65.07,-0.56,2026-10-02
ACR07132,STU07132,84.83,76.34,74.48,0,77.39,-7.44,2026-10-02
ACR07133,STU07133,86.52,80.06,82.58,0,76.69,-9.83,2026-10-02
ACR07134,STU07134,100.0,99.86,82.13,0,100.0,0.0,2026-10-02
ACR07135,STU07135,99.91,94.76,88.66,0,82.06,-17.85,2026-10-02
ACR07136,STU07136,67.18,51.02,43.35,0,48.6,-18.58,2026-10-02
ACR07137,STU07137,80.44,70.7,70.56,0,75.91,-4.53,2026-10-02
ACR07138,STU07138,61.26,66.11,58.22,1,65.6,4.34,2026-10-02
ACR07139,STU07139,66.35,68.36,61.93,0,61.63,-4.72,2026-10-02
ACR07140,STU07140,76.78,70.95,71.0,0,66.12,-10.66,2026-10-02
ACR07141,STU07141,67.07,75.92,67.93,2,69.02,1.95,2026-10-02
ACR07142,STU07142,80.07,71.7,67.27,0,72.75,-7.32,2026-10-02
ACR07143,STU07143,44.45,69.7,43.73,2,44.87,0.42,2026-10-02
ACR07144,STU07144,83.96,81.56,67.88,0,81.17,-2.79,2026-10-02
ACR07145,STU07145,78.1,64.05,60.83,0,73.79,-4.31,2026-10-02
ACR07146,STU07146,82.67,82.33,71.92,0,73.39,-9.28,2026-10-02
ACR07147,STU07147,82.61,71.69,76.7,0,72.94,-9.67,2026-10-02
ACR07148,STU07148,65.43,63.34,58.54,2,57.53,-7.9,2026-10-02
ACR07149,STU07149,81.19,85.29,81.21,0,70.96,-10.23,2026-10-02
ACR07150,STU07150,87.71,66.94,70.34,0,77.85,-9.86,2026-10-02
ACR07151,STU07151,56.03,48.46,65.1,1,57.75,1.72,2026-10-02
ACR07152,STU07152,94.98,96.66,82.39,0,81.63,-13.35,2026-10-02
ACR07153,STU07153,72.82,80.95,63.18,0,64.94,-7.88,2026-10-02
ACR07154,STU07154,91.44,68.8,70.03,0,70.72,-20.72,2026-10-02
ACR07155,STU07155,82.92,79.8,74.28,0,73.89,-9.03,2026-10-02
ACR07156,STU07156,100.0,96.26,70.25,0,89.88,-10.12,2026-10-02
ACR07157,STU07157,78.28,84.36,70.39,0,72.48,-5.8,2026-10-02
ACR07158,STU07158,57.98,72.47,59.1,0,53.42,-4.56,2026-10-02
ACR07159,STU07159,58.32,54.92,71.94,0,60.74,2.42,2026-10-02
ACR07160,STU07160,41.16,54.67,41.69,3,41.52,0.36,2026-10-02
ACR07161,STU07161,84.07,83.29,88.86,0,82.21,-1.86,2026-10-02
ACR07162,STU07162,66.62,80.88,60.2,0,67.21,0.59,2026-10-02
ACR07163,STU07163,68.11,54.82,56.73,0,55.26,-12.85,2026-10-02
ACR07164,STU07164,72.24,53.29,60.95,0,55.65,-16.59,2026-10-02
ACR07165,STU07165,60.26,76.02,57.68,0,64.08,3.82,2026-10-02
ACR07166,STU07166,100.0,100.0,96.95,0,95.66,-4.34,2026-10-02
ACR07167,STU07167,57.24,63.72,73.78,1,53.57,-3.67,2026-10-02
ACR07168,STU07168,80.7,69.69,52.91,0,65.64,-15.06,2026-10-02
ACR07169,STU07169,89.98,87.93,79.41,0,77.7,-12.28,2026-10-02
ACR07170,STU07170,83.12,72.91,71.0,0,74.39,-8.73,2026-10-02
ACR07171,STU07171,54.35,55.71,66.69,0,62.61,8.26,2026-10-02
ACR07172,STU07172,87.25,85.36,69.41,0,78.18,-9.07,2026-10-02
ACR07173,STU07173,74.6,59.85,61.61,0,75.8,1.2,2026-10-02
ACR07174,STU07174,47.65,55.79,33.22,2,53.4,5.75,2026-10-02
ACR07175,STU07175,51.67,51.17,53.09,2,53.85,2.18,2026-10-02
ACR07176,STU07176,76.85,69.81,71.34,0,73.77,-3.08,2026-10-02
ACR07177,STU07177,53.45,64.66,57.84,1,58.42,4.97,2026-10-02
ACR07178,STU07178,49.07,80.09,59.76,2,61.22,12.15,2026-10-02
ACR07179,STU07179,97.1,90.62,85.16,0,86.63,-10.47,2026-10-02
ACR07180,STU07180,79.43,81.03,76.99,0,77.6,-1.83,2026-10-02
ACR07181,STU07181,64.4,71.17,61.83,0,55.83,-8.57,2026-10-02
ACR07182,STU07182,67.64,73.84,57.24,0,64.82,-2.82,2026-10-02
ACR07183,STU07183,82.7,70.36,79.43,0,78.18,-4.52,2026-10-02
ACR07184,STU07184,77.63,62.0,61.47,0,58.7,-18.93,2026-10-02
ACR07185,STU07185,100.0,100.0,89.69,0,93.19,-6.81,2026-10-02
ACR07186,STU07186,85.03,82.02,84.16,0,70.98,-14.05,2026-10-02
ACR07187,STU07187,76.52,76.26,81.49,0,81.7,5.18,2026-10-02
ACR07188,STU07188,72.54,77.38,69.3,1,67.56,-4.98,2026-10-02
ACR07189,STU07189,57.46,57.62,60.43,2,56.04,-1.42,2026-10-02
ACR07190,STU07190,79.87,75.73,60.44,0,78.77,-1.1,2026-10-02
ACR07191,STU07191,87.64,69.91,75.61,0,64.5,-23.14,2026-10-02
ACR07192,STU07192,70.55,68.83,58.22,0,65.96,-4.59,2026-10-02
ACR07193,STU07193,81.25,72.62,51.42,0,55.66,-25.59,2026-10-02
ACR07194,STU07194,72.26,78.36,64.06,0,64.55,-7.71,2026-10-02
ACR07195,STU07195,47.96,41.67,40.53,2,44.98,-2.98,2026-10-02
ACR07196,STU07196,64.74,59.69,61.24,0,66.8,2.06,2026-10-02
ACR07197,STU07197,89.47,81.38,65.55,0,66.31,-23.16,2026-10-02
ACR07198,STU07198,60.66,59.57,60.22,0,56.53,-4.13,2026-10-02
ACR07199,STU07199,56.95,53.97,48.48,1,46.51,-10.44,2026-10-02
ACR07200,STU07200,74.4,78.44,67.19,0,67.19,-7.21,2026-10-02
ACR07201,STU07201,62.91,62.09,56.57,0,65.92,3.01,2026-10-02
ACR07202,STU07202,64.13,79.42,82.49,0,61.81,-2.32,2026-10-02
ACR07203,STU07203,86.93,56.37,70.23,0,69.27,-17.66,2026-10-02
ACR07204,STU07204,68.46,66.92,62.17,0,62.57,-5.89,2026-10-02
ACR07205,STU07205,82.75,90.47,72.84,0,85.33,2.58,2026-10-02
ACR07206,STU07206,95.43,90.91,80.66,0,81.35,-14.08,2026-10-02
ACR07207,STU07207,67.2,62.05,51.89,0,61.38,-5.82,2026-10-02
ACR07208,STU07208,60.13,70.78,61.16,2,63.67,3.54,2026-10-02
ACR07209,STU07209,67.96,70.32,30.14,0,49.76,-18.2,2026-10-02
ACR07210,STU07210,64.41,91.2,78.5,0,74.62,10.21,2026-10-02
ACR07211,STU07211,88.7,82.29,67.18,1,74.88,-13.82,2026-10-02
ACR07212,STU07212,70.74,76.57,71.75,0,75.86,5.12,2026-10-02
ACR07213,STU07213,67.8,59.51,49.38,1,56.13,-11.67,2026-10-02
ACR07214,STU07214,100.0,95.36,87.75,0,94.73,-5.27,2026-10-02
ACR07215,STU07215,54.76,58.95,67.61,0,52.79,-1.97,2026-10-02
ACR07216,STU07216,100.0,80.81,83.49,0,83.57,-16.43,2026-10-02
ACR07217,STU07217,83.65,87.76,75.78,0,80.97,-2.68,2026-10-02
ACR07218,STU07218,83.06,91.47,72.37,0,76.96,-6.1,2026-10-02
ACR07219,STU07219,58.1,65.11,49.14,1,63.18,5.08,2026-10-02
ACR07220,STU07220,100.0,100.0,87.95,0,88.38,-11.62,2026-10-02
ACR07221,STU07221,96.17,78.04,84.55,0,77.72,-18.45,2026-10-02
ACR07222,STU07222,86.81,69.33,66.73,0,75.59,-11.22,2026-10-02
ACR07223,STU07223,97.66,88.66,73.15,0,79.52,-18.14,2026-10-02
ACR07224,STU07224,58.74,57.32,49.91,1,52.2,-6.54,2026-10-02
ACR07225,STU07225,61.42,60.96,53.96,2,58.34,-3.08,2026-10-02
ACR07226,STU07226,98.17,67.45,60.56,0,65.52,-32.65,2026-10-02
ACR07227,STU07227,76.59,75.57,71.27,0,76.19,-0.4,2026-10-02
ACR07228,STU07228,72.58,83.82,72.97,0,78.62,6.04,2026-10-02
ACR07229,STU07229,78.61,68.13,53.06,0,65.5,-13.11,2026-10-02
ACR07230,STU07230,100.0,100.0,89.14,0,87.73,-12.27,2026-10-02
ACR07231,STU07231,83.68,79.29,66.61,2,70.66,-13.02,2026-10-02
ACR07232,STU07232,94.64,82.67,85.97,0,87.61,-7.03,2026-10-02
ACR07233,STU07233,75.83,77.2,73.26,0,70.16,-5.67,2026-10-02
ACR07234,STU07234,54.82,59.83,48.07,1,47.94,-6.88,2026-10-02
ACR07235,STU07235,69.72,68.13,62.59,0,70.91,1.19,2026-10-02
ACR07236,STU07236,86.58,77.69,73.7,0,76.09,-10.49,2026-10-02
ACR07237,STU07237,76.68,74.2,67.29,0,75.31,-1.37,2026-10-02
ACR07238,STU07238,72.28,71.22,64.12,0,70.19,-2.09,2026-10-02
ACR07239,STU07239,63.58,55.53,51.24,0,54.98,-8.6,2026-10-02
ACR07240,STU07240,54.63,53.24,53.55,0,58.42,3.79,2026-10-02
ACR07241,STU07241,78.99,68.18,66.25,0,70.29,-8.7,2026-10-02
ACR07242,STU07242,78.0,66.03,60.77,0,66.46,-11.54,2026-10-02
ACR07243,STU07243,80.27,78.07,83.27,0,83.81,3.54,2026-10-02
ACR07244,STU07244,68.79,59.83,36.59,0,60.63,-8.16,2026-10-02
ACR07245,STU07245,76.14,74.46,66.76,1,78.54,2.4,2026-10-02
ACR07246,STU07246,100.0,91.41,84.92,0,99.28,-0.72,2026-10-02
ACR07247,STU07247,58.39,68.44,43.45,0,57.07,-1.32,2026-10-02
ACR07248,STU07248,99.83,98.14,100.0,0,98.92,-0.91,2026-10-02
ACR07249,STU07249,48.32,47.02,41.6,2,52.71,4.39,2026-10-02
ACR07250,STU07250,60.04,62.92,52.98,0,61.56,1.52,2026-10-02
ACR07251,STU07251,100.0,100.0,85.61,0,91.69,-8.31,2026-10-02
ACR07252,STU07252,94.4,81.79,100.0,0,90.78,-3.62,2026-10-02
ACR07253,STU07253,87.07,76.23,65.36,0,73.58,-13.49,2026-10-02
ACR07254,STU07254,73.0,80.67,70.1,0,77.47,4.47,2026-10-02
ACR07255,STU07255,73.36,66.36,66.09,0,67.63,-5.73,2026-10-02
ACR07256,STU07256,53.75,65.21,57.37,0,61.19,7.44,2026-10-02
ACR07257,STU07257,81.5,92.53,80.29,0,81.41,-0.09,2026-10-02
ACR07258,STU07258,100.0,99.43,84.77,0,87.95,-12.05,2026-10-02
ACR07259,STU07259,92.5,81.14,71.42,0,74.16,-18.34,2026-10-02
ACR07260,STU07260,56.66,73.72,54.25,1,59.27,2.61,2026-10-02
ACR07261,STU07261,66.54,48.77,63.53,0,59.13,-7.41,2026-10-02
ACR07262,STU07262,78.96,76.25,68.28,0,63.81,-15.15,2026-10-02
ACR07263,STU07263,71.54,72.57,79.25,0,71.3,-0.24,2026-10-02
ACR07264,STU07264,76.68,76.79,72.71,0,74.44,-2.24,2026-10-02
ACR07265,STU07265,72.21,74.57,66.62,0,65.16,-7.05,2026-10-02
ACR07266,STU07266,42.72,39.57,40.87,2,43.12,0.4,2026-10-02
ACR07267,STU07267,78.63,78.45,70.53,0,81.6,2.97,2026-10-02
ACR07268,STU07268,100.0,97.54,95.86,0,91.51,-8.49,2026-10-02
ACR07269,STU07269,62.91,71.31,51.73,0,58.8,-4.11,2026-10-02
ACR07270,STU07270,100.0,100.0,76.76,0,89.91,-10.09,2026-10-02
ACR07271,STU07271,68.99,54.88,55.45,0,52.46,-16.53,2026-10-02
ACR07272,STU07272,85.78,68.82,76.12,0,65.61,-20.17,2026-10-02
ACR07273,STU07273,84.93,76.69,71.56,0,73.36,-11.57,2026-10-02
ACR07274,STU07274,95.32,76.34,71.81,0,81.13,-14.19,2026-10-02
ACR07275,STU07275,70.76,77.88,71.83,0,65.68,-5.08,2026-10-02
ACR07276,STU07276,100.0,95.69,71.35,0,88.31,-11.69,2026-10-02
ACR07277,STU07277,71.81,59.37,64.67,0,63.38,-8.43,2026-10-02
ACR07278,STU07278,95.1,78.84,82.38,0,96.46,1.36,2026-10-02
ACR07279,STU07279,87.68,77.84,63.65,0,69.67,-18.01,2026-10-02
ACR07280,STU07280,65.62,54.36,50.3,0,60.42,-5.2,2026-10-02
ACR07281,STU07281,100.0,92.33,74.22,0,84.33,-15.67,2026-10-02
ACR07282,STU07282,86.75,83.21,71.97,0,80.96,-5.79,2026-10-02
ACR07283,STU07283,86.35,66.32,68.82,0,70.49,-15.86,2026-10-02
ACR07284,STU07284,75.18,74.29,44.15,0,76.38,1.2,2026-10-02
ACR07285,STU07285,55.95,63.2,53.17,1,49.17,-6.78,2026-10-02
ACR07286,STU07286,100.0,95.67,81.84,0,84.23,-15.77,2026-10-02
ACR07287,STU07287,100.0,100.0,87.18,0,86.11,-13.89,2026-10-02
ACR07288,STU07288,78.89,82.1,58.97,0,66.39,-12.5,2026-10-02
ACR07289,STU07289,65.57,73.73,71.31,0,63.85,-1.72,2026-10-02
ACR07290,STU07290,80.26,70.39,58.94,0,70.29,-9.97,2026-10-02
ACR07291,STU07291,86.71,80.74,64.03,0,74.42,-12.29,2026-10-02
ACR07292,STU07292,74.49,62.93,71.15,0,67.12,-7.37,2026-10-02
ACR07293,STU07293,74.63,66.46,47.45,0,61.66,-12.97,2026-10-02
ACR07294,STU07294,71.84,68.28,60.29,0,65.9,-5.94,2026-10-02
ACR07295,STU07295,60.49,57.71,60.24,0,51.55,-8.94,2026-10-02
ACR07296,STU07296,60.75,57.88,47.57,2,54.86,-5.89,2026-10-02
ACR07297,STU07297,67.99,69.81,66.64,0,66.46,-1.53,2026-10-02
ACR07298,STU07298,37.26,54.08,35.04,2,35.66,-1.6,2026-10-02
ACR07299,STU07299,50.09,59.06,55.05,1,51.06,0.97,2026-10-02
ACR07300,STU07300,100.0,86.36,90.49,0,93.61,-6.39,2026-10-02
ACR07301,STU07301,61.15,57.29,68.25,0,66.74,5.59,2026-10-02
ACR07302,STU07302,100.0,92.04,87.64,0,95.28,-4.72,2026-10-02
ACR07303,STU07303,100.0,92.95,77.14,0,83.6,-16.4,2026-10-02
ACR07304,STU07304,70.57,59.39,57.64,1,69.16,-1.41,2026-10-02
ACR07305,STU07305,78.74,79.45,62.8,0,69.07,-9.67,2026-10-02
ACR07306,STU07306,57.06,60.47,62.61,0,61.6,4.54,2026-10-02
ACR07307,STU07307,66.08,74.37,68.5,3,66.78,0.7,2026-10-02
ACR07308,STU07308,61.19,59.9,50.61,0,64.42,3.23,2026-10-02
ACR07309,STU07309,67.05,60.95,53.11,1,51.95,-15.1,2026-10-02
ACR07310,STU07310,71.95,56.07,64.49,0,63.44,-8.51,2026-10-02
ACR07311,STU07311,44.79,52.06,45.56,2,44.88,0.09,2026-10-02
ACR07312,STU07312,70.73,70.61,58.61,0,67.95,-2.78,2026-10-02
ACR07313,STU07313,56.51,45.79,45.01,0,45.14,-11.37,2026-10-02
ACR07314,STU07314,67.54,55.7,55.62,0,55.95,-11.59,2026-10-02
ACR07315,STU07315,87.59,82.0,72.96,0,79.78,-7.81,2026-10-02
ACR07316,STU07316,50.57,63.61,31.53,4,35.53,-15.04,2026-10-02
ACR07317,STU07317,100.0,90.3,86.2,0,85.26,-14.74,2026-10-02
ACR07318,STU07318,79.82,68.1,69.61,0,74.58,-5.24,2026-10-02
ACR07319,STU07319,98.57,95.61,86.59,0,87.51,-11.06,2026-10-02
ACR07320,STU07320,74.26,70.65,67.66,0,65.79,-8.47,2026-10-02
ACR07321,STU07321,81.28,79.56,58.39,0,68.33,-12.95,2026-10-02
ACR07322,STU07322,96.25,72.51,70.74,0,75.29,-20.96,2026-10-02
ACR07323,STU07323,72.1,67.8,68.63,0,76.99,4.89,2026-10-02
ACR07324,STU07324,61.08,62.08,51.22,0,54.47,-6.61,2026-10-02
ACR07325,STU07325,63.19,64.45,68.43,0,64.52,1.33,2026-10-02
ACR07326,STU07326,49.46,45.84,40.38,0,54.72,5.26,2026-10-02
ACR07327,STU07327,73.01,82.04,74.78,0,80.83,7.82,2026-10-02
ACR07328,STU07328,98.03,81.33,88.54,0,89.45,-8.58,2026-10-02
ACR07329,STU07329,91.32,95.28,68.48,0,74.94,-16.38,2026-10-02
ACR07330,STU07330,54.84,56.29,47.66,0,50.15,-4.69,2026-10-02
ACR07331,STU07331,60.9,57.07,70.02,0,62.26,1.36,2026-10-02
ACR07332,STU07332,50.84,43.91,40.79,1,44.88,-5.96,2026-10-02
ACR07333,STU07333,89.72,72.94,78.25,0,82.19,-7.53,2026-10-02
ACR07334,STU07334,69.4,77.27,63.27,0,69.37,-0.03,2026-10-02
ACR07335,STU07335,70.83,80.3,64.36,0,71.97,1.14,2026-10-02
ACR07336,STU07336,72.69,52.51,55.74,0,64.42,-8.27,2026-10-02
ACR07337,STU07337,72.27,64.12,71.86,0,57.57,-14.7,2026-10-02
ACR07338,STU07338,95.94,76.0,76.7,0,77.37,-18.57,2026-10-02
ACR07339,STU07339,85.58,70.12,76.34,0,73.03,-12.55,2026-10-02
ACR07340,STU07340,31.91,43.76,45.2,4,31.97,0.06,2026-10-02
ACR07341,STU07341,73.23,85.22,62.7,0,66.05,-7.18,2026-10-02
ACR07342,STU07342,77.28,66.52,60.71,0,64.91,-12.37,2026-10-02
ACR07343,STU07343,85.29,100.0,76.96,0,85.59,0.3,2026-10-02
ACR07344,STU07344,100.0,100.0,100.0,0,98.78,-1.22,2026-10-02
ACR07345,STU07345,66.89,65.95,71.92,0,67.97,1.08,2026-10-02
ACR07346,STU07346,84.18,60.32,63.87,0,70.02,-14.16,2026-10-02
ACR07347,STU07347,58.6,75.49,55.3,1,69.71,11.11,2026-10-02
ACR07348,STU07348,52.52,42.79,40.97,1,44.28,-8.24,2026-10-02
ACR07349,STU07349,73.19,70.11,58.58,1,64.4,-8.79,2026-10-02
ACR07350,STU07350,61.78,60.91,60.95,0,59.51,-2.27,2026-10-02
ACR07351,STU07351,63.36,70.16,33.69,0,50.51,-12.85,2026-10-02
ACR07352,STU07352,66.58,70.07,63.77,0,71.09,4.51,2026-10-02
ACR07353,STU07353,68.75,60.2,63.8,0,65.85,-2.9,2026-10-02
ACR07354,STU07354,69.41,57.42,60.96,0,65.15,-4.26,2026-10-02
ACR07355,STU07355,52.06,54.38,58.31,0,56.06,4.0,2026-10-02
ACR07356,STU07356,50.7,65.88,53.22,1,52.07,1.37,2026-10-02
ACR07357,STU07357,77.03,69.74,77.47,0,71.73,-5.3,2026-10-02
ACR07358,STU07358,68.77,68.17,66.14,1,59.88,-8.89,2026-10-02
ACR07359,STU07359,100.0,79.32,96.94,0,86.57,-13.43,2026-10-02
ACR07360,STU07360,63.44,61.76,57.56,0,51.84,-11.6,2026-10-02
ACR07361,STU07361,98.59,100.0,89.0,0,84.73,-13.86,2026-10-02
ACR07362,STU07362,77.4,63.39,45.09,0,61.29,-16.11,2026-10-02
ACR07363,STU07363,65.49,70.42,68.09,0,69.28,3.79,2026-10-02
ACR07364,STU07364,85.11,83.3,73.83,0,70.64,-14.47,2026-10-02
ACR07365,STU07365,100.0,91.91,100.0,0,100.0,0.0,2026-10-02
ACR07366,STU07366,61.0,70.71,52.16,0,58.9,-2.1,2026-10-02
ACR07367,STU07367,96.57,98.45,90.03,0,87.99,-8.58,2026-10-02
ACR07368,STU07368,94.22,87.27,88.86,0,84.07,-10.15,2026-10-02
ACR07369,STU07369,94.88,80.81,74.51,0,80.39,-14.49,2026-10-02
ACR07370,STU07370,73.2,52.69,63.83,0,61.41,-11.79,2026-10-02
ACR07371,STU07371,60.78,74.33,51.98,1,55.01,-5.77,2026-10-02
ACR07372,STU07372,72.49,61.03,76.29,0,64.61,-7.88,2026-10-02
ACR07373,STU07373,34.49,35.87,39.47,3,24.15,-10.34,2026-10-02
ACR07374,STU07374,84.9,83.8,78.69,0,84.11,-0.79,2026-10-02
ACR07375,STU07375,92.48,80.0,77.42,0,79.44,-13.04,2026-10-02
ACR07376,STU07376,66.05,79.99,57.1,0,65.03,-1.02,2026-10-02
ACR07377,STU07377,91.61,91.42,73.12,0,77.72,-13.89,2026-10-02
ACR07378,STU07378,78.06,72.99,65.5,0,72.06,-6.0,2026-10-02
ACR07379,STU07379,78.68,73.19,78.91,0,67.91,-10.77,2026-10-02
ACR07380,STU07380,51.45,49.48,49.58,0,62.48,11.03,2026-10-02
ACR07381,STU07381,58.02,63.08,52.99,1,54.74,-3.28,2026-10-02
ACR07382,STU07382,77.47,67.75,64.17,0,66.64,-10.83,2026-10-02
ACR07383,STU07383,81.61,69.87,64.66,0,60.3,-21.31,2026-10-02
ACR07384,STU07384,49.47,51.04,56.43,3,59.36,9.89,2026-10-02
ACR07385,STU07385,71.78,54.8,48.41,0,62.65,-9.13,2026-10-02
ACR07386,STU07386,100.0,100.0,100.0,0,99.23,-0.77,2026-10-02
ACR07387,STU07387,70.46,81.16,51.26,0,64.32,-6.14,2026-10-02
ACR07388,STU07388,56.06,68.17,54.85,2,55.89,-0.17,2026-10-02
ACR07389,STU07389,71.25,53.69,58.38,0,61.62,-9.63,2026-10-02
ACR07390,STU07390,80.28,65.59,59.57,0,64.74,-15.54,2026-10-02
ACR07391,STU07391,52.26,55.55,56.39,2,43.73,-8.53,2026-10-02
ACR07392,STU07392,82.91,84.67,90.19,0,73.05,-9.86,2026-10-02
ACR07393,STU07393,81.44,76.25,59.54,0,79.94,-1.5,2026-10-02
ACR07394,STU07394,90.89,84.62,70.95,0,78.88,-12.01,2026-10-02
ACR07395,STU07395,68.1,65.27,64.79,0,71.63,3.53,2026-10-02
ACR07396,STU07396,90.92,77.84,63.74,0,80.78,-10.14,2026-10-02
ACR07397,STU07397,78.56,92.5,80.37,0,71.29,-7.27,2026-10-02
ACR07398,STU07398,87.35,81.81,85.04,0,77.37,-9.98,2026-10-02
ACR07399,STU07399,96.84,86.54,84.43,0,84.53,-12.31,2026-10-02
ACR07400,STU07400,74.18,85.55,63.82,0,75.66,1.48,2026-10-02
ACR07401,STU07401,97.17,89.33,86.31,0,85.79,-11.38,2026-10-02
ACR07402,STU07402,45.61,39.23,36.15,1,38.21,-7.4,2026-10-02
ACR07403,STU07403,90.58,88.23,91.39,0,79.13,-11.45,2026-10-02
ACR07404,STU07404,83.97,76.1,66.07,0,78.64,-5.33,2026-10-02
ACR07405,STU07405,100.0,90.36,88.83,0,75.33,-24.67,2026-10-02
ACR07406,STU07406,83.71,80.44,69.39,0,74.76,-8.95,2026-10-02
ACR07407,STU07407,66.44,53.78,51.01,0,55.41,-11.03,2026-10-02
ACR07408,STU07408,70.72,73.42,46.7,0,64.09,-6.63,2026-10-02
ACR07409,STU07409,87.88,74.02,64.0,0,72.58,-15.3,2026-10-02
ACR07410,STU07410,85.15,83.1,80.21,0,80.71,-4.44,2026-10-02
ACR07411,STU07411,62.47,63.77,58.02,0,56.17,-6.3,2026-10-02
ACR07412,STU07412,74.29,68.91,61.68,1,62.13,-12.16,2026-10-02
ACR07413,STU07413,90.49,85.26,84.86,0,86.18,-4.31,2026-10-02
ACR07414,STU07414,61.6,63.72,57.33,0,57.74,-3.86,2026-10-02
ACR07415,STU07415,96.05,79.91,88.85,0,78.48,-17.57,2026-10-02
ACR07416,STU07416,92.6,81.08,83.09,0,81.01,-11.59,2026-10-02
ACR07417,STU07417,100.0,100.0,91.19,0,88.05,-11.95,2026-10-02
ACR07418,STU07418,67.49,64.45,54.42,0,64.61,-2.88,2026-10-02
ACR07419,STU07419,81.44,66.35,70.57,0,62.13,-19.31,2026-10-02
ACR07420,STU07420,30.41,39.33,44.64,1,36.27,5.86,2026-10-02
ACR07421,STU07421,73.98,64.11,69.81,0,71.92,-2.06,2026-10-02
ACR07422,STU07422,72.25,63.53,57.69,0,61.85,-10.4,2026-10-02
ACR07423,STU07423,79.6,80.13,60.08,0,67.88,-11.72,2026-10-02
ACR07424,STU07424,58.15,55.01,52.41,1,51.82,-6.33,2026-10-02
ACR07425,STU07425,88.2,85.55,83.42,0,76.36,-11.84,2026-10-02
ACR07426,STU07426,88.64,85.52,82.65,0,80.7,-7.94,2026-10-02
ACR07427,STU07427,51.1,52.45,51.63,0,44.9,-6.2,2026-10-02
ACR07428,STU07428,34.04,36.38,27.96,3,37.59,3.55,2026-10-02
ACR07429,STU07429,55.96,60.25,57.81,0,46.01,-9.95,2026-10-02
ACR07430,STU07430,64.13,64.17,71.84,0,60.84,-3.29,2026-10-02
ACR07431,STU07431,100.0,93.33,74.41,0,87.08,-12.92,2026-10-02
ACR07432,STU07432,51.69,61.05,64.18,1,50.02,-1.67,2026-10-02
ACR07433,STU07433,84.06,83.0,60.38,0,70.28,-13.78,2026-10-02
ACR07434,STU07434,73.75,71.71,61.02,1,62.82,-10.93,2026-10-02
ACR07435,STU07435,74.74,87.13,74.26,0,78.37,3.63,2026-10-02
ACR07436,STU07436,90.64,79.35,65.97,0,75.57,-15.07,2026-10-02
ACR07437,STU07437,85.18,81.33,90.88,0,79.12,-6.06,2026-10-02
ACR07438,STU07438,76.06,82.28,60.44,0,67.55,-8.51,2026-10-02
ACR07439,STU07439,65.94,59.67,49.46,2,61.99,-3.95,2026-10-02
ACR07440,STU07440,56.32,59.65,39.13,0,52.49,-3.83,2026-10-02
ACR07441,STU07441,59.11,75.5,63.01,1,66.15,7.04,2026-10-02
ACR07442,STU07442,98.57,96.72,85.99,0,91.07,-7.5,2026-10-02
ACR07443,STU07443,40.85,55.25,50.54,0,43.15,2.3,2026-10-02
ACR07444,STU07444,82.39,69.9,74.21,0,66.87,-15.52,2026-10-02
ACR07445,STU07445,67.02,61.85,61.45,0,65.34,-1.68,2026-10-02
ACR07446,STU07446,100.0,97.01,72.09,0,77.58,-22.42,2026-10-02
ACR07447,STU07447,42.79,38.89,35.73,1,38.27,-4.52,2026-10-02
ACR07448,STU07448,85.34,80.47,76.61,0,84.86,-0.48,2026-10-02
ACR07449,STU07449,77.36,64.87,62.48,0,68.97,-8.39,2026-10-02
ACR07450,STU07450,69.3,67.85,67.07,0,64.93,-4.37,2026-10-02
ACR07451,STU07451,90.24,66.56,64.43,0,84.41,-5.83,2026-10-02
ACR07452,STU07452,91.62,71.65,79.42,0,83.34,-8.28,2026-10-02
ACR07453,STU07453,94.01,75.09,77.66,0,78.71,-15.3,2026-10-02
ACR07454,STU07454,47.6,44.78,47.86,2,41.32,-6.28,2026-10-02
ACR07455,STU07455,72.94,74.18,67.18,0,73.86,0.92,2026-10-02
ACR07456,STU07456,76.01,78.21,55.02,0,73.12,-2.89,2026-10-02
ACR07457,STU07457,60.85,66.57,53.19,2,53.06,-7.79,2026-10-02
ACR07458,STU07458,74.44,65.63,65.79,0,59.43,-15.01,2026-10-02
ACR07459,STU07459,93.99,74.5,72.41,0,76.69,-17.3,2026-10-02
ACR07460,STU07460,100.0,88.58,76.76,0,94.27,-5.73,2026-10-02
ACR07461,STU07461,83.43,81.62,80.74,0,70.31,-13.12,2026-10-02
ACR07462,STU07462,70.0,88.82,75.06,1,76.64,6.64,2026-10-02
ACR07463,STU07463,46.2,64.43,65.88,1,53.94,7.74,2026-10-02
ACR07464,STU07464,67.01,56.52,54.4,0,62.06,-4.95,2026-10-02
ACR07465,STU07465,82.65,91.45,81.54,0,84.34,1.69,2026-10-02
ACR07466,STU07466,65.84,56.1,62.63,0,61.39,-4.45,2026-10-02
ACR07467,STU07467,66.01,57.62,46.55,0,56.49,-9.52,2026-10-02
ACR07468,STU07468,81.58,87.72,68.27,0,78.32,-3.26,2026-10-02
ACR07469,STU07469,62.18,50.15,45.82,0,53.7,-8.48,2026-10-02
ACR07470,STU07470,74.11,60.84,57.25,0,60.71,-13.4,2026-10-02
ACR07471,STU07471,83.82,84.69,83.62,0,83.93,0.11,2026-10-02
ACR07472,STU07472,100.0,97.36,94.0,0,93.82,-6.18,2026-10-02
ACR07473,STU07473,84.2,66.87,65.83,0,67.97,-16.23,2026-10-02
ACR07474,STU07474,98.93,78.85,83.57,0,81.95,-16.98,2026-10-02
ACR07475,STU07475,95.19,79.33,81.43,0,84.78,-10.41,2026-10-02
ACR07476,STU07476,100.0,92.38,79.29,0,93.52,-6.48,2026-10-02
ACR07477,STU07477,68.81,67.7,73.55,1,59.65,-9.16,2026-10-02
ACR07478,STU07478,53.47,62.41,53.19,0,52.17,-1.3,2026-10-02
ACR07479,STU07479,66.96,57.09,66.52,1,53.58,-13.38,2026-10-02
ACR07480,STU07480,64.1,66.71,67.44,1,62.61,-1.49,2026-10-02
ACR07481,STU07481,76.32,76.35,65.73,0,62.27,-14.05,2026-10-02
ACR07482,STU07482,59.83,63.27,78.39,1,69.66,9.83,2026-10-02
ACR07483,STU07483,77.62,83.93,66.89,0,65.74,-11.88,2026-10-02
ACR07484,STU07484,73.31,64.19,67.42,0,71.63,-1.68,2026-10-02
ACR07485,STU07485,89.5,83.98,89.92,0,83.75,-5.75,2026-10-02
ACR07486,STU07486,70.82,66.59,54.46,0,57.51,-13.31,2026-10-02
ACR07487,STU07487,73.53,68.33,64.27,0,65.02,-8.51,2026-10-02
ACR07488,STU07488,60.23,63.78,63.2,1,65.4,5.17,2026-10-02
ACR07489,STU07489,70.01,69.1,55.92,0,65.58,-4.43,2026-10-02
ACR07490,STU07490,63.54,54.12,56.94,0,50.61,-12.93,2026-10-02
ACR07491,STU07491,70.79,62.46,53.29,0,58.38,-12.41,2026-10-02
ACR07492,STU07492,77.85,78.59,59.97,0,82.12,4.27,2026-10-02
ACR07493,STU07493,82.68,79.52,81.64,0,79.78,-2.9,2026-10-02
ACR07494,STU07494,67.2,61.43,49.02,0,67.36,0.16,2026-10-02
ACR07495,STU07495,62.31,56.69,66.83,0,51.54,-10.77,2026-10-02
ACR07496,STU07496,88.79,92.52,90.56,0,90.39,1.6,2026-10-02
ACR07497,STU07497,91.25,85.09,81.65,0,80.92,-10.33,2026-10-02
ACR07498,STU07498,88.61,76.73,75.16,0,79.81,-8.8,2026-10-02
ACR07499,STU07499,59.97,53.32,69.94,0,46.84,-13.13,2026-10-02
ACR07500,STU07500,59.2,78.26,57.59,3,59.2,0.0,2026-10-02
ACR07501,STU07501,55.04,48.61,35.01,2,50.49,-4.55,2026-10-02
ACR07502,STU07502,51.12,62.98,49.1,2,51.07,-0.05,2026-10-02
ACR07503,STU07503,79.6,75.27,57.72,0,72.98,-6.62,2026-10-02
ACR07504,STU07504,85.42,80.36,66.28,0,81.33,-4.09,2026-10-02
ACR07505,STU07505,100.0,100.0,83.06,0,86.2,-13.8,2026-10-02
ACR07506,STU07506,57.18,59.05,49.9,0,49.08,-8.1,2026-10-02
ACR07507,STU07507,42.45,35.23,47.1,0,39.0,-3.45,2026-10-02
ACR07508,STU07508,100.0,100.0,100.0,0,100.0,0.0,2026-10-02
ACR07509,STU07509,79.61,87.36,80.27,0,76.93,-2.68,2026-10-02
ACR07510,STU07510,99.59,87.73,87.48,0,84.07,-15.52,2026-10-02
ACR07511,STU07511,70.1,63.34,71.61,0,71.2,1.1,2026-10-02
ACR07512,STU07512,100.0,100.0,81.44,0,83.24,-16.76,2026-10-02
ACR07513,STU07513,57.3,61.04,61.5,0,51.9,-5.4,2026-10-02
ACR07514,STU07514,69.02,67.43,57.13,0,67.65,-1.37,2026-10-02
ACR07515,STU07515,74.58,76.86,72.49,0,63.67,-10.91,2026-10-02
ACR07516,STU07516,57.82,74.52,59.85,0,53.47,-4.35,2026-10-02
ACR07517,STU07517,70.22,90.89,62.51,1,68.17,-2.05,2026-10-02
ACR07518,STU07518,81.16,83.24,67.14,0,74.16,-7.0,2026-10-02
ACR07519,STU07519,54.02,56.68,51.49,2,47.27,-6.75,2026-10-02
ACR07520,STU07520,90.25,90.72,79.67,0,87.84,-2.41,2026-10-02
ACR07521,STU07521,100.0,100.0,91.77,0,84.07,-15.93,2026-10-02
ACR07522,STU07522,79.14,75.52,69.75,0,80.35,1.21,2026-10-02
ACR07523,STU07523,88.65,80.41,76.89,0,73.03,-15.62,2026-10-02
ACR07524,STU07524,66.69,75.71,56.85,0,62.23,-4.46,2026-10-02
ACR07525,STU07525,69.78,72.73,67.16,2,64.52,-5.26,2026-10-02
ACR07526,STU07526,99.87,82.5,76.52,0,84.21,-15.66,2026-10-02
ACR07527,STU07527,76.88,53.67,48.26,0,56.62,-20.26,2026-10-02
ACR07528,STU07528,64.08,57.58,60.96,0,54.89,-9.19,2026-10-02
ACR07529,STU07529,65.04,69.1,59.0,0,59.41,-5.63,2026-10-02
ACR07530,STU07530,61.11,51.13,55.36,0,53.7,-7.41,2026-10-02
ACR07531,STU07531,59.11,81.27,61.18,0,52.51,-6.6,2026-10-02
ACR07532,STU07532,69.39,69.59,80.15,0,66.23,-3.16,2026-10-02
ACR07533,STU07533,90.12,85.01,64.07,0,95.86,5.74,2026-10-02
ACR07534,STU07534,75.53,72.02,62.85,0,61.52,-14.01,2026-10-02
ACR07535,STU07535,56.97,59.85,51.79,1,56.59,-0.38,2026-10-02
ACR07536,STU07536,79.26,59.25,60.96,0,61.36,-17.9,2026-10-02
ACR07537,STU07537,84.8,73.61,70.8,0,62.61,-22.19,2026-10-02
ACR07538,STU07538,52.78,65.8,52.64,1,54.79,2.01,2026-10-02
ACR07539,STU07539,85.73,89.49,85.45,0,90.44,4.71,2026-10-02
ACR07540,STU07540,87.32,83.52,73.21,0,82.28,-5.04,2026-10-02
ACR07541,STU07541,34.0,35.81,38.82,2,40.57,6.57,2026-10-02
ACR07542,STU07542,98.34,84.04,82.22,0,87.97,-10.37,2026-10-02
ACR07543,STU07543,78.52,91.29,76.09,0,76.55,-1.97,2026-10-02
ACR07544,STU07544,100.0,100.0,80.36,0,86.55,-13.45,2026-10-02
ACR07545,STU07545,88.38,79.83,78.81,0,78.3,-10.08,2026-10-02
ACR07546,STU07546,100.0,93.96,80.67,0,93.36,-6.64,2026-10-02
ACR07547,STU07547,87.69,82.12,69.23,0,73.43,-14.26,2026-10-02
ACR07548,STU07548,90.02,100.0,73.68,0,86.12,-3.9,2026-10-02
ACR07549,STU07549,76.62,79.75,67.15,0,66.85,-9.77,2026-10-02
ACR07550,STU07550,99.22,91.57,89.34,0,85.68,-13.54,2026-10-02
ACR07551,STU07551,46.65,65.38,64.1,0,54.59,7.94,2026-10-02
ACR07552,STU07552,77.44,69.23,52.93,0,65.63,-11.81,2026-10-02
ACR07553,STU07553,99.44,93.36,76.31,0,88.36,-11.08,2026-10-02
ACR07554,STU07554,84.67,81.95,67.92,0,68.15,-16.52,2026-10-02
ACR07555,STU07555,92.94,98.89,84.3,0,85.69,-7.25,2026-10-02
ACR07556,STU07556,62.53,71.96,64.03,1,65.91,3.38,2026-10-02
ACR07557,STU07557,71.73,84.51,64.9,0,75.48,3.75,2026-10-02
ACR07558,STU07558,70.67,85.48,60.08,0,73.97,3.3,2026-10-02
ACR07559,STU07559,88.2,71.25,61.75,0,85.74,-2.46,2026-10-02
ACR07560,STU07560,70.58,66.58,66.72,0,67.43,-3.15,2026-10-02
ACR07561,STU07561,100.0,100.0,74.65,0,97.05,-2.95,2026-10-02
ACR07562,STU07562,78.35,71.07,70.69,0,73.91,-4.44,2026-10-02
ACR07563,STU07563,96.4,85.6,80.24,0,78.77,-17.63,2026-10-02
ACR07564,STU07564,86.6,75.17,76.98,0,73.59,-13.01,2026-10-02
ACR07565,STU07565,100.0,100.0,100.0,0,92.7,-7.3,2026-10-02
ACR07566,STU07566,100.0,97.27,98.55,0,92.93,-7.07,2026-10-02
ACR07567,STU07567,61.56,75.32,54.89,0,63.38,1.82,2026-10-02
ACR07568,STU07568,70.98,69.47,63.17,0,66.03,-4.95,2026-10-02
ACR07569,STU07569,48.78,49.61,45.49,2,45.74,-3.04,2026-10-02
ACR07570,STU07570,86.58,79.1,76.77,0,73.62,-12.96,2026-10-02
ACR07571,STU07571,82.45,63.82,77.1,0,74.34,-8.11,2026-10-02
ACR07572,STU07572,100.0,100.0,88.01,0,94.7,-5.3,2026-10-02
ACR07573,STU07573,100.0,88.56,72.05,0,79.28,-20.72,2026-10-02
ACR07574,STU07574,75.7,69.87,60.71,0,80.45,4.75,2026-10-02
ACR07575,STU07575,84.45,80.01,78.55,0,65.53,-18.92,2026-10-02
ACR07576,STU07576,66.73,73.17,70.84,0,58.81,-7.92,2026-10-02
ACR07577,STU07577,63.51,56.51,76.47,0,64.91,1.4,2026-10-02
ACR07578,STU07578,90.03,75.42,75.92,0,79.45,-10.58,2026-10-02
ACR07579,STU07579,92.84,70.32,70.6,0,66.11,-26.73,2026-10-02
ACR07580,STU07580,78.69,75.44,68.61,0,67.84,-10.85,2026-10-02
ACR07581,STU07581,65.42,63.6,47.32,0,64.31,-1.11,2026-10-02
ACR07582,STU07582,44.81,66.59,55.8,0,46.6,1.79,2026-10-02
ACR07583,STU07583,52.88,42.59,42.66,0,57.07,4.19,2026-10-02
ACR07584,STU07584,72.46,77.71,69.39,0,69.44,-3.02,2026-10-02
ACR07585,STU07585,100.0,81.57,73.53,0,88.68,-11.32,2026-10-02
ACR07586,STU07586,46.42,36.54,53.1,0,43.04,-3.38,2026-10-02
ACR07587,STU07587,73.07,73.49,65.19,0,68.81,-4.26,2026-10-02
ACR07588,STU07588,94.71,76.08,80.27,0,79.69,-15.02,2026-10-02
ACR07589,STU07589,84.19,90.96,92.56,0,88.88,4.69,2026-10-02
ACR07590,STU07590,86.58,81.68,58.0,0,73.11,-13.47,2026-10-02
ACR07591,STU07591,99.23,91.43,63.32,0,92.41,-6.82,2026-10-02
ACR07592,STU07592,85.84,89.42,75.27,0,77.92,-7.92,2026-10-02
ACR07593,STU07593,73.07,53.68,62.4,0,64.5,-8.57,2026-10-02
ACR07594,STU07594,71.91,63.85,62.48,0,59.32,-12.59,2026-10-02
ACR07595,STU07595,51.48,53.61,52.08,2,47.49,-3.99,2026-10-02
ACR07596,STU07596,59.87,68.86,58.79,1,58.7,-1.17,2026-10-02
ACR07597,STU07597,100.0,88.17,81.1,0,86.44,-13.56,2026-10-02
ACR07598,STU07598,82.0,74.18,58.04,0,72.05,-9.95,2026-10-02
ACR07599,STU07599,83.8,77.96,73.89,0,72.77,-11.03,2026-10-02
ACR07600,STU07600,75.58,66.99,62.64,1,70.65,-4.93,2026-10-02
ACR07601,STU07601,93.07,75.5,61.14,0,89.11,-3.96,2026-10-02
ACR07602,STU07602,60.12,55.13,57.82,1,57.31,-2.81,2026-10-02
ACR07603,STU07603,83.59,72.44,73.17,0,74.4,-9.19,2026-10-02
ACR07604,STU07604,67.3,87.65,70.42,2,68.19,0.89,2026-10-02
ACR07605,STU07605,70.34,72.24,51.32,1,71.83,1.49,2026-10-02
ACR07606,STU07606,53.34,44.12,29.47,0,54.16,0.82,2026-10-02
ACR07607,STU07607,60.87,55.88,43.41,2,53.16,-7.71,2026-10-02
ACR07608,STU07608,61.27,61.55,66.62,0,63.19,1.92,2026-10-02
ACR07609,STU07609,99.78,100.0,82.51,0,95.44,-4.34,2026-10-02
ACR07610,STU07610,95.87,85.9,76.71,0,78.32,-17.55,2026-10-02
ACR07611,STU07611,96.3,97.86,81.36,0,78.91,-17.39,2026-10-02
ACR07612,STU07612,97.62,91.67,75.79,0,78.08,-19.54,2026-10-02
ACR07613,STU07613,74.15,57.49,59.03,0,68.37,-5.78,2026-10-02
ACR07614,STU07614,57.74,55.06,42.94,0,51.29,-6.45,2026-10-02
ACR07615,STU07615,44.55,63.58,51.1,1,56.13,11.58,2026-10-02
ACR07616,STU07616,85.8,66.04,64.95,0,67.88,-17.92,2026-10-02
ACR07617,STU07617,100.0,96.18,89.7,0,100.0,0.0,2026-10-02
ACR07618,STU07618,47.79,48.8,33.6,0,48.61,0.82,2026-10-02
ACR07619,STU07619,59.89,58.84,69.74,0,59.75,-0.14,2026-10-02
ACR07620,STU07620,71.84,65.26,69.31,0,70.45,-1.39,2026-10-02
ACR07621,STU07621,63.2,53.98,47.13,1,60.03,-3.17,2026-10-02
ACR07622,STU07622,100.0,100.0,96.73,0,99.89,-0.11,2026-10-02
ACR07623,STU07623,81.96,64.62,63.93,0,65.12,-16.84,2026-10-02
ACR07624,STU07624,75.55,74.13,56.35,1,63.8,-11.75,2026-10-02
ACR07625,STU07625,100.0,95.06,99.86,0,91.38,-8.62,2026-10-02
ACR07626,STU07626,100.0,89.58,83.97,0,81.6,-18.4,2026-10-02
ACR07627,STU07627,68.45,66.24,69.93,1,59.54,-8.91,2026-10-02
ACR07628,STU07628,50.56,60.95,68.37,1,56.91,6.35,2026-10-02
ACR07629,STU07629,81.72,84.24,69.19,0,79.45,-2.27,2026-10-02
ACR07630,STU07630,82.04,73.16,64.18,0,62.95,-19.09,2026-10-02
ACR07631,STU07631,69.65,77.06,65.37,0,65.01,-4.64,2026-10-02
ACR07632,STU07632,95.12,77.12,79.8,0,86.97,-8.15,2026-10-02
ACR07633,STU07633,99.69,67.48,85.42,0,81.19,-18.5,2026-10-02
ACR07634,STU07634,81.4,70.34,55.87,0,67.28,-14.12,2026-10-02
ACR07635,STU07635,87.41,94.77,85.75,0,85.88,-1.53,2026-10-02
ACR07636,STU07636,80.71,80.42,68.5,0,74.93,-5.78,2026-10-02
ACR07637,STU07637,79.85,73.95,72.82,2,71.71,-8.14,2026-10-02
ACR07638,STU07638,96.28,73.85,77.52,0,83.33,-12.95,2026-10-02
ACR07639,STU07639,92.01,71.3,75.03,0,74.22,-17.79,2026-10-02
ACR07640,STU07640,100.0,100.0,79.59,0,96.86,-3.14,2026-10-02
ACR07641,STU07641,79.85,73.0,72.49,0,68.57,-11.28,2026-10-02
ACR07642,STU07642,90.53,83.79,68.4,0,75.98,-14.55,2026-10-02
ACR07643,STU07643,58.16,75.52,68.07,0,60.07,1.91,2026-10-02
ACR07644,STU07644,90.44,77.76,68.06,0,68.35,-22.09,2026-10-02
ACR07645,STU07645,79.39,66.91,65.61,0,68.32,-11.07,2026-10-02
ACR07646,STU07646,73.9,84.05,53.22,0,59.47,-14.43,2026-10-02
ACR07647,STU07647,72.6,86.8,60.74,0,74.38,1.78,2026-10-02
ACR07648,STU07648,86.15,82.46,71.33,0,77.91,-8.24,2026-10-02
ACR07649,STU07649,85.11,90.0,82.5,0,84.5,-0.61,2026-10-02
ACR07650,STU07650,72.13,68.8,48.26,0,62.02,-10.11,2026-10-02
ACR07651,STU07651,96.71,85.55,73.2,0,86.97,-9.74,2026-10-02
ACR07652,STU07652,71.17,76.26,66.16,3,66.5,-4.67,2026-10-02
ACR07653,STU07653,79.17,76.68,80.16,0,79.94,0.77,2026-10-02
ACR07654,STU07654,64.23,85.24,59.72,1,71.13,6.9,2026-10-02
ACR07655,STU07655,71.49,83.52,70.57,0,73.66,2.17,2026-10-02
ACR07656,STU07656,88.35,84.97,70.0,0,68.06,-20.29,2026-10-02
ACR07657,STU07657,100.0,80.74,63.31,0,73.35,-26.65,2026-10-02
ACR07658,STU07658,72.42,63.51,63.51,2,62.4,-10.02,2026-10-02
ACR07659,STU07659,100.0,91.73,83.44,0,85.4,-14.6,2026-10-02
ACR07660,STU07660,80.42,69.86,76.07,0,72.81,-7.61,2026-10-02
ACR07661,STU07661,100.0,88.82,76.25,0,86.16,-13.84,2026-10-02
ACR07662,STU07662,67.89,53.91,65.41,0,61.3,-6.59,2026-10-02
ACR07663,STU07663,100.0,100.0,91.36,0,94.32,-5.68,2026-10-02
ACR07664,STU07664,60.45,49.75,58.1,1,61.64,1.19,2026-10-02
ACR07665,STU07665,77.62,82.45,73.62,0,82.45,4.83,2026-10-02
ACR07666,STU07666,88.56,69.32,61.06,0,71.35,-17.21,2026-10-02
ACR07667,STU07667,79.71,78.84,81.69,0,72.36,-7.35,2026-10-02
ACR07668,STU07668,73.01,70.33,53.9,1,61.07,-11.94,2026-10-02
ACR07669,STU07669,78.94,66.8,79.67,0,70.72,-8.22,2026-10-02
ACR07670,STU07670,87.07,56.32,70.16,0,71.05,-16.02,2026-10-02
ACR07671,STU07671,75.83,70.13,63.24,0,70.93,-4.9,2026-10-02
ACR07672,STU07672,85.97,89.53,64.01,0,79.95,-6.02,2026-10-02
ACR07673,STU07673,87.65,85.04,75.42,0,77.7,-9.95,2026-10-02
ACR07674,STU07674,60.93,73.12,63.65,0,61.23,0.3,2026-10-02
ACR07675,STU07675,59.03,79.66,77.18,1,63.98,4.95,2026-10-02
ACR07676,STU07676,73.45,73.29,57.14,2,61.58,-11.87,2026-10-02
ACR07677,STU07677,51.33,50.88,57.47,1,52.64,1.31,2026-10-02
ACR07678,STU07678,79.09,76.9,55.31,0,64.11,-14.98,2026-10-02
ACR07679,STU07679,100.0,89.31,91.09,0,100.0,0.0,2026-10-02
ACR07680,STU07680,58.55,57.19,59.39,0,58.25,-0.3,2026-10-02
ACR07681,STU07681,73.74,70.01,67.87,0,65.03,-8.71,2026-10-02
ACR07682,STU07682,60.61,66.11,51.71,0,55.89,-4.72,2026-10-02
ACR07683,STU07683,76.28,76.53,73.3,0,67.68,-8.6,2026-10-02
ACR07684,STU07684,84.5,87.07,73.65,0,80.19,-4.31,2026-10-02
ACR07685,STU07685,100.0,89.7,79.88,0,93.01,-6.99,2026-10-02
ACR07686,STU07686,69.06,53.2,65.9,1,60.5,-8.56,2026-10-02
ACR07687,STU07687,89.01,79.95,79.59,0,69.93,-19.08,2026-10-02
ACR07688,STU07688,71.52,68.63,66.0,0,75.21,3.69,2026-10-02
ACR07689,STU07689,48.96,52.76,40.94,0,48.43,-0.53,2026-10-02
ACR07690,STU07690,72.43,76.33,65.73,0,68.5,-3.93,2026-10-02
ACR07691,STU07691,55.1,39.47,50.81,3,50.72,-4.38,2026-10-02
ACR07692,STU07692,91.92,81.12,73.51,0,71.49,-20.43,2026-10-02
ACR07693,STU07693,78.2,72.26,54.98,0,58.76,-19.44,2026-10-02
ACR07694,STU07694,96.41,70.84,71.26,0,76.83,-19.58,2026-10-02
ACR07695,STU07695,100.0,100.0,98.32,0,91.12,-8.88,2026-10-02
ACR07696,STU07696,100.0,100.0,91.83,0,96.61,-3.39,2026-10-02
ACR07697,STU07697,90.14,90.45,82.09,0,77.31,-12.83,2026-10-02
ACR07698,STU07698,100.0,98.24,92.49,0,79.73,-20.27,2026-10-02
ACR07699,STU07699,100.0,95.36,85.15,0,90.11,-9.89,2026-10-02
ACR07700,STU07700,100.0,94.62,85.51,0,90.94,-9.06,2026-10-02
ACR07701,STU07701,63.67,60.72,54.63,1,60.93,-2.74,2026-10-02
ACR07702,STU07702,70.22,57.82,65.09,0,65.46,-4.76,2026-10-02
ACR07703,STU07703,79.97,91.83,69.27,0,74.38,-5.59,2026-10-02
ACR07704,STU07704,73.46,81.03,75.35,0,71.54,-1.92,2026-10-02
ACR07705,STU07705,100.0,96.78,75.84,0,91.01,-8.99,2026-10-02
ACR07706,STU07706,98.17,75.37,87.39,0,88.85,-9.32,2026-10-02
ACR07707,STU07707,81.75,77.95,79.99,0,75.19,-6.56,2026-10-02
ACR07708,STU07708,87.85,83.39,73.94,0,76.59,-11.26,2026-10-02
ACR07709,STU07709,81.24,80.3,76.06,0,79.05,-2.19,2026-10-02
ACR07710,STU07710,41.18,69.19,50.04,1,53.24,12.06,2026-10-02
ACR07711,STU07711,80.51,76.06,85.59,0,78.17,-2.34,2026-10-02
ACR07712,STU07712,65.71,65.5,58.0,0,64.7,-1.01,2026-10-02
ACR07713,STU07713,100.0,87.56,72.52,0,80.94,-19.06,2026-10-02
ACR07714,STU07714,62.66,68.67,48.59,2,57.3,-5.36,2026-10-02
ACR07715,STU07715,90.26,85.18,78.49,0,87.62,-2.64,2026-10-02
ACR07716,STU07716,59.96,61.63,63.47,0,63.2,3.24,2026-10-02
ACR07717,STU07717,80.19,68.23,74.05,0,74.6,-5.59,2026-10-02
ACR07718,STU07718,73.8,70.79,63.67,0,64.06,-9.74,2026-10-02
ACR07719,STU07719,47.79,76.47,57.13,3,54.56,6.77,2026-10-02
ACR07720,STU07720,99.03,96.17,73.72,0,80.19,-18.84,2026-10-02
ACR07721,STU07721,100.0,100.0,97.99,0,93.76,-6.24,2026-10-02
ACR07722,STU07722,55.17,64.37,53.54,2,50.38,-4.79,2026-10-02
ACR07723,STU07723,77.66,76.48,66.7,0,61.29,-16.37,2026-10-02
ACR07724,STU07724,66.68,62.03,58.13,0,65.75,-0.93,2026-10-02
ACR07725,STU07725,63.66,67.71,47.18,1,55.04,-8.62,2026-10-02
ACR07726,STU07726,67.6,74.83,57.99,0,60.67,-6.93,2026-10-02
ACR07727,STU07727,61.64,62.0,53.21,0,52.2,-9.44,2026-10-02
ACR07728,STU07728,58.07,71.13,58.35,0,49.34,-8.73,2026-10-02
ACR07729,STU07729,72.74,66.47,66.73,0,72.79,0.05,2026-10-02
ACR07730,STU07730,59.95,55.18,47.89,0,56.93,-3.02,2026-10-02
ACR07731,STU07731,69.32,76.57,69.21,0,68.65,-0.67,2026-10-02
ACR07732,STU07732,69.46,79.54,66.11,0,54.54,-14.92,2026-10-02
ACR07733,STU07733,72.12,54.63,51.5,2,60.88,-11.24,2026-10-02
ACR07734,STU07734,91.51,87.04,91.44,0,84.87,-6.64,2026-10-02
ACR07735,STU07735,85.21,75.28,69.54,0,85.71,0.5,2026-10-02
ACR07736,STU07736,81.14,84.67,77.45,0,79.35,-1.79,2026-10-02
ACR07737,STU07737,95.65,96.52,84.07,0,84.39,-11.26,2026-10-02
ACR07738,STU07738,100.0,93.69,85.02,0,89.43,-10.57,2026-10-02
ACR07739,STU07739,89.9,80.23,64.56,0,73.07,-16.83,2026-10-02
ACR07740,STU07740,87.17,75.63,84.05,0,70.51,-16.66,2026-10-02
ACR07741,STU07741,78.98,77.06,71.74,0,85.34,6.36,2026-10-02
ACR07742,STU07742,100.0,94.14,82.69,0,85.7,-14.3,2026-10-02
ACR07743,STU07743,79.49,78.08,63.66,0,63.34,-16.15,2026-10-02
ACR07744,STU07744,78.8,84.83,75.3,0,75.83,-2.97,2026-10-02
ACR07745,STU07745,85.54,67.74,68.67,0,77.91,-7.63,2026-10-02
ACR07746,STU07746,49.52,52.47,52.48,2,55.41,5.89,2026-10-02
ACR07747,STU07747,95.53,90.35,64.85,0,70.88,-24.65,2026-10-02
ACR07748,STU07748,77.82,62.14,66.62,0,62.71,-15.11,2026-10-02
ACR07749,STU07749,77.5,84.55,76.12,0,78.23,0.73,2026-10-02
ACR07750,STU07750,93.45,86.58,74.79,0,88.52,-4.93,2026-10-02
ACR07751,STU07751,86.62,87.43,77.67,0,76.8,-9.82,2026-10-02
ACR07752,STU07752,100.0,84.13,73.99,0,76.71,-23.29,2026-10-02
ACR07753,STU07753,67.07,59.64,55.69,0,64.92,-2.15,2026-10-02
ACR07754,STU07754,48.6,38.55,41.9,1,38.63,-9.97,2026-10-02
ACR07755,STU07755,82.28,91.26,77.94,0,83.35,1.07,2026-10-02
ACR07756,STU07756,74.5,57.3,66.69,0,61.06,-13.44,2026-10-02
ACR07757,STU07757,71.11,53.56,58.15,0,62.21,-8.9,2026-10-02
ACR07758,STU07758,78.91,73.09,75.5,0,67.89,-11.02,2026-10-02
ACR07759,STU07759,71.09,71.54,56.36,0,52.42,-18.67,2026-10-02
ACR07760,STU07760,63.73,61.2,51.76,1,59.65,-4.08,2026-10-02
ACR07761,STU07761,93.12,82.78,79.37,0,76.13,-16.99,2026-10-02
ACR07762,STU07762,100.0,92.27,78.58,0,88.95,-11.05,2026-10-02
ACR07763,STU07763,79.26,82.82,59.99,0,72.39,-6.87,2026-10-02
ACR07764,STU07764,87.25,69.77,65.26,0,81.27,-5.98,2026-10-02
ACR07765,STU07765,59.43,53.61,60.77,0,59.1,-0.33,2026-10-02
ACR07766,STU07766,72.06,52.76,47.63,0,65.82,-6.24,2026-10-02
ACR07767,STU07767,80.84,75.97,75.32,0,70.96,-9.88,2026-10-02
ACR07768,STU07768,71.87,65.07,61.57,1,62.93,-8.94,2026-10-02
ACR07769,STU07769,96.37,81.68,72.55,0,85.88,-10.49,2026-10-02
ACR07770,STU07770,58.92,60.22,50.69,1,56.47,-2.45,2026-10-02
ACR07771,STU07771,100.0,95.37,80.82,0,87.25,-12.75,2026-10-02
ACR07772,STU07772,87.0,95.14,71.24,0,70.63,-16.37,2026-10-02
ACR07773,STU07773,74.45,74.38,60.48,0,66.72,-7.73,2026-10-02
ACR07774,STU07774,74.74,73.42,78.34,0,67.92,-6.82,2026-10-02
ACR07775,STU07775,78.66,80.25,63.99,0,65.83,-12.83,2026-10-02
ACR07776,STU07776,82.28,77.24,55.64,0,75.65,-6.63,2026-10-02
ACR07777,STU07777,81.12,76.35,75.63,1,75.04,-6.08,2026-10-02
ACR07778,STU07778,82.05,74.74,75.24,0,74.25,-7.8,2026-10-02
ACR07779,STU07779,90.5,99.22,61.71,0,81.05,-9.45,2026-10-02
ACR07780,STU07780,91.76,81.27,76.36,0,85.07,-6.69,2026-10-02
ACR07781,STU07781,81.93,59.84,59.01,0,66.56,-15.37,2026-10-02
ACR07782,STU07782,95.77,95.3,77.65,0,77.78,-17.99,2026-10-02
ACR07783,STU07783,91.5,90.57,69.96,0,79.99,-11.51,2026-10-02
ACR07784,STU07784,84.66,73.79,88.41,0,79.44,-5.22,2026-10-02
ACR07785,STU07785,56.99,58.8,45.85,1,61.26,4.27,2026-10-02
ACR07786,STU07786,97.47,94.73,76.48,0,80.24,-17.23,2026-10-02
ACR07787,STU07787,87.04,72.3,66.98,0,81.23,-5.81,2026-10-02
ACR07788,STU07788,83.52,81.8,68.4,0,75.09,-8.43,2026-10-02
ACR07789,STU07789,69.28,70.62,65.49,0,67.52,-1.76,2026-10-02
ACR07790,STU07790,77.07,75.73,73.61,0,69.55,-7.52,2026-10-02
ACR07791,STU07791,89.83,85.16,72.86,0,77.21,-12.62,2026-10-02
ACR07792,STU07792,100.0,100.0,81.55,0,79.84,-20.16,2026-10-02
ACR07793,STU07793,77.65,83.18,67.15,0,81.61,3.96,2026-10-02
ACR07794,STU07794,72.99,68.16,63.24,0,62.57,-10.42,2026-10-02
ACR07795,STU07795,79.18,80.73,74.18,0,71.23,-7.95,2026-10-02
ACR07796,STU07796,74.97,63.53,53.98,0,64.46,-10.51,2026-10-02
ACR07797,STU07797,40.4,52.83,41.67,1,45.66,5.26,2026-10-02
ACR07798,STU07798,100.0,80.43,83.06,0,93.77,-6.23,2026-10-02
ACR07799,STU07799,79.89,61.64,78.31,0,66.92,-12.97,2026-10-02
ACR07800,STU07800,67.94,90.09,65.62,1,63.62,-4.32,2026-10-02
ACR07801,STU07801,72.36,79.04,76.43,0,80.8,8.44,2026-10-02
ACR07802,STU07802,81.5,89.2,84.91,0,85.34,3.84,2026-10-02
ACR07803,STU07803,46.45,51.41,49.88,1,49.25,2.8,2026-10-02
ACR07804,STU07804,100.0,91.85,95.46,0,85.63,-14.37,2026-10-02
ACR07805,STU07805,75.1,66.71,54.68,0,66.93,-8.17,2026-10-02
ACR07806,STU07806,67.92,69.25,63.21,1,64.96,-2.96,2026-10-02
ACR07807,STU07807,82.58,84.96,60.11,0,71.24,-11.34,2026-10-02
ACR07808,STU07808,59.34,58.84,47.34,1,49.82,-9.52,2026-10-02
ACR07809,STU07809,100.0,75.14,89.88,0,87.55,-12.45,2026-10-02
ACR07810,STU07810,100.0,100.0,98.37,0,95.91,-4.09,2026-10-02
ACR07811,STU07811,91.15,72.6,85.79,0,75.51,-15.64,2026-10-02
ACR07812,STU07812,81.8,80.09,65.94,0,70.11,-11.69,2026-10-02
ACR07813,STU07813,73.58,64.56,61.1,0,66.98,-6.6,2026-10-02
ACR07814,STU07814,72.96,78.08,75.08,1,69.21,-3.75,2026-10-02
ACR07815,STU07815,66.78,54.97,58.27,0,65.03,-1.75,2026-10-02
ACR07816,STU07816,72.2,68.83,48.64,0,58.95,-13.25,2026-10-02
ACR07817,STU07817,84.12,93.73,75.57,0,77.8,-6.32,2026-10-02
ACR07818,STU07818,93.52,76.51,76.32,0,84.61,-8.91,2026-10-02
ACR07819,STU07819,69.8,86.52,62.93,0,64.77,-5.03,2026-10-02
ACR07820,STU07820,73.06,78.66,88.54,0,80.11,7.05,2026-10-02
ACR07821,STU07821,74.36,87.03,77.62,0,79.79,5.43,2026-10-02
ACR07822,STU07822,75.71,71.09,60.12,1,75.98,0.27,2026-10-02
ACR07823,STU07823,52.1,52.06,49.31,1,49.34,-2.76,2026-10-02
ACR07824,STU07824,72.72,62.39,49.81,0,57.05,-15.67,2026-10-02
ACR07825,STU07825,60.06,59.22,52.05,0,57.44,-2.62,2026-10-02
ACR07826,STU07826,100.0,94.21,80.92,0,87.09,-12.91,2026-10-02
ACR07827,STU07827,74.91,77.34,63.41,0,79.84,4.93,2026-10-02
ACR07828,STU07828,92.01,86.86,79.75,0,80.32,-11.69,2026-10-02
ACR07829,STU07829,88.37,82.39,68.76,0,65.36,-23.01,2026-10-02
ACR07830,STU07830,90.64,88.08,88.75,0,88.74,-1.9,2026-10-02
ACR07831,STU07831,88.12,78.7,85.48,0,76.12,-12.0,2026-10-02
ACR07832,STU07832,76.44,78.01,80.57,0,77.96,1.52,2026-10-02
ACR07833,STU07833,70.6,74.24,76.67,0,72.13,1.53,2026-10-02
ACR07834,STU07834,69.85,73.34,74.91,1,66.45,-3.4,2026-10-02
ACR07835,STU07835,67.96,57.6,64.89,1,64.9,-3.06,2026-10-02
ACR07836,STU07836,56.4,69.17,53.87,0,61.67,5.27,2026-10-02
ACR07837,STU07837,100.0,73.58,78.08,0,88.25,-11.75,2026-10-02
ACR07838,STU07838,93.24,73.06,43.41,0,73.29,-19.95,2026-10-02
ACR07839,STU07839,66.36,67.57,67.9,0,66.15,-0.21,2026-10-02
ACR07840,STU07840,48.9,65.85,74.18,1,62.78,13.88,2026-10-02
ACR07841,STU07841,76.27,68.54,60.52,0,65.91,-10.36,2026-10-02
ACR07842,STU07842,89.17,78.12,74.35,0,76.92,-12.25,2026-10-02
ACR07843,STU07843,79.18,79.61,75.02,0,76.94,-2.24,2026-10-02
ACR07844,STU07844,77.28,75.98,66.5,0,74.73,-2.55,2026-10-02
ACR07845,STU07845,100.0,95.73,95.94,0,92.48,-7.52,2026-10-02
ACR07846,STU07846,78.88,75.04,70.87,0,74.55,-4.33,2026-10-02
ACR07847,STU07847,88.98,78.74,91.78,0,80.1,-8.88,2026-10-02
ACR07848,STU07848,98.99,99.01,86.96,0,94.68,-4.31,2026-10-02
ACR07849,STU07849,60.59,46.83,53.38,0,53.14,-7.45,2026-10-02
ACR07850,STU07850,75.0,65.89,72.4,0,63.38,-11.62,2026-10-02
ACR07851,STU07851,49.37,53.1,45.03,0,47.23,-2.14,2026-10-02
ACR07852,STU07852,83.38,89.62,73.03,0,80.07,-3.31,2026-10-02
ACR07853,STU07853,69.37,68.92,60.83,0,68.21,-1.16,2026-10-02
ACR07854,STU07854,59.47,73.89,55.71,0,52.93,-6.54,2026-10-02
ACR07855,STU07855,95.26,91.43,83.97,1,90.54,-4.72,2026-10-02
ACR07856,STU07856,100.0,100.0,86.82,0,97.48,-2.52,2026-10-02
ACR07857,STU07857,79.2,82.94,78.8,0,75.94,-3.26,2026-10-02
ACR07858,STU07858,64.06,56.89,69.42,1,45.29,-18.77,2026-10-02
ACR07859,STU07859,97.27,100.0,93.61,0,96.36,-0.91,2026-10-02
ACR07860,STU07860,64.61,57.45,61.95,1,59.79,-4.82,2026-10-02
ACR07861,STU07861,82.45,78.27,72.74,0,81.13,-1.32,2026-10-02
ACR07862,STU07862,51.36,48.48,50.63,1,46.48,-4.88,2026-10-02
ACR07863,STU07863,48.19,50.61,56.0,1,45.16,-3.03,2026-10-02
ACR07864,STU07864,100.0,100.0,99.21,0,92.23,-7.77,2026-10-02
ACR07865,STU07865,68.81,73.67,73.95,2,68.35,-0.46,2026-10-02
ACR07866,STU07866,87.7,83.28,92.67,0,86.55,-1.15,2026-10-02
ACR07867,STU07867,63.39,84.31,59.72,1,59.76,-3.63,2026-10-02
ACR07868,STU07868,55.0,57.38,48.46,0,58.27,3.27,2026-10-02
ACR07869,STU07869,98.59,100.0,73.79,0,94.08,-4.51,2026-10-02
ACR07870,STU07870,60.42,67.18,47.63,1,50.94,-9.48,2026-10-02
ACR07871,STU07871,100.0,94.88,75.43,0,83.39,-16.61,2026-10-02
ACR07872,STU07872,62.04,60.43,56.63,0,53.46,-8.58,2026-10-02
ACR07873,STU07873,72.23,88.7,70.08,1,72.7,0.47,2026-10-02
ACR07874,STU07874,65.52,78.02,71.87,0,69.54,4.02,2026-10-02
ACR07875,STU07875,80.72,79.3,61.07,0,87.73,7.01,2026-10-02
ACR07876,STU07876,89.13,85.28,68.53,0,78.45,-10.68,2026-10-02
ACR07877,STU07877,89.63,83.29,83.64,0,76.26,-13.37,2026-10-02
ACR07878,STU07878,73.01,54.7,59.58,0,63.29,-9.72,2026-10-02
ACR07879,STU07879,76.62,66.33,67.28,2,64.99,-11.63,2026-10-02
ACR07880,STU07880,91.76,64.92,74.2,0,82.71,-9.05,2026-10-02
ACR07881,STU07881,99.56,84.3,76.8,0,86.2,-13.36,2026-10-02
ACR07882,STU07882,65.92,75.04,61.32,0,52.01,-13.91,2026-10-02
ACR07883,STU07883,64.5,68.42,51.88,0,57.67,-6.83,2026-10-02
ACR07884,STU07884,50.22,48.16,58.68,1,42.35,-7.87,2026-10-02
ACR07885,STU07885,80.01,74.6,68.81,0,74.52,-5.49,2026-10-02
ACR07886,STU07886,88.0,85.98,90.09,0,83.58,-4.42,2026-10-02
ACR07887,STU07887,73.98,77.67,68.73,1,71.92,-2.06,2026-10-02
ACR07888,STU07888,74.3,80.99,75.7,0,68.01,-6.29,2026-10-02
ACR07889,STU07889,55.57,50.57,62.02,0,57.55,1.98,2026-10-02
ACR07890,STU07890,70.27,40.83,58.5,0,56.22,-14.05,2026-10-02
ACR07891,STU07891,86.12,86.95,84.86,0,84.75,-1.37,2026-10-02
ACR07892,STU07892,86.32,87.87,74.65,0,75.0,-11.32,2026-10-02
ACR07893,STU07893,58.05,63.15,64.1,0,63.88,5.83,2026-10-02
ACR07894,STU07894,64.89,68.65,57.5,0,67.49,2.6,2026-10-02
ACR07895,STU07895,64.84,63.27,63.49,0,55.8,-9.04,2026-10-02
ACR07896,STU07896,100.0,96.94,89.87,0,94.85,-5.15,2026-10-02
ACR07897,STU07897,97.85,84.54,78.19,0,72.14,-25.71,2026-10-02
ACR07898,STU07898,80.86,81.91,82.19,0,70.81,-10.05,2026-10-02
ACR07899,STU07899,72.93,69.91,56.54,0,62.61,-10.32,2026-10-02
ACR07900,STU07900,94.06,89.55,76.66,0,86.76,-7.3,2026-10-02
ACR07901,STU07901,63.2,66.87,61.05,0,57.93,-5.27,2026-10-02
ACR07902,STU07902,67.94,67.38,68.69,0,53.98,-13.96,2026-10-02
ACR07903,STU07903,98.09,84.98,83.13,0,74.1,-23.99,2026-10-02
ACR07904,STU07904,84.4,69.19,76.43,0,68.86,-15.54,2026-10-02
ACR07905,STU07905,85.75,72.84,78.71,0,64.51,-21.24,2026-10-02
ACR07906,STU07906,68.69,67.12,57.67,0,67.55,-1.14,2026-10-02
ACR07907,STU07907,55.14,72.39,50.57,0,58.04,2.9,2026-10-02
ACR07908,STU07908,93.18,85.77,77.29,0,87.77,-5.41,2026-10-02
ACR07909,STU07909,79.59,91.36,71.63,0,85.87,6.28,2026-10-02
ACR07910,STU07910,100.0,76.06,92.73,0,90.02,-9.98,2026-10-02
ACR07911,STU07911,69.26,63.82,63.26,0,70.61,1.35,2026-10-02
ACR07912,STU07912,83.77,72.34,75.67,0,79.78,-3.99,2026-10-02
ACR07913,STU07913,91.54,85.48,65.6,0,83.23,-8.31,2026-10-02
ACR07914,STU07914,80.27,75.76,66.36,0,63.78,-16.49,2026-10-02
ACR07915,STU07915,71.74,80.52,70.91,0,77.51,5.77,2026-10-02
ACR07916,STU07916,51.71,57.12,59.97,0,51.86,0.15,2026-10-02
ACR07917,STU07917,96.65,86.21,75.87,0,85.45,-11.2,2026-10-02
ACR07918,STU07918,87.44,85.03,69.51,0,76.98,-10.46,2026-10-02
ACR07919,STU07919,100.0,99.94,99.73,0,100.0,0.0,2026-10-02
ACR07920,STU07920,72.82,78.68,49.84,0,69.58,-3.24,2026-10-02
ACR07921,STU07921,62.13,61.15,52.76,0,49.72,-12.41,2026-10-02
ACR07922,STU07922,88.54,69.79,70.55,0,71.05,-17.49,2026-10-02
ACR07923,STU07923,58.54,52.57,59.61,0,58.1,-0.44,2026-10-02
ACR07924,STU07924,20.77,41.38,35.68,1,34.25,13.48,2026-10-02
ACR07925,STU07925,96.41,84.96,77.38,0,82.74,-13.67,2026-10-02
ACR07926,STU07926,88.24,83.33,61.8,0,75.0,-13.24,2026-10-02
ACR07927,STU07927,79.14,67.32,60.93,0,68.37,-10.77,2026-10-02
ACR07928,STU07928,89.39,76.51,78.33,0,88.05,-1.34,2026-10-02
ACR07929,STU07929,63.36,50.88,46.05,0,51.0,-12.36,2026-10-02
ACR07930,STU07930,90.08,76.29,62.67,0,76.84,-13.24,2026-10-02
ACR07931,STU07931,78.65,67.39,80.4,0,72.28,-6.37,2026-10-02
ACR07932,STU07932,87.43,81.63,80.52,0,75.86,-11.57,2026-10-02
ACR07933,STU07933,92.41,87.82,77.31,0,75.83,-16.58,2026-10-02
ACR07934,STU07934,77.28,76.15,78.61,0,73.7,-3.58,2026-10-02
ACR07935,STU07935,80.48,81.31,62.98,0,64.52,-15.96,2026-10-02
ACR07936,STU07936,92.19,78.89,74.13,0,80.11,-12.08,2026-10-02
ACR07937,STU07937,100.0,86.96,70.18,0,89.0,-11.0,2026-10-02
ACR07938,STU07938,71.11,65.17,61.37,0,65.01,-6.1,2026-10-02
ACR07939,STU07939,59.9,61.09,56.65,0,55.53,-4.37,2026-10-02
ACR07940,STU07940,81.57,80.0,72.13,0,79.43,-2.14,2026-10-02
ACR07941,STU07941,78.78,77.55,86.91,0,71.94,-6.84,2026-10-02
ACR07942,STU07942,72.97,77.77,69.17,0,63.79,-9.18,2026-10-02
ACR07943,STU07943,71.58,60.74,71.68,0,55.48,-16.1,2026-10-02
ACR07944,STU07944,57.31,63.22,57.25,0,54.57,-2.74,2026-10-02
ACR07945,STU07945,73.57,89.4,95.14,0,76.26,2.69,2026-10-02
ACR07946,STU07946,71.84,63.91,82.41,0,68.12,-3.72,2026-10-02
ACR07947,STU07947,83.76,90.41,90.36,0,81.06,-2.7,2026-10-02
ACR07948,STU07948,100.0,87.17,100.0,0,94.89,-5.11,2026-10-02
ACR07949,STU07949,91.9,90.93,83.54,0,89.48,-2.42,2026-10-02
ACR07950,STU07950,71.33,73.79,66.39,0,71.32,-0.01,2026-10-02
ACR07951,STU07951,69.85,73.58,65.89,0,51.63,-18.22,2026-10-02
ACR07952,STU07952,94.08,92.67,79.36,0,80.98,-13.1,2026-10-02
ACR07953,STU07953,79.16,88.93,64.69,0,78.5,-0.66,2026-10-02
ACR07954,STU07954,87.17,68.62,78.95,0,84.22,-2.95,2026-10-02
ACR07955,STU07955,90.42,80.23,69.47,0,74.16,-16.26,2026-10-02
ACR07956,STU07956,79.75,76.28,70.69,2,78.17,-1.58,2026-10-02
ACR07957,STU07957,66.65,61.88,67.74,0,61.98,-4.67,2026-10-02
ACR07958,STU07958,91.06,80.0,78.78,0,73.51,-17.55,2026-10-02
ACR07959,STU07959,72.87,62.63,63.77,0,63.33,-9.54,2026-10-02
ACR07960,STU07960,80.77,95.23,78.25,0,80.02,-0.75,2026-10-02
ACR07961,STU07961,61.55,58.67,46.04,1,52.29,-9.26,2026-10-02
ACR07962,STU07962,87.38,92.46,66.17,0,82.07,-5.31,2026-10-02
ACR07963,STU07963,86.94,75.46,69.1,1,76.49,-10.45,2026-10-02
ACR07964,STU07964,62.12,68.62,61.92,1,60.54,-1.58,2026-10-02
ACR07965,STU07965,100.0,100.0,92.57,0,97.73,-2.27,2026-10-02
ACR07966,STU07966,59.04,44.15,31.6,1,51.41,-7.63,2026-10-02
ACR07967,STU07967,90.11,76.4,62.27,0,71.67,-18.44,2026-10-02
ACR07968,STU07968,86.06,64.12,61.45,0,62.07,-23.99,2026-10-02
ACR07969,STU07969,75.1,80.11,80.0,0,80.25,5.15,2026-10-02
ACR07970,STU07970,100.0,97.1,88.48,0,89.13,-10.87,2026-10-02
ACR07971,STU07971,83.13,90.72,69.79,0,74.43,-8.7,2026-10-02
ACR07972,STU07972,70.02,59.68,55.65,0,64.63,-5.39,2026-10-02
ACR07973,STU07973,100.0,100.0,95.16,0,88.49,-11.51,2026-10-02
ACR07974,STU07974,62.67,58.92,51.96,2,49.28,-13.39,2026-10-02
ACR07975,STU07975,61.69,71.34,68.33,0,59.59,-2.1,2026-10-02
ACR07976,STU07976,64.85,67.2,59.78,0,57.15,-7.7,2026-10-02
ACR07977,STU07977,51.08,54.64,39.48,0,39.52,-11.56,2026-10-02
ACR07978,STU07978,100.0,100.0,100.0,0,96.53,-3.47,2026-10-02
ACR07979,STU07979,90.54,92.7,78.85,0,85.36,-5.18,2026-10-02
ACR07980,STU07980,75.23,75.37,60.85,0,68.22,-7.01,2026-10-02
ACR07981,STU07981,41.53,61.97,32.58,2,43.79,2.26,2026-10-02
ACR07982,STU07982,64.45,68.8,54.69,0,63.0,-1.45,2026-10-02
ACR07983,STU07983,46.36,66.55,55.76,1,53.93,7.57,2026-10-02
ACR07984,STU07984,73.93,79.32,65.65,0,70.01,-3.92,2026-10-02
ACR07985,STU07985,68.95,51.13,55.1,0,60.97,-7.98,2026-10-02
ACR07986,STU07986,66.34,92.61,68.56,0,75.05,8.71,2026-10-02
ACR07987,STU07987,80.11,80.68,72.57,0,73.44,-6.67,2026-10-02
ACR07988,STU07988,100.0,100.0,95.35,0,90.66,-9.34,2026-10-02
ACR07989,STU07989,52.84,52.45,56.03,0,55.76,2.92,2026-10-02
ACR07990,STU07990,60.99,42.29,48.48,0,56.06,-4.93,2026-10-02
ACR07991,STU07991,58.23,52.4,58.82,1,65.57,7.34,2026-10-02
ACR07992,STU07992,77.77,69.82,53.59,1,57.09,-20.68,2026-10-02
ACR07993,STU07993,86.1,79.04,67.02,1,68.92,-17.18,2026-10-02
ACR07994,STU07994,69.2,73.29,78.29,0,62.42,-6.78,2026-10-02
ACR07995,STU07995,89.09,83.19,83.52,0,76.07,-13.02,2026-10-02
ACR07996,STU07996,98.93,95.45,89.58,0,97.16,-1.77,2026-10-02
ACR07997,STU07997,87.88,82.63,84.47,0,85.98,-1.9,2026-10-02
ACR07998,STU07998,89.26,86.04,74.91,0,83.2,-6.06,2026-10-02
ACR07999,STU07999,100.0,100.0,86.6,0,89.37,-10.63,2026-10-02
ACR08000,STU08000,37.98,49.5,35.53,3,39.97,1.99,2026-10-02
ACR08001,STU08001,70.61,75.31,70.36,1,66.12,-4.49,2026-10-02
ACR08002,STU08002,76.16,87.2,82.23,1,78.29,2.13,2026-10-02
ACR08003,STU08003,66.7,64.86,55.77,2,61.15,-5.55,2026-10-02
ACR08004,STU08004,89.49,97.66,85.78,0,82.63,-6.86,2026-10-02
ACR08005,STU08005,77.9,79.65,68.29,0,74.27,-3.63,2026-10-02
ACR08006,STU08006,90.54,89.44,75.33,0,75.37,-15.17,2026-10-02
ACR08007,STU08007,90.29,90.59,68.38,0,80.19,-10.1,2026-10-02
ACR08008,STU08008,73.65,71.91,55.05,0,67.43,-6.22,2026-10-02
ACR08009,STU08009,98.16,98.72,82.21,0,89.27,-8.89,2026-10-02
ACR08010,STU08010,80.11,58.48,71.93,0,67.88,-12.23,2026-10-02
ACR08011,STU08011,72.24,73.89,76.31,1,60.96,-11.28,2026-10-02
ACR08012,STU08012,71.42,71.19,68.17,1,58.91,-12.51,2026-10-02
ACR08013,STU08013,72.74,75.9,63.13,0,83.01,10.27,2026-10-02
ACR08014,STU08014,100.0,78.92,76.16,0,87.03,-12.97,2026-10-02
ACR08015,STU08015,92.6,67.33,82.51,1,76.05,-16.55,2026-10-02
ACR08016,STU08016,70.76,68.1,50.96,1,75.42,4.66,2026-10-02
ACR08017,STU08017,100.0,85.91,91.51,0,83.73,-16.27,2026-10-02
ACR08018,STU08018,71.2,68.63,58.56,0,66.54,-4.66,2026-10-02
ACR08019,STU08019,59.23,63.51,37.33,0,56.65,-2.58,2026-10-02
ACR08020,STU08020,41.75,56.64,39.17,1,48.52,6.77,2026-10-02
ACR08021,STU08021,81.84,77.26,73.39,0,84.28,2.44,2026-10-02
ACR08022,STU08022,65.24,71.68,72.56,1,62.68,-2.56,2026-10-02
ACR08023,STU08023,63.32,71.8,74.35,0,59.09,-4.23,2026-10-02
ACR08024,STU08024,90.16,78.31,70.1,0,77.55,-12.61,2026-10-02
ACR08025,STU08025,65.2,58.15,66.55,0,63.38,-1.82,2026-10-02
ACR08026,STU08026,64.6,79.95,78.08,0,71.19,6.59,2026-10-02
ACR08027,STU08027,84.23,82.82,76.4,0,78.78,-5.45,2026-10-02
ACR08028,STU08028,88.34,100.0,87.42,0,75.72,-12.62,2026-10-02
ACR08029,STU08029,89.06,84.83,69.92,0,78.95,-10.11,2026-10-02
ACR08030,STU08030,100.0,100.0,100.0,0,94.75,-5.25,2026-10-02
ACR08031,STU08031,88.19,80.55,77.0,0,92.93,4.74,2026-10-02
ACR08032,STU08032,56.84,55.56,41.99,0,57.79,0.95,2026-10-02
ACR08033,STU08033,87.03,81.2,84.25,0,79.7,-7.33,2026-10-02
ACR08034,STU08034,100.0,85.62,78.49,0,78.31,-21.69,2026-10-02
ACR08035,STU08035,81.8,66.64,60.6,0,68.77,-13.03,2026-10-02
ACR08036,STU08036,88.72,85.04,74.25,0,78.51,-10.21,2026-10-02
ACR08037,STU08037,46.38,35.87,41.02,1,40.54,-5.84,2026-10-02
ACR08038,STU08038,84.42,88.08,82.16,0,79.71,-4.71,2026-10-02
ACR08039,STU08039,72.96,61.92,49.58,0,67.45,-5.51,2026-10-02
ACR08040,STU08040,84.67,76.41,65.95,0,78.59,-6.08,2026-10-02
ACR08041,STU08041,88.3,68.37,62.77,0,78.82,-9.48,2026-10-02
ACR08042,STU08042,100.0,96.93,85.8,0,99.33,-0.67,2026-10-02
ACR08043,STU08043,72.93,73.72,63.15,0,56.59,-16.34,2026-10-02
ACR08044,STU08044,58.99,53.92,49.88,0,49.98,-9.01,2026-10-02
ACR08045,STU08045,88.43,81.87,68.52,0,80.74,-7.69,2026-10-02
ACR08046,STU08046,74.89,69.07,68.23,0,70.14,-4.75,2026-10-02
ACR08047,STU08047,82.24,75.85,75.92,0,70.5,-11.74,2026-10-02
ACR08048,STU08048,43.05,64.9,46.51,3,43.19,0.14,2026-10-02
ACR08049,STU08049,88.46,81.84,75.47,0,72.13,-16.33,2026-10-02
ACR08050,STU08050,54.82,51.34,49.17,0,49.59,-5.23,2026-10-02
ACR08051,STU08051,88.53,82.16,78.15,0,80.62,-7.91,2026-10-02
ACR08052,STU08052,82.95,81.22,72.18,0,77.95,-5.0,2026-10-02
ACR08053,STU08053,97.28,81.07,71.47,0,81.06,-16.22,2026-10-02
ACR08054,STU08054,77.32,70.17,71.96,0,65.01,-12.31,2026-10-02
ACR08055,STU08055,71.81,60.72,66.7,0,73.15,1.34,2026-10-02
ACR08056,STU08056,77.27,75.52,64.39,0,65.74,-11.53,2026-10-02
ACR08057,STU08057,63.23,53.18,59.92,0,52.26,-10.97,2026-10-02
ACR08058,STU08058,94.39,90.77,85.35,0,88.34,-6.05,2026-10-02
ACR08059,STU08059,87.75,81.03,75.57,0,86.92,-0.83,2026-10-02
ACR08060,STU08060,64.12,70.61,64.04,0,64.32,0.2,2026-10-02
ACR08061,STU08061,92.04,80.49,64.65,0,81.34,-10.7,2026-10-02
ACR08062,STU08062,58.63,73.7,64.07,0,68.09,9.46,2026-10-02
ACR08063,STU08063,60.6,55.58,60.92,2,57.59,-3.01,2026-10-02
ACR08064,STU08064,63.52,54.85,60.23,0,56.47,-7.05,2026-10-02
ACR08065,STU08065,45.21,62.64,49.45,2,53.13,7.92,2026-10-02
ACR08066,STU08066,96.02,82.63,91.29,0,87.91,-8.11,2026-10-02
ACR08067,STU08067,100.0,100.0,93.27,0,94.72,-5.28,2026-10-02
ACR08068,STU08068,44.74,44.66,38.47,0,44.29,-0.45,2026-10-02
ACR08069,STU08069,69.18,73.2,56.0,0,63.6,-5.58,2026-10-02
ACR08070,STU08070,92.19,85.93,67.16,0,83.51,-8.68,2026-10-02
ACR08071,STU08071,65.16,76.76,59.78,2,62.89,-2.27,2026-10-02
ACR08072,STU08072,74.79,71.86,75.56,0,68.31,-6.48,2026-10-02
ACR08073,STU08073,89.1,83.06,85.18,0,80.64,-8.46,2026-10-02
ACR08074,STU08074,85.07,64.46,61.33,0,71.83,-13.24,2026-10-02
ACR08075,STU08075,92.29,77.94,58.2,0,72.84,-19.45,2026-10-02
ACR08076,STU08076,83.93,85.36,87.49,0,80.62,-3.31,2026-10-02
ACR08077,STU08077,73.2,77.01,69.95,0,64.6,-8.6,2026-10-02
ACR08078,STU08078,100.0,100.0,87.09,0,89.4,-10.6,2026-10-02
ACR08079,STU08079,90.13,81.2,68.56,0,90.61,0.48,2026-10-02
ACR08080,STU08080,73.47,82.81,48.08,0,62.87,-10.6,2026-10-02
ACR08081,STU08081,79.97,89.85,83.14,0,80.08,0.11,2026-10-02
ACR08082,STU08082,100.0,100.0,100.0,0,88.95,-11.05,2026-10-02
ACR08083,STU08083,66.11,65.2,51.27,2,58.07,-8.04,2026-10-02
ACR08084,STU08084,68.21,69.8,51.86,1,59.3,-8.91,2026-10-02
ACR08085,STU08085,86.54,86.29,78.17,0,70.34,-16.2,2026-10-02
ACR08086,STU08086,100.0,87.83,84.92,0,81.7,-18.3,2026-10-02
ACR08087,STU08087,60.39,63.88,53.03,0,53.89,-6.5,2026-10-02
ACR08088,STU08088,72.53,72.33,66.27,1,67.63,-4.9,2026-10-02
ACR08089,STU08089,92.34,80.89,66.01,0,79.48,-12.86,2026-10-02
ACR08090,STU08090,77.01,72.36,56.6,0,72.94,-4.07,2026-10-02
ACR08091,STU08091,62.89,63.13,49.83,0,59.37,-3.52,2026-10-02
ACR08092,STU08092,80.29,78.44,65.6,0,68.17,-12.12,2026-10-02
ACR08093,STU08093,75.01,74.98,68.19,0,66.34,-8.67,2026-10-02
ACR08094,STU08094,100.0,95.66,75.45,0,83.76,-16.24,2026-10-02
ACR08095,STU08095,99.89,92.26,98.93,0,95.7,-4.19,2026-10-02
ACR08096,STU08096,100.0,100.0,87.39,0,97.01,-2.99,2026-10-02
ACR08097,STU08097,84.86,78.79,75.16,0,76.86,-8.0,2026-10-02
ACR08098,STU08098,58.97,55.84,57.96,0,58.27,-0.7,2026-10-02
ACR08099,STU08099,100.0,79.59,81.53,0,91.18,-8.82,2026-10-02
ACR08100,STU08100,94.88,71.92,71.57,0,78.78,-16.1,2026-10-02
ACR08101,STU08101,72.78,73.59,61.24,0,65.22,-7.56,2026-10-02
ACR08102,STU08102,58.34,65.05,69.03,2,68.54,10.2,2026-10-02
ACR08103,STU08103,88.25,74.6,73.25,0,81.39,-6.86,2026-10-02
ACR08104,STU08104,49.46,45.6,62.6,1,48.81,-0.65,2026-10-02
ACR08105,STU08105,88.5,82.01,81.15,0,82.85,-5.65,2026-10-02
ACR08106,STU08106,74.01,68.87,63.56,0,69.23,-4.78,2026-10-02
ACR08107,STU08107,67.44,68.78,42.14,0,62.88,-4.56,2026-10-02
ACR08108,STU08108,62.33,70.46,60.75,1,62.06,-0.27,2026-10-02
ACR08109,STU08109,100.0,98.89,91.52,0,92.65,-7.35,2026-10-02
ACR08110,STU08110,87.4,78.96,79.9,0,83.44,-3.96,2026-10-02
ACR08111,STU08111,74.37,70.31,69.7,0,72.26,-2.11,2026-10-02
ACR08112,STU08112,63.98,54.47,57.97,0,53.28,-10.7,2026-10-02
ACR08113,STU08113,56.58,60.32,66.15,0,54.3,-2.28,2026-10-02
ACR08114,STU08114,90.32,78.23,63.61,0,73.7,-16.62,2026-10-02
ACR08115,STU08115,74.45,68.95,65.16,0,69.08,-5.37,2026-10-02
ACR08116,STU08116,84.0,70.01,70.3,0,77.35,-6.65,2026-10-02
ACR08117,STU08117,44.99,37.67,35.61,1,48.39,3.4,2026-10-02
ACR08118,STU08118,60.86,70.33,57.87,1,60.74,-0.12,2026-10-02
ACR08119,STU08119,60.76,59.14,67.69,0,60.43,-0.33,2026-10-02
ACR08120,STU08120,62.52,71.7,64.15,0,66.33,3.81,2026-10-02
ACR08121,STU08121,78.87,61.26,65.65,0,68.05,-10.82,2026-10-02
ACR08122,STU08122,86.83,56.79,62.42,0,64.52,-22.31,2026-10-02
ACR08123,STU08123,83.8,81.32,64.18,0,72.33,-11.47,2026-10-02
ACR08124,STU08124,76.98,72.98,69.45,0,60.88,-16.1,2026-10-02
ACR08125,STU08125,62.01,67.23,60.43,0,57.97,-4.04,2026-10-02
ACR08126,STU08126,78.05,74.45,66.79,1,68.44,-9.61,2026-10-02
ACR08127,STU08127,82.83,70.47,63.62,0,71.45,-11.38,2026-10-02
ACR08128,STU08128,86.26,81.53,79.7,0,80.56,-5.7,2026-10-02
ACR08129,STU08129,68.62,69.41,53.94,1,63.24,-5.38,2026-10-02
ACR08130,STU08130,83.99,73.0,74.82,0,77.58,-6.41,2026-10-02
ACR08131,STU08131,70.81,68.38,56.51,0,64.82,-5.99,2026-10-02
ACR08132,STU08132,67.12,65.19,60.37,1,59.06,-8.06,2026-10-02
ACR08133,STU08133,62.4,67.45,62.92,0,58.61,-3.79,2026-10-02
ACR08134,STU08134,46.68,52.77,43.97,3,49.24,2.56,2026-10-02
ACR08135,STU08135,74.23,76.18,68.91,2,72.2,-2.03,2026-10-02
ACR08136,STU08136,86.46,71.2,71.1,0,75.86,-10.6,2026-10-02
ACR08137,STU08137,74.64,74.95,63.7,0,72.01,-2.63,2026-10-02
ACR08138,STU08138,74.22,72.52,73.05,0,70.32,-3.9,2026-10-02
ACR08139,STU08139,91.54,68.97,64.62,0,72.61,-18.93,2026-10-02
ACR08140,STU08140,71.08,67.76,55.7,0,51.95,-19.13,2026-10-02
ACR08141,STU08141,87.78,75.43,75.31,0,85.41,-2.37,2026-10-02
ACR08142,STU08142,65.59,50.47,43.56,0,52.78,-12.81,2026-10-02
ACR08143,STU08143,68.97,78.76,68.43,0,74.67,5.7,2026-10-02
ACR08144,STU08144,70.63,66.2,67.66,0,69.57,-1.06,2026-10-02
ACR08145,STU08145,100.0,90.87,95.69,0,92.93,-7.07,2026-10-02
ACR08146,STU08146,40.29,45.34,37.64,1,31.46,-8.83,2026-10-02
ACR08147,STU08147,84.49,77.35,79.41,0,79.05,-5.44,2026-10-02
ACR08148,STU08148,76.03,67.65,76.13,0,76.09,0.06,2026-10-02
ACR08149,STU08149,84.69,83.1,73.71,0,69.6,-15.09,2026-10-02
ACR08150,STU08150,89.57,79.03,70.49,0,78.87,-10.7,2026-10-02
ACR08151,STU08151,99.35,97.67,88.19,0,89.92,-9.43,2026-10-02
ACR08152,STU08152,69.08,61.65,71.43,1,62.84,-6.24,2026-10-02
ACR08153,STU08153,53.49,52.25,49.82,1,49.54,-3.95,2026-10-02
ACR08154,STU08154,56.72,64.63,56.75,0,60.52,3.8,2026-10-02
ACR08155,STU08155,56.45,63.14,54.45,1,55.92,-0.53,2026-10-02
ACR08156,STU08156,75.69,84.38,74.29,0,73.32,-2.37,2026-10-02
ACR08157,STU08157,56.58,49.7,50.62,3,61.78,5.2,2026-10-02
ACR08158,STU08158,73.06,63.39,61.06,0,68.15,-4.91,2026-10-02
ACR08159,STU08159,65.71,62.71,57.36,0,60.76,-4.95,2026-10-02
ACR08160,STU08160,92.97,87.91,65.7,0,75.82,-17.15,2026-10-02
ACR08161,STU08161,72.29,87.17,59.55,0,70.4,-1.89,2026-10-02
ACR08162,STU08162,100.0,100.0,93.63,0,80.96,-19.04,2026-10-02
ACR08163,STU08163,82.11,88.01,69.19,0,74.09,-8.02,2026-10-02
ACR08164,STU08164,99.92,91.04,81.43,0,82.96,-16.96,2026-10-02
ACR08165,STU08165,73.1,53.37,79.37,0,60.71,-12.39,2026-10-02
ACR08166,STU08166,73.24,74.26,67.18,1,69.12,-4.12,2026-10-02
ACR08167,STU08167,61.46,62.64,66.6,0,56.61,-4.85,2026-10-02
ACR08168,STU08168,97.25,95.37,66.09,0,87.34,-9.91,2026-10-02
ACR08169,STU08169,90.18,65.88,60.04,0,71.66,-18.52,2026-10-02
ACR08170,STU08170,79.79,83.19,65.41,0,78.91,-0.88,2026-10-02
ACR08171,STU08171,61.91,69.19,62.98,1,60.32,-1.59,2026-10-02
ACR08172,STU08172,77.8,62.15,48.94,0,66.63,-11.17,2026-10-02
ACR08173,STU08173,88.04,100.0,87.53,0,89.09,1.05,2026-10-02
ACR08174,STU08174,100.0,100.0,86.22,0,84.99,-15.01,2026-10-02
ACR08175,STU08175,68.79,70.14,51.34,0,63.73,-5.06,2026-10-02
ACR08176,STU08176,95.4,92.6,89.1,0,79.6,-15.8,2026-10-02
ACR08177,STU08177,79.31,70.07,71.51,0,82.51,3.2,2026-10-02
ACR08178,STU08178,85.32,76.38,73.91,0,67.67,-17.65,2026-10-02
ACR08179,STU08179,74.23,82.79,65.93,0,71.09,-3.14,2026-10-02
ACR08180,STU08180,86.13,65.14,72.7,0,80.62,-5.51,2026-10-02
ACR08181,STU08181,96.43,87.82,80.95,0,96.48,0.05,2026-10-02
ACR08182,STU08182,84.4,85.98,69.2,0,74.04,-10.36,2026-10-02
ACR08183,STU08183,59.25,44.26,39.36,0,44.56,-14.69,2026-10-02
ACR08184,STU08184,93.32,87.65,71.86,0,91.58,-1.74,2026-10-02
ACR08185,STU08185,100.0,100.0,85.84,0,92.16,-7.84,2026-10-02
ACR08186,STU08186,76.78,62.27,60.32,1,66.66,-10.12,2026-10-02
ACR08187,STU08187,90.57,83.49,75.92,0,81.22,-9.35,2026-10-02
ACR08188,STU08188,69.66,70.12,65.8,0,65.49,-4.17,2026-10-02
ACR08189,STU08189,57.11,66.55,49.08,0,56.25,-0.86,2026-10-02
ACR08190,STU08190,75.01,83.85,71.61,0,69.98,-5.03,2026-10-02
ACR08191,STU08191,60.78,65.27,51.74,0,57.03,-3.75,2026-10-02
ACR08192,STU08192,100.0,100.0,99.38,0,100.0,0.0,2026-10-02
ACR08193,STU08193,100.0,100.0,96.9,0,100.0,0.0,2026-10-02
ACR08194,STU08194,90.62,70.14,74.35,0,76.64,-13.98,2026-10-02
ACR08195,STU08195,54.42,56.19,44.89,3,55.08,0.66,2026-10-02
ACR08196,STU08196,80.67,82.6,75.12,0,74.08,-6.59,2026-10-02
ACR08197,STU08197,43.56,40.41,44.45,2,41.05,-2.51,2026-10-02
ACR08198,STU08198,66.67,65.29,63.75,0,75.17,8.5,2026-10-02
ACR08199,STU08199,87.96,88.18,82.68,0,82.75,-5.21,2026-10-02
ACR08200,STU08200,67.6,75.52,60.27,0,59.21,-8.39,2026-10-02
ACR08201,STU08201,89.58,96.6,82.67,0,82.98,-6.6,2026-10-02
ACR08202,STU08202,100.0,84.77,79.37,0,85.78,-14.22,2026-10-02
ACR08203,STU08203,78.93,61.71,66.39,0,74.0,-4.93,2026-10-02
ACR08204,STU08204,62.35,57.56,61.66,1,66.5,4.15,2026-10-02
ACR08205,STU08205,95.45,78.67,74.33,0,80.42,-15.03,2026-10-02
ACR08206,STU08206,57.66,63.62,67.42,1,53.83,-3.83,2026-10-02
ACR08207,STU08207,100.0,95.24,90.59,0,95.6,-4.4,2026-10-02
ACR08208,STU08208,28.66,42.37,35.45,3,35.37,6.71,2026-10-02
ACR08209,STU08209,77.26,69.57,58.31,0,78.41,1.15,2026-10-02
ACR08210,STU08210,73.24,55.64,63.22,1,52.63,-20.61,2026-10-02
ACR08211,STU08211,83.07,80.78,72.68,1,79.99,-3.08,2026-10-02
ACR08212,STU08212,81.9,89.72,69.24,0,83.98,2.08,2026-10-02
ACR08213,STU08213,68.12,56.97,51.61,0,58.37,-9.75,2026-10-02
ACR08214,STU08214,73.75,61.9,53.22,0,64.74,-9.01,2026-10-02
ACR08215,STU08215,56.01,61.41,55.56,0,56.98,0.97,2026-10-02
ACR08216,STU08216,69.2,72.65,51.87,1,55.68,-13.52,2026-10-02
ACR08217,STU08217,92.19,95.22,83.42,0,83.17,-9.02,2026-10-02
ACR08218,STU08218,79.64,75.73,63.79,0,70.91,-8.73,2026-10-02
ACR08219,STU08219,89.47,98.56,89.73,0,87.21,-2.26,2026-10-02
ACR08220,STU08220,70.19,61.19,58.71,0,55.33,-14.86,2026-10-02
ACR08221,STU08221,100.0,100.0,83.23,0,93.2,-6.8,2026-10-02
ACR08222,STU08222,74.17,60.49,64.16,0,57.74,-16.43,2026-10-02
ACR08223,STU08223,55.37,57.7,52.09,1,49.77,-5.6,2026-10-02
ACR08224,STU08224,97.74,71.07,75.54,0,73.67,-24.07,2026-10-02
ACR08225,STU08225,100.0,100.0,83.03,0,93.2,-6.8,2026-10-02
ACR08226,STU08226,84.21,91.51,82.33,0,88.77,4.56,2026-10-02
ACR08227,STU08227,94.46,77.5,79.53,0,77.81,-16.65,2026-10-02
ACR08228,STU08228,67.32,60.03,69.23,1,62.67,-4.65,2026-10-02
ACR08229,STU08229,97.78,90.92,77.81,0,75.49,-22.29,2026-10-02
ACR08230,STU08230,71.02,57.68,60.17,0,65.05,-5.97,2026-10-02
ACR08231,STU08231,83.87,58.62,65.21,0,67.91,-15.96,2026-10-02
ACR08232,STU08232,85.95,84.71,65.37,1,79.92,-6.03,2026-10-02
ACR08233,STU08233,74.86,60.04,50.39,0,59.02,-15.84,2026-10-02
ACR08234,STU08234,83.89,83.26,76.05,0,79.99,-3.9,2026-10-02
ACR08235,STU08235,60.25,57.12,45.19,0,61.47,1.22,2026-10-02
ACR08236,STU08236,83.61,76.23,66.59,0,70.58,-13.03,2026-10-02
ACR08237,STU08237,46.05,38.21,53.45,1,36.68,-9.37,2026-10-02
ACR08238,STU08238,73.1,53.73,37.45,0,59.94,-13.16,2026-10-02
ACR08239,STU08239,52.12,52.86,56.57,0,51.12,-1.0,2026-10-02
ACR08240,STU08240,80.98,84.74,74.46,0,75.63,-5.35,2026-10-02
ACR08241,STU08241,81.4,83.87,53.68,0,68.78,-12.62,2026-10-02
ACR08242,STU08242,94.48,78.56,86.4,0,92.19,-2.29,2026-10-02
ACR08243,STU08243,39.62,62.87,44.09,1,49.0,9.38,2026-10-02
ACR08244,STU08244,78.48,77.4,64.85,0,69.87,-8.61,2026-10-02
ACR08245,STU08245,42.27,57.81,44.24,2,49.53,7.26,2026-10-02
ACR08246,STU08246,54.96,65.76,63.13,0,59.82,4.86,2026-10-02
ACR08247,STU08247,74.49,67.43,76.22,0,71.57,-2.92,2026-10-02
ACR08248,STU08248,100.0,89.58,90.74,0,91.41,-8.59,2026-10-02
ACR08249,STU08249,41.56,39.23,36.89,0,41.68,0.12,2026-10-02
ACR08250,STU08250,94.68,80.07,86.88,0,79.89,-14.79,2026-10-02
ACR08251,STU08251,61.02,68.65,67.64,1,53.12,-7.9,2026-10-02
ACR08252,STU08252,63.45,70.88,63.17,0,63.25,-0.2,2026-10-02
ACR08253,STU08253,69.67,63.56,55.14,1,60.42,-9.25,2026-10-02
ACR08254,STU08254,66.16,74.42,63.75,0,63.63,-2.53,2026-10-02
ACR08255,STU08255,75.23,65.78,63.38,0,63.1,-12.13,2026-10-02
ACR08256,STU08256,64.94,71.36,65.36,1,65.48,0.54,2026-10-02
ACR08257,STU08257,49.68,46.25,54.62,0,49.43,-0.25,2026-10-02
ACR08258,STU08258,89.89,82.31,75.72,0,82.33,-7.56,2026-10-02
ACR08259,STU08259,87.11,83.4,78.95,0,80.66,-6.45,2026-10-02
ACR08260,STU08260,88.69,61.14,58.86,0,74.63,-14.06,2026-10-02
ACR08261,STU08261,79.36,76.49,61.32,0,73.18,-6.18,2026-10-02
ACR08262,STU08262,53.14,48.67,48.68,0,46.68,-6.46,2026-10-02
ACR08263,STU08263,96.53,89.64,83.89,0,88.43,-8.1,2026-10-02
ACR08264,STU08264,56.3,57.66,47.74,1,52.11,-4.19,2026-10-02
ACR08265,STU08265,79.63,73.89,59.82,0,61.98,-17.65,2026-10-02
ACR08266,STU08266,51.95,64.69,61.83,2,58.55,6.6,2026-10-02
ACR08267,STU08267,75.92,68.28,63.89,0,72.96,-2.96,2026-10-02
ACR08268,STU08268,67.12,75.34,72.11,0,69.36,2.24,2026-10-02
ACR08269,STU08269,48.74,56.98,46.66,1,45.15,-3.59,2026-10-02
ACR08270,STU08270,76.0,72.21,73.7,0,71.27,-4.73,2026-10-02
ACR08271,STU08271,94.86,80.24,83.32,0,79.58,-15.28,2026-10-02
ACR08272,STU08272,65.4,66.59,65.83,0,58.57,-6.83,2026-10-02
ACR08273,STU08273,95.28,75.73,72.31,0,90.65,-4.63,2026-10-02
ACR08274,STU08274,97.17,69.2,61.88,0,72.12,-25.05,2026-10-02
ACR08275,STU08275,90.53,77.87,89.79,0,86.51,-4.02,2026-10-02
ACR08276,STU08276,74.52,81.71,72.2,0,76.54,2.02,2026-10-02
ACR08277,STU08277,95.26,67.5,57.57,0,73.17,-22.09,2026-10-02
ACR08278,STU08278,62.45,55.11,58.91,1,61.32,-1.13,2026-10-02
ACR08279,STU08279,69.04,71.05,79.0,0,68.41,-0.63,2026-10-02
ACR08280,STU08280,73.01,77.31,68.4,0,78.01,5.0,2026-10-02
ACR08281,STU08281,77.05,72.18,80.13,0,73.66,-3.39,2026-10-02
ACR08282,STU08282,94.62,74.4,82.27,0,78.25,-16.37,2026-10-02
ACR08283,STU08283,76.06,90.82,69.91,0,70.15,-5.91,2026-10-02
ACR08284,STU08284,90.66,100.0,96.79,0,96.22,5.56,2026-10-02
ACR08285,STU08285,67.24,64.72,45.61,0,66.28,-0.96,2026-10-02
ACR08286,STU08286,73.26,53.59,58.78,0,58.92,-14.34,2026-10-02
ACR08287,STU08287,73.55,75.87,67.13,2,69.17,-4.38,2026-10-02
ACR08288,STU08288,77.79,72.58,69.59,0,77.64,-0.15,2026-10-02
ACR08289,STU08289,81.74,75.6,56.44,0,69.16,-12.58,2026-10-02
ACR08290,STU08290,68.46,64.98,45.31,1,55.97,-12.49,2026-10-02
ACR08291,STU08291,90.27,90.48,70.24,0,94.41,4.14,2026-10-02
ACR08292,STU08292,41.69,41.58,48.39,1,46.48,4.79,2026-10-02
ACR08293,STU08293,76.09,72.62,59.24,0,70.61,-5.48,2026-10-02
ACR08294,STU08294,71.11,52.65,52.09,2,54.51,-16.6,2026-10-02
ACR08295,STU08295,80.12,84.61,69.81,0,70.2,-9.92,2026-10-02
ACR08296,STU08296,57.03,61.96,42.85,0,47.98,-9.05,2026-10-02
ACR08297,STU08297,100.0,85.47,78.56,0,84.99,-15.01,2026-10-02
ACR08298,STU08298,85.48,75.15,60.34,0,76.5,-8.98,2026-10-02
ACR08299,STU08299,88.96,83.02,74.93,0,69.28,-19.68,2026-10-02
ACR08300,STU08300,74.17,71.76,74.8,0,83.95,9.78,2026-10-02
ACR08301,STU08301,70.59,57.44,63.04,0,58.77,-11.82,2026-10-02
ACR08302,STU08302,69.78,62.94,64.07,0,65.55,-4.23,2026-10-02
ACR08303,STU08303,77.72,68.81,55.81,0,60.79,-16.93,2026-10-02
ACR08304,STU08304,78.92,82.83,69.1,0,65.38,-13.54,2026-10-02
ACR08305,STU08305,81.8,82.67,64.35,0,72.06,-9.74,2026-10-02
ACR08306,STU08306,55.32,44.77,48.64,2,55.92,0.6,2026-10-02
ACR08307,STU08307,92.56,77.3,70.2,0,76.21,-16.35,2026-10-02
ACR08308,STU08308,92.94,84.73,91.5,0,78.47,-14.47,2026-10-02
ACR08309,STU08309,66.4,75.13,67.6,1,52.07,-14.33,2026-10-02
ACR08310,STU08310,95.33,86.4,76.95,0,87.61,-7.72,2026-10-02
ACR08311,STU08311,59.91,60.26,49.74,0,50.41,-9.5,2026-10-02
ACR08312,STU08312,93.87,88.84,77.22,0,85.68,-8.19,2026-10-02
ACR08313,STU08313,96.69,84.86,76.47,0,87.25,-9.44,2026-10-02
ACR08314,STU08314,93.93,70.02,68.3,0,80.82,-13.11,2026-10-02
ACR08315,STU08315,83.34,86.83,54.46,0,69.02,-14.32,2026-10-02
ACR08316,STU08316,93.25,75.15,84.7,0,91.01,-2.24,2026-10-02
ACR08317,STU08317,76.45,79.22,88.47,0,69.54,-6.91,2026-10-02
ACR08318,STU08318,80.31,83.49,65.29,0,73.78,-6.53,2026-10-02
ACR08319,STU08319,100.0,92.9,97.89,0,94.23,-5.77,2026-10-02
ACR08320,STU08320,57.08,54.24,44.74,1,47.4,-9.68,2026-10-02
ACR08321,STU08321,74.71,74.24,71.73,0,68.42,-6.29,2026-10-02
ACR08322,STU08322,55.6,79.11,71.8,2,67.34,11.74,2026-10-02
ACR08323,STU08323,79.63,65.4,67.69,0,69.54,-10.09,2026-10-02
ACR08324,STU08324,81.04,85.64,79.33,0,86.3,5.26,2026-10-02
ACR08325,STU08325,74.07,75.6,73.3,0,68.2,-5.87,2026-10-02
ACR08326,STU08326,79.56,88.07,72.65,0,75.87,-3.69,2026-10-02
ACR08327,STU08327,92.29,84.2,82.5,0,73.4,-18.89,2026-10-02
ACR08328,STU08328,65.82,63.44,76.21,0,67.01,1.19,2026-10-02
ACR08329,STU08329,86.4,70.1,67.14,0,76.61,-9.79,2026-10-02
ACR08330,STU08330,86.45,86.61,73.87,0,84.25,-2.2,2026-10-02
ACR08331,STU08331,62.71,51.13,56.29,1,49.82,-12.89,2026-10-02
ACR08332,STU08332,100.0,96.13,86.93,0,84.4,-15.6,2026-10-02
ACR08333,STU08333,52.09,59.83,48.32,0,53.64,1.55,2026-10-02
ACR08334,STU08334,97.54,82.7,82.06,0,84.8,-12.74,2026-10-02
ACR08335,STU08335,81.24,84.61,61.78,0,88.79,7.55,2026-10-02
ACR08336,STU08336,95.14,78.46,88.29,0,80.33,-14.81,2026-10-02
ACR08337,STU08337,84.39,71.27,81.45,0,81.34,-3.05,2026-10-02
ACR08338,STU08338,84.27,66.54,69.64,0,78.44,-5.83,2026-10-02
ACR08339,STU08339,69.72,66.08,67.27,0,66.01,-3.71,2026-10-02
ACR08340,STU08340,69.36,61.17,52.72,0,57.92,-11.44,2026-10-02
ACR08341,STU08341,53.8,43.29,43.04,0,39.29,-14.51,2026-10-02
ACR08342,STU08342,86.86,63.22,78.61,0,70.22,-16.64,2026-10-02
ACR08343,STU08343,65.25,54.97,54.55,0,64.41,-0.84,2026-10-02
ACR08344,STU08344,90.41,84.07,59.85,0,79.48,-10.93,2026-10-02
ACR08345,STU08345,72.08,59.25,72.23,0,61.99,-10.09,2026-10-02
ACR08346,STU08346,80.93,73.85,56.94,0,67.55,-13.38,2026-10-02
ACR08347,STU08347,78.11,72.17,81.1,0,72.53,-5.58,2026-10-02
ACR08348,STU08348,86.65,85.8,87.69,0,91.31,4.66,2026-10-02
ACR08349,STU08349,58.14,71.52,51.22,1,59.04,0.9,2026-10-02
ACR08350,STU08350,79.86,80.62,65.19,0,66.09,-13.77,2026-10-02
ACR08351,STU08351,94.04,87.28,68.63,0,86.52,-7.52,2026-10-02
ACR08352,STU08352,60.76,66.28,64.23,1,68.68,7.92,2026-10-02
ACR08353,STU08353,74.66,81.74,63.88,0,80.38,5.72,2026-10-02
ACR08354,STU08354,80.82,74.99,71.41,0,65.61,-15.21,2026-10-02
ACR08355,STU08355,80.92,88.71,87.49,0,85.48,4.56,2026-10-02
ACR08356,STU08356,100.0,75.51,78.74,0,82.43,-17.57,2026-10-02
ACR08357,STU08357,91.44,78.89,78.73,0,88.05,-3.39,2026-10-02
ACR08358,STU08358,79.19,75.64,65.68,0,70.72,-8.47,2026-10-02
ACR08359,STU08359,83.15,70.62,64.66,0,72.89,-10.26,2026-10-02
ACR08360,STU08360,90.05,75.61,68.33,0,77.78,-12.27,2026-10-02
ACR08361,STU08361,45.96,49.67,46.75,0,41.71,-4.25,2026-10-02
ACR08362,STU08362,88.51,71.11,85.75,0,78.9,-9.61,2026-10-02
ACR08363,STU08363,64.15,62.31,48.95,1,48.91,-15.24,2026-10-02
ACR08364,STU08364,96.4,94.87,89.56,0,85.62,-10.78,2026-10-02
ACR08365,STU08365,84.23,88.16,66.56,0,76.06,-8.17,2026-10-02
ACR08366,STU08366,68.95,55.1,55.06,0,65.6,-3.35,2026-10-02
ACR08367,STU08367,61.74,54.56,53.1,0,55.62,-6.12,2026-10-02
ACR08368,STU08368,81.52,87.06,58.09,0,81.29,-0.23,2026-10-02
ACR08369,STU08369,87.27,59.73,58.21,0,76.77,-10.5,2026-10-02
ACR08370,STU08370,63.62,66.82,52.91,1,67.72,4.1,2026-10-02
ACR08371,STU08371,79.17,75.38,76.17,0,70.88,-8.29,2026-10-02
ACR08372,STU08372,90.26,83.47,71.47,0,76.07,-14.19,2026-10-02
ACR08373,STU08373,61.51,63.96,55.95,0,53.83,-7.68,2026-10-02
ACR08374,STU08374,75.9,73.31,62.63,0,66.86,-9.04,2026-10-02
ACR08375,STU08375,81.7,83.4,79.42,0,76.12,-5.58,2026-10-02
ACR08376,STU08376,53.98,64.06,54.2,0,55.93,1.95,2026-10-02
ACR08377,STU08377,65.23,64.52,69.8,0,57.66,-7.57,2026-10-02
ACR08378,STU08378,45.41,40.59,36.68,0,34.87,-10.54,2026-10-02
ACR08379,STU08379,83.53,88.19,68.5,0,66.89,-16.64,2026-10-02
ACR08380,STU08380,65.35,51.21,57.62,2,45.68,-19.67,2026-10-02
ACR08381,STU08381,86.28,70.52,69.36,0,72.98,-13.3,2026-10-02
ACR08382,STU08382,77.26,52.73,63.42,0,67.41,-9.85,2026-10-02
ACR08383,STU08383,86.82,57.32,62.8,0,70.29,-16.53,2026-10-02
ACR08384,STU08384,88.11,80.96,69.82,0,79.43,-8.68,2026-10-02
ACR08385,STU08385,100.0,96.05,91.54,0,100.0,0.0,2026-10-02
ACR08386,STU08386,78.93,71.11,48.3,0,76.52,-2.41,2026-10-02
ACR08387,STU08387,91.55,91.45,77.99,0,82.56,-8.99,2026-10-02
ACR08388,STU08388,81.72,64.03,76.91,0,73.96,-7.76,2026-10-02
ACR08389,STU08389,49.31,45.77,33.36,2,41.56,-7.75,2026-10-02
ACR08390,STU08390,52.08,60.35,48.0,0,60.08,8.0,2026-10-02
ACR08391,STU08391,46.15,41.26,48.63,3,42.77,-3.38,2026-10-02
ACR08392,STU08392,100.0,86.11,69.15,0,86.43,-13.57,2026-10-02
ACR08393,STU08393,81.89,88.41,67.49,0,76.11,-5.78,2026-10-02
ACR08394,STU08394,52.03,40.66,45.61,0,50.86,-1.17,2026-10-02
ACR08395,STU08395,83.88,72.6,70.95,0,77.02,-6.86,2026-10-02
ACR08396,STU08396,50.19,57.74,58.21,1,54.01,3.82,2026-10-02
ACR08397,STU08397,94.33,86.42,75.31,0,86.86,-7.47,2026-10-02
ACR08398,STU08398,69.92,68.06,59.78,0,65.7,-4.22,2026-10-02
ACR08399,STU08399,52.62,54.32,53.35,1,47.51,-5.11,2026-10-02
ACR08400,STU08400,72.74,85.47,78.1,0,75.78,3.04,2026-10-02
ACR08401,STU08401,77.9,68.89,69.72,0,63.01,-14.89,2026-10-02
ACR08402,STU08402,76.91,94.43,83.11,0,82.8,5.89,2026-10-02
ACR08403,STU08403,60.27,69.73,60.61,0,62.5,2.23,2026-10-02
ACR08404,STU08404,42.68,42.59,52.44,4,47.87,5.19,2026-10-02
ACR08405,STU08405,84.37,90.05,81.39,0,72.89,-11.48,2026-10-02
ACR08406,STU08406,88.27,87.61,82.19,0,75.29,-12.98,2026-10-02
ACR08407,STU08407,90.91,94.44,88.21,1,87.99,-2.92,2026-10-02
ACR08408,STU08408,74.73,93.02,78.88,0,75.52,0.79,2026-10-02
ACR08409,STU08409,84.13,93.13,89.77,0,81.21,-2.92,2026-10-02
ACR08410,STU08410,90.13,70.65,61.05,0,81.88,-8.25,2026-10-02
ACR08411,STU08411,24.3,33.66,26.51,3,28.75,4.45,2026-10-02
ACR08412,STU08412,100.0,100.0,99.45,0,96.49,-3.51,2026-10-02
ACR08413,STU08413,62.03,55.04,47.95,1,53.89,-8.14,2026-10-02
ACR08414,STU08414,53.41,67.03,56.92,0,52.02,-1.39,2026-10-02
ACR08415,STU08415,94.97,83.21,70.64,0,65.27,-29.7,2026-10-02
ACR08416,STU08416,85.0,79.57,72.69,0,82.45,-2.55,2026-10-02
ACR08417,STU08417,51.76,50.62,50.92,0,59.19,7.43,2026-10-02
ACR08418,STU08418,66.91,63.14,49.54,1,51.39,-15.52,2026-10-02
ACR08419,STU08419,77.84,85.24,53.13,0,72.8,-5.04,2026-10-02
ACR08420,STU08420,61.21,66.25,48.6,1,57.35,-3.86,2026-10-02
ACR08421,STU08421,57.65,81.3,64.64,1,60.55,2.9,2026-10-02
ACR08422,STU08422,85.34,100.0,93.33,0,89.88,4.54,2026-10-02
ACR08423,STU08423,98.42,82.0,73.25,0,81.58,-16.84,2026-10-02
ACR08424,STU08424,57.95,63.5,54.64,1,65.83,7.88,2026-10-02
ACR08425,STU08425,61.45,65.33,56.99,0,65.08,3.63,2026-10-02
ACR08426,STU08426,73.7,49.78,55.05,0,72.34,-1.36,2026-10-02
ACR08427,STU08427,62.42,64.94,39.82,0,57.68,-4.74,2026-10-02
ACR08428,STU08428,76.9,89.68,77.44,0,81.37,4.47,2026-10-02
ACR08429,STU08429,60.8,66.12,56.18,0,58.06,-2.74,2026-10-02
ACR08430,STU08430,76.88,86.12,75.76,0,79.75,2.87,2026-10-02
ACR08431,STU08431,95.17,79.2,84.52,0,82.03,-13.14,2026-10-02
ACR08432,STU08432,72.14,61.23,61.49,0,68.03,-4.11,2026-10-02
ACR08433,STU08433,84.67,88.84,70.0,0,74.82,-9.85,2026-10-02
ACR08434,STU08434,100.0,84.04,84.54,0,89.57,-10.43,2026-10-02
ACR08435,STU08435,83.23,68.11,63.76,0,66.18,-17.05,2026-10-02
ACR08436,STU08436,65.55,67.3,65.76,0,56.94,-8.61,2026-10-02
ACR08437,STU08437,76.91,72.38,52.62,0,61.26,-15.65,2026-10-02
ACR08438,STU08438,87.41,76.58,65.94,0,86.56,-0.85,2026-10-02
ACR08439,STU08439,90.4,82.43,82.97,0,82.23,-8.17,2026-10-02
ACR08440,STU08440,67.22,63.28,77.14,0,64.44,-2.78,2026-10-02
ACR08441,STU08441,57.91,82.46,79.63,0,68.7,10.79,2026-10-02
ACR08442,STU08442,55.06,57.6,43.96,0,49.86,-5.2,2026-10-02
ACR08443,STU08443,100.0,87.08,87.67,0,90.11,-9.89,2026-10-02
ACR08444,STU08444,69.47,64.06,47.44,1,59.27,-10.2,2026-10-02
ACR08445,STU08445,79.69,75.52,52.26,0,62.12,-17.57,2026-10-02
ACR08446,STU08446,93.16,82.95,75.27,0,83.11,-10.05,2026-10-02
ACR08447,STU08447,85.72,77.11,64.25,0,85.17,-0.55,2026-10-02
ACR08448,STU08448,83.98,78.16,83.71,0,70.52,-13.46,2026-10-02
ACR08449,STU08449,83.02,75.5,76.49,0,72.67,-10.35,2026-10-02
ACR08450,STU08450,85.11,91.39,70.1,0,78.43,-6.68,2026-10-02
ACR08451,STU08451,96.63,92.44,82.79,0,81.18,-15.45,2026-10-02
ACR08452,STU08452,58.93,53.88,51.02,0,55.05,-3.88,2026-10-02
ACR08453,STU08453,54.01,73.17,59.96,1,57.23,3.22,2026-10-02
ACR08454,STU08454,74.37,58.67,52.41,0,62.35,-12.02,2026-10-02
ACR08455,STU08455,93.62,81.72,76.07,0,72.11,-21.51,2026-10-02
ACR08456,STU08456,51.85,53.33,48.08,0,59.03,7.18,2026-10-02
ACR08457,STU08457,45.97,44.6,43.67,0,49.76,3.79,2026-10-02
ACR08458,STU08458,85.85,83.45,68.32,0,75.62,-10.23,2026-10-02
ACR08459,STU08459,76.04,83.27,59.36,0,72.55,-3.49,2026-10-02
ACR08460,STU08460,77.72,95.86,74.8,0,72.13,-5.59,2026-10-02
ACR08461,STU08461,85.68,85.38,88.52,0,85.72,0.04,2026-10-02
ACR08462,STU08462,93.52,76.77,62.17,0,89.92,-3.6,2026-10-02
ACR08463,STU08463,57.97,62.54,70.5,1,52.36,-5.61,2026-10-02
ACR08464,STU08464,93.61,69.6,62.97,0,72.69,-20.92,2026-10-02
ACR08465,STU08465,77.61,73.66,75.52,0,74.74,-2.87,2026-10-02
ACR08466,STU08466,44.23,50.17,54.38,1,48.46,4.23,2026-10-02
ACR08467,STU08467,62.59,70.98,67.07,0,55.86,-6.73,2026-10-02
ACR08468,STU08468,95.08,97.95,75.82,0,82.18,-12.9,2026-10-02
ACR08469,STU08469,94.79,89.83,86.04,0,94.5,-0.29,2026-10-02
ACR08470,STU08470,62.31,48.39,46.78,0,44.16,-18.15,2026-10-02
ACR08471,STU08471,78.46,67.47,66.32,0,68.47,-9.99,2026-10-02
ACR08472,STU08472,84.98,81.36,80.78,0,74.89,-10.09,2026-10-02
ACR08473,STU08473,79.07,76.63,72.62,0,73.72,-5.35,2026-10-02
ACR08474,STU08474,96.97,81.7,86.85,0,86.24,-10.73,2026-10-02
ACR08475,STU08475,98.23,74.93,75.96,0,80.13,-18.1,2026-10-02
ACR08476,STU08476,58.23,50.5,72.7,0,54.59,-3.64,2026-10-02
ACR08477,STU08477,74.85,63.36,64.95,0,75.11,0.26,2026-10-02
ACR08478,STU08478,55.99,62.76,56.24,0,59.3,3.31,2026-10-02
ACR08479,STU08479,94.51,90.09,81.74,0,89.78,-4.73,2026-10-02
ACR08480,STU08480,78.1,78.84,58.61,0,73.02,-5.08,2026-10-02
ACR08481,STU08481,95.64,84.74,81.44,0,86.82,-8.82,2026-10-02
ACR08482,STU08482,82.36,65.32,65.39,0,60.78,-21.58,2026-10-02
ACR08483,STU08483,93.02,84.03,83.59,0,88.03,-4.99,2026-10-02
ACR08484,STU08484,100.0,90.71,75.7,0,88.08,-11.92,2026-10-02
ACR08485,STU08485,70.68,46.68,44.11,0,66.73,-3.95,2026-10-02
ACR08486,STU08486,74.69,85.14,86.93,0,85.6,10.91,2026-10-02
ACR08487,STU08487,85.6,79.11,72.92,0,79.16,-6.44,2026-10-02
ACR08488,STU08488,88.56,79.5,72.87,0,82.34,-6.22,2026-10-02
ACR08489,STU08489,86.09,95.93,83.48,0,75.79,-10.3,2026-10-02
ACR08490,STU08490,91.07,82.06,77.06,0,76.06,-15.01,2026-10-02
ACR08491,STU08491,71.27,66.61,54.97,1,58.87,-12.4,2026-10-02
ACR08492,STU08492,75.08,71.45,55.58,0,63.35,-11.73,2026-10-02
ACR08493,STU08493,94.25,95.39,67.35,0,93.51,-0.74,2026-10-02
ACR08494,STU08494,72.94,79.3,60.14,0,70.64,-2.3,2026-10-02
ACR08495,STU08495,74.54,69.4,61.74,0,64.94,-9.6,2026-10-02
ACR08496,STU08496,81.88,91.59,60.52,0,78.92,-2.96,2026-10-02
ACR08497,STU08497,61.4,70.86,68.2,2,67.83,6.43,2026-10-02
ACR08498,STU08498,81.43,65.74,79.64,1,77.77,-3.66,2026-10-02
ACR08499,STU08499,100.0,100.0,100.0,0,99.69,-0.31,2026-10-02
ACR08500,STU08500,65.73,59.85,42.11,0,60.15,-5.58,2026-10-02
ACR08501,STU08501,70.13,76.48,52.65,0,67.76,-2.37,2026-10-02
ACR08502,STU08502,84.15,80.54,72.97,1,78.41,-5.74,2026-10-02
ACR08503,STU08503,71.91,66.13,64.71,0,66.09,-5.82,2026-10-02
ACR08504,STU08504,83.34,74.65,68.29,0,66.41,-16.93,2026-10-02
ACR08505,STU08505,82.25,92.49,74.95,0,71.12,-11.13,2026-10-02
ACR08506,STU08506,81.82,72.72,67.06,0,78.06,-3.76,2026-10-02
ACR08507,STU08507,88.05,82.29,67.97,0,66.58,-21.47,2026-10-02
ACR08508,STU08508,98.01,86.41,80.0,0,85.62,-12.39,2026-10-02
ACR08509,STU08509,69.93,90.63,84.85,1,69.17,-0.76,2026-10-02
ACR08510,STU08510,67.71,80.97,70.84,1,74.83,7.12,2026-10-02
ACR08511,STU08511,100.0,95.31,80.29,0,96.37,-3.63,2026-10-02
ACR08512,STU08512,86.25,76.45,73.12,0,70.36,-15.89,2026-10-02
ACR08513,STU08513,84.52,70.96,53.1,0,67.18,-17.34,2026-10-02
ACR08514,STU08514,66.69,69.21,62.35,0,67.34,0.65,2026-10-02
ACR08515,STU08515,61.02,62.21,63.06,2,58.17,-2.85,2026-10-02
ACR08516,STU08516,92.65,84.49,65.48,0,83.48,-9.17,2026-10-02
ACR08517,STU08517,57.78,61.58,40.64,0,57.45,-0.33,2026-10-02
ACR08518,STU08518,84.2,68.26,70.8,0,66.64,-17.56,2026-10-02
ACR08519,STU08519,51.56,56.23,43.68,1,48.6,-2.96,2026-10-02
ACR08520,STU08520,70.89,68.38,73.4,0,62.9,-7.99,2026-10-02
ACR08521,STU08521,60.21,76.55,60.66,0,73.36,13.15,2026-10-02
ACR08522,STU08522,100.0,85.92,73.84,0,86.76,-13.24,2026-10-02
ACR08523,STU08523,100.0,100.0,89.91,0,89.26,-10.74,2026-10-02
ACR08524,STU08524,74.92,85.78,77.75,0,70.92,-4.0,2026-10-02
ACR08525,STU08525,78.62,85.53,79.67,0,75.41,-3.21,2026-10-02
ACR08526,STU08526,79.76,77.26,66.64,0,77.04,-2.72,2026-10-02
ACR08527,STU08527,64.19,73.09,57.33,0,67.78,3.59,2026-10-02
ACR08528,STU08528,100.0,100.0,100.0,0,97.86,-2.14,2026-10-02
ACR08529,STU08529,56.17,74.43,66.53,1,56.49,0.32,2026-10-02
ACR08530,STU08530,61.24,77.11,65.62,0,65.95,4.71,2026-10-02
ACR08531,STU08531,77.97,54.49,63.8,0,62.17,-15.8,2026-10-02
ACR08532,STU08532,100.0,92.97,86.27,0,97.02,-2.98,2026-10-02
ACR08533,STU08533,100.0,84.85,71.28,0,83.27,-16.73,2026-10-02
ACR08534,STU08534,82.82,73.94,59.34,0,62.68,-20.14,2026-10-02
ACR08535,STU08535,68.81,79.98,66.62,0,68.56,-0.25,2026-10-02
ACR08536,STU08536,70.9,67.76,51.52,2,63.76,-7.14,2026-10-02
ACR08537,STU08537,87.95,87.45,69.71,0,87.96,0.01,2026-10-02
ACR08538,STU08538,88.44,78.37,68.37,0,73.96,-14.48,2026-10-02
ACR08539,STU08539,76.59,54.77,55.07,0,58.82,-17.77,2026-10-02
ACR08540,STU08540,87.28,81.97,60.34,0,75.05,-12.23,2026-10-02
ACR08541,STU08541,67.53,64.98,59.4,0,64.77,-2.76,2026-10-02
ACR08542,STU08542,74.92,65.19,42.39,0,70.98,-3.94,2026-10-02
ACR08543,STU08543,76.83,67.42,43.54,0,54.72,-22.11,2026-10-02
ACR08544,STU08544,64.07,73.76,69.02,0,65.42,1.35,2026-10-02
ACR08545,STU08545,58.35,44.19,48.19,0,43.1,-15.25,2026-10-02
ACR08546,STU08546,77.22,72.38,68.57,0,67.54,-9.68,2026-10-02
ACR08547,STU08547,52.91,52.1,50.51,0,57.56,4.65,2026-10-02
ACR08548,STU08548,67.63,78.27,78.51,0,74.26,6.63,2026-10-02
ACR08549,STU08549,76.05,72.64,59.09,0,67.34,-8.71,2026-10-02
ACR08550,STU08550,62.85,45.4,51.77,1,55.72,-7.13,2026-10-02
ACR08551,STU08551,57.31,53.7,45.96,0,46.29,-11.02,2026-10-02
ACR08552,STU08552,78.25,77.62,84.8,0,69.86,-8.39,2026-10-02
ACR08553,STU08553,92.39,75.89,78.31,0,87.15,-5.24,2026-10-02
ACR08554,STU08554,74.68,77.34,82.37,1,79.37,4.69,2026-10-02
ACR08555,STU08555,57.44,52.35,39.39,2,49.2,-8.24,2026-10-02
ACR08556,STU08556,79.21,59.24,44.16,1,63.54,-15.67,2026-10-02
ACR08557,STU08557,91.2,82.58,80.68,0,90.46,-0.74,2026-10-02
ACR08558,STU08558,58.33,62.15,56.37,0,56.14,-2.19,2026-10-02
ACR08559,STU08559,51.35,51.57,62.59,1,57.67,6.32,2026-10-02
ACR08560,STU08560,38.49,57.62,36.88,2,49.51,11.02,2026-10-02
ACR08561,STU08561,87.14,84.1,90.41,0,82.05,-5.09,2026-10-02
ACR08562,STU08562,99.66,93.63,86.7,0,93.93,-5.73,2026-10-02
ACR08563,STU08563,65.98,66.22,62.92,1,60.35,-5.63,2026-10-02
ACR08564,STU08564,79.74,80.7,70.81,0,82.74,3.0,2026-10-02
ACR08565,STU08565,91.11,84.65,79.64,0,86.37,-4.74,2026-10-02
ACR08566,STU08566,61.62,53.03,54.18,1,52.24,-9.38,2026-10-02
ACR08567,STU08567,89.64,88.16,72.84,0,87.59,-2.05,2026-10-02
ACR08568,STU08568,94.51,92.28,77.89,0,93.79,-0.72,2026-10-02
ACR08569,STU08569,90.41,66.37,73.66,0,74.64,-15.77,2026-10-02
ACR08570,STU08570,50.54,55.07,46.67,1,43.06,-7.48,2026-10-02
ACR08571,STU08571,69.61,68.17,80.75,0,67.59,-2.02,2026-10-02
ACR08572,STU08572,98.0,83.0,74.13,0,77.44,-20.56,2026-10-02
ACR08573,STU08573,79.12,71.92,55.8,0,63.76,-15.36,2026-10-02
ACR08574,STU08574,78.92,71.81,65.84,0,64.23,-14.69,2026-10-02
ACR08575,STU08575,69.49,66.18,61.03,0,63.82,-5.67,2026-10-02
ACR08576,STU08576,66.06,70.85,67.05,0,68.26,2.2,2026-10-02
ACR08577,STU08577,96.38,91.44,92.76,0,88.99,-7.39,2026-10-02
ACR08578,STU08578,66.48,61.15,56.58,1,46.12,-20.36,2026-10-02
ACR08579,STU08579,77.84,80.8,81.12,0,76.73,-1.11,2026-10-02
ACR08580,STU08580,51.22,78.59,56.25,2,56.73,5.51,2026-10-02
ACR08581,STU08581,93.36,79.42,74.4,0,71.19,-22.17,2026-10-02
ACR08582,STU08582,85.91,87.27,80.19,0,84.69,-1.22,2026-10-02
ACR08583,STU08583,65.86,70.47,57.01,1,61.01,-4.85,2026-10-02
ACR08584,STU08584,56.66,52.95,58.08,1,51.89,-4.77,2026-10-02
ACR08585,STU08585,68.22,61.19,58.97,1,64.79,-3.43,2026-10-02
ACR08586,STU08586,75.0,92.35,81.73,0,70.23,-4.77,2026-10-02
ACR08587,STU08587,81.77,65.18,64.79,0,66.86,-14.91,2026-10-02
ACR08588,STU08588,48.66,58.46,42.91,1,47.6,-1.06,2026-10-02
ACR08589,STU08589,52.19,55.66,57.11,0,46.85,-5.34,2026-10-02
ACR08590,STU08590,53.84,53.77,40.3,1,45.05,-8.79,2026-10-02
ACR08591,STU08591,69.9,68.75,51.91,1,56.85,-13.05,2026-10-02
ACR08592,STU08592,49.33,53.51,52.56,0,43.49,-5.84,2026-10-02
ACR08593,STU08593,80.7,52.22,57.91,0,53.94,-26.76,2026-10-02
ACR08594,STU08594,67.39,76.9,63.91,1,67.42,0.03,2026-10-02
ACR08595,STU08595,97.3,100.0,89.22,0,91.8,-5.5,2026-10-02
ACR08596,STU08596,73.92,76.26,69.53,0,75.33,1.41,2026-10-02
ACR08597,STU08597,100.0,98.47,86.11,0,85.75,-14.25,2026-10-02
ACR08598,STU08598,61.0,62.98,68.34,0,71.09,10.09,2026-10-02
ACR08599,STU08599,38.55,49.85,38.84,2,42.22,3.67,2026-10-02
ACR08600,STU08600,78.32,71.34,57.23,0,59.75,-18.57,2026-10-02
ACR08601,STU08601,74.64,65.93,70.02,0,67.0,-7.64,2026-10-02
ACR08602,STU08602,68.09,33.33,46.94,0,61.96,-6.13,2026-10-02
ACR08603,STU08603,80.66,70.34,58.81,0,65.82,-14.84,2026-10-02
ACR08604,STU08604,82.72,78.83,76.8,0,78.11,-4.61,2026-10-02
ACR08605,STU08605,100.0,91.0,85.64,0,85.97,-14.03,2026-10-02
ACR08606,STU08606,86.03,84.94,73.09,0,82.2,-3.83,2026-10-02
ACR08607,STU08607,54.85,56.19,42.51,0,52.97,-1.88,2026-10-02
ACR08608,STU08608,72.96,51.13,64.96,2,55.57,-17.39,2026-10-02
ACR08609,STU08609,67.34,66.92,57.72,1,63.26,-4.08,2026-10-02
ACR08610,STU08610,72.73,75.6,69.12,0,75.84,3.11,2026-10-02
ACR08611,STU08611,91.07,85.35,82.66,0,86.61,-4.46,2026-10-02
ACR08612,STU08612,89.17,80.87,59.62,0,82.39,-6.78,2026-10-02
ACR08613,STU08613,73.44,79.68,78.32,0,73.9,0.46,2026-10-02
ACR08614,STU08614,77.37,82.51,70.84,0,73.8,-3.57,2026-10-02
ACR08615,STU08615,83.8,86.53,67.16,0,83.03,-0.77,2026-10-02
ACR08616,STU08616,83.16,84.25,72.81,0,72.44,-10.72,2026-10-02
ACR08617,STU08617,75.65,70.1,56.23,1,64.35,-11.3,2026-10-02
ACR08618,STU08618,72.85,57.99,82.25,0,73.15,0.3,2026-10-02
ACR08619,STU08619,88.84,80.64,59.63,0,74.54,-14.3,2026-10-02
ACR08620,STU08620,79.13,68.96,59.36,0,75.22,-3.91,2026-10-02
ACR08621,STU08621,100.0,93.68,87.65,0,90.89,-9.11,2026-10-02
ACR08622,STU08622,75.19,74.03,69.63,0,69.93,-5.26,2026-10-02
ACR08623,STU08623,59.3,52.03,38.83,0,51.64,-7.66,2026-10-02
ACR08624,STU08624,100.0,99.5,100.0,0,90.78,-9.22,2026-10-02
ACR08625,STU08625,100.0,97.16,80.83,0,83.55,-16.45,2026-10-02
ACR08626,STU08626,99.41,93.0,86.1,0,88.25,-11.16,2026-10-02
ACR08627,STU08627,38.39,48.73,47.36,2,40.77,2.38,2026-10-02
ACR08628,STU08628,100.0,100.0,97.11,0,100.0,0.0,2026-10-02
ACR08629,STU08629,78.01,64.38,68.81,0,57.92,-20.09,2026-10-02
ACR08630,STU08630,69.88,73.82,62.29,0,73.94,4.06,2026-10-02
ACR08631,STU08631,86.29,85.0,79.33,0,82.49,-3.8,2026-10-02
ACR08632,STU08632,56.17,54.06,51.65,1,53.12,-3.05,2026-10-02
ACR08633,STU08633,63.03,72.88,45.16,0,56.32,-6.71,2026-10-02
ACR08634,STU08634,74.89,83.41,59.63,0,66.32,-8.57,2026-10-02
ACR08635,STU08635,48.55,44.33,47.04,0,48.1,-0.45,2026-10-02
ACR08636,STU08636,100.0,90.72,95.75,0,84.01,-15.99,2026-10-02
ACR08637,STU08637,63.32,51.04,55.38,0,63.38,0.06,2026-10-02
ACR08638,STU08638,62.86,66.13,52.53,0,64.89,2.03,2026-10-02
ACR08639,STU08639,76.83,61.8,62.69,0,60.27,-16.56,2026-10-02
ACR08640,STU08640,60.46,71.68,71.34,0,68.05,7.59,2026-10-02
ACR08641,STU08641,87.6,85.15,80.3,0,78.3,-9.3,2026-10-02
ACR08642,STU08642,90.82,62.73,62.71,0,71.18,-19.64,2026-10-02
ACR08643,STU08643,25.55,40.87,46.64,3,32.37,6.82,2026-10-02
ACR08644,STU08644,41.96,64.36,53.51,2,48.11,6.15,2026-10-02
ACR08645,STU08645,83.09,79.48,73.87,0,82.38,-0.71,2026-10-02
ACR08646,STU08646,52.58,41.67,47.55,0,47.6,-4.98,2026-10-02
ACR08647,STU08647,79.07,59.64,57.24,0,68.81,-10.26,2026-10-02
ACR08648,STU08648,84.92,76.67,71.15,0,71.2,-13.72,2026-10-02
ACR08649,STU08649,63.48,70.9,69.42,1,59.61,-3.87,2026-10-02
ACR08650,STU08650,53.02,56.55,49.06,1,49.12,-3.9,2026-10-02
ACR08651,STU08651,82.5,86.76,87.99,0,73.12,-9.38,2026-10-02
ACR08652,STU08652,70.32,63.59,45.78,1,60.68,-9.64,2026-10-02
ACR08653,STU08653,86.55,76.95,71.88,0,79.24,-7.31,2026-10-02
ACR08654,STU08654,65.01,80.2,67.5,0,66.98,1.97,2026-10-02
ACR08655,STU08655,82.99,74.35,74.45,0,78.08,-4.91,2026-10-02
ACR08656,STU08656,63.86,53.21,60.21,0,59.61,-4.25,2026-10-02
ACR08657,STU08657,59.46,63.91,60.72,0,51.94,-7.52,2026-10-02
ACR08658,STU08658,67.86,62.53,69.7,0,63.75,-4.11,2026-10-02
ACR08659,STU08659,76.01,58.35,46.69,0,64.93,-11.08,2026-10-02
ACR08660,STU08660,100.0,82.17,79.0,0,82.62,-17.38,2026-10-02
ACR08661,STU08661,46.44,46.07,39.64,1,32.02,-14.42,2026-10-02
ACR08662,STU08662,87.81,75.16,61.1,0,69.56,-18.25,2026-10-02
ACR08663,STU08663,64.38,70.5,72.82,0,68.74,4.36,2026-10-02
ACR08664,STU08664,58.27,47.63,47.9,0,43.89,-14.38,2026-10-02
ACR08665,STU08665,100.0,97.2,100.0,0,98.35,-1.65,2026-10-02
ACR08666,STU08666,56.73,51.34,44.09,0,53.82,-2.91,2026-10-02
ACR08667,STU08667,67.67,63.03,64.41,0,69.08,1.41,2026-10-02
ACR08668,STU08668,77.12,72.03,75.31,0,77.6,0.48,2026-10-02
ACR08669,STU08669,86.2,80.62,68.15,0,81.49,-4.71,2026-10-02
ACR08670,STU08670,63.89,76.5,68.44,0,65.62,1.73,2026-10-02
ACR08671,STU08671,71.21,77.28,74.91,0,66.8,-4.41,2026-10-02
ACR08672,STU08672,77.96,69.91,74.87,0,74.55,-3.41,2026-10-02
ACR08673,STU08673,68.19,55.37,46.05,0,49.39,-18.8,2026-10-02
ACR08674,STU08674,81.15,70.7,46.22,0,72.33,-8.82,2026-10-02
ACR08675,STU08675,75.29,77.8,65.96,0,62.14,-13.15,2026-10-02
ACR08676,STU08676,72.14,88.99,68.19,1,72.45,0.31,2026-10-02
ACR08677,STU08677,69.69,61.41,59.71,0,64.6,-5.09,2026-10-02
ACR08678,STU08678,79.2,86.1,68.12,0,75.37,-3.83,2026-10-02
ACR08679,STU08679,51.43,51.61,48.72,1,41.07,-10.36,2026-10-02
ACR08680,STU08680,90.72,80.46,69.31,0,77.07,-13.65,2026-10-02
ACR08681,STU08681,100.0,89.49,82.05,0,77.03,-22.97,2026-10-02
ACR08682,STU08682,73.7,81.92,59.17,0,73.56,-0.14,2026-10-02
ACR08683,STU08683,78.63,65.25,61.25,0,68.63,-10.0,2026-10-02
ACR08684,STU08684,100.0,97.2,78.89,0,92.92,-7.08,2026-10-02
ACR08685,STU08685,71.47,79.79,56.96,0,75.15,3.68,2026-10-02
ACR08686,STU08686,55.04,52.05,54.37,1,49.16,-5.88,2026-10-02
ACR08687,STU08687,47.95,61.91,64.19,4,58.69,10.74,2026-10-02
ACR08688,STU08688,93.96,79.82,73.36,0,81.37,-12.59,2026-10-02
ACR08689,STU08689,83.66,80.89,57.62,0,80.05,-3.61,2026-10-02
ACR08690,STU08690,76.27,71.36,62.42,0,60.65,-15.62,2026-10-02
ACR08691,STU08691,74.82,66.28,74.79,0,70.68,-4.14,2026-10-02
ACR08692,STU08692,73.95,84.9,75.08,0,76.22,2.27,2026-10-02
ACR08693,STU08693,100.0,100.0,96.25,0,95.5,-4.5,2026-10-02
ACR08694,STU08694,86.08,85.07,62.28,0,63.94,-22.14,2026-10-02
ACR08695,STU08695,85.36,90.25,79.19,0,81.69,-3.67,2026-10-02
ACR08696,STU08696,74.69,64.11,54.27,0,60.09,-14.6,2026-10-02
ACR08697,STU08697,79.08,91.61,79.15,0,71.93,-7.15,2026-10-02
ACR08698,STU08698,79.65,83.29,57.53,0,72.42,-7.23,2026-10-02
ACR08699,STU08699,88.5,93.77,83.26,0,88.08,-0.42,2026-10-02
ACR08700,STU08700,44.32,54.83,53.6,2,42.41,-1.91,2026-10-02
ACR08701,STU08701,68.8,71.11,60.76,0,65.82,-2.98,2026-10-02
ACR08702,STU08702,90.76,64.13,75.29,0,74.74,-16.02,2026-10-02
ACR08703,STU08703,75.63,76.52,60.27,0,72.79,-2.84,2026-10-02
ACR08704,STU08704,96.79,83.69,70.77,0,92.43,-4.36,2026-10-02
ACR08705,STU08705,79.71,82.56,72.89,0,78.17,-1.54,2026-10-02
ACR08706,STU08706,70.98,71.85,72.63,1,64.39,-6.59,2026-10-02
ACR08707,STU08707,78.54,71.7,82.97,0,73.84,-4.7,2026-10-02
ACR08708,STU08708,100.0,69.49,81.53,0,83.51,-16.49,2026-10-02
ACR08709,STU08709,85.43,89.3,70.3,0,73.6,-11.83,2026-10-02
ACR08710,STU08710,71.07,65.04,75.15,0,66.93,-4.14,2026-10-02
ACR08711,STU08711,100.0,88.22,73.62,0,86.77,-13.23,2026-10-02
ACR08712,STU08712,94.74,91.72,85.6,0,87.84,-6.9,2026-10-02
ACR08713,STU08713,69.27,51.28,51.81,1,56.39,-12.88,2026-10-02
ACR08714,STU08714,73.49,73.69,78.51,0,80.38,6.89,2026-10-02
ACR08715,STU08715,90.58,90.74,79.64,0,80.54,-10.04,2026-10-02
ACR08716,STU08716,79.41,74.06,58.98,0,75.04,-4.37,2026-10-02
ACR08717,STU08717,100.0,100.0,91.44,0,96.98,-3.02,2026-10-02
ACR08718,STU08718,73.26,66.15,48.42,0,71.98,-1.28,2026-10-02
ACR08719,STU08719,55.07,64.59,57.5,1,57.26,2.19,2026-10-02
ACR08720,STU08720,77.64,87.21,72.32,0,68.58,-9.06,2026-10-02
ACR08721,STU08721,68.05,62.64,61.54,1,58.02,-10.03,2026-10-02
ACR08722,STU08722,42.52,57.67,35.13,3,37.32,-5.2,2026-10-02
ACR08723,STU08723,86.3,73.51,71.5,0,80.11,-6.19,2026-10-02
ACR08724,STU08724,67.54,66.59,43.73,1,63.06,-4.48,2026-10-02
ACR08725,STU08725,70.07,65.22,63.74,0,61.45,-8.62,2026-10-02
ACR08726,STU08726,67.7,69.98,71.72,0,65.31,-2.39,2026-10-02
ACR08727,STU08727,92.52,88.86,86.75,0,88.1,-4.42,2026-10-02
ACR08728,STU08728,80.26,73.41,69.98,0,80.65,0.39,2026-10-02
ACR08729,STU08729,63.1,69.62,65.18,0,63.56,0.46,2026-10-02
ACR08730,STU08730,100.0,100.0,98.43,0,98.85,-1.15,2026-10-02
ACR08731,STU08731,61.55,66.23,70.75,0,61.64,0.09,2026-10-02
ACR08732,STU08732,85.42,70.17,64.67,0,69.12,-16.3,2026-10-02
ACR08733,STU08733,94.76,93.69,77.32,0,92.42,-2.34,2026-10-02
ACR08734,STU08734,82.68,69.09,71.01,0,78.78,-3.9,2026-10-02
ACR08735,STU08735,84.16,59.26,59.52,0,67.72,-16.44,2026-10-02
ACR08736,STU08736,75.17,72.14,69.98,0,71.7,-3.47,2026-10-02
ACR08737,STU08737,62.2,61.54,52.67,0,63.2,1.0,2026-10-02
ACR08738,STU08738,69.35,73.94,63.39,0,71.85,2.5,2026-10-02
ACR08739,STU08739,75.35,86.35,69.91,0,76.06,0.71,2026-10-02
ACR08740,STU08740,100.0,95.93,93.82,0,100.0,0.0,2026-10-02
ACR08741,STU08741,94.55,91.04,70.01,0,82.3,-12.25,2026-10-02
ACR08742,STU08742,81.49,65.93,69.47,0,75.58,-5.91,2026-10-02
ACR08743,STU08743,85.88,75.9,68.31,0,84.04,-1.84,2026-10-02
ACR08744,STU08744,86.87,78.57,69.77,0,72.19,-14.68,2026-10-02
ACR08745,STU08745,85.74,100.0,84.38,0,87.94,2.2,2026-10-02
ACR08746,STU08746,59.91,64.72,51.58,0,55.5,-4.41,2026-10-02
ACR08747,STU08747,91.57,79.71,77.07,0,79.17,-12.4,2026-10-02
ACR08748,STU08748,87.29,84.3,76.05,0,74.18,-13.11,2026-10-02
ACR08749,STU08749,88.24,74.37,83.23,0,90.43,2.19,2026-10-02
ACR08750,STU08750,100.0,84.54,78.44,0,90.99,-9.01,2026-10-02
ACR08751,STU08751,68.11,76.87,70.81,0,68.59,0.48,2026-10-02
ACR08752,STU08752,70.15,74.92,73.6,0,63.09,-7.06,2026-10-02
ACR08753,STU08753,74.14,81.24,73.21,0,74.82,0.68,2026-10-02
ACR08754,STU08754,74.66,66.15,50.42,0,70.35,-4.31,2026-10-02
ACR08755,STU08755,77.35,59.43,70.86,0,72.09,-5.26,2026-10-02
ACR08756,STU08756,61.35,50.1,62.93,2,44.22,-17.13,2026-10-02
ACR08757,STU08757,81.94,82.85,57.67,0,62.23,-19.71,2026-10-02
ACR08758,STU08758,65.15,76.36,47.11,0,65.07,-0.08,2026-10-02
ACR08759,STU08759,68.89,80.4,78.82,0,72.96,4.07,2026-10-02
ACR08760,STU08760,73.68,63.7,61.31,0,55.84,-17.84,2026-10-02
ACR08761,STU08761,90.42,100.0,85.05,0,94.16,3.74,2026-10-02
ACR08762,STU08762,93.04,71.95,69.51,0,67.54,-25.5,2026-10-02
ACR08763,STU08763,82.7,74.02,73.07,0,66.17,-16.53,2026-10-02
ACR08764,STU08764,92.21,100.0,85.43,0,83.45,-8.76,2026-10-02
ACR08765,STU08765,83.01,93.28,80.89,0,71.38,-11.63,2026-10-02
ACR08766,STU08766,68.71,65.48,62.85,0,74.01,5.3,2026-10-02
ACR08767,STU08767,65.41,69.49,74.61,0,67.6,2.19,2026-10-02
ACR08768,STU08768,78.53,84.6,76.91,0,73.12,-5.41,2026-10-02
ACR08769,STU08769,83.24,84.22,76.42,1,65.46,-17.78,2026-10-02
ACR08770,STU08770,91.22,89.68,56.63,0,75.88,-15.34,2026-10-02
ACR08771,STU08771,65.59,55.44,59.7,0,56.72,-8.87,2026-10-02
ACR08772,STU08772,99.04,84.9,85.79,0,85.59,-13.45,2026-10-02
ACR08773,STU08773,83.89,89.17,65.17,0,78.18,-5.71,2026-10-02
ACR08774,STU08774,63.23,82.59,64.55,0,70.6,7.37,2026-10-02
ACR08775,STU08775,100.0,94.01,86.96,0,95.1,-4.9,2026-10-02
ACR08776,STU08776,69.77,66.94,58.93,0,71.48,1.71,2026-10-02
ACR08777,STU08777,99.71,100.0,78.43,0,89.06,-10.65,2026-10-02
ACR08778,STU08778,58.42,62.08,63.72,0,63.55,5.13,2026-10-02
ACR08779,STU08779,62.32,56.07,43.69,0,51.33,-10.99,2026-10-02
ACR08780,STU08780,65.34,80.28,66.04,0,63.7,-1.64,2026-10-02
ACR08781,STU08781,71.18,60.44,55.41,0,61.8,-9.38,2026-10-02
ACR08782,STU08782,82.33,84.22,75.7,0,72.29,-10.04,2026-10-02
ACR08783,STU08783,83.56,74.54,62.49,0,71.19,-12.37,2026-10-02
ACR08784,STU08784,64.25,76.6,64.48,0,63.78,-0.47,2026-10-02
ACR08785,STU08785,24.07,48.59,29.89,3,36.74,12.67,2026-10-02
ACR08786,STU08786,46.75,63.97,55.03,3,56.76,10.01,2026-10-02
ACR08787,STU08787,100.0,92.14,96.32,0,100.0,0.0,2026-10-02
ACR08788,STU08788,68.86,65.17,59.14,0,58.79,-10.07,2026-10-02
ACR08789,STU08789,100.0,100.0,100.0,0,86.88,-13.12,2026-10-02
ACR08790,STU08790,99.01,96.6,90.18,0,89.79,-9.22,2026-10-02
ACR08791,STU08791,83.02,67.95,78.95,0,71.57,-11.45,2026-10-02
ACR08792,STU08792,88.65,79.62,75.24,0,75.57,-13.08,2026-10-02
ACR08793,STU08793,80.42,75.24,70.04,0,69.09,-11.33,2026-10-02
ACR08794,STU08794,84.56,74.31,79.47,0,70.11,-14.45,2026-10-02
ACR08795,STU08795,67.06,54.81,60.84,1,58.2,-8.86,2026-10-02
ACR08796,STU08796,88.16,84.7,57.8,0,76.17,-11.99,2026-10-02
ACR08797,STU08797,68.97,64.14,66.2,0,59.24,-9.73,2026-10-02
ACR08798,STU08798,100.0,79.05,63.29,0,84.19,-15.81,2026-10-02
ACR08799,STU08799,50.25,44.88,55.77,4,40.99,-9.26,2026-10-02
ACR08800,STU08800,83.41,75.47,63.41,1,79.35,-4.06,2026-10-02
ACR08801,STU08801,64.72,78.19,60.77,0,69.77,5.05,2026-10-02
ACR08802,STU08802,48.45,50.41,40.26,0,47.52,-0.93,2026-10-02
ACR08803,STU08803,100.0,86.41,87.9,0,90.22,-9.78,2026-10-02
ACR08804,STU08804,66.31,65.54,60.37,0,57.75,-8.56,2026-10-02
ACR08805,STU08805,89.12,87.36,63.06,0,72.11,-17.01,2026-10-02
ACR08806,STU08806,80.42,77.75,63.11,1,77.41,-3.01,2026-10-02
ACR08807,STU08807,91.61,85.84,87.93,0,81.87,-9.74,2026-10-02
ACR08808,STU08808,52.67,62.71,56.25,2,44.03,-8.64,2026-10-02
ACR08809,STU08809,84.78,72.86,58.27,0,72.77,-12.01,2026-10-02
ACR08810,STU08810,67.65,80.77,62.34,0,75.94,8.29,2026-10-02
ACR08811,STU08811,56.57,61.31,56.33,0,47.72,-8.85,2026-10-02
ACR08812,STU08812,73.28,88.91,68.0,0,78.6,5.32,2026-10-02
ACR08813,STU08813,75.83,72.82,60.96,0,61.72,-14.11,2026-10-02
ACR08814,STU08814,85.56,80.53,85.28,0,88.97,3.41,2026-10-02
ACR08815,STU08815,51.85,53.56,58.26,3,41.49,-10.36,2026-10-02
ACR08816,STU08816,86.33,80.13,72.32,0,81.52,-4.81,2026-10-02
ACR08817,STU08817,75.21,85.89,68.77,0,74.87,-0.34,2026-10-02
ACR08818,STU08818,89.36,83.03,71.93,0,74.54,-14.82,2026-10-02
ACR08819,STU08819,100.0,82.36,72.75,0,85.98,-14.02,2026-10-02
ACR08820,STU08820,63.39,68.7,61.96,0,68.2,4.81,2026-10-02
ACR08821,STU08821,82.4,84.11,79.72,0,84.02,1.62,2026-10-02
ACR08822,STU08822,87.95,75.86,83.12,0,76.3,-11.65,2026-10-02
ACR08823,STU08823,84.89,78.83,73.09,0,72.65,-12.24,2026-10-02
ACR08824,STU08824,77.37,71.35,72.53,1,65.05,-12.32,2026-10-02
ACR08825,STU08825,68.52,61.88,54.62,1,56.46,-12.06,2026-10-02
ACR08826,STU08826,74.77,68.04,56.45,0,69.81,-4.96,2026-10-02
ACR08827,STU08827,86.4,73.94,75.95,0,79.69,-6.71,2026-10-02
ACR08828,STU08828,96.7,77.51,83.33,0,86.6,-10.1,2026-10-02
ACR08829,STU08829,75.64,81.88,74.08,0,78.4,2.76,2026-10-02
ACR08830,STU08830,63.86,73.28,66.8,0,66.99,3.13,2026-10-02
ACR08831,STU08831,83.44,79.87,79.61,0,81.06,-2.38,2026-10-02
ACR08832,STU08832,100.0,84.73,77.72,0,84.77,-15.23,2026-10-02
ACR08833,STU08833,88.41,87.93,63.53,0,75.23,-13.18,2026-10-02
ACR08834,STU08834,57.56,40.06,43.91,0,55.54,-2.02,2026-10-02
ACR08835,STU08835,66.89,53.71,58.22,0,57.61,-9.28,2026-10-02
ACR08836,STU08836,86.74,87.8,69.97,0,74.99,-11.75,2026-10-02
ACR08837,STU08837,88.98,56.42,69.16,0,72.43,-16.55,2026-10-02
ACR08838,STU08838,99.92,85.76,74.49,0,81.12,-18.8,2026-10-02
ACR08839,STU08839,81.75,86.91,81.94,0,76.52,-5.23,2026-10-02
ACR08840,STU08840,78.26,72.98,58.82,0,68.33,-9.93,2026-10-02
ACR08841,STU08841,56.02,70.85,51.88,0,56.73,0.71,2026-10-02
ACR08842,STU08842,77.68,90.6,69.97,0,69.97,-7.71,2026-10-02
ACR08843,STU08843,51.64,59.99,54.29,0,57.74,6.1,2026-10-02
ACR08844,STU08844,31.98,56.97,33.94,0,27.22,-4.76,2026-10-02
ACR08845,STU08845,82.72,75.31,76.88,0,78.77,-3.95,2026-10-02
ACR08846,STU08846,88.39,86.42,65.6,0,74.42,-13.97,2026-10-02
ACR08847,STU08847,72.44,67.04,57.18,0,68.65,-3.79,2026-10-02
ACR08848,STU08848,87.05,78.46,87.12,0,85.9,-1.15,2026-10-02
ACR08849,STU08849,74.17,74.04,81.35,0,76.43,2.26,2026-10-02
ACR08850,STU08850,81.16,83.45,81.35,0,68.66,-12.5,2026-10-02
ACR08851,STU08851,89.36,77.28,78.88,0,64.95,-24.41,2026-10-02
ACR08852,STU08852,100.0,95.25,92.22,0,97.39,-2.61,2026-10-02
ACR08853,STU08853,84.92,90.49,79.99,0,80.41,-4.51,2026-10-02
ACR08854,STU08854,99.22,96.28,77.68,0,97.67,-1.55,2026-10-02
ACR08855,STU08855,80.76,76.36,77.59,0,71.73,-9.03,2026-10-02
ACR08856,STU08856,72.17,61.11,57.32,0,63.23,-8.94,2026-10-02
ACR08857,STU08857,81.14,90.89,86.96,0,80.35,-0.79,2026-10-02
ACR08858,STU08858,97.55,73.94,64.88,0,76.41,-21.14,2026-10-02
ACR08859,STU08859,84.66,79.71,72.45,0,69.52,-15.14,2026-10-02
ACR08860,STU08860,79.08,66.23,58.92,0,75.15,-3.93,2026-10-02
ACR08861,STU08861,100.0,100.0,69.98,0,87.96,-12.04,2026-10-02
ACR08862,STU08862,73.81,79.01,71.18,1,54.76,-19.05,2026-10-02
ACR08863,STU08863,86.35,77.83,69.05,0,75.23,-11.12,2026-10-02
ACR08864,STU08864,73.72,73.13,67.73,0,72.42,-1.3,2026-10-02
ACR08865,STU08865,88.4,73.14,74.91,0,67.37,-21.03,2026-10-02
ACR08866,STU08866,88.85,89.13,94.61,0,81.66,-7.19,2026-10-02
ACR08867,STU08867,80.58,95.34,75.07,0,79.55,-1.03,2026-10-02
ACR08868,STU08868,64.82,59.29,66.19,0,66.65,1.83,2026-10-02
ACR08869,STU08869,87.39,81.29,78.89,0,82.6,-4.79,2026-10-02
ACR08870,STU08870,86.2,74.09,68.48,0,78.96,-7.24,2026-10-02
ACR08871,STU08871,100.0,99.68,78.98,0,93.6,-6.4,2026-10-02
ACR08872,STU08872,83.23,82.15,76.73,0,75.85,-7.38,2026-10-02
ACR08873,STU08873,81.89,74.32,72.08,0,74.23,-7.66,2026-10-02
ACR08874,STU08874,82.85,81.21,79.12,0,78.76,-4.09,2026-10-02
ACR08875,STU08875,78.88,68.21,81.43,0,75.69,-3.19,2026-10-02
ACR08876,STU08876,80.44,74.9,60.25,0,70.18,-10.26,2026-10-02
ACR08877,STU08877,70.16,59.57,59.81,0,68.15,-2.01,2026-10-02
ACR08878,STU08878,95.76,87.14,74.97,0,90.62,-5.14,2026-10-02
ACR08879,STU08879,77.99,75.68,72.52,0,58.67,-19.32,2026-10-02
ACR08880,STU08880,86.14,83.88,63.89,0,71.85,-14.29,2026-10-02
ACR08881,STU08881,100.0,92.89,73.8,0,94.35,-5.65,2026-10-02
ACR08882,STU08882,71.62,69.28,51.27,1,57.17,-14.45,2026-10-02
ACR08883,STU08883,82.28,66.17,62.65,0,64.91,-17.37,2026-10-02
ACR08884,STU08884,86.27,67.68,71.39,0,70.68,-15.59,2026-10-02
ACR08885,STU08885,94.53,96.66,85.42,0,87.11,-7.42,2026-10-02
ACR08886,STU08886,98.81,88.26,77.53,0,90.37,-8.44,2026-10-02
ACR08887,STU08887,99.75,79.0,76.22,0,91.09,-8.66,2026-10-02
ACR08888,STU08888,40.52,42.08,23.38,0,49.56,9.04,2026-10-02
ACR08889,STU08889,100.0,85.36,85.85,0,82.65,-17.35,2026-10-02
ACR08890,STU08890,90.81,93.39,84.52,0,76.93,-13.88,2026-10-02
ACR08891,STU08891,83.02,82.21,67.8,0,77.18,-5.84,2026-10-02
ACR08892,STU08892,100.0,97.54,93.53,0,95.32,-4.68,2026-10-02
ACR08893,STU08893,72.77,82.49,67.05,0,70.81,-1.96,2026-10-02
ACR08894,STU08894,79.76,56.67,61.78,0,73.02,-6.74,2026-10-02
ACR08895,STU08895,87.32,100.0,71.7,0,81.97,-5.35,2026-10-02
ACR08896,STU08896,68.6,63.34,62.04,0,56.82,-11.78,2026-10-02
ACR08897,STU08897,69.01,82.2,58.59,0,53.73,-15.28,2026-10-02
ACR08898,STU08898,64.74,74.28,67.37,0,58.04,-6.7,2026-10-02
ACR08899,STU08899,93.16,73.62,71.79,0,86.0,-7.16,2026-10-02
ACR08900,STU08900,87.04,84.43,78.11,0,82.86,-4.18,2026-10-02
ACR08901,STU08901,78.17,76.8,56.39,0,72.43,-5.74,2026-10-02
ACR08902,STU08902,85.58,79.12,73.67,0,82.12,-3.46,2026-10-02
ACR08903,STU08903,64.29,68.65,58.15,0,53.49,-10.8,2026-10-02
ACR08904,STU08904,73.43,71.68,74.2,0,66.13,-7.3,2026-10-02
ACR08905,STU08905,42.59,35.94,43.86,2,46.0,3.41,2026-10-02
ACR08906,STU08906,100.0,88.56,100.0,0,90.49,-9.51,2026-10-02
ACR08907,STU08907,77.65,66.14,60.99,0,63.29,-14.36,2026-10-02
ACR08908,STU08908,90.02,82.18,71.02,0,73.28,-16.74,2026-10-02
ACR08909,STU08909,71.88,70.18,76.19,0,64.24,-7.64,2026-10-02
ACR08910,STU08910,82.78,100.0,68.82,0,77.02,-5.76,2026-10-02
ACR08911,STU08911,94.5,92.88,94.02,0,85.17,-9.33,2026-10-02
ACR08912,STU08912,65.31,76.35,67.49,0,64.45,-0.86,2026-10-02
ACR08913,STU08913,100.0,100.0,99.07,0,97.86,-2.14,2026-10-02
ACR08914,STU08914,78.89,55.51,62.88,0,64.68,-14.21,2026-10-02
ACR08915,STU08915,89.22,70.89,84.83,0,80.22,-9.0,2026-10-02
ACR08916,STU08916,85.32,68.46,75.53,0,73.44,-11.88,2026-10-02
ACR08917,STU08917,69.59,60.46,49.96,1,65.09,-4.5,2026-10-02
ACR08918,STU08918,63.67,72.59,66.02,2,65.69,2.02,2026-10-02
ACR08919,STU08919,78.12,91.68,77.63,0,81.15,3.03,2026-10-02
ACR08920,STU08920,79.43,73.91,79.6,0,82.31,2.88,2026-10-02
ACR08921,STU08921,100.0,79.71,71.09,0,88.55,-11.45,2026-10-02
ACR08922,STU08922,77.11,80.77,72.02,1,78.85,1.74,2026-10-02
ACR08923,STU08923,87.07,82.63,69.6,0,73.9,-13.17,2026-10-02
ACR08924,STU08924,73.73,80.96,71.39,0,72.26,-1.47,2026-10-02
ACR08925,STU08925,47.07,43.34,44.82,2,47.71,0.64,2026-10-02
ACR08926,STU08926,96.16,99.28,82.84,0,81.71,-14.45,2026-10-02
ACR08927,STU08927,65.37,84.29,63.27,1,68.51,3.14,2026-10-02
ACR08928,STU08928,79.23,79.77,57.35,0,70.36,-8.87,2026-10-02
ACR08929,STU08929,76.53,69.3,73.99,0,81.5,4.97,2026-10-02
ACR08930,STU08930,67.99,75.44,68.2,0,70.3,2.31,2026-10-02
ACR08931,STU08931,44.3,41.72,36.73,0,44.57,0.27,2026-10-02
ACR08932,STU08932,58.31,64.93,63.3,1,58.73,0.42,2026-10-02
ACR08933,STU08933,84.75,85.31,61.99,0,74.06,-10.69,2026-10-02
ACR08934,STU08934,71.93,65.52,80.41,0,68.46,-3.47,2026-10-02
ACR08935,STU08935,85.62,75.56,75.85,0,66.85,-18.77,2026-10-02
ACR08936,STU08936,57.53,64.3,56.59,1,58.29,0.76,2026-10-02
ACR08937,STU08937,45.83,63.81,61.46,1,49.2,3.37,2026-10-02
ACR08938,STU08938,82.84,99.0,84.14,0,77.87,-4.97,2026-10-02
ACR08939,STU08939,90.6,75.1,71.08,0,78.55,-12.05,2026-10-02
ACR08940,STU08940,94.7,74.62,70.46,0,81.25,-13.45,2026-10-02
ACR08941,STU08941,51.38,70.8,54.27,0,54.93,3.55,2026-10-02
ACR08942,STU08942,66.45,86.56,71.75,0,66.15,-0.3,2026-10-02
ACR08943,STU08943,63.56,64.63,55.41,1,59.58,-3.98,2026-10-02
ACR08944,STU08944,78.34,64.32,78.36,0,75.81,-2.53,2026-10-02
ACR08945,STU08945,73.1,82.67,67.72,0,70.33,-2.77,2026-10-02
ACR08946,STU08946,42.13,43.82,48.3,2,59.21,17.08,2026-10-02
ACR08947,STU08947,70.69,76.15,74.45,0,70.89,0.2,2026-10-02
ACR08948,STU08948,100.0,84.82,73.01,0,74.97,-25.03,2026-10-02
ACR08949,STU08949,100.0,100.0,75.6,0,94.98,-5.02,2026-10-02
ACR08950,STU08950,86.79,88.92,73.48,0,77.36,-9.43,2026-10-02
ACR08951,STU08951,58.3,61.15,58.28,0,62.2,3.9,2026-10-02
ACR08952,STU08952,54.81,65.69,62.28,0,62.0,7.19,2026-10-02
ACR08953,STU08953,72.31,76.87,75.1,0,74.88,2.57,2026-10-02
ACR08954,STU08954,80.47,79.49,60.51,0,64.94,-15.53,2026-10-02
ACR08955,STU08955,81.26,63.32,63.93,0,88.1,6.84,2026-10-02
ACR08956,STU08956,61.43,57.36,59.16,0,48.27,-13.16,2026-10-02
ACR08957,STU08957,100.0,100.0,97.25,0,98.15,-1.85,2026-10-02
ACR08958,STU08958,73.65,68.45,84.04,0,69.81,-3.84,2026-10-02
ACR08959,STU08959,96.81,82.0,74.46,0,85.94,-10.87,2026-10-02
ACR08960,STU08960,89.19,79.32,70.35,0,72.15,-17.04,2026-10-02
ACR08961,STU08961,82.08,78.91,69.39,0,68.35,-13.73,2026-10-02
ACR08962,STU08962,60.68,51.74,55.34,0,49.29,-11.39,2026-10-02
ACR08963,STU08963,78.7,74.69,66.32,0,67.08,-11.62,2026-10-02
ACR08964,STU08964,67.75,59.18,64.0,0,61.59,-6.16,2026-10-02
ACR08965,STU08965,57.0,57.3,39.4,0,51.56,-5.44,2026-10-02
ACR08966,STU08966,68.14,50.0,54.85,0,67.6,-0.54,2026-10-02
ACR08967,STU08967,80.08,85.0,55.16,0,64.95,-15.13,2026-10-02
ACR08968,STU08968,56.43,72.07,55.39,1,62.75,6.32,2026-10-02
ACR08969,STU08969,51.38,45.62,58.43,1,55.06,3.68,2026-10-02
ACR08970,STU08970,99.79,87.38,68.52,0,80.04,-19.75,2026-10-02
ACR08971,STU08971,91.82,90.2,83.27,0,88.28,-3.54,2026-10-02
ACR08972,STU08972,64.34,66.71,59.76,1,68.27,3.93,2026-10-02
ACR08973,STU08973,86.11,94.06,82.51,0,85.9,-0.21,2026-10-02
ACR08974,STU08974,74.78,70.85,65.87,0,68.76,-6.02,2026-10-02
ACR08975,STU08975,94.63,80.16,91.32,0,85.88,-8.75,2026-10-02
ACR08976,STU08976,57.21,47.08,26.86,1,47.97,-9.24,2026-10-02
ACR08977,STU08977,100.0,91.77,66.01,1,85.23,-14.77,2026-10-02
ACR08978,STU08978,64.76,68.07,68.55,0,61.46,-3.3,2026-10-02
ACR08979,STU08979,93.35,75.39,70.7,0,84.1,-9.25,2026-10-02
ACR08980,STU08980,70.83,70.98,62.65,0,61.22,-9.61,2026-10-02
ACR08981,STU08981,76.99,75.04,61.84,0,69.48,-7.51,2026-10-02
ACR08982,STU08982,74.9,69.14,68.63,0,70.63,-4.27,2026-10-02
ACR08983,STU08983,86.45,87.36,89.68,0,74.5,-11.95,2026-10-02
ACR08984,STU08984,67.7,67.85,57.36,0,74.92,7.22,2026-10-02
ACR08985,STU08985,66.46,63.55,44.8,1,55.87,-10.59,2026-10-02
ACR08986,STU08986,95.99,87.25,54.78,0,81.35,-14.64,2026-10-02
ACR08987,STU08987,74.06,70.16,62.97,0,77.6,3.54,2026-10-02
ACR08988,STU08988,99.56,88.14,73.01,0,83.2,-16.36,2026-10-02
ACR08989,STU08989,96.0,100.0,91.73,0,78.74,-17.26,2026-10-02
ACR08990,STU08990,69.59,69.71,69.15,2,67.04,-2.55,2026-10-02
ACR08991,STU08991,90.43,82.53,78.52,0,87.42,-3.01,2026-10-02
ACR08992,STU08992,50.19,59.29,56.68,1,56.37,6.18,2026-10-02
ACR08993,STU08993,83.94,89.96,78.55,0,88.28,4.34,2026-10-02
ACR08994,STU08994,84.16,90.6,75.76,0,82.16,-2.0,2026-10-02
ACR08995,STU08995,60.12,75.67,69.69,0,70.1,9.98,2026-10-02
ACR08996,STU08996,61.52,62.35,56.29,1,54.84,-6.68,2026-10-02
ACR08997,STU08997,48.91,37.76,45.71,2,37.43,-11.48,2026-10-02
ACR08998,STU08998,89.23,95.53,84.96,0,89.68,0.45,2026-10-02
ACR08999,STU08999,81.17,75.73,68.85,1,67.18,-13.99,2026-10-02
ACR09000,STU09000,83.13,68.54,52.27,0,63.65,-19.48,2026-10-02
ACR09001,STU09001,88.63,74.24,86.22,0,76.25,-12.38,2026-10-02
ACR09002,STU09002,100.0,93.84,92.94,0,94.83,-5.17,2026-10-02
ACR09003,STU09003,67.03,74.44,62.74,0,68.65,1.62,2026-10-02
ACR09004,STU09004,73.02,70.78,50.56,0,60.85,-12.17,2026-10-02
ACR09005,STU09005,70.53,60.27,64.87,0,58.26,-12.27,2026-10-02
ACR09006,STU09006,68.09,71.21,65.73,0,56.46,-11.63,2026-10-02
ACR09007,STU09007,76.54,87.72,69.41,1,63.42,-13.12,2026-10-02
ACR09008,STU09008,79.41,82.46,72.27,0,74.27,-5.14,2026-10-02
ACR09009,STU09009,81.35,80.81,75.44,0,77.61,-3.74,2026-10-02
ACR09010,STU09010,53.64,54.06,47.3,3,50.66,-2.98,2026-10-02
ACR09011,STU09011,90.75,77.69,62.43,0,71.55,-19.2,2026-10-02
ACR09012,STU09012,84.15,80.74,71.73,0,68.16,-15.99,2026-10-02
ACR09013,STU09013,97.58,82.15,78.71,0,81.75,-15.83,2026-10-02
ACR09014,STU09014,62.82,56.01,56.33,2,52.11,-10.71,2026-10-02
ACR09015,STU09015,80.9,76.22,61.27,2,69.44,-11.46,2026-10-02
ACR09016,STU09016,70.35,73.1,79.11,2,65.36,-4.99,2026-10-02
ACR09017,STU09017,78.31,50.79,55.95,0,61.49,-16.82,2026-10-02
ACR09018,STU09018,57.85,61.35,48.34,1,53.69,-4.16,2026-10-02
ACR09019,STU09019,70.34,62.2,58.01,0,69.31,-1.03,2026-10-02
ACR09020,STU09020,76.86,71.97,76.63,0,68.88,-7.98,2026-10-02
ACR09021,STU09021,80.93,79.28,54.03,0,68.62,-12.31,2026-10-02
ACR09022,STU09022,79.32,88.22,66.63,0,79.47,0.15,2026-10-02
ACR09023,STU09023,75.11,71.95,74.16,0,72.76,-2.35,2026-10-02
ACR09024,STU09024,89.83,71.89,77.99,0,83.27,-6.56,2026-10-02
ACR09025,STU09025,78.89,65.43,64.84,0,78.58,-0.31,2026-10-02
ACR09026,STU09026,81.27,96.19,68.72,0,73.93,-7.34,2026-10-02
ACR09027,STU09027,70.31,87.76,76.53,0,72.12,1.81,2026-10-02
ACR09028,STU09028,88.13,100.0,78.0,0,77.94,-10.19,2026-10-02
ACR09029,STU09029,69.58,72.46,68.43,0,67.89,-1.69,2026-10-02
ACR09030,STU09030,63.54,69.06,64.49,0,59.24,-4.3,2026-10-02
ACR09031,STU09031,79.57,88.24,70.3,0,67.2,-12.37,2026-10-02
ACR09032,STU09032,94.73,95.7,89.16,2,78.54,-16.19,2026-10-02
ACR09033,STU09033,61.58,62.54,52.29,0,57.57,-4.01,2026-10-02
ACR09034,STU09034,48.61,62.65,42.33,0,54.4,5.79,2026-10-02
ACR09035,STU09035,87.97,89.86,86.57,0,77.58,-10.39,2026-10-02
ACR09036,STU09036,90.37,65.7,77.57,0,74.55,-15.82,2026-10-02
ACR09037,STU09037,96.54,88.71,78.72,0,76.96,-19.58,2026-10-02
ACR09038,STU09038,68.99,74.16,52.97,0,57.25,-11.74,2026-10-02
ACR09039,STU09039,70.67,83.13,81.32,0,76.96,6.29,2026-10-02
ACR09040,STU09040,52.37,50.48,53.84,1,48.27,-4.1,2026-10-02
ACR09041,STU09041,57.15,61.62,35.97,0,59.79,2.64,2026-10-02
ACR09042,STU09042,59.15,62.94,59.55,0,63.36,4.21,2026-10-02
ACR09043,STU09043,94.38,91.59,89.83,0,93.46,-0.92,2026-10-02
ACR09044,STU09044,91.36,91.54,73.44,0,78.5,-12.86,2026-10-02
ACR09045,STU09045,60.94,59.52,61.24,0,64.84,3.9,2026-10-02
ACR09046,STU09046,86.09,71.96,78.39,0,74.99,-11.1,2026-10-02
ACR09047,STU09047,88.85,90.26,81.93,0,84.07,-4.78,2026-10-02
ACR09048,STU09048,79.23,69.78,80.16,0,62.36,-16.87,2026-10-02
ACR09049,STU09049,67.35,66.11,57.85,0,70.38,3.03,2026-10-02
ACR09050,STU09050,100.0,100.0,84.85,0,99.17,-0.83,2026-10-02
ACR09051,STU09051,82.73,87.83,71.52,0,77.65,-5.08,2026-10-02
ACR09052,STU09052,64.04,68.64,76.7,0,65.67,1.63,2026-10-02
ACR09053,STU09053,76.49,60.04,56.47,0,61.05,-15.44,2026-10-02
ACR09054,STU09054,82.38,62.09,75.42,0,69.16,-13.22,2026-10-02
ACR09055,STU09055,100.0,88.65,68.51,0,81.81,-18.19,2026-10-02
ACR09056,STU09056,78.14,69.19,77.64,0,83.34,5.2,2026-10-02
ACR09057,STU09057,97.52,93.16,92.09,0,93.02,-4.5,2026-10-02
ACR09058,STU09058,55.93,57.86,50.0,1,49.46,-6.47,2026-10-02
ACR09059,STU09059,100.0,98.71,92.17,0,91.14,-8.86,2026-10-02
ACR09060,STU09060,68.58,66.43,59.35,0,63.89,-4.69,2026-10-02
ACR09061,STU09061,57.38,62.43,49.65,0,61.83,4.45,2026-10-02
ACR09062,STU09062,78.71,66.43,69.63,0,67.98,-10.73,2026-10-02
ACR09063,STU09063,66.41,59.66,56.44,0,58.48,-7.93,2026-10-02
ACR09064,STU09064,100.0,97.37,100.0,0,100.0,0.0,2026-10-02
ACR09065,STU09065,47.48,54.19,44.71,2,56.11,8.63,2026-10-02
ACR09066,STU09066,89.33,74.13,69.35,0,77.16,-12.17,2026-10-02
ACR09067,STU09067,89.56,91.23,76.47,0,79.27,-10.29,2026-10-02
ACR09068,STU09068,76.02,76.66,64.08,0,75.73,-0.29,2026-10-02
ACR09069,STU09069,38.27,43.9,40.17,2,35.66,-2.61,2026-10-02
ACR09070,STU09070,60.08,72.29,58.84,0,59.25,-0.83,2026-10-02
ACR09071,STU09071,60.66,54.11,48.71,0,58.04,-2.62,2026-10-02
ACR09072,STU09072,52.58,72.17,62.6,0,58.2,5.62,2026-10-02
ACR09073,STU09073,60.03,59.49,43.23,0,59.8,-0.23,2026-10-02
ACR09074,STU09074,42.52,51.02,39.97,3,47.91,5.39,2026-10-02
ACR09075,STU09075,77.91,78.21,53.95,2,72.16,-5.75,2026-10-02
ACR09076,STU09076,50.06,51.65,48.71,0,50.7,0.64,2026-10-02
ACR09077,STU09077,82.03,67.63,71.15,0,77.66,-4.37,2026-10-02
ACR09078,STU09078,88.13,72.64,73.6,0,80.51,-7.62,2026-10-02
ACR09079,STU09079,68.74,59.08,54.77,0,71.11,2.37,2026-10-02
ACR09080,STU09080,78.3,69.36,49.38,0,68.56,-9.74,2026-10-02
ACR09081,STU09081,98.14,100.0,90.87,0,86.89,-11.25,2026-10-02
ACR09082,STU09082,87.07,77.75,78.65,0,68.78,-18.29,2026-10-02
ACR09083,STU09083,100.0,100.0,100.0,0,100.0,0.0,2026-10-02
ACR09084,STU09084,88.19,93.59,77.51,0,83.86,-4.33,2026-10-02
ACR09085,STU09085,73.15,73.62,65.61,0,69.89,-3.26,2026-10-02
ACR09086,STU09086,100.0,76.19,81.19,0,83.28,-16.72,2026-10-02
ACR09087,STU09087,74.39,66.69,81.84,1,61.76,-12.63,2026-10-02
ACR09088,STU09088,66.16,62.68,48.79,1,58.26,-7.9,2026-10-02
ACR09089,STU09089,70.04,59.99,68.55,1,57.21,-12.83,2026-10-02
ACR09090,STU09090,98.88,82.27,91.75,0,92.92,-5.96,2026-10-02
ACR09091,STU09091,94.86,98.15,65.85,0,82.95,-11.91,2026-10-02
ACR09092,STU09092,67.62,52.6,58.46,0,61.69,-5.93,2026-10-02
ACR09093,STU09093,57.02,54.64,39.17,2,43.44,-13.58,2026-10-02
ACR09094,STU09094,82.14,86.84,69.27,0,71.21,-10.93,2026-10-02
ACR09095,STU09095,100.0,88.87,94.9,0,91.89,-8.11,2026-10-02
ACR09096,STU09096,58.38,63.52,64.29,0,54.14,-4.24,2026-10-02
ACR09097,STU09097,80.35,73.66,58.55,0,67.86,-12.49,2026-10-02
ACR09098,STU09098,52.24,41.97,27.33,0,37.55,-14.69,2026-10-02
ACR09099,STU09099,75.93,75.49,65.66,0,78.52,2.59,2026-10-02
ACR09100,STU09100,99.99,83.51,72.42,0,78.87,-21.12,2026-10-02
ACR09101,STU09101,86.7,73.52,73.11,0,73.72,-12.98,2026-10-02
ACR09102,STU09102,90.47,94.17,77.65,0,79.9,-10.57,2026-10-02
ACR09103,STU09103,68.22,64.13,63.25,0,65.27,-2.95,2026-10-02
ACR09104,STU09104,48.75,48.75,44.74,0,54.16,5.41,2026-10-02
ACR09105,STU09105,81.53,80.65,69.86,0,85.54,4.01,2026-10-02
ACR09106,STU09106,61.12,67.95,69.43,2,53.19,-7.93,2026-10-02
ACR09107,STU09107,100.0,82.13,73.81,0,74.93,-25.07,2026-10-02
ACR09108,STU09108,71.06,77.02,61.98,0,65.4,-5.66,2026-10-02
ACR09109,STU09109,64.68,65.06,38.69,0,59.45,-5.23,2026-10-02
ACR09110,STU09110,85.18,77.0,81.52,0,87.1,1.92,2026-10-02
ACR09111,STU09111,68.87,73.9,68.55,0,64.79,-4.08,2026-10-02
ACR09112,STU09112,71.07,81.23,73.36,0,68.47,-2.6,2026-10-02
ACR09113,STU09113,64.41,66.28,48.23,2,50.68,-13.73,2026-10-02
ACR09114,STU09114,100.0,68.23,82.65,0,84.79,-15.21,2026-10-02
ACR09115,STU09115,77.33,69.89,82.58,0,69.29,-8.04,2026-10-02
ACR09116,STU09116,82.73,74.76,68.95,0,69.48,-13.25,2026-10-02
ACR09117,STU09117,84.45,95.02,76.38,0,82.14,-2.31,2026-10-02
ACR09118,STU09118,63.25,71.99,50.32,0,60.68,-2.57,2026-10-02
ACR09119,STU09119,66.23,71.78,68.96,0,63.71,-2.52,2026-10-02
ACR09120,STU09120,51.08,57.36,45.99,1,50.53,-0.55,2026-10-02
ACR09121,STU09121,100.0,94.8,91.41,0,96.44,-3.56,2026-10-02
ACR09122,STU09122,48.26,40.48,40.52,2,45.15,-3.11,2026-10-02
ACR09123,STU09123,76.68,80.82,61.48,0,60.69,-15.99,2026-10-02
ACR09124,STU09124,73.4,45.17,63.63,0,69.61,-3.79,2026-10-02
ACR09125,STU09125,56.08,60.1,55.84,0,64.02,7.94,2026-10-02
ACR09126,STU09126,71.33,63.02,68.76,0,58.57,-12.76,2026-10-02
ACR09127,STU09127,88.63,81.14,76.35,0,71.19,-17.44,2026-10-02
ACR09128,STU09128,75.31,75.67,74.27,0,71.44,-3.87,2026-10-02
ACR09129,STU09129,80.92,74.31,73.89,0,80.89,-0.03,2026-10-02
ACR09130,STU09130,85.35,91.24,87.66,0,71.52,-13.83,2026-10-02
ACR09131,STU09131,77.22,79.49,55.39,0,68.48,-8.74,2026-10-02
ACR09132,STU09132,97.22,77.52,82.71,0,85.71,-11.51,2026-10-02
ACR09133,STU09133,78.25,72.73,60.1,0,63.11,-15.14,2026-10-02
ACR09134,STU09134,77.87,64.71,66.13,0,63.81,-14.06,2026-10-02
ACR09135,STU09135,52.59,63.02,54.15,2,56.97,4.38,2026-10-02
ACR09136,STU09136,84.82,71.31,57.55,0,80.82,-4.0,2026-10-02
ACR09137,STU09137,63.71,84.08,59.54,2,50.91,-12.8,2026-10-02
ACR09138,STU09138,73.82,59.53,51.99,0,62.79,-11.03,2026-10-02
ACR09139,STU09139,74.61,73.46,63.45,0,68.14,-6.47,2026-10-02
ACR09140,STU09140,72.88,63.99,73.91,0,68.45,-4.43,2026-10-02
ACR09141,STU09141,87.29,75.29,64.25,0,78.8,-8.49,2026-10-02
ACR09142,STU09142,94.9,73.93,86.25,0,76.38,-18.52,2026-10-02
ACR09143,STU09143,75.41,68.52,70.85,0,73.97,-1.44,2026-10-02
ACR09144,STU09144,69.6,68.0,56.52,0,60.84,-8.76,2026-10-02
ACR09145,STU09145,55.29,46.39,54.01,3,44.03,-11.26,2026-10-02
ACR09146,STU09146,82.86,81.8,64.6,0,69.4,-13.46,2026-10-02
ACR09147,STU09147,66.54,48.81,45.52,0,49.98,-16.56,2026-10-02
ACR09148,STU09148,79.02,73.06,56.42,0,62.43,-16.59,2026-10-02
ACR09149,STU09149,76.55,81.38,59.74,0,70.52,-6.03,2026-10-02
ACR09150,STU09150,87.31,77.47,77.1,0,77.58,-9.73,2026-10-02
ACR09151,STU09151,60.58,63.9,61.4,1,56.13,-4.45,2026-10-02
ACR09152,STU09152,64.78,56.62,51.01,0,45.33,-19.45,2026-10-02
ACR09153,STU09153,64.98,73.69,52.59,2,67.26,2.28,2026-10-02
ACR09154,STU09154,100.0,86.41,77.23,0,85.64,-14.36,2026-10-02
ACR09155,STU09155,80.08,65.58,69.52,1,67.73,-12.35,2026-10-02
ACR09156,STU09156,64.15,80.48,63.83,0,65.21,1.06,2026-10-02
ACR09157,STU09157,90.91,85.56,77.77,0,75.87,-15.04,2026-10-02
ACR09158,STU09158,44.4,65.3,56.75,2,51.29,6.89,2026-10-02
ACR09159,STU09159,100.0,84.79,75.68,0,88.27,-11.73,2026-10-02
ACR09160,STU09160,90.91,73.23,65.23,0,72.14,-18.77,2026-10-02
ACR09161,STU09161,85.11,92.01,70.44,0,75.68,-9.43,2026-10-02
ACR09162,STU09162,74.22,79.92,64.53,0,69.05,-5.17,2026-10-02
ACR09163,STU09163,80.92,72.75,54.86,0,65.15,-15.77,2026-10-02
ACR09164,STU09164,97.42,91.16,81.61,0,86.77,-10.65,2026-10-02
ACR09165,STU09165,100.0,77.34,73.32,0,76.54,-23.46,2026-10-02
ACR09166,STU09166,96.62,86.62,82.56,0,87.34,-9.28,2026-10-02
ACR09167,STU09167,79.46,71.85,59.22,0,69.67,-9.79,2026-10-02
ACR09168,STU09168,75.75,72.9,74.9,0,71.66,-4.09,2026-10-02
ACR09169,STU09169,90.81,67.73,71.86,0,76.09,-14.72,2026-10-02
ACR09170,STU09170,97.31,90.59,84.15,0,89.89,-7.42,2026-10-02
ACR09171,STU09171,71.5,51.85,60.35,0,67.09,-4.41,2026-10-02
ACR09172,STU09172,84.04,95.65,65.7,0,88.78,4.74,2026-10-02
ACR09173,STU09173,50.11,47.35,43.81,2,47.25,-2.86,2026-10-02
ACR09174,STU09174,85.37,69.11,76.51,0,65.03,-20.34,2026-10-02
ACR09175,STU09175,36.23,56.29,44.22,1,43.89,7.66,2026-10-02
ACR09176,STU09176,96.2,94.27,80.91,0,98.73,2.53,2026-10-02
ACR09177,STU09177,73.2,75.06,72.17,0,68.98,-4.22,2026-10-02
ACR09178,STU09178,93.75,74.24,76.47,0,76.86,-16.89,2026-10-02
ACR09179,STU09179,93.73,69.54,78.17,0,75.15,-18.58,2026-10-02
ACR09180,STU09180,69.47,64.68,64.65,0,60.05,-9.42,2026-10-02
ACR09181,STU09181,71.91,91.27,72.73,0,77.67,5.76,2026-10-02
ACR09182,STU09182,95.4,84.85,73.67,0,82.78,-12.62,2026-10-02
ACR09183,STU09183,84.38,71.68,75.9,0,76.63,-7.75,2026-10-02
ACR09184,STU09184,78.61,73.68,82.24,0,78.56,-0.05,2026-10-02
ACR09185,STU09185,70.32,74.9,51.29,0,59.94,-10.38,2026-10-02
ACR09186,STU09186,45.65,43.33,50.83,3,30.02,-15.63,2026-10-02
ACR09187,STU09187,100.0,97.15,91.1,0,89.88,-10.12,2026-10-02
ACR09188,STU09188,47.65,60.66,65.76,2,62.24,14.59,2026-10-02
ACR09189,STU09189,54.29,60.43,60.21,1,59.17,4.88,2026-10-02
ACR09190,STU09190,77.64,82.96,72.95,0,79.51,1.87,2026-10-02
ACR09191,STU09191,81.15,56.99,45.91,0,68.3,-12.85,2026-10-02
ACR09192,STU09192,59.82,66.5,52.36,0,67.73,7.91,2026-10-02
ACR09193,STU09193,69.24,52.69,61.66,0,58.95,-10.29,2026-10-02
ACR09194,STU09194,64.74,57.37,54.78,0,56.67,-8.07,2026-10-02
ACR09195,STU09195,80.76,72.11,71.91,0,69.96,-10.8,2026-10-02
ACR09196,STU09196,71.81,62.61,62.44,0,64.13,-7.68,2026-10-02
ACR09197,STU09197,84.87,80.42,79.45,0,83.36,-1.51,2026-10-02
ACR09198,STU09198,99.97,85.47,83.27,0,86.07,-13.9,2026-10-02
ACR09199,STU09199,92.57,82.05,82.37,0,76.87,-15.7,2026-10-02
ACR09200,STU09200,68.86,67.94,64.56,1,62.18,-6.68,2026-10-02
ACR09201,STU09201,73.91,70.56,60.99,1,63.71,-10.2,2026-10-02
ACR09202,STU09202,52.71,62.78,59.64,1,54.06,1.35,2026-10-02
ACR09203,STU09203,100.0,86.89,85.35,0,92.38,-7.62,2026-10-02
ACR09204,STU09204,72.31,59.63,49.6,2,50.89,-21.42,2026-10-02
ACR09205,STU09205,65.63,61.79,58.72,1,56.6,-9.03,2026-10-02
ACR09206,STU09206,68.95,76.59,64.86,1,67.51,-1.44,2026-10-02
ACR09207,STU09207,79.93,62.15,69.82,0,75.6,-4.33,2026-10-02
ACR09208,STU09208,37.51,40.53,37.31,0,37.47,-0.04,2026-10-02
ACR09209,STU09209,63.73,47.52,63.79,0,56.8,-6.93,2026-10-02
ACR09210,STU09210,77.37,86.35,57.8,0,76.78,-0.59,2026-10-02
ACR09211,STU09211,75.5,70.77,67.59,0,67.29,-8.21,2026-10-02
ACR09212,STU09212,96.62,75.09,51.69,0,69.44,-27.18,2026-10-02
ACR09213,STU09213,84.66,94.69,91.37,0,86.49,1.83,2026-10-02
ACR09214,STU09214,84.23,78.59,67.96,0,78.26,-5.97,2026-10-02
ACR09215,STU09215,100.0,100.0,100.0,0,91.69,-8.31,2026-10-02
ACR09216,STU09216,63.6,81.55,53.43,1,62.41,-1.19,2026-10-02
ACR09217,STU09217,60.57,53.46,55.66,0,64.42,3.85,2026-10-02
ACR09218,STU09218,80.29,87.86,77.12,0,73.0,-7.29,2026-10-02
ACR09219,STU09219,95.4,82.24,74.97,0,87.83,-7.57,2026-10-02
ACR09220,STU09220,88.86,78.88,65.88,0,74.31,-14.55,2026-10-02
ACR09221,STU09221,90.65,80.52,80.18,0,71.41,-19.24,2026-10-02
ACR09222,STU09222,88.26,82.19,73.64,0,86.77,-1.49,2026-10-02
ACR09223,STU09223,86.49,92.02,67.34,0,80.72,-5.77,2026-10-02
ACR09224,STU09224,100.0,100.0,91.35,0,97.79,-2.21,2026-10-02
ACR09225,STU09225,71.29,72.83,67.08,0,59.4,-11.89,2026-10-02
ACR09226,STU09226,100.0,94.85,97.25,0,92.82,-7.18,2026-10-02
ACR09227,STU09227,44.21,53.73,54.84,0,47.82,3.61,2026-10-02
ACR09228,STU09228,80.63,92.01,75.08,0,82.96,2.33,2026-10-02
ACR09229,STU09229,75.33,81.27,71.62,0,71.78,-3.55,2026-10-02
ACR09230,STU09230,93.4,99.72,84.68,0,96.36,2.96,2026-10-02
ACR09231,STU09231,93.26,81.46,77.09,0,79.33,-13.93,2026-10-02
ACR09232,STU09232,76.38,85.49,73.5,0,68.61,-7.77,2026-10-02
ACR09233,STU09233,60.45,54.79,48.85,2,56.72,-3.73,2026-10-02
ACR09234,STU09234,84.37,95.39,75.26,0,78.19,-6.18,2026-10-02
ACR09235,STU09235,48.03,48.54,46.25,4,32.95,-15.08,2026-10-02
ACR09236,STU09236,98.02,73.55,65.49,0,70.8,-27.22,2026-10-02
ACR09237,STU09237,100.0,89.04,84.17,0,83.22,-16.78,2026-10-02
ACR09238,STU09238,45.95,56.62,60.73,1,41.57,-4.38,2026-10-02
ACR09239,STU09239,98.64,98.89,82.33,0,95.48,-3.16,2026-10-02
ACR09240,STU09240,76.98,90.9,75.23,0,76.62,-0.36,2026-10-02
ACR09241,STU09241,69.33,46.75,54.0,1,55.42,-13.91,2026-10-02
ACR09242,STU09242,66.75,62.23,56.97,0,64.21,-2.54,2026-10-02
ACR09243,STU09243,100.0,100.0,98.24,0,95.89,-4.11,2026-10-02
ACR09244,STU09244,76.52,71.03,59.06,0,58.18,-18.34,2026-10-02
ACR09245,STU09245,66.33,69.69,68.08,1,63.0,-3.33,2026-10-02
ACR09246,STU09246,99.22,90.18,84.91,0,91.35,-7.87,2026-10-02
ACR09247,STU09247,85.7,82.46,67.36,0,79.66,-6.04,2026-10-02
ACR09248,STU09248,62.95,58.47,48.32,2,49.94,-13.01,2026-10-02
ACR09249,STU09249,60.6,69.12,53.77,0,54.76,-5.84,2026-10-02
ACR09250,STU09250,100.0,100.0,81.82,0,93.91,-6.09,2026-10-02
ACR09251,STU09251,64.88,69.99,55.85,1,60.91,-3.97,2026-10-02
ACR09252,STU09252,87.76,80.62,75.73,0,75.58,-12.18,2026-10-02
ACR09253,STU09253,70.23,58.33,56.51,0,68.93,-1.3,2026-10-02
ACR09254,STU09254,76.59,68.87,61.96,0,61.65,-14.94,2026-10-02
ACR09255,STU09255,97.69,100.0,93.75,0,89.12,-8.57,2026-10-02
ACR09256,STU09256,65.27,75.56,67.85,0,72.67,7.4,2026-10-02
ACR09257,STU09257,67.78,60.54,71.63,0,66.81,-0.97,2026-10-02
ACR09258,STU09258,70.82,78.59,49.78,2,68.84,-1.98,2026-10-02
ACR09259,STU09259,64.85,63.98,62.62,2,60.59,-4.26,2026-10-02
ACR09260,STU09260,88.56,85.33,82.74,0,79.42,-9.14,2026-10-02
ACR09261,STU09261,68.66,77.83,54.87,1,60.27,-8.39,2026-10-02
ACR09262,STU09262,57.15,72.26,59.38,1,66.66,9.51,2026-10-02
ACR09263,STU09263,38.56,39.81,40.17,0,39.51,0.95,2026-10-02
ACR09264,STU09264,76.97,68.38,62.88,0,63.9,-13.07,2026-10-02
ACR09265,STU09265,80.77,82.1,74.38,0,74.37,-6.4,2026-10-02
ACR09266,STU09266,50.49,53.28,29.52,1,50.72,0.23,2026-10-02
ACR09267,STU09267,89.03,94.28,76.94,0,86.27,-2.76,2026-10-02
ACR09268,STU09268,78.14,79.12,79.93,0,74.21,-3.93,2026-10-02
ACR09269,STU09269,71.34,62.19,51.9,0,62.72,-8.62,2026-10-02
ACR09270,STU09270,91.37,64.86,67.78,0,73.76,-17.61,2026-10-02
ACR09271,STU09271,57.02,72.31,54.98,0,53.41,-3.61,2026-10-02
ACR09272,STU09272,100.0,85.09,89.29,0,91.33,-8.67,2026-10-02
ACR09273,STU09273,72.81,72.28,64.85,0,71.84,-0.97,2026-10-02
ACR09274,STU09274,87.97,89.28,67.65,1,75.39,-12.58,2026-10-02
ACR09275,STU09275,100.0,100.0,81.13,0,95.79,-4.21,2026-10-02
ACR09276,STU09276,83.63,84.8,73.0,0,75.11,-8.52,2026-10-02
ACR09277,STU09277,53.08,65.62,52.54,2,55.67,2.59,2026-10-02
ACR09278,STU09278,100.0,97.68,100.0,0,96.1,-3.9,2026-10-02
ACR09279,STU09279,100.0,93.58,84.26,0,85.92,-14.08,2026-10-02
ACR09280,STU09280,75.8,52.29,54.89,0,66.81,-8.99,2026-10-02
ACR09281,STU09281,76.27,78.29,82.41,0,67.34,-8.93,2026-10-02
ACR09282,STU09282,79.8,68.65,73.17,0,73.04,-6.76,2026-10-02
ACR09283,STU09283,57.04,76.3,57.3,0,57.38,0.34,2026-10-02
ACR09284,STU09284,82.28,71.03,85.7,0,75.65,-6.63,2026-10-02
ACR09285,STU09285,78.88,77.65,70.69,0,67.27,-11.61,2026-10-02
ACR09286,STU09286,80.52,84.09,62.91,0,69.09,-11.43,2026-10-02
ACR09287,STU09287,69.0,58.93,48.97,0,61.22,-7.78,2026-10-02
ACR09288,STU09288,95.08,87.35,82.3,0,82.75,-12.33,2026-10-02
ACR09289,STU09289,65.15,65.53,64.85,0,66.43,1.28,2026-10-02
ACR09290,STU09290,65.79,71.65,47.49,1,66.33,0.54,2026-10-02
ACR09291,STU09291,77.97,89.99,80.59,0,74.61,-3.36,2026-10-02
ACR09292,STU09292,83.83,84.56,79.13,0,81.28,-2.55,2026-10-02
ACR09293,STU09293,99.74,88.44,71.27,0,91.66,-8.08,2026-10-02
ACR09294,STU09294,77.79,88.19,67.58,0,72.79,-5.0,2026-10-02
ACR09295,STU09295,64.8,50.17,55.27,0,51.02,-13.78,2026-10-02
ACR09296,STU09296,90.11,77.77,81.86,0,86.03,-4.08,2026-10-02
ACR09297,STU09297,72.28,86.0,67.0,0,66.59,-5.69,2026-10-02
ACR09298,STU09298,82.59,75.89,60.87,1,67.25,-15.34,2026-10-02
ACR09299,STU09299,68.68,67.66,60.73,0,62.09,-6.59,2026-10-02
ACR09300,STU09300,66.06,67.48,52.07,0,55.59,-10.47,2026-10-02
ACR09301,STU09301,93.0,86.49,68.87,0,77.58,-15.42,2026-10-02
ACR09302,STU09302,77.69,75.01,70.55,0,75.27,-2.42,2026-10-02
ACR09303,STU09303,53.92,68.82,55.38,1,57.59,3.67,2026-10-02
ACR09304,STU09304,56.18,46.54,57.17,0,56.62,0.44,2026-10-02
ACR09305,STU09305,96.66,87.24,86.87,0,91.13,-5.53,2026-10-02
ACR09306,STU09306,63.13,54.58,50.99,0,53.17,-9.96,2026-10-02
ACR09307,STU09307,39.77,28.02,47.26,1,33.56,-6.21,2026-10-02
ACR09308,STU09308,65.22,59.47,56.0,0,50.83,-14.39,2026-10-02
ACR09309,STU09309,65.79,79.42,66.19,1,66.41,0.62,2026-10-02
ACR09310,STU09310,82.85,74.3,69.37,0,73.92,-8.93,2026-10-02
ACR09311,STU09311,100.0,81.39,81.51,0,77.24,-22.76,2026-10-02
ACR09312,STU09312,88.88,85.61,56.74,0,74.19,-14.69,2026-10-02
ACR09313,STU09313,65.06,57.02,54.11,1,60.45,-4.61,2026-10-02
ACR09314,STU09314,97.85,93.28,72.5,0,90.56,-7.29,2026-10-02
ACR09315,STU09315,72.1,70.17,62.66,0,71.79,-0.31,2026-10-02
ACR09316,STU09316,52.64,47.26,61.84,1,50.16,-2.48,2026-10-02
ACR09317,STU09317,67.77,80.25,71.87,0,66.42,-1.35,2026-10-02
ACR09318,STU09318,100.0,82.78,88.43,0,83.13,-16.87,2026-10-02
ACR09319,STU09319,82.13,87.83,80.45,0,75.13,-7.0,2026-10-02
ACR09320,STU09320,77.17,82.87,75.38,0,83.83,6.66,2026-10-02
ACR09321,STU09321,86.31,71.93,75.0,0,69.93,-16.38,2026-10-02
ACR09322,STU09322,66.24,72.21,64.49,0,59.0,-7.24,2026-10-02
ACR09323,STU09323,77.13,67.74,61.08,0,66.61,-10.52,2026-10-02
ACR09324,STU09324,77.7,79.97,77.03,0,82.51,4.81,2026-10-02
ACR09325,STU09325,43.98,65.15,62.18,0,64.18,20.2,2026-10-02
ACR09326,STU09326,41.52,71.96,44.46,1,49.97,8.45,2026-10-02
ACR09327,STU09327,95.87,79.7,86.01,0,81.58,-14.29,2026-10-02
ACR09328,STU09328,80.11,71.98,55.93,0,75.45,-4.66,2026-10-02
ACR09329,STU09329,100.0,100.0,94.4,0,81.52,-18.48,2026-10-02
ACR09330,STU09330,90.56,86.18,81.86,0,79.45,-11.11,2026-10-02
ACR09331,STU09331,70.42,61.5,66.6,0,66.53,-3.89,2026-10-02
ACR09332,STU09332,96.24,97.48,85.48,0,88.22,-8.02,2026-10-02
ACR09333,STU09333,45.59,56.84,40.51,1,50.0,4.41,2026-10-02
ACR09334,STU09334,83.56,85.18,77.74,0,81.69,-1.87,2026-10-02
ACR09335,STU09335,46.48,59.54,45.97,3,44.59,-1.89,2026-10-02
ACR09336,STU09336,57.25,71.12,61.52,0,51.6,-5.65,2026-10-02
ACR09337,STU09337,78.0,66.22,56.36,0,66.03,-11.97,2026-10-02
ACR09338,STU09338,72.22,64.29,66.36,0,67.57,-4.65,2026-10-02
ACR09339,STU09339,82.59,74.9,69.99,0,79.85,-2.74,2026-10-02
ACR09340,STU09340,73.74,64.47,63.7,0,65.56,-8.18,2026-10-02
ACR09341,STU09341,66.35,62.97,56.9,1,63.21,-3.14,2026-10-02
ACR09342,STU09342,100.0,79.18,75.12,0,76.89,-23.11,2026-10-02
ACR09343,STU09343,75.56,72.07,64.97,0,66.04,-9.52,2026-10-02
ACR09344,STU09344,63.04,66.95,64.92,1,64.68,1.64,2026-10-02
ACR09345,STU09345,79.66,75.7,64.76,0,68.24,-11.42,2026-10-02
ACR09346,STU09346,47.75,71.74,65.01,0,68.92,21.17,2026-10-02
ACR09347,STU09347,94.32,74.5,69.03,0,82.24,-12.08,2026-10-02
ACR09348,STU09348,80.77,76.44,70.33,0,68.74,-12.03,2026-10-02
ACR09349,STU09349,81.3,67.16,77.31,0,83.21,1.91,2026-10-02
ACR09350,STU09350,78.79,87.57,71.51,0,64.33,-14.46,2026-10-02
ACR09351,STU09351,76.53,71.71,56.05,0,73.02,-3.51,2026-10-02
ACR09352,STU09352,99.35,84.18,81.9,0,92.69,-6.66,2026-10-02
ACR09353,STU09353,98.05,83.63,83.81,0,95.29,-2.76,2026-10-02
ACR09354,STU09354,93.22,97.04,88.64,0,93.35,0.13,2026-10-02
ACR09355,STU09355,57.94,63.77,65.71,2,64.44,6.5,2026-10-02
ACR09356,STU09356,100.0,78.77,80.54,0,84.21,-15.79,2026-10-02
ACR09357,STU09357,100.0,100.0,96.62,1,95.17,-4.83,2026-10-02
ACR09358,STU09358,78.89,81.13,75.56,0,80.79,1.9,2026-10-02
ACR09359,STU09359,85.22,84.33,76.78,0,77.59,-7.63,2026-10-02
ACR09360,STU09360,65.31,74.59,63.91,0,69.06,3.75,2026-10-02
ACR09361,STU09361,79.14,90.98,67.08,0,83.45,4.31,2026-10-02
ACR09362,STU09362,71.06,66.47,62.45,0,66.68,-4.38,2026-10-02
ACR09363,STU09363,70.19,49.65,54.56,0,52.54,-17.65,2026-10-02
ACR09364,STU09364,92.36,87.97,78.02,0,83.6,-8.76,2026-10-02
ACR09365,STU09365,100.0,100.0,93.7,0,94.92,-5.08,2026-10-02
ACR09366,STU09366,100.0,87.95,77.27,0,88.13,-11.87,2026-10-02
ACR09367,STU09367,98.17,96.19,71.18,0,80.82,-17.35,2026-10-02
ACR09368,STU09368,75.33,56.75,56.93,0,65.25,-10.08,2026-10-02
ACR09369,STU09369,100.0,83.63,97.66,0,83.12,-16.88,2026-10-02
ACR09370,STU09370,79.82,56.73,58.54,0,61.52,-18.3,2026-10-02
ACR09371,STU09371,49.07,61.05,45.29,1,43.35,-5.72,2026-10-02
ACR09372,STU09372,79.53,77.95,82.11,0,74.38,-5.15,2026-10-02
ACR09373,STU09373,61.99,73.68,65.51,0,70.32,8.33,2026-10-02
ACR09374,STU09374,51.48,53.39,55.91,0,46.15,-5.33,2026-10-02
ACR09375,STU09375,37.9,47.21,34.43,4,39.27,1.37,2026-10-02
ACR09376,STU09376,94.44,86.07,86.31,0,93.29,-1.15,2026-10-02
ACR09377,STU09377,83.48,75.96,87.28,0,71.85,-11.63,2026-10-02
ACR09378,STU09378,74.77,69.02,69.22,0,70.14,-4.63,2026-10-02
ACR09379,STU09379,94.05,67.17,66.87,0,72.31,-21.74,2026-10-02
ACR09380,STU09380,64.94,73.97,69.39,1,68.17,3.23,2026-10-02
ACR09381,STU09381,55.96,50.47,54.52,0,58.43,2.47,2026-10-02
ACR09382,STU09382,87.17,86.6,72.94,2,81.57,-5.6,2026-10-02
ACR09383,STU09383,81.98,83.86,85.45,0,74.81,-7.17,2026-10-02
ACR09384,STU09384,100.0,81.52,79.58,0,95.4,-4.6,2026-10-02
ACR09385,STU09385,64.35,62.89,51.09,0,56.68,-7.67,2026-10-02
ACR09386,STU09386,74.51,67.48,55.64,0,63.89,-10.62,2026-10-02
ACR09387,STU09387,82.07,76.07,76.87,0,71.65,-10.42,2026-10-02
ACR09388,STU09388,100.0,93.65,87.49,0,77.94,-22.06,2026-10-02
ACR09389,STU09389,91.51,84.7,75.24,0,85.57,-5.94,2026-10-02
ACR09390,STU09390,71.36,78.69,61.92,0,69.41,-1.95,2026-10-02
ACR09391,STU09391,47.99,55.83,49.18,1,40.01,-7.98,2026-10-02
ACR09392,STU09392,86.8,77.56,70.68,0,77.27,-9.53,2026-10-02
ACR09393,STU09393,78.62,62.26,65.43,0,79.38,0.76,2026-10-02
ACR09394,STU09394,81.27,77.93,66.35,0,68.32,-12.95,2026-10-02
ACR09395,STU09395,52.66,35.87,51.8,3,44.49,-8.17,2026-10-02
ACR09396,STU09396,63.5,65.65,71.02,0,62.13,-1.37,2026-10-02
ACR09397,STU09397,69.84,65.21,63.12,0,68.68,-1.16,2026-10-02
ACR09398,STU09398,71.61,54.87,69.5,0,60.83,-10.78,2026-10-02
ACR09399,STU09399,62.01,66.65,41.49,0,64.11,2.1,2026-10-02
ACR09400,STU09400,100.0,100.0,85.41,0,99.63,-0.37,2026-10-02
ACR09401,STU09401,83.76,88.49,75.14,0,83.98,0.22,2026-10-02
ACR09402,STU09402,84.49,84.94,86.92,0,80.97,-3.52,2026-10-02
ACR09403,STU09403,86.74,84.44,78.66,0,82.12,-4.62,2026-10-02
ACR09404,STU09404,76.5,62.68,66.59,0,60.05,-16.45,2026-10-02
ACR09405,STU09405,92.68,79.77,73.19,0,77.12,-15.56,2026-10-02
ACR09406,STU09406,55.3,67.35,55.97,2,59.2,3.9,2026-10-02
ACR09407,STU09407,44.27,44.46,44.74,2,45.25,0.98,2026-10-02
ACR09408,STU09408,92.99,91.55,71.35,0,72.25,-20.74,2026-10-02
ACR09409,STU09409,82.42,84.22,70.69,0,63.1,-19.32,2026-10-02
ACR09410,STU09410,93.33,83.37,68.3,0,89.01,-4.32,2026-10-02
ACR09411,STU09411,61.21,61.13,53.91,0,44.26,-16.95,2026-10-02
ACR09412,STU09412,65.42,60.72,60.06,0,58.7,-6.72,2026-10-02
ACR09413,STU09413,67.2,71.08,58.27,0,67.38,0.18,2026-10-02
ACR09414,STU09414,90.15,81.64,74.83,0,79.86,-10.29,2026-10-02
ACR09415,STU09415,90.15,92.7,72.53,0,79.95,-10.2,2026-10-02
ACR09416,STU09416,53.4,53.9,50.67,0,58.68,5.28,2026-10-02
ACR09417,STU09417,92.38,81.74,68.85,0,87.84,-4.54,2026-10-02
ACR09418,STU09418,60.54,48.18,60.22,0,47.04,-13.5,2026-10-02
ACR09419,STU09419,65.55,66.15,60.98,1,59.5,-6.05,2026-10-02
ACR09420,STU09420,44.62,68.92,45.86,2,41.39,-3.23,2026-10-02
ACR09421,STU09421,64.58,66.78,65.18,0,65.61,1.03,2026-10-02
ACR09422,STU09422,86.31,79.29,75.71,0,79.34,-6.97,2026-10-02
ACR09423,STU09423,61.49,47.97,48.78,1,53.74,-7.75,2026-10-02
ACR09424,STU09424,80.2,61.61,69.04,0,68.26,-11.94,2026-10-02
ACR09425,STU09425,88.4,86.52,73.78,0,89.58,1.18,2026-10-02
ACR09426,STU09426,75.22,73.34,76.25,0,66.01,-9.21,2026-10-02
ACR09427,STU09427,100.0,100.0,100.0,0,98.1,-1.9,2026-10-02
ACR09428,STU09428,63.19,68.02,55.21,0,58.33,-4.86,2026-10-02
ACR09429,STU09429,87.84,66.71,68.88,0,72.05,-15.79,2026-10-02
ACR09430,STU09430,81.26,88.94,63.38,0,73.5,-7.76,2026-10-02
ACR09431,STU09431,57.0,55.06,56.24,1,57.94,0.94,2026-10-02
ACR09432,STU09432,100.0,96.43,83.09,0,88.63,-11.37,2026-10-02
ACR09433,STU09433,68.72,70.52,68.9,0,73.51,4.79,2026-10-02
ACR09434,STU09434,100.0,85.21,90.69,0,85.05,-14.95,2026-10-02
ACR09435,STU09435,100.0,94.54,81.8,0,91.56,-8.44,2026-10-02
ACR09436,STU09436,93.26,80.29,78.3,0,85.16,-8.1,2026-10-02
ACR09437,STU09437,49.37,62.96,62.99,0,62.38,13.01,2026-10-02
ACR09438,STU09438,100.0,100.0,93.05,0,84.95,-15.05,2026-10-02
ACR09439,STU09439,81.09,86.69,67.7,0,76.46,-4.63,2026-10-02
ACR09440,STU09440,73.07,72.78,59.92,0,60.25,-12.82,2026-10-02
ACR09441,STU09441,100.0,91.35,95.97,0,92.56,-7.44,2026-10-02
ACR09442,STU09442,68.24,64.18,64.31,1,54.06,-14.18,2026-10-02
ACR09443,STU09443,99.91,88.58,90.64,0,100.0,0.09,2026-10-02
ACR09444,STU09444,80.14,62.67,81.85,0,75.59,-4.55,2026-10-02
ACR09445,STU09445,88.49,80.47,75.57,0,80.41,-8.08,2026-10-02
ACR09446,STU09446,58.08,69.96,58.95,0,63.94,5.86,2026-10-02
ACR09447,STU09447,82.37,82.46,70.68,0,73.62,-8.75,2026-10-02
ACR09448,STU09448,92.69,100.0,86.74,0,90.88,-1.81,2026-10-02
ACR09449,STU09449,58.11,66.79,58.53,0,58.69,0.58,2026-10-02
ACR09450,STU09450,85.88,71.55,70.64,0,77.59,-8.29,2026-10-02
ACR09451,STU09451,84.71,92.78,81.0,0,83.48,-1.23,2026-10-02
ACR09452,STU09452,65.99,76.47,88.86,0,73.0,7.01,2026-10-02
ACR09453,STU09453,100.0,98.39,74.48,0,87.84,-12.16,2026-10-02
ACR09454,STU09454,87.09,84.24,59.61,0,82.97,-4.12,2026-10-02
ACR09455,STU09455,93.89,100.0,82.82,0,91.25,-2.64,2026-10-02
ACR09456,STU09456,80.64,87.73,58.06,0,74.14,-6.5,2026-10-02
ACR09457,STU09457,64.61,60.32,62.89,0,59.37,-5.24,2026-10-02
ACR09458,STU09458,52.43,58.17,60.99,1,57.09,4.66,2026-10-02
ACR09459,STU09459,98.0,88.94,89.08,0,83.14,-14.86,2026-10-02
ACR09460,STU09460,72.37,80.89,59.0,0,75.93,3.56,2026-10-02
ACR09461,STU09461,84.08,87.14,91.09,0,83.86,-0.22,2026-10-02
ACR09462,STU09462,63.3,50.43,59.47,0,66.89,3.59,2026-10-02
ACR09463,STU09463,16.69,32.59,30.57,4,27.51,10.82,2026-10-02
ACR09464,STU09464,68.34,68.78,70.29,0,62.71,-5.63,2026-10-02
ACR09465,STU09465,84.81,75.69,67.38,1,69.1,-15.71,2026-10-02
ACR09466,STU09466,61.78,71.58,48.57,1,56.76,-5.02,2026-10-02
ACR09467,STU09467,70.45,64.29,61.75,0,67.46,-2.99,2026-10-02
ACR09468,STU09468,72.53,88.29,67.25,0,66.43,-6.1,2026-10-02
ACR09469,STU09469,54.14,55.9,62.99,1,50.39,-3.75,2026-10-02
ACR09470,STU09470,73.83,75.88,70.42,0,72.09,-1.74,2026-10-02
ACR09471,STU09471,95.21,89.36,85.12,0,85.76,-9.45,2026-10-02
ACR09472,STU09472,79.63,84.94,61.23,0,86.86,7.23,2026-10-02
ACR09473,STU09473,76.51,74.48,77.29,0,73.24,-3.27,2026-10-02
ACR09474,STU09474,79.98,93.28,88.4,0,90.68,10.7,2026-10-02
ACR09475,STU09475,65.4,59.1,65.17,3,65.04,-0.36,2026-10-02
ACR09476,STU09476,60.87,65.41,63.19,0,65.34,4.47,2026-10-02
ACR09477,STU09477,48.25,53.36,44.7,0,47.98,-0.27,2026-10-02
ACR09478,STU09478,83.06,100.0,86.81,0,88.55,5.49,2026-10-02
ACR09479,STU09479,89.11,92.64,74.72,0,87.26,-1.85,2026-10-02
ACR09480,STU09480,80.66,79.33,76.63,0,73.51,-7.15,2026-10-02
ACR09481,STU09481,83.35,78.08,64.26,0,76.0,-7.35,2026-10-02
ACR09482,STU09482,71.9,60.62,60.8,0,65.31,-6.59,2026-10-02
ACR09483,STU09483,72.64,69.88,71.82,0,65.42,-7.22,2026-10-02
ACR09484,STU09484,52.94,53.17,56.98,3,45.38,-7.56,2026-10-02
ACR09485,STU09485,100.0,90.86,71.33,0,82.08,-17.92,2026-10-02
ACR09486,STU09486,69.48,47.69,68.17,0,53.72,-15.76,2026-10-02
ACR09487,STU09487,59.2,56.08,53.21,0,58.33,-0.87,2026-10-02
ACR09488,STU09488,58.43,63.52,45.76,3,51.67,-6.76,2026-10-02
ACR09489,STU09489,58.64,65.85,29.88,2,57.4,-1.24,2026-10-02
ACR09490,STU09490,72.88,80.25,68.37,0,73.12,0.24,2026-10-02
ACR09491,STU09491,94.07,87.4,75.05,0,87.91,-6.16,2026-10-02
ACR09492,STU09492,91.23,86.26,73.34,0,88.73,-2.5,2026-10-02
ACR09493,STU09493,86.07,88.7,73.18,0,82.78,-3.29,2026-10-02
ACR09494,STU09494,91.91,90.75,81.1,0,75.52,-16.39,2026-10-02
ACR09495,STU09495,56.0,48.77,52.7,1,50.99,-5.01,2026-10-02
ACR09496,STU09496,47.71,45.41,33.25,3,47.91,0.2,2026-10-02
ACR09497,STU09497,51.57,58.37,44.68,0,53.25,1.68,2026-10-02
ACR09498,STU09498,79.07,81.69,55.84,0,67.32,-11.75,2026-10-02
ACR09499,STU09499,58.71,62.06,51.55,2,57.19,-1.52,2026-10-02
ACR09500,STU09500,67.4,69.14,65.19,0,75.53,8.13,2026-10-02
ACR09501,STU09501,92.21,75.08,71.26,0,86.93,-5.28,2026-10-02
ACR09502,STU09502,100.0,91.53,88.26,0,92.45,-7.55,2026-10-02
ACR09503,STU09503,82.85,75.66,54.41,0,71.21,-11.64,2026-10-02
ACR09504,STU09504,73.07,84.0,66.27,0,70.34,-2.73,2026-10-02
ACR09505,STU09505,89.14,100.0,83.81,0,88.75,-0.39,2026-10-02
ACR09506,STU09506,57.65,53.93,60.39,0,52.45,-5.2,2026-10-02
ACR09507,STU09507,100.0,97.52,94.51,0,82.56,-17.44,2026-10-02
ACR09508,STU09508,93.89,74.65,85.92,0,88.7,-5.19,2026-10-02
ACR09509,STU09509,94.69,82.49,66.39,0,76.23,-18.46,2026-10-02
ACR09510,STU09510,68.04,78.99,71.46,0,82.42,14.38,2026-10-02
ACR09511,STU09511,93.84,94.75,86.39,0,85.14,-8.7,2026-10-02
ACR09512,STU09512,64.61,61.21,56.92,0,51.68,-12.93,2026-10-02
ACR09513,STU09513,95.37,85.22,77.87,0,84.92,-10.45,2026-10-02
ACR09514,STU09514,88.28,71.62,72.52,0,72.35,-15.93,2026-10-02
ACR09515,STU09515,85.7,99.92,77.43,1,78.04,-7.66,2026-10-02
ACR09516,STU09516,70.85,66.71,56.94,0,64.18,-6.67,2026-10-02
ACR09517,STU09517,99.99,88.82,72.43,0,81.15,-18.84,2026-10-02
ACR09518,STU09518,78.9,76.96,58.13,0,68.21,-10.69,2026-10-02
ACR09519,STU09519,79.99,79.78,74.69,0,76.06,-3.93,2026-10-02
ACR09520,STU09520,79.84,82.83,79.29,0,85.62,5.78,2026-10-02
ACR09521,STU09521,58.6,70.54,55.79,1,50.99,-7.61,2026-10-02
ACR09522,STU09522,100.0,93.0,77.82,0,90.09,-9.91,2026-10-02
ACR09523,STU09523,100.0,97.45,87.42,0,91.01,-8.99,2026-10-02
ACR09524,STU09524,79.5,88.6,70.24,0,75.11,-4.39,2026-10-02
ACR09525,STU09525,71.74,64.01,49.84,1,67.67,-4.07,2026-10-02
ACR09526,STU09526,69.49,69.05,54.44,0,59.04,-10.45,2026-10-02
ACR09527,STU09527,72.28,61.72,45.34,0,57.6,-14.68,2026-10-02
ACR09528,STU09528,72.94,81.74,84.48,0,83.53,10.59,2026-10-02
ACR09529,STU09529,67.5,66.86,63.49,1,69.24,1.74,2026-10-02
ACR09530,STU09530,75.35,59.8,70.48,0,78.84,3.49,2026-10-02
ACR09531,STU09531,53.23,40.08,49.91,3,47.64,-5.59,2026-10-02
ACR09532,STU09532,86.55,84.04,86.05,0,76.48,-10.07,2026-10-02
ACR09533,STU09533,49.34,52.59,59.62,0,56.35,7.01,2026-10-02
ACR09534,STU09534,99.11,96.03,90.43,0,95.67,-3.44,2026-10-02
ACR09535,STU09535,43.72,51.39,44.4,1,37.55,-6.17,2026-10-02
ACR09536,STU09536,100.0,100.0,65.49,0,85.68,-14.32,2026-10-02
ACR09537,STU09537,73.54,87.83,77.3,0,74.47,0.93,2026-10-02
ACR09538,STU09538,96.59,95.38,89.83,0,78.79,-17.8,2026-10-02
ACR09539,STU09539,77.71,66.72,65.55,0,71.57,-6.14,2026-10-02
ACR09540,STU09540,97.3,77.25,74.22,0,83.79,-13.51,2026-10-02
ACR09541,STU09541,76.82,64.37,59.21,0,63.77,-13.05,2026-10-02
ACR09542,STU09542,64.65,71.96,51.7,0,70.65,6.0,2026-10-02
ACR09543,STU09543,100.0,93.19,79.83,0,82.65,-17.35,2026-10-02
ACR09544,STU09544,84.77,74.56,58.91,2,69.21,-15.56,2026-10-02
ACR09545,STU09545,40.48,51.36,56.29,3,40.89,0.41,2026-10-02
ACR09546,STU09546,68.75,62.76,59.58,0,57.6,-11.15,2026-10-02
ACR09547,STU09547,98.26,79.64,79.8,0,86.81,-11.45,2026-10-02
ACR09548,STU09548,76.58,54.47,57.38,0,60.0,-16.58,2026-10-02
ACR09549,STU09549,72.02,70.22,81.23,0,73.48,1.46,2026-10-02
ACR09550,STU09550,79.97,82.5,68.1,0,71.37,-8.6,2026-10-02
ACR09551,STU09551,90.07,79.8,67.08,0,83.62,-6.45,2026-10-02
ACR09552,STU09552,86.95,73.8,89.38,0,85.59,-1.36,2026-10-02
ACR09553,STU09553,65.52,75.0,64.09,0,63.16,-2.36,2026-10-02
ACR09554,STU09554,59.07,69.82,61.49,0,61.54,2.47,2026-10-02
ACR09555,STU09555,95.76,100.0,84.72,0,92.64,-3.12,2026-10-02
ACR09556,STU09556,66.34,68.36,76.47,0,73.06,6.72,2026-10-02
ACR09557,STU09557,96.98,93.78,74.03,0,87.37,-9.61,2026-10-02
ACR09558,STU09558,47.21,66.38,59.1,3,55.34,8.13,2026-10-02
ACR09559,STU09559,86.12,67.71,57.66,0,70.25,-15.87,2026-10-02
ACR09560,STU09560,59.97,45.34,55.34,1,52.56,-7.41,2026-10-02
ACR09561,STU09561,62.77,77.49,56.98,0,59.45,-3.32,2026-10-02
ACR09562,STU09562,70.21,72.61,60.05,0,67.49,-2.72,2026-10-02
ACR09563,STU09563,71.67,50.36,66.75,0,63.63,-8.04,2026-10-02
ACR09564,STU09564,90.57,76.44,74.19,0,83.34,-7.23,2026-10-02
ACR09565,STU09565,69.34,57.2,80.63,2,66.47,-2.87,2026-10-02
ACR09566,STU09566,94.17,85.65,92.32,0,83.62,-10.55,2026-10-02
ACR09567,STU09567,48.93,41.41,45.01,2,45.43,-3.5,2026-10-02
ACR09568,STU09568,69.87,58.32,48.16,0,60.77,-9.1,2026-10-02
ACR09569,STU09569,87.28,74.43,71.5,0,84.44,-2.84,2026-10-02
ACR09570,STU09570,55.69,62.45,59.09,0,63.79,8.1,2026-10-02
ACR09571,STU09571,81.79,87.78,79.23,0,82.4,0.61,2026-10-02
ACR09572,STU09572,100.0,91.55,93.97,0,84.31,-15.69,2026-10-02
ACR09573,STU09573,90.2,72.51,70.6,0,70.08,-20.12,2026-10-02
ACR09574,STU09574,100.0,100.0,85.5,0,92.05,-7.95,2026-10-02
ACR09575,STU09575,53.39,58.65,50.16,2,58.93,5.54,2026-10-02
ACR09576,STU09576,78.22,70.51,63.37,0,66.44,-11.78,2026-10-02
ACR09577,STU09577,88.69,87.15,72.04,0,75.93,-12.76,2026-10-02
ACR09578,STU09578,92.64,88.94,73.78,0,71.84,-20.8,2026-10-02
ACR09579,STU09579,42.81,45.23,27.37,2,47.18,4.37,2026-10-02
ACR09580,STU09580,64.57,83.43,59.69,1,67.29,2.72,2026-10-02
ACR09581,STU09581,85.81,74.51,66.45,0,77.42,-8.39,2026-10-02
ACR09582,STU09582,47.74,54.29,55.99,1,58.93,11.19,2026-10-02
ACR09583,STU09583,78.85,60.06,55.23,0,60.99,-17.86,2026-10-02
ACR09584,STU09584,54.57,74.87,60.4,0,50.71,-3.86,2026-10-02
ACR09585,STU09585,67.51,54.24,46.39,0,56.68,-10.83,2026-10-02
ACR09586,STU09586,86.14,63.82,68.13,0,70.92,-15.22,2026-10-02
ACR09587,STU09587,75.42,78.13,56.73,0,67.61,-7.81,2026-10-02
ACR09588,STU09588,85.17,62.95,75.97,0,65.97,-19.2,2026-10-02
ACR09589,STU09589,98.02,96.78,74.91,0,89.68,-8.34,2026-10-02
ACR09590,STU09590,72.85,67.68,63.6,0,62.24,-10.61,2026-10-02
ACR09591,STU09591,82.55,94.69,72.9,0,82.65,0.1,2026-10-02
ACR09592,STU09592,100.0,100.0,86.54,0,84.66,-15.34,2026-10-02
ACR09593,STU09593,47.78,58.45,40.61,4,49.85,2.07,2026-10-02
ACR09594,STU09594,80.52,74.81,66.73,0,68.98,-11.54,2026-10-02
ACR09595,STU09595,71.2,76.87,66.0,0,67.23,-3.97,2026-10-02
ACR09596,STU09596,89.1,98.21,76.09,0,80.37,-8.73,2026-10-02
ACR09597,STU09597,62.64,54.39,75.62,1,50.71,-11.93,2026-10-02
ACR09598,STU09598,100.0,93.57,99.65,0,98.4,-1.6,2026-10-02
ACR09599,STU09599,64.68,73.24,47.62,0,61.3,-3.38,2026-10-02
ACR09600,STU09600,89.2,82.72,80.72,0,80.48,-8.72,2026-10-02
ACR09601,STU09601,71.17,56.84,58.9,0,65.2,-5.97,2026-10-02
ACR09602,STU09602,51.39,58.72,53.7,2,45.94,-5.45,2026-10-02
ACR09603,STU09603,96.08,88.34,81.92,0,94.25,-1.83,2026-10-02
ACR09604,STU09604,76.22,71.53,60.61,0,59.93,-16.29,2026-10-02
ACR09605,STU09605,99.14,100.0,93.57,0,84.53,-14.61,2026-10-02
ACR09606,STU09606,69.81,71.79,66.05,0,72.19,2.38,2026-10-02
ACR09607,STU09607,66.28,67.09,76.35,0,65.15,-1.13,2026-10-02
ACR09608,STU09608,83.43,70.54,53.64,0,58.43,-25.0,2026-10-02
ACR09609,STU09609,80.03,79.75,65.07,0,70.35,-9.68,2026-10-02
ACR09610,STU09610,99.08,91.32,75.77,0,92.43,-6.65,2026-10-02
ACR09611,STU09611,98.54,78.5,80.87,0,87.84,-10.7,2026-10-02
ACR09612,STU09612,78.0,66.21,56.7,0,73.68,-4.32,2026-10-02
ACR09613,STU09613,100.0,100.0,95.68,0,97.47,-2.53,2026-10-02
ACR09614,STU09614,44.53,47.25,45.41,2,42.67,-1.86,2026-10-02
ACR09615,STU09615,74.12,62.24,58.01,1,73.34,-0.78,2026-10-02
ACR09616,STU09616,76.25,76.22,82.7,0,79.35,3.1,2026-10-02
ACR09617,STU09617,62.07,73.14,48.93,1,61.55,-0.52,2026-10-02
ACR09618,STU09618,64.3,71.89,74.51,0,74.08,9.78,2026-10-02
ACR09619,STU09619,95.58,99.66,79.72,0,89.26,-6.32,2026-10-02
ACR09620,STU09620,100.0,98.74,91.55,0,89.69,-10.31,2026-10-02
ACR09621,STU09621,52.25,45.02,71.24,0,51.23,-1.02,2026-10-02
ACR09622,STU09622,58.38,63.58,54.76,2,57.86,-0.52,2026-10-02
ACR09623,STU09623,99.54,93.2,77.74,0,85.79,-13.75,2026-10-02
ACR09624,STU09624,95.98,74.28,80.26,0,74.43,-21.55,2026-10-02
ACR09625,STU09625,62.66,68.2,55.83,0,67.71,5.05,2026-10-02
ACR09626,STU09626,100.0,89.19,88.3,0,94.04,-5.96,2026-10-02
ACR09627,STU09627,93.17,82.57,73.06,0,86.71,-6.46,2026-10-02
ACR09628,STU09628,33.77,53.57,40.68,3,37.47,3.7,2026-10-02
ACR09629,STU09629,65.54,74.64,76.12,0,65.43,-0.11,2026-10-02
ACR09630,STU09630,56.73,41.41,43.91,1,48.11,-8.62,2026-10-02
ACR09631,STU09631,73.26,71.62,67.5,1,70.01,-3.25,2026-10-02
ACR09632,STU09632,74.33,67.51,66.3,0,71.83,-2.5,2026-10-02
ACR09633,STU09633,80.81,75.41,55.82,0,68.24,-12.57,2026-10-02
ACR09634,STU09634,70.56,53.24,53.12,0,57.0,-13.56,2026-10-02
ACR09635,STU09635,78.46,76.7,77.34,0,79.74,1.28,2026-10-02
ACR09636,STU09636,57.35,48.31,55.85,0,46.85,-10.5,2026-10-02
ACR09637,STU09637,60.02,64.97,60.43,0,62.8,2.78,2026-10-02
ACR09638,STU09638,54.68,54.56,54.57,0,53.84,-0.84,2026-10-02
ACR09639,STU09639,52.02,32.24,41.29,0,41.27,-10.75,2026-10-02
ACR09640,STU09640,85.0,84.98,69.39,0,87.9,2.9,2026-10-02
ACR09641,STU09641,71.8,67.71,52.25,0,67.96,-3.84,2026-10-02
ACR09642,STU09642,71.36,75.81,63.51,0,73.15,1.79,2026-10-02
ACR09643,STU09643,66.81,75.34,60.84,3,76.02,9.21,2026-10-02
ACR09644,STU09644,100.0,99.26,86.09,0,93.95,-6.05,2026-10-02
ACR09645,STU09645,100.0,100.0,92.99,0,100.0,0.0,2026-10-02
ACR09646,STU09646,51.38,52.36,37.68,2,44.74,-6.64,2026-10-02
ACR09647,STU09647,78.22,55.56,62.94,0,60.19,-18.03,2026-10-02
ACR09648,STU09648,90.89,94.25,79.35,0,87.24,-3.65,2026-10-02
ACR09649,STU09649,78.46,74.01,70.9,0,77.12,-1.34,2026-10-02
ACR09650,STU09650,72.45,67.67,48.22,0,66.62,-5.83,2026-10-02
ACR09651,STU09651,64.61,66.78,51.53,0,51.22,-13.39,2026-10-02
ACR09652,STU09652,86.68,82.92,83.12,0,79.22,-7.46,2026-10-02
ACR09653,STU09653,84.92,73.47,66.59,0,69.93,-14.99,2026-10-02
ACR09654,STU09654,67.44,69.8,50.22,0,69.34,1.9,2026-10-02
ACR09655,STU09655,67.76,54.66,56.37,0,58.42,-9.34,2026-10-02
ACR09656,STU09656,95.24,82.29,85.05,0,89.77,-5.47,2026-10-02
ACR09657,STU09657,76.93,95.54,72.87,0,74.69,-2.24,2026-10-02
ACR09658,STU09658,55.32,60.45,56.69,0,54.11,-1.21,2026-10-02
ACR09659,STU09659,83.83,68.68,73.53,0,74.62,-9.21,2026-10-02
ACR09660,STU09660,71.77,55.2,50.54,0,65.75,-6.02,2026-10-02
ACR09661,STU09661,93.72,74.92,78.37,0,78.07,-15.65,2026-10-02
ACR09662,STU09662,87.31,80.63,65.37,0,62.94,-24.37,2026-10-02
ACR09663,STU09663,83.08,79.86,86.34,0,77.6,-5.48,2026-10-02
ACR09664,STU09664,50.72,66.55,40.38,0,54.15,3.43,2026-10-02
ACR09665,STU09665,78.35,80.04,71.12,0,63.57,-14.78,2026-10-02
ACR09666,STU09666,84.91,77.13,71.42,0,74.31,-10.6,2026-10-02
ACR09667,STU09667,90.49,88.15,82.65,0,80.74,-9.75,2026-10-02
ACR09668,STU09668,91.11,100.0,79.68,0,92.26,1.15,2026-10-02
ACR09669,STU09669,71.15,57.78,62.45,0,67.6,-3.55,2026-10-02
ACR09670,STU09670,86.04,84.64,81.96,0,75.4,-10.64,2026-10-02
ACR09671,STU09671,86.22,69.66,73.56,0,72.23,-13.99,2026-10-02
ACR09672,STU09672,78.77,79.91,71.7,0,74.68,-4.09,2026-10-02
ACR09673,STU09673,82.7,80.79,66.75,1,72.77,-9.93,2026-10-02
ACR09674,STU09674,71.6,68.67,59.24,0,67.71,-3.89,2026-10-02
ACR09675,STU09675,75.89,88.34,64.46,0,71.92,-3.97,2026-10-02
ACR09676,STU09676,69.25,62.51,49.95,0,63.29,-5.96,2026-10-02
ACR09677,STU09677,85.54,82.21,67.5,0,73.54,-12.0,2026-10-02
ACR09678,STU09678,61.95,55.64,37.54,0,49.22,-12.73,2026-10-02
ACR09679,STU09679,79.77,77.47,84.2,0,79.88,0.11,2026-10-02
ACR09680,STU09680,65.14,80.75,58.14,0,67.54,2.4,2026-10-02
ACR09681,STU09681,96.18,96.29,80.97,0,83.36,-12.82,2026-10-02
ACR09682,STU09682,75.21,74.35,79.47,0,64.81,-10.4,2026-10-02
ACR09683,STU09683,63.66,52.76,52.46,1,54.71,-8.95,2026-10-02
ACR09684,STU09684,87.87,73.25,72.13,0,85.43,-2.44,2026-10-02
ACR09685,STU09685,88.7,83.5,70.0,0,70.74,-17.96,2026-10-02
ACR09686,STU09686,68.98,75.22,58.39,0,64.38,-4.6,2026-10-02
ACR09687,STU09687,97.04,89.61,90.05,0,95.01,-2.03,2026-10-02
ACR09688,STU09688,62.8,62.64,62.54,0,52.81,-9.99,2026-10-02
ACR09689,STU09689,90.05,83.03,68.14,3,77.04,-13.01,2026-10-02
ACR09690,STU09690,74.09,74.16,57.81,0,64.54,-9.55,2026-10-02
ACR09691,STU09691,85.02,83.14,77.91,0,80.76,-4.26,2026-10-02
ACR09692,STU09692,57.87,53.8,36.84,0,39.65,-18.22,2026-10-02
ACR09693,STU09693,100.0,96.79,74.91,0,83.74,-16.26,2026-10-02
ACR09694,STU09694,75.08,76.85,66.08,0,72.22,-2.86,2026-10-02
ACR09695,STU09695,78.99,75.06,61.6,0,72.91,-6.08,2026-10-02
ACR09696,STU09696,57.38,57.86,48.28,1,44.9,-12.48,2026-10-02
ACR09697,STU09697,88.58,80.83,64.91,0,68.41,-20.17,2026-10-02
ACR09698,STU09698,60.21,77.75,65.87,1,62.74,2.53,2026-10-02
ACR09699,STU09699,62.34,67.12,62.86,1,60.81,-1.53,2026-10-02
ACR09700,STU09700,100.0,83.81,75.36,0,78.34,-21.66,2026-10-02
ACR09701,STU09701,47.45,50.64,61.76,0,57.05,9.6,2026-10-02
ACR09702,STU09702,76.75,88.03,71.09,0,80.76,4.01,2026-10-02
ACR09703,STU09703,74.4,67.48,46.76,0,66.92,-7.48,2026-10-02
ACR09704,STU09704,88.69,93.56,85.75,0,73.44,-15.25,2026-10-02
ACR09705,STU09705,90.64,83.18,80.59,0,78.51,-12.13,2026-10-02
ACR09706,STU09706,75.88,66.75,57.91,0,57.23,-18.65,2026-10-02
ACR09707,STU09707,56.7,71.81,63.8,1,61.14,4.44,2026-10-02
ACR09708,STU09708,81.41,84.57,74.8,0,73.06,-8.35,2026-10-02
ACR09709,STU09709,91.29,55.36,74.63,0,62.4,-28.89,2026-10-02
ACR09710,STU09710,74.69,80.83,67.78,0,74.9,0.21,2026-10-02
ACR09711,STU09711,85.12,75.25,58.06,0,69.23,-15.89,2026-10-02
ACR09712,STU09712,60.95,55.8,57.63,1,64.67,3.72,2026-10-02
ACR09713,STU09713,65.17,60.34,77.75,0,63.09,-2.08,2026-10-02
ACR09714,STU09714,35.17,42.68,36.4,3,42.95,7.78,2026-10-02
ACR09715,STU09715,50.04,52.04,51.85,1,47.41,-2.63,2026-10-02
ACR09716,STU09716,59.47,68.81,53.47,1,51.98,-7.49,2026-10-02
ACR09717,STU09717,79.04,83.23,80.91,0,78.54,-0.5,2026-10-02
ACR09718,STU09718,56.77,44.25,41.42,0,53.39,-3.38,2026-10-02
ACR09719,STU09719,53.36,58.14,33.08,1,45.6,-7.76,2026-10-02
ACR09720,STU09720,100.0,92.12,85.37,0,91.27,-8.73,2026-10-02
ACR09721,STU09721,53.52,74.05,63.14,1,55.2,1.68,2026-10-02
ACR09722,STU09722,81.35,67.16,74.8,0,66.03,-15.32,2026-10-02
ACR09723,STU09723,89.03,80.71,58.28,0,70.27,-18.76,2026-10-02
ACR09724,STU09724,81.33,84.9,67.52,0,73.64,-7.69,2026-10-02
ACR09725,STU09725,82.89,86.07,76.75,0,76.17,-6.72,2026-10-02
ACR09726,STU09726,57.81,63.13,47.74,0,50.59,-7.22,2026-10-02
ACR09727,STU09727,66.4,80.77,58.32,0,66.87,0.47,2026-10-02
ACR09728,STU09728,88.79,73.64,72.22,0,66.57,-22.22,2026-10-02
ACR09729,STU09729,87.84,80.47,69.2,0,76.2,-11.64,2026-10-02
ACR09730,STU09730,73.4,60.89,64.25,1,65.04,-8.36,2026-10-02
ACR09731,STU09731,100.0,84.77,80.62,0,83.44,-16.56,2026-10-02
ACR09732,STU09732,74.93,74.94,58.46,0,55.91,-19.02,2026-10-02
ACR09733,STU09733,91.93,74.69,70.02,0,66.25,-25.68,2026-10-02
ACR09734,STU09734,92.08,79.32,73.04,0,79.15,-12.93,2026-10-02
ACR09735,STU09735,50.75,64.15,45.51,2,51.1,0.35,2026-10-02
ACR09736,STU09736,56.06,76.98,46.26,1,67.9,11.84,2026-10-02
ACR09737,STU09737,89.53,77.69,78.47,0,82.32,-7.21,2026-10-02
ACR09738,STU09738,57.92,69.07,46.34,1,60.63,2.71,2026-10-02
ACR09739,STU09739,100.0,100.0,98.09,0,93.85,-6.15,2026-10-02
ACR09740,STU09740,87.14,68.61,74.27,0,78.64,-8.5,2026-10-02
ACR09741,STU09741,89.5,77.87,84.32,0,84.65,-4.85,2026-10-02
ACR09742,STU09742,90.72,76.53,60.61,0,79.33,-11.39,2026-10-02
ACR09743,STU09743,86.27,60.19,59.1,0,57.62,-28.65,2026-10-02
ACR09744,STU09744,67.7,70.91,62.16,0,60.74,-6.96,2026-10-02
ACR09745,STU09745,75.69,75.89,66.0,0,63.52,-12.17,2026-10-02
ACR09746,STU09746,83.97,82.28,75.55,0,78.6,-5.37,2026-10-02
ACR09747,STU09747,82.51,51.15,67.23,0,75.5,-7.01,2026-10-02
ACR09748,STU09748,91.21,75.63,75.55,0,75.97,-15.24,2026-10-02
ACR09749,STU09749,100.0,96.93,91.61,0,91.1,-8.9,2026-10-02
ACR09750,STU09750,100.0,100.0,99.8,0,93.58,-6.42,2026-10-02
ACR09751,STU09751,96.53,93.76,78.49,0,88.85,-7.68,2026-10-02
ACR09752,STU09752,79.63,64.94,64.17,0,79.05,-0.58,2026-10-02
ACR09753,STU09753,63.92,73.11,70.09,0,67.52,3.6,2026-10-02
ACR09754,STU09754,81.66,76.91,75.15,0,67.31,-14.35,2026-10-02
ACR09755,STU09755,51.76,63.95,61.18,1,58.97,7.21,2026-10-02
ACR09756,STU09756,48.62,55.73,46.5,0,60.79,12.17,2026-10-02
ACR09757,STU09757,76.13,99.42,71.1,0,78.43,2.3,2026-10-02
ACR09758,STU09758,82.13,88.72,71.13,0,74.73,-7.4,2026-10-02
ACR09759,STU09759,28.65,25.29,25.22,2,27.8,-0.85,2026-10-02
ACR09760,STU09760,78.46,72.04,80.88,0,76.09,-2.37,2026-10-02
ACR09761,STU09761,77.15,79.72,79.93,0,78.65,1.5,2026-10-02
ACR09762,STU09762,80.92,78.18,47.74,0,73.04,-7.88,2026-10-02
ACR09763,STU09763,88.52,85.48,72.48,0,77.5,-11.02,2026-10-02
ACR09764,STU09764,82.07,75.1,76.2,0,71.53,-10.54,2026-10-02
ACR09765,STU09765,64.18,73.17,65.77,0,69.56,5.38,2026-10-02
ACR09766,STU09766,81.31,63.12,59.93,0,64.44,-16.87,2026-10-02
ACR09767,STU09767,75.93,86.42,67.66,0,76.08,0.15,2026-10-02
ACR09768,STU09768,81.33,88.63,74.1,0,66.19,-15.14,2026-10-02
ACR09769,STU09769,66.59,70.69,44.7,0,69.46,2.87,2026-10-02
ACR09770,STU09770,87.38,97.02,84.59,0,78.2,-9.18,2026-10-02
ACR09771,STU09771,91.49,100.0,83.95,0,85.74,-5.75,2026-10-02
ACR09772,STU09772,71.04,68.85,64.9,0,75.93,4.89,2026-10-02
ACR09773,STU09773,100.0,89.45,77.15,0,90.14,-9.86,2026-10-02
ACR09774,STU09774,55.5,69.27,61.91,1,60.21,4.71,2026-10-02
ACR09775,STU09775,65.99,57.35,55.04,0,54.75,-11.24,2026-10-02
ACR09776,STU09776,51.69,45.92,29.62,0,41.69,-10.0,2026-10-02
ACR09777,STU09777,68.53,51.96,44.24,1,63.02,-5.51,2026-10-02
ACR09778,STU09778,70.89,70.01,60.94,0,59.14,-11.75,2026-10-02
ACR09779,STU09779,97.16,93.28,82.89,0,84.39,-12.77,2026-10-02
ACR09780,STU09780,89.29,78.93,65.64,0,81.86,-7.43,2026-10-02
ACR09781,STU09781,72.78,81.8,76.15,2,70.71,-2.07,2026-10-02
ACR09782,STU09782,78.27,71.51,69.73,0,69.05,-9.22,2026-10-02
ACR09783,STU09783,78.7,82.91,75.79,0,82.24,3.54,2026-10-02
ACR09784,STU09784,68.04,74.92,62.17,0,71.47,3.43,2026-10-02
ACR09785,STU09785,66.16,65.19,56.87,2,58.52,-7.64,2026-10-02
ACR09786,STU09786,70.03,71.86,64.21,0,58.34,-11.69,2026-10-02
ACR09787,STU09787,71.52,69.14,68.39,0,65.19,-6.33,2026-10-02
ACR09788,STU09788,86.51,80.06,65.78,0,74.06,-12.45,2026-10-02
ACR09789,STU09789,75.01,65.15,59.32,0,66.28,-8.73,2026-10-02
ACR09790,STU09790,65.33,71.35,63.38,0,60.16,-5.17,2026-10-02
ACR09791,STU09791,58.91,52.36,50.05,0,50.37,-8.54,2026-10-02
ACR09792,STU09792,77.77,79.06,70.38,0,68.93,-8.84,2026-10-02
ACR09793,STU09793,61.01,67.22,62.22,1,59.02,-1.99,2026-10-02
ACR09794,STU09794,87.18,95.45,76.91,0,83.32,-3.86,2026-10-02
ACR09795,STU09795,86.83,85.57,77.85,0,77.64,-9.19,2026-10-02
ACR09796,STU09796,57.68,52.55,53.38,1,55.83,-1.85,2026-10-02
ACR09797,STU09797,62.75,56.39,48.59,0,62.44,-0.31,2026-10-02
ACR09798,STU09798,69.07,71.35,62.91,0,67.92,-1.15,2026-10-02
ACR09799,STU09799,67.9,46.19,57.3,2,53.63,-14.27,2026-10-02
ACR09800,STU09800,55.87,61.6,50.69,2,55.46,-0.41,2026-10-02
ACR09801,STU09801,71.27,74.19,64.32,0,71.35,0.08,2026-10-02
ACR09802,STU09802,78.96,82.36,68.45,0,67.88,-11.08,2026-10-02
ACR09803,STU09803,92.9,93.96,82.8,0,84.7,-8.2,2026-10-02
ACR09804,STU09804,90.76,65.39,74.82,0,70.69,-20.07,2026-10-02
ACR09805,STU09805,74.16,56.91,57.85,0,68.76,-5.4,2026-10-02
ACR09806,STU09806,85.2,76.48,80.8,0,83.44,-1.76,2026-10-02
ACR09807,STU09807,86.21,70.91,73.31,0,79.96,-6.25,2026-10-02
ACR09808,STU09808,74.12,67.61,72.12,0,69.44,-4.68,2026-10-02
ACR09809,STU09809,95.61,73.8,66.95,0,77.54,-18.07,2026-10-02
ACR09810,STU09810,73.66,64.46,62.37,0,59.43,-14.23,2026-10-02
ACR09811,STU09811,56.23,68.68,67.45,1,60.21,3.98,2026-10-02
ACR09812,STU09812,99.64,99.36,100.0,0,100.0,0.36,2026-10-02
ACR09813,STU09813,83.12,69.0,69.81,0,77.38,-5.74,2026-10-02
ACR09814,STU09814,69.06,75.37,70.16,0,72.91,3.85,2026-10-02
ACR09815,STU09815,76.24,85.91,54.52,0,75.44,-0.8,2026-10-02
ACR09816,STU09816,67.32,75.94,76.79,0,62.85,-4.47,2026-10-02
ACR09817,STU09817,77.13,83.65,76.66,0,77.98,0.85,2026-10-02
ACR09818,STU09818,80.4,77.02,70.34,0,64.79,-15.61,2026-10-02
ACR09819,STU09819,72.93,76.74,73.23,0,76.14,3.21,2026-10-02
ACR09820,STU09820,68.99,80.68,69.67,0,64.4,-4.59,2026-10-02
ACR09821,STU09821,71.55,78.13,62.62,1,64.17,-7.38,2026-10-02
ACR09822,STU09822,84.8,87.77,78.9,0,79.63,-5.17,2026-10-02
ACR09823,STU09823,62.01,68.4,52.55,0,58.36,-3.65,2026-10-02
ACR09824,STU09824,75.31,77.83,63.23,0,70.01,-5.3,2026-10-02
ACR09825,STU09825,68.51,61.58,55.83,0,61.48,-7.03,2026-10-02
ACR09826,STU09826,77.75,82.29,75.28,1,80.91,3.16,2026-10-02
ACR09827,STU09827,70.86,54.5,77.76,0,68.51,-2.35,2026-10-02
ACR09828,STU09828,47.8,60.41,54.44,0,47.31,-0.49,2026-10-02
ACR09829,STU09829,91.4,89.25,86.65,0,86.95,-4.45,2026-10-02
ACR09830,STU09830,71.63,73.73,61.42,1,63.41,-8.22,2026-10-02
ACR09831,STU09831,72.64,64.64,73.36,0,57.3,-15.34,2026-10-02
ACR09832,STU09832,100.0,99.47,100.0,0,100.0,0.0,2026-10-02
ACR09833,STU09833,51.26,60.88,54.7,1,57.58,6.32,2026-10-02
ACR09834,STU09834,35.51,31.06,42.75,2,44.09,8.58,2026-10-02
ACR09835,STU09835,76.57,82.22,77.25,0,79.43,2.86,2026-10-02
ACR09836,STU09836,65.08,63.39,55.64,0,62.71,-2.37,2026-10-02
ACR09837,STU09837,89.68,77.52,69.42,0,84.62,-5.06,2026-10-02
ACR09838,STU09838,77.85,70.28,71.08,0,69.02,-8.83,2026-10-02
ACR09839,STU09839,73.36,70.44,64.12,0,63.75,-9.61,2026-10-02
ACR09840,STU09840,85.93,86.5,84.5,0,84.6,-1.33,2026-10-02
ACR09841,STU09841,83.34,77.9,73.26,0,71.62,-11.72,2026-10-02
ACR09842,STU09842,68.99,68.36,70.68,1,70.83,1.84,2026-10-02
ACR09843,STU09843,61.5,44.89,51.59,2,44.31,-17.19,2026-10-02
ACR09844,STU09844,97.4,82.82,77.74,0,88.43,-8.97,2026-10-02
ACR09845,STU09845,66.89,75.2,59.77,1,62.77,-4.12,2026-10-02
ACR09846,STU09846,73.54,63.35,65.78,0,63.74,-9.8,2026-10-02
ACR09847,STU09847,79.79,87.37,69.66,0,80.84,1.05,2026-10-02
ACR09848,STU09848,75.37,60.48,57.21,1,54.64,-20.73,2026-10-02
ACR09849,STU09849,79.15,91.12,67.81,0,72.0,-7.15,2026-10-02
ACR09850,STU09850,59.09,69.26,64.38,1,55.44,-3.65,2026-10-02
ACR09851,STU09851,40.07,58.15,39.49,0,46.38,6.31,2026-10-02
ACR09852,STU09852,87.54,93.77,78.75,0,77.86,-9.68,2026-10-02
ACR09853,STU09853,67.08,76.39,59.66,0,55.45,-11.63,2026-10-02
ACR09854,STU09854,82.78,69.94,63.29,0,65.27,-17.51,2026-10-02
ACR09855,STU09855,70.87,63.81,76.61,0,68.26,-2.61,2026-10-02
ACR09856,STU09856,86.41,74.31,75.68,0,72.89,-13.52,2026-10-02
ACR09857,STU09857,77.95,79.03,68.4,0,64.87,-13.08,2026-10-02
ACR09858,STU09858,60.37,59.38,49.09,0,50.69,-9.68,2026-10-02
ACR09859,STU09859,78.04,81.41,65.95,0,71.73,-6.31,2026-10-02
ACR09860,STU09860,60.4,45.47,54.15,0,55.37,-5.03,2026-10-02
ACR09861,STU09861,69.01,71.81,59.19,0,63.87,-5.14,2026-10-02
ACR09862,STU09862,46.58,49.99,44.92,3,37.04,-9.54,2026-10-02
ACR09863,STU09863,67.04,70.07,65.07,0,53.78,-13.26,2026-10-02
ACR09864,STU09864,65.57,53.36,60.31,0,61.24,-4.33,2026-10-02
ACR09865,STU09865,97.7,83.25,79.36,0,80.0,-17.7,2026-10-02
ACR09866,STU09866,90.78,83.74,77.53,0,82.55,-8.23,2026-10-02
ACR09867,STU09867,78.33,93.35,71.65,0,90.79,12.46,2026-10-02
ACR09868,STU09868,60.85,74.0,71.16,0,59.32,-1.53,2026-10-02
ACR09869,STU09869,69.02,67.36,49.07,0,56.9,-12.12,2026-10-02
ACR09870,STU09870,89.34,90.59,89.23,0,85.69,-3.65,2026-10-02
ACR09871,STU09871,71.99,74.7,64.84,2,71.1,-0.89,2026-10-02
ACR09872,STU09872,91.07,92.93,84.12,0,87.57,-3.5,2026-10-02
ACR09873,STU09873,45.69,58.96,40.84,3,42.65,-3.04,2026-10-02
ACR09874,STU09874,88.27,88.45,62.08,0,72.63,-15.64,2026-10-02
ACR09875,STU09875,71.32,58.3,62.44,0,56.46,-14.86,2026-10-02
ACR09876,STU09876,45.99,51.72,32.39,0,47.88,1.89,2026-10-02
ACR09877,STU09877,93.72,70.54,66.3,0,77.17,-16.55,2026-10-02
ACR09878,STU09878,97.99,91.32,85.26,0,83.39,-14.6,2026-10-02
ACR09879,STU09879,56.85,56.37,60.66,0,59.85,3.0,2026-10-02
ACR09880,STU09880,66.37,62.98,49.07,1,54.7,-11.67,2026-10-02
ACR09881,STU09881,68.57,75.01,79.65,0,73.21,4.64,2026-10-02
ACR09882,STU09882,73.81,62.79,60.39,1,70.91,-2.9,2026-10-02
ACR09883,STU09883,99.19,78.46,85.71,0,87.69,-11.5,2026-10-02
ACR09884,STU09884,59.95,60.38,52.98,1,50.35,-9.6,2026-10-02
ACR09885,STU09885,71.34,73.44,59.99,1,59.23,-12.11,2026-10-02
ACR09886,STU09886,85.16,74.69,72.08,0,66.87,-18.29,2026-10-02
ACR09887,STU09887,67.7,75.07,53.24,0,56.68,-11.02,2026-10-02
ACR09888,STU09888,74.19,83.45,66.89,0,74.53,0.34,2026-10-02
ACR09889,STU09889,78.22,74.99,61.47,0,70.43,-7.79,2026-10-02
ACR09890,STU09890,100.0,97.15,95.07,0,79.98,-20.02,2026-10-02
ACR09891,STU09891,72.68,68.86,77.8,2,75.92,3.24,2026-10-02
ACR09892,STU09892,51.46,67.56,70.82,1,57.71,6.25,2026-10-02
ACR09893,STU09893,47.95,54.63,53.57,0,62.99,15.04,2026-10-02
ACR09894,STU09894,100.0,98.37,91.74,0,94.12,-5.88,2026-10-02
ACR09895,STU09895,72.13,66.92,54.36,0,63.17,-8.96,2026-10-02
ACR09896,STU09896,89.41,78.73,87.96,0,70.55,-18.86,2026-10-02
ACR09897,STU09897,83.18,83.94,78.19,0,71.81,-11.37,2026-10-02
ACR09898,STU09898,94.05,88.33,81.5,0,80.76,-13.29,2026-10-02
ACR09899,STU09899,98.1,74.27,68.54,0,84.84,-13.26,2026-10-02
ACR09900,STU09900,76.08,71.13,67.25,0,72.48,-3.6,2026-10-02
ACR09901,STU09901,71.31,73.51,71.75,0,62.35,-8.96,2026-10-02
ACR09902,STU09902,73.51,76.67,65.05,0,76.62,3.11,2026-10-02
ACR09903,STU09903,79.27,80.31,78.84,0,69.84,-9.43,2026-10-02
ACR09904,STU09904,88.07,99.16,91.24,0,81.8,-6.27,2026-10-02
ACR09905,STU09905,80.34,68.93,51.17,0,63.52,-16.82,2026-10-02
ACR09906,STU09906,80.89,68.39,75.56,0,75.37,-5.52,2026-10-02
ACR09907,STU09907,70.03,70.63,72.73,0,63.82,-6.21,2026-10-02
ACR09908,STU09908,90.03,91.26,87.65,0,75.11,-14.92,2026-10-02
ACR09909,STU09909,88.62,83.74,84.07,0,69.85,-18.77,2026-10-02
ACR09910,STU09910,94.58,86.54,79.5,0,91.15,-3.43,2026-10-02
ACR09911,STU09911,63.28,59.73,46.21,0,58.86,-4.42,2026-10-02
ACR09912,STU09912,73.53,64.66,79.42,0,72.58,-0.95,2026-10-02
ACR09913,STU09913,71.66,70.87,60.96,1,60.55,-11.11,2026-10-02
ACR09914,STU09914,87.03,87.8,67.04,0,78.34,-8.69,2026-10-02
ACR09915,STU09915,69.79,62.99,64.01,0,59.11,-10.68,2026-10-02
ACR09916,STU09916,73.59,71.25,70.46,0,74.17,0.58,2026-10-02
ACR09917,STU09917,83.91,71.54,71.04,0,74.86,-9.05,2026-10-02
ACR09918,STU09918,50.31,50.24,44.91,1,43.56,-6.75,2026-10-02
ACR09919,STU09919,79.3,74.4,54.21,0,72.03,-7.27,2026-10-02
ACR09920,STU09920,72.43,65.95,53.48,0,66.68,-5.75,2026-10-02
ACR09921,STU09921,56.92,64.84,52.61,0,57.85,0.93,2026-10-02
ACR09922,STU09922,84.63,68.1,70.13,0,68.33,-16.3,2026-10-02
ACR09923,STU09923,90.72,78.36,80.85,0,78.3,-12.42,2026-10-02
ACR09924,STU09924,85.58,71.44,68.47,0,80.16,-5.42,2026-10-02
ACR09925,STU09925,65.58,56.35,58.33,0,56.88,-8.7,2026-10-02
ACR09926,STU09926,61.11,77.2,61.32,0,67.38,6.27,2026-10-02
ACR09927,STU09927,77.84,72.78,56.37,2,72.16,-5.68,2026-10-02
ACR09928,STU09928,68.88,67.87,69.78,0,57.15,-11.73,2026-10-02
ACR09929,STU09929,80.05,69.3,76.74,0,69.09,-10.96,2026-10-02
ACR09930,STU09930,97.87,88.3,74.67,0,87.55,-10.32,2026-10-02
ACR09931,STU09931,94.2,67.02,73.98,0,75.15,-19.05,2026-10-02
ACR09932,STU09932,75.63,85.21,80.89,0,72.0,-3.63,2026-10-02
ACR09933,STU09933,81.4,60.89,68.6,0,79.07,-2.33,2026-10-02
ACR09934,STU09934,57.8,59.35,41.97,0,57.06,-0.74,2026-10-02
ACR09935,STU09935,51.64,37.75,52.56,0,45.05,-6.59,2026-10-02
ACR09936,STU09936,44.94,41.5,42.05,0,44.34,-0.6,2026-10-02
ACR09937,STU09937,49.21,54.73,44.37,1,49.13,-0.08,2026-10-02
ACR09938,STU09938,63.76,50.48,50.51,2,44.93,-18.83,2026-10-02
ACR09939,STU09939,93.81,83.36,76.34,0,80.75,-13.06,2026-10-02
ACR09940,STU09940,83.92,87.2,58.59,0,67.82,-16.1,2026-10-02
ACR09941,STU09941,67.97,65.47,60.56,0,54.85,-13.12,2026-10-02
ACR09942,STU09942,54.8,58.86,57.32,0,47.78,-7.02,2026-10-02
ACR09943,STU09943,78.31,82.54,63.31,0,72.77,-5.54,2026-10-02
ACR09944,STU09944,92.59,79.7,96.89,0,77.05,-15.54,2026-10-02
ACR09945,STU09945,64.23,43.07,52.5,1,56.49,-7.74,2026-10-02
ACR09946,STU09946,84.78,80.17,79.09,0,91.49,6.71,2026-10-02
ACR09947,STU09947,100.0,90.9,79.82,0,83.85,-16.15,2026-10-02
ACR09948,STU09948,71.61,57.26,55.71,1,59.19,-12.42,2026-10-02
ACR09949,STU09949,56.87,63.23,59.7,0,49.14,-7.73,2026-10-02
ACR09950,STU09950,86.77,94.29,80.56,0,77.82,-8.95,2026-10-02
ACR09951,STU09951,82.63,69.69,72.37,0,63.6,-19.03,2026-10-02
ACR09952,STU09952,92.79,76.83,84.76,0,85.66,-7.13,2026-10-02
ACR09953,STU09953,80.06,80.44,77.39,0,72.34,-7.72,2026-10-02
ACR09954,STU09954,42.59,48.87,50.38,2,47.71,5.12,2026-10-02
ACR09955,STU09955,62.28,53.83,59.69,0,54.9,-7.38,2026-10-02
ACR09956,STU09956,89.4,91.0,78.31,0,96.52,7.12,2026-10-02
ACR09957,STU09957,65.67,55.75,67.99,0,60.12,-5.55,2026-10-02
ACR09958,STU09958,69.84,86.17,56.23,0,67.58,-2.26,2026-10-02
ACR09959,STU09959,78.66,51.56,62.12,0,64.22,-14.44,2026-10-02
ACR09960,STU09960,76.24,74.64,65.72,0,59.17,-17.07,2026-10-02
ACR09961,STU09961,48.33,44.69,30.72,2,39.56,-8.77,2026-10-02
ACR09962,STU09962,68.67,65.57,39.46,2,53.76,-14.91,2026-10-02
ACR09963,STU09963,83.87,92.41,77.09,0,80.71,-3.16,2026-10-02
ACR09964,STU09964,89.24,89.1,81.83,0,75.98,-13.26,2026-10-02
ACR09965,STU09965,76.88,68.38,55.54,0,63.24,-13.64,2026-10-02
ACR09966,STU09966,100.0,90.26,73.66,0,89.32,-10.68,2026-10-02
ACR09967,STU09967,86.82,86.93,80.67,0,75.6,-11.22,2026-10-02
ACR09968,STU09968,65.9,67.84,54.59,1,65.83,-0.07,2026-10-02
ACR09969,STU09969,81.66,64.59,72.79,0,77.47,-4.19,2026-10-02
ACR09970,STU09970,46.37,47.75,49.24,4,37.75,-8.62,2026-10-02
ACR09971,STU09971,86.52,82.06,81.96,0,75.66,-10.86,2026-10-02
ACR09972,STU09972,91.09,100.0,78.91,0,75.88,-15.21,2026-10-02
ACR09973,STU09973,62.11,75.45,62.63,0,55.93,-6.18,2026-10-02
ACR09974,STU09974,100.0,95.0,75.88,0,93.9,-6.1,2026-10-02
ACR09975,STU09975,93.8,89.22,80.58,0,94.63,0.83,2026-10-02
ACR09976,STU09976,84.88,87.72,84.88,0,78.66,-6.22,2026-10-02
ACR09977,STU09977,52.34,58.0,51.21,1,56.26,3.92,2026-10-02
ACR09978,STU09978,62.39,71.29,64.71,0,67.69,5.3,2026-10-02
ACR09979,STU09979,83.41,92.89,78.06,0,78.0,-5.41,2026-10-02
ACR09980,STU09980,89.64,78.84,93.79,0,85.61,-4.03,2026-10-02
ACR09981,STU09981,49.14,53.31,57.84,0,61.08,11.94,2026-10-02
ACR09982,STU09982,63.88,69.15,50.44,0,63.6,-0.28,2026-10-02
ACR09983,STU09983,67.92,67.68,67.46,0,65.83,-2.09,2026-10-02
ACR09984,STU09984,75.13,61.69,63.69,0,69.31,-5.82,2026-10-02
ACR09985,STU09985,48.25,67.17,49.44,0,50.67,2.42,2026-10-02
ACR09986,STU09986,100.0,100.0,100.0,0,100.0,0.0,2026-10-02
ACR09987,STU09987,99.13,79.16,82.14,0,86.65,-12.48,2026-10-02
ACR09988,STU09988,88.42,80.71,80.3,0,88.29,-0.13,2026-10-02
ACR09989,STU09989,50.32,40.08,37.84,3,32.14,-18.18,2026-10-02
ACR09990,STU09990,55.33,63.71,68.94,0,60.55,5.22,2026-10-02
ACR09991,STU09991,62.6,52.77,55.89,0,52.18,-10.42,2026-10-02
ACR09992,STU09992,64.46,55.23,51.05,0,51.29,-13.17,2026-10-02
ACR09993,STU09993,87.82,66.6,71.09,0,80.73,-7.09,2026-10-02
ACR09994,STU09994,97.41,72.53,78.96,0,82.58,-14.83,2026-10-02
ACR09995,STU09995,65.77,77.41,60.78,1,61.7,-4.07,2026-10-02
ACR09996,STU09996,90.45,68.32,66.3,0,72.71,-17.74,2026-10-02
ACR09997,STU09997,73.0,89.35,80.33,0,88.73,15.73,2026-10-02
ACR09998,STU09998,68.55,84.75,73.94,0,77.07,8.52,2026-10-02
ACR09999,STU09999,65.25,59.53,56.79,0,65.82,0.57,2026-10-02
ACR10000,STU10000,97.06,77.51,87.38,0,83.17,-13.89,2026-10-02
