engagement_id,student_id,study_hours_per_week,completed_assignments,assignment_completion_rate,missed_assignments,class_participation_rate,learning_platform_logins,record_date
ENG00001,STU00001,7.07,17,73.91,6,71.93,20,2026-10-02
ENG00002,STU00002,19.06,17,94.44,1,83.31,43,2026-10-02
ENG00003,STU00003,7.49,15,68.18,7,48.66,18,2026-10-02
ENG00004,STU00004,11.13,14,77.78,4,66.39,28,2026-10-02
ENG00005,STU00005,15.85,16,84.21,3,81.24,29,2026-10-02
ENG00006,STU00006,1.22,12,57.14,9,44.17,13,2026-10-02
ENG00007,STU00007,18.9,21,100.0,0,82.1,42,2026-10-02
ENG00008,STU00008,6.66,14,73.68,5,64.3,8,2026-10-02
ENG00009,STU00009,0,9,52.94,8,33.29,11,2026-10-02
ENG00010,STU00010,1.54,8,40.0,12,45.12,4,2026-10-02
ENG00011,STU00011,9.92,17,70.83,7,60.94,20,2026-10-02
ENG00012,STU00012,3.14,5,38.46,8,42.42,4,2026-10-02
ENG00013,STU00013,6.38,7,53.85,6,43.99,14,2026-10-02
ENG00014,STU00014,3.42,9,60.0,6,45.5,13,2026-10-02
ENG00015,STU00015,7.12,16,72.73,6,58.76,18,2026-10-02
ENG00016,STU00016,4.47,11,68.75,5,40.75,7,2026-10-02
ENG00017,STU00017,0,8,38.1,13,39.93,9,2026-10-02
ENG00018,STU00018,16.23,18,81.82,4,80.0,29,2026-10-02
ENG00019,STU00019,5.03,10,62.5,6,53.2,16,2026-10-02
ENG00020,STU00020,8.02,10,66.67,5,60.31,16,2026-10-02
ENG00021,STU00021,3.47,7,36.84,12,35.12,9,2026-10-02
ENG00022,STU00022,9.35,15,68.18,7,55.4,22,2026-10-02
ENG00023,STU00023,9.75,11,84.62,2,81.86,29,2026-10-02
ENG00024,STU00024,10.86,18,90.0,2,60.66,28,2026-10-02
ENG00025,STU00025,10.97,11,84.62,2,56.06,30,2026-10-02
ENG00026,STU00026,4.7,7,50.0,7,36.8,8,2026-10-02
ENG00027,STU00027,0.74,6,46.15,7,49.87,10,2026-10-02
ENG00028,STU00028,0.12,14,66.67,7,54.14,12,2026-10-02
ENG00029,STU00029,13.08,11,68.75,5,73.5,20,2026-10-02
ENG00030,STU00030,17.7,12,85.71,2,62.65,31,2026-10-02
ENG00031,STU00031,11.53,9,75.0,3,69.2,25,2026-10-02
ENG00032,STU00032,13.73,10,83.33,2,70.79,31,2026-10-02
ENG00033,STU00033,4.38,7,58.33,5,55.58,14,2026-10-02
ENG00034,STU00034,0,14,58.33,10,50.06,5,2026-10-02
ENG00035,STU00035,9.19,10,83.33,2,75.04,21,2026-10-02
ENG00036,STU00036,12.8,12,85.71,2,69.53,27,2026-10-02
ENG00037,STU00037,8.03,19,82.61,4,61.82,22,2026-10-02
ENG00038,STU00038,1.0,5,41.67,7,37.92,3,2026-10-02
ENG00039,STU00039,10.22,17,100.0,0,83.76,21,2026-10-02
ENG00040,STU00040,0.22,5,41.67,7,56.63,6,2026-10-02
ENG00041,STU00041,6.32,10,71.43,4,67.35,17,2026-10-02
ENG00042,STU00042,0.22,12,63.16,7,61.59,3,2026-10-02
ENG00043,STU00043,12.84,12,75.0,4,70.14,32,2026-10-02
ENG00044,STU00044,0,7,43.75,9,33.74,4,2026-10-02
ENG00045,STU00045,18.06,23,100.0,0,76.05,46,2026-10-02
ENG00046,STU00046,0,10,62.5,6,34.51,6,2026-10-02
ENG00047,STU00047,11.17,10,76.92,3,68.29,28,2026-10-02
ENG00048,STU00048,1.13,7,58.33,5,61.38,13,2026-10-02
ENG00049,STU00049,0,6,33.33,12,33.39,10,2026-10-02
ENG00050,STU00050,4.09,8,53.33,7,58.5,12,2026-10-02
ENG00051,STU00051,10.35,17,73.91,6,64.58,28,2026-10-02
ENG00052,STU00052,14.58,13,100.0,0,82.04,31,2026-10-02
ENG00053,STU00053,1.92,17,77.27,5,51.15,6,2026-10-02
ENG00054,STU00054,15.38,13,72.22,5,71.39,19,2026-10-02
ENG00055,STU00055,5.79,9,75.0,3,62.2,14,2026-10-02
ENG00056,STU00056,10.0,11,45.83,13,59.37,24,2026-10-02
ENG00057,STU00057,0,5,38.46,8,44.65,3,2026-10-02
ENG00058,STU00058,23.13,13,76.47,4,76.89,38,2026-10-02
ENG00059,STU00059,5.98,12,52.17,11,44.43,5,2026-10-02
ENG00060,STU00060,8.32,8,66.67,4,65.27,32,2026-10-02
ENG00061,STU00061,3.25,8,66.67,4,59.63,10,2026-10-02
ENG00062,STU00062,8.26,16,66.67,8,67.97,19,2026-10-02
ENG00063,STU00063,0,8,66.67,4,48.0,3,2026-10-02
ENG00064,STU00064,5.29,10,66.67,5,70.46,20,2026-10-02
ENG00065,STU00065,10.59,12,75.0,4,63.72,28,2026-10-02
ENG00066,STU00066,15.17,7,58.33,5,62.28,20,2026-10-02
ENG00067,STU00067,11.1,14,77.78,4,64.96,12,2026-10-02
ENG00068,STU00068,2.81,8,44.44,10,41.17,4,2026-10-02
ENG00069,STU00069,9.96,15,71.43,6,65.47,34,2026-10-02
ENG00070,STU00070,5.27,7,58.33,5,61.66,18,2026-10-02
ENG00071,STU00071,16.93,14,70.0,6,65.03,40,2026-10-02
ENG00072,STU00072,0,6,37.5,10,45.05,0,2026-10-02
ENG00073,STU00073,0,15,71.43,6,39.31,0,2026-10-02
ENG00074,STU00074,16.35,12,92.31,1,82.31,25,2026-10-02
ENG00075,STU00075,8.24,11,57.89,8,67.54,17,2026-10-02
ENG00076,STU00076,7.77,11,61.11,7,86.38,20,2026-10-02
ENG00077,STU00077,13.43,11,84.62,2,70.72,24,2026-10-02
ENG00078,STU00078,9.06,17,77.27,5,64.3,20,2026-10-02
ENG00079,STU00079,4.0,11,47.83,12,51.24,9,2026-10-02
ENG00080,STU00080,17.55,14,100.0,0,100.0,41,2026-10-02
ENG00081,STU00081,8.16,17,77.27,5,68.59,18,2026-10-02
ENG00082,STU00082,4.17,5,35.71,9,45.5,13,2026-10-02
ENG00083,STU00083,2.73,7,46.67,8,50.55,3,2026-10-02
ENG00084,STU00084,7.73,17,70.83,7,67.32,23,2026-10-02
ENG00085,STU00085,3.02,6,46.15,7,47.07,0,2026-10-02
ENG00086,STU00086,9.35,14,73.68,5,64.43,14,2026-10-02
ENG00087,STU00087,15.37,15,88.24,2,76.49,41,2026-10-02
ENG00088,STU00088,16.23,13,86.67,2,95.91,29,2026-10-02
ENG00089,STU00089,6.42,15,75.0,5,37.37,19,2026-10-02
ENG00090,STU00090,0.74,6,50.0,6,58.63,10,2026-10-02
ENG00091,STU00091,7.77,12,63.16,7,66.31,26,2026-10-02
ENG00092,STU00092,7.52,11,64.71,6,45.48,21,2026-10-02
ENG00093,STU00093,16.94,14,77.78,4,94.52,32,2026-10-02
ENG00094,STU00094,8.39,20,83.33,4,66.38,20,2026-10-02
ENG00095,STU00095,4.52,12,57.14,9,50.68,18,2026-10-02
ENG00096,STU00096,11.3,7,58.33,5,54.63,19,2026-10-02
ENG00097,STU00097,4.68,9,64.29,5,47.99,16,2026-10-02
ENG00098,STU00098,8.68,18,81.82,4,92.83,30,2026-10-02
ENG00099,STU00099,4.97,7,58.33,5,51.22,20,2026-10-02
ENG00100,STU00100,2.56,8,53.33,7,54.83,16,2026-10-02
ENG00101,STU00101,10.52,19,90.48,2,63.49,23,2026-10-02
ENG00102,STU00102,6.66,8,57.14,6,65.89,15,2026-10-02
ENG00103,STU00103,6.04,11,57.89,8,54.17,21,2026-10-02
ENG00104,STU00104,13.77,16,100.0,0,71.88,32,2026-10-02
ENG00105,STU00105,9.36,11,68.75,5,59.68,12,2026-10-02
ENG00106,STU00106,8.68,12,92.31,1,58.62,28,2026-10-02
ENG00107,STU00107,15.51,19,100.0,0,97.55,42,2026-10-02
ENG00108,STU00108,0,11,47.83,12,25.5,0,2026-10-02
ENG00109,STU00109,7.13,14,63.64,8,49.09,18,2026-10-02
ENG00110,STU00110,11.82,19,82.61,4,68.37,29,2026-10-02
ENG00111,STU00111,1.98,9,60.0,6,32.64,1,2026-10-02
ENG00112,STU00112,1.11,9,56.25,7,52.97,4,2026-10-02
ENG00113,STU00113,5.98,13,68.42,6,63.42,21,2026-10-02
ENG00114,STU00114,8.41,10,47.62,11,66.65,23,2026-10-02
ENG00115,STU00115,5.06,11,78.57,3,54.8,14,2026-10-02
ENG00116,STU00116,15.85,19,95.0,1,76.64,35,2026-10-02
ENG00117,STU00117,7.8,13,61.9,8,58.42,26,2026-10-02
ENG00118,STU00118,15.65,17,94.44,1,70.46,37,2026-10-02
ENG00119,STU00119,2.51,15,71.43,6,71.05,15,2026-10-02
ENG00120,STU00120,5.73,17,73.91,6,69.13,21,2026-10-02
ENG00121,STU00121,6.86,11,61.11,7,65.67,12,2026-10-02
ENG00122,STU00122,0,7,35.0,13,37.35,12,2026-10-02
ENG00123,STU00123,0,12,52.17,11,41.19,3,2026-10-02
ENG00124,STU00124,10.55,16,84.21,3,72.5,23,2026-10-02
ENG00125,STU00125,2.78,12,54.55,10,50.68,14,2026-10-02
ENG00126,STU00126,11.03,20,95.24,1,63.55,24,2026-10-02
ENG00127,STU00127,0,9,42.86,12,40.07,9,2026-10-02
ENG00128,STU00128,1.55,9,60.0,6,55.55,11,2026-10-02
ENG00129,STU00129,14.13,12,80.0,3,69.99,35,2026-10-02
ENG00130,STU00130,6.53,13,72.22,5,63.39,11,2026-10-02
ENG00131,STU00131,4.98,13,59.09,9,55.82,12,2026-10-02
ENG00132,STU00132,17.97,14,82.35,3,70.69,33,2026-10-02
ENG00133,STU00133,8.58,12,52.17,11,64.46,12,2026-10-02
ENG00134,STU00134,12.37,12,85.71,2,71.07,36,2026-10-02
ENG00135,STU00135,5.97,8,66.67,4,47.83,13,2026-10-02
ENG00136,STU00136,3.82,8,61.54,5,67.2,19,2026-10-02
ENG00137,STU00137,6.7,5,38.46,8,62.61,9,2026-10-02
ENG00138,STU00138,12.77,13,86.67,2,86.77,16,2026-10-02
ENG00139,STU00139,14.33,10,76.92,3,53.17,29,2026-10-02
ENG00140,STU00140,4.24,11,68.75,5,59.77,17,2026-10-02
ENG00141,STU00141,0,9,64.29,5,52.33,16,2026-10-02
ENG00142,STU00142,13.24,23,100.0,0,90.16,32,2026-10-02
ENG00143,STU00143,7.15,14,70.0,6,59.55,25,2026-10-02
ENG00144,STU00144,4.73,9,60.0,6,57.84,17,2026-10-02
ENG00145,STU00145,4.02,9,40.91,13,47.05,7,2026-10-02
ENG00146,STU00146,3.33,11,47.83,12,47.7,18,2026-10-02
ENG00147,STU00147,13.61,11,78.57,3,68.83,25,2026-10-02
ENG00148,STU00148,9.58,16,94.12,1,79.87,23,2026-10-02
ENG00149,STU00149,14.35,17,73.91,6,90.31,28,2026-10-02
ENG00150,STU00150,10.99,15,68.18,7,76.3,28,2026-10-02
ENG00151,STU00151,12.55,7,50.0,7,57.92,23,2026-10-02
ENG00152,STU00152,12.41,10,66.67,5,68.92,28,2026-10-02
ENG00153,STU00153,22.33,17,77.27,5,66.51,43,2026-10-02
ENG00154,STU00154,12.86,7,53.85,6,68.87,31,2026-10-02
ENG00155,STU00155,6.14,7,58.33,5,60.99,17,2026-10-02
ENG00156,STU00156,12.05,15,68.18,7,62.54,30,2026-10-02
ENG00157,STU00157,8.72,13,68.42,6,64.4,22,2026-10-02
ENG00158,STU00158,6.34,13,54.17,11,51.65,25,2026-10-02
ENG00159,STU00159,0.94,11,64.71,6,40.03,3,2026-10-02
ENG00160,STU00160,2.75,8,50.0,8,23.53,7,2026-10-02
ENG00161,STU00161,18.33,16,100.0,0,71.36,42,2026-10-02
ENG00162,STU00162,10.2,10,55.56,8,64.56,23,2026-10-02
ENG00163,STU00163,2.79,6,46.15,7,49.45,2,2026-10-02
ENG00164,STU00164,9.57,21,95.45,1,65.93,25,2026-10-02
ENG00165,STU00165,3.03,6,40.0,9,47.71,17,2026-10-02
ENG00166,STU00166,0,10,47.62,11,44.64,11,2026-10-02
ENG00167,STU00167,13.25,9,60.0,6,63.17,22,2026-10-02
ENG00168,STU00168,9.41,18,90.0,2,75.94,22,2026-10-02
ENG00169,STU00169,11.68,15,62.5,9,58.68,18,2026-10-02
ENG00170,STU00170,17.53,24,100.0,0,92.61,32,2026-10-02
ENG00171,STU00171,8.14,8,61.54,5,59.26,19,2026-10-02
ENG00172,STU00172,3.63,14,63.64,8,43.06,7,2026-10-02
ENG00173,STU00173,14.07,13,92.86,1,78.48,33,2026-10-02
ENG00174,STU00174,14.89,12,54.55,10,51.86,20,2026-10-02
ENG00175,STU00175,10.08,13,61.9,8,67.7,27,2026-10-02
ENG00176,STU00176,4.93,12,54.55,10,46.0,12,2026-10-02
ENG00177,STU00177,3.83,11,84.62,2,38.81,16,2026-10-02
ENG00178,STU00178,4.07,11,57.89,8,59.09,8,2026-10-02
ENG00179,STU00179,12.44,16,69.57,7,77.46,32,2026-10-02
ENG00180,STU00180,13.7,16,84.21,3,71.69,22,2026-10-02
ENG00181,STU00181,3.0,8,50.0,8,50.07,22,2026-10-02
ENG00182,STU00182,12.17,10,66.67,5,86.06,25,2026-10-02
ENG00183,STU00183,8.21,18,75.0,6,55.03,13,2026-10-02
ENG00184,STU00184,8.61,9,64.29,5,53.77,20,2026-10-02
ENG00185,STU00185,7.29,12,60.0,8,63.55,15,2026-10-02
ENG00186,STU00186,8.65,11,73.33,4,66.77,29,2026-10-02
ENG00187,STU00187,0.89,11,50.0,11,52.75,5,2026-10-02
ENG00188,STU00188,6.31,18,75.0,6,88.37,9,2026-10-02
ENG00189,STU00189,5.67,9,64.29,5,62.64,29,2026-10-02
ENG00190,STU00190,2.82,6,46.15,7,47.36,5,2026-10-02
ENG00191,STU00191,5.3,15,68.18,7,63.52,13,2026-10-02
ENG00192,STU00192,16.42,11,91.67,1,84.13,33,2026-10-02
ENG00193,STU00193,13.77,13,86.67,2,57.27,21,2026-10-02
ENG00194,STU00194,18.67,12,85.71,2,94.76,37,2026-10-02
ENG00195,STU00195,3.07,11,64.71,6,56.63,14,2026-10-02
ENG00196,STU00196,5.78,13,68.42,6,76.69,18,2026-10-02
ENG00197,STU00197,4.28,14,77.78,4,60.16,7,2026-10-02
ENG00198,STU00198,0.57,7,46.67,8,44.42,10,2026-10-02
ENG00199,STU00199,1.4,11,57.89,8,59.63,14,2026-10-02
ENG00200,STU00200,2.17,12,50.0,12,51.29,4,2026-10-02
ENG00201,STU00201,0.98,10,76.92,3,54.78,6,2026-10-02
ENG00202,STU00202,10.59,9,75.0,3,52.49,19,2026-10-02
ENG00203,STU00203,9.16,12,85.71,2,70.45,27,2026-10-02
ENG00204,STU00204,5.11,9,75.0,3,54.54,12,2026-10-02
ENG00205,STU00205,8.8,20,83.33,4,71.18,16,2026-10-02
ENG00206,STU00206,19.03,18,90.0,2,88.31,40,2026-10-02
ENG00207,STU00207,13.01,19,90.48,2,68.35,33,2026-10-02
ENG00208,STU00208,1.43,9,52.94,8,65.02,12,2026-10-02
ENG00209,STU00209,14.41,20,90.91,2,76.03,25,2026-10-02
ENG00210,STU00210,8.98,16,72.73,6,48.68,14,2026-10-02
ENG00211,STU00211,6.83,12,85.71,2,77.4,19,2026-10-02
ENG00212,STU00212,5.18,17,70.83,7,60.21,18,2026-10-02
ENG00213,STU00213,18.71,17,94.44,1,69.77,17,2026-10-02
ENG00214,STU00214,17.4,10,76.92,3,85.99,23,2026-10-02
ENG00215,STU00215,4.99,11,55.0,9,44.73,18,2026-10-02
ENG00216,STU00216,6.95,14,77.78,4,84.89,18,2026-10-02
ENG00217,STU00217,6.26,11,64.71,6,43.97,24,2026-10-02
ENG00218,STU00218,11.68,13,76.47,4,69.45,26,2026-10-02
ENG00219,STU00219,10.29,15,83.33,3,75.8,26,2026-10-02
ENG00220,STU00220,11.93,12,66.67,6,79.72,27,2026-10-02
ENG00221,STU00221,10.65,14,58.33,10,60.65,22,2026-10-02
ENG00222,STU00222,11.58,14,77.78,4,75.15,18,2026-10-02
ENG00223,STU00223,20.19,12,85.71,2,71.68,36,2026-10-02
ENG00224,STU00224,3.36,10,71.43,4,52.26,5,2026-10-02
ENG00225,STU00225,7.98,12,66.67,6,73.62,26,2026-10-02
ENG00226,STU00226,5.07,9,47.37,10,75.9,16,2026-10-02
ENG00227,STU00227,17.87,23,100.0,0,59.0,34,2026-10-02
ENG00228,STU00228,3.18,5,41.67,7,72.97,7,2026-10-02
ENG00229,STU00229,19.76,14,100.0,0,100.0,32,2026-10-02
ENG00230,STU00230,12.86,16,76.19,5,70.6,22,2026-10-02
ENG00231,STU00231,3.06,8,53.33,7,59.64,10,2026-10-02
ENG00232,STU00232,9.36,16,69.57,7,55.38,14,2026-10-02
ENG00233,STU00233,8.9,9,56.25,7,48.68,20,2026-10-02
ENG00234,STU00234,17.45,17,80.95,4,75.51,26,2026-10-02
ENG00235,STU00235,11.17,12,85.71,2,67.36,24,2026-10-02
ENG00236,STU00236,8.15,11,55.0,9,70.63,14,2026-10-02
ENG00237,STU00237,0,2,8.33,22,14.72,0,2026-10-02
ENG00238,STU00238,2.41,10,41.67,14,43.03,11,2026-10-02
ENG00239,STU00239,1.04,15,62.5,9,64.94,9,2026-10-02
ENG00240,STU00240,3.08,6,42.86,8,44.56,10,2026-10-02
ENG00241,STU00241,2.97,14,70.0,6,67.33,19,2026-10-02
ENG00242,STU00242,9.03,14,63.64,8,55.04,14,2026-10-02
ENG00243,STU00243,4.43,11,68.75,5,62.93,21,2026-10-02
ENG00244,STU00244,12.03,15,83.33,3,81.85,34,2026-10-02
ENG00245,STU00245,11.96,14,58.33,10,71.04,23,2026-10-02
ENG00246,STU00246,14.21,17,85.0,3,91.76,32,2026-10-02
ENG00247,STU00247,2.8,8,34.78,15,40.41,10,2026-10-02
ENG00248,STU00248,13.04,11,78.57,3,85.77,33,2026-10-02
ENG00249,STU00249,3.86,8,38.1,13,54.81,10,2026-10-02
ENG00250,STU00250,8.6,15,68.18,7,50.86,19,2026-10-02
ENG00251,STU00251,3.86,6,40.0,9,69.4,20,2026-10-02
ENG00252,STU00252,6.45,12,75.0,4,61.66,18,2026-10-02
ENG00253,STU00253,4.82,12,63.16,7,49.63,14,2026-10-02
ENG00254,STU00254,4.83,14,63.64,8,67.57,19,2026-10-02
ENG00255,STU00255,9.42,11,55.0,9,62.12,25,2026-10-02
ENG00256,STU00256,6.14,13,76.47,4,75.69,16,2026-10-02
ENG00257,STU00257,2.56,16,72.73,6,58.61,10,2026-10-02
ENG00258,STU00258,15.54,9,75.0,3,57.42,33,2026-10-02
ENG00259,STU00259,2.84,6,50.0,6,44.62,7,2026-10-02
ENG00260,STU00260,6.05,13,86.67,2,79.31,16,2026-10-02
ENG00261,STU00261,2.7,7,38.89,11,47.85,5,2026-10-02
ENG00262,STU00262,0,10,47.62,11,42.17,14,2026-10-02
ENG00263,STU00263,0,3,25.0,9,37.39,1,2026-10-02
ENG00264,STU00264,0.8,6,46.15,7,62.13,10,2026-10-02
ENG00265,STU00265,13.43,16,80.0,4,72.07,37,2026-10-02
ENG00266,STU00266,3.51,17,70.83,7,70.59,18,2026-10-02
ENG00267,STU00267,0,8,47.06,9,24.99,1,2026-10-02
ENG00268,STU00268,16.48,16,88.89,2,70.64,28,2026-10-02
ENG00269,STU00269,0,10,55.56,8,53.58,7,2026-10-02
ENG00270,STU00270,3.85,15,62.5,9,46.94,8,2026-10-02
ENG00271,STU00271,3.33,11,64.71,6,46.88,16,2026-10-02
ENG00272,STU00272,14.95,12,100.0,0,75.06,38,2026-10-02
ENG00273,STU00273,6.06,15,78.95,4,63.65,17,2026-10-02
ENG00274,STU00274,4.74,10,62.5,6,60.13,11,2026-10-02
ENG00275,STU00275,0,12,52.17,11,57.54,12,2026-10-02
ENG00276,STU00276,8.48,9,60.0,6,54.11,18,2026-10-02
ENG00277,STU00277,12.32,8,57.14,6,61.12,31,2026-10-02
ENG00278,STU00278,11.0,14,87.5,2,59.62,19,2026-10-02
ENG00279,STU00279,7.88,18,78.26,5,66.08,21,2026-10-02
ENG00280,STU00280,14.22,14,63.64,8,65.57,33,2026-10-02
ENG00281,STU00281,5.61,13,72.22,5,65.93,22,2026-10-02
ENG00282,STU00282,6.69,7,46.67,8,75.51,8,2026-10-02
ENG00283,STU00283,2.25,7,35.0,13,48.66,8,2026-10-02
ENG00284,STU00284,16.63,17,70.83,7,71.3,32,2026-10-02
ENG00285,STU00285,5.98,12,80.0,3,57.31,14,2026-10-02
ENG00286,STU00286,2.29,8,44.44,10,37.81,0,2026-10-02
ENG00287,STU00287,5.16,8,61.54,5,66.6,4,2026-10-02
ENG00288,STU00288,10.7,14,70.0,6,71.77,34,2026-10-02
ENG00289,STU00289,12.77,9,75.0,3,74.36,25,2026-10-02
ENG00290,STU00290,7.69,10,66.67,5,60.29,11,2026-10-02
ENG00291,STU00291,7.58,7,58.33,5,54.5,22,2026-10-02
ENG00292,STU00292,12.4,11,61.11,7,67.94,28,2026-10-02
ENG00293,STU00293,10.8,10,76.92,3,67.26,22,2026-10-02
ENG00294,STU00294,3.83,8,50.0,8,52.44,4,2026-10-02
ENG00295,STU00295,2.06,9,56.25,7,32.38,13,2026-10-02
ENG00296,STU00296,15.73,13,92.86,1,70.69,39,2026-10-02
ENG00297,STU00297,11.78,14,58.33,10,68.53,14,2026-10-02
ENG00298,STU00298,13.11,12,92.31,1,65.21,29,2026-10-02
ENG00299,STU00299,14.07,12,100.0,0,80.18,33,2026-10-02
ENG00300,STU00300,0.67,9,50.0,9,61.06,8,2026-10-02
ENG00301,STU00301,3.39,11,64.71,6,53.07,10,2026-10-02
ENG00302,STU00302,7.88,15,71.43,6,60.94,9,2026-10-02
ENG00303,STU00303,10.98,17,85.0,3,73.01,31,2026-10-02
ENG00304,STU00304,0.02,13,68.42,6,48.53,11,2026-10-02
ENG00305,STU00305,10.44,8,66.67,4,70.04,30,2026-10-02
ENG00306,STU00306,7.83,13,76.47,4,72.65,18,2026-10-02
ENG00307,STU00307,7.49,12,75.0,4,71.26,27,2026-10-02
ENG00308,STU00308,3.74,11,61.11,7,57.61,14,2026-10-02
ENG00309,STU00309,9.55,16,66.67,8,51.65,21,2026-10-02
ENG00310,STU00310,11.61,15,83.33,3,76.08,21,2026-10-02
ENG00311,STU00311,15.11,18,85.71,3,80.23,34,2026-10-02
ENG00312,STU00312,21.43,20,86.96,3,88.9,42,2026-10-02
ENG00313,STU00313,9.4,13,65.0,7,62.43,18,2026-10-02
ENG00314,STU00314,4.01,7,53.85,6,51.3,13,2026-10-02
ENG00315,STU00315,7.32,9,69.23,4,35.52,14,2026-10-02
ENG00316,STU00316,9.22,10,55.56,8,70.17,10,2026-10-02
ENG00317,STU00317,9.63,17,73.91,6,63.58,30,2026-10-02
ENG00318,STU00318,0,11,68.75,5,49.78,7,2026-10-02
ENG00319,STU00319,13.73,14,93.33,1,79.28,25,2026-10-02
ENG00320,STU00320,0,8,47.06,9,36.33,8,2026-10-02
ENG00321,STU00321,17.34,14,100.0,0,87.3,38,2026-10-02
ENG00322,STU00322,6.91,12,75.0,4,75.87,22,2026-10-02
ENG00323,STU00323,0,7,41.18,10,36.56,6,2026-10-02
ENG00324,STU00324,6.67,9,52.94,8,49.24,13,2026-10-02
ENG00325,STU00325,2.76,8,53.33,7,48.28,7,2026-10-02
ENG00326,STU00326,24.29,15,100.0,0,100.0,41,2026-10-02
ENG00327,STU00327,3.21,9,60.0,6,43.72,11,2026-10-02
ENG00328,STU00328,12.25,15,75.0,5,71.49,28,2026-10-02
ENG00329,STU00329,6.47,18,75.0,6,59.5,14,2026-10-02
ENG00330,STU00330,0,9,64.29,5,40.26,5,2026-10-02
ENG00331,STU00331,0,8,53.33,7,36.82,0,2026-10-02
ENG00332,STU00332,5.51,12,70.59,5,64.66,25,2026-10-02
ENG00333,STU00333,7.38,14,63.64,8,78.5,26,2026-10-02
ENG00334,STU00334,6.75,9,60.0,6,67.28,16,2026-10-02
ENG00335,STU00335,3.41,12,54.55,10,33.21,11,2026-10-02
ENG00336,STU00336,1.08,5,38.46,8,34.17,7,2026-10-02
ENG00337,STU00337,2.16,13,72.22,5,51.95,15,2026-10-02
ENG00338,STU00338,15.52,13,76.47,4,53.28,24,2026-10-02
ENG00339,STU00339,10.59,12,70.59,5,67.44,26,2026-10-02
ENG00340,STU00340,3.17,11,68.75,5,68.39,10,2026-10-02
ENG00341,STU00341,8.73,13,61.9,8,71.5,18,2026-10-02
ENG00342,STU00342,11.54,17,85.0,3,71.42,33,2026-10-02
ENG00343,STU00343,12.01,21,87.5,3,56.55,28,2026-10-02
ENG00344,STU00344,7.18,15,68.18,7,50.83,10,2026-10-02
ENG00345,STU00345,0.82,7,43.75,9,27.07,8,2026-10-02
ENG00346,STU00346,0,6,46.15,7,34.25,0,2026-10-02
ENG00347,STU00347,0,9,60.0,6,18.36,3,2026-10-02
ENG00348,STU00348,9.35,9,69.23,4,58.48,22,2026-10-02
ENG00349,STU00349,5.53,10,71.43,4,76.94,12,2026-10-02
ENG00350,STU00350,11.78,9,69.23,4,46.73,26,2026-10-02
ENG00351,STU00351,10.08,16,76.19,5,51.08,19,2026-10-02
ENG00352,STU00352,11.85,11,78.57,3,64.81,37,2026-10-02
ENG00353,STU00353,13.73,14,60.87,9,53.86,29,2026-10-02
ENG00354,STU00354,0.74,5,41.67,7,32.35,10,2026-10-02
ENG00355,STU00355,13.37,16,80.0,4,83.37,22,2026-10-02
ENG00356,STU00356,25.3,20,100.0,0,100.0,52,2026-10-02
ENG00357,STU00357,3.62,13,65.0,7,54.09,8,2026-10-02
ENG00358,STU00358,1.93,13,54.17,11,47.51,18,2026-10-02
ENG00359,STU00359,2.54,8,34.78,15,38.0,7,2026-10-02
ENG00360,STU00360,11.12,15,88.24,2,72.11,29,2026-10-02
ENG00361,STU00361,8.02,18,75.0,6,67.88,19,2026-10-02
ENG00362,STU00362,13.46,10,76.92,3,59.41,28,2026-10-02
ENG00363,STU00363,5.26,9,60.0,6,35.05,4,2026-10-02
ENG00364,STU00364,5.63,10,66.67,5,45.37,17,2026-10-02
ENG00365,STU00365,22.82,21,95.45,1,80.78,37,2026-10-02
ENG00366,STU00366,13.05,6,42.86,8,50.98,20,2026-10-02
ENG00367,STU00367,7.57,10,62.5,6,58.24,18,2026-10-02
ENG00368,STU00368,15.27,16,84.21,3,71.72,44,2026-10-02
ENG00369,STU00369,1.61,9,60.0,6,45.44,5,2026-10-02
ENG00370,STU00370,15.59,11,91.67,1,82.45,33,2026-10-02
ENG00371,STU00371,8.68,9,60.0,6,44.64,13,2026-10-02
ENG00372,STU00372,13.11,13,92.86,1,71.27,33,2026-10-02
ENG00373,STU00373,12.43,7,58.33,5,56.24,21,2026-10-02
ENG00374,STU00374,16.95,16,100.0,0,86.76,35,2026-10-02
ENG00375,STU00375,6.95,7,53.85,6,65.15,6,2026-10-02
ENG00376,STU00376,3.37,13,72.22,5,54.41,17,2026-10-02
ENG00377,STU00377,5.57,9,52.94,8,47.64,10,2026-10-02
ENG00378,STU00378,2.02,14,66.67,7,44.23,11,2026-10-02
ENG00379,STU00379,12.48,10,71.43,4,77.21,20,2026-10-02
ENG00380,STU00380,0,13,59.09,9,37.34,16,2026-10-02
ENG00381,STU00381,9.69,11,78.57,3,78.67,13,2026-10-02
ENG00382,STU00382,0,12,70.59,5,65.22,4,2026-10-02
ENG00383,STU00383,7.9,14,60.87,9,64.89,16,2026-10-02
ENG00384,STU00384,11.01,13,56.52,10,71.09,21,2026-10-02
ENG00385,STU00385,1.26,9,64.29,5,56.67,13,2026-10-02
ENG00386,STU00386,9.59,12,75.0,4,77.91,14,2026-10-02
ENG00387,STU00387,0,9,39.13,14,50.11,10,2026-10-02
ENG00388,STU00388,3.87,10,66.67,5,45.2,17,2026-10-02
ENG00389,STU00389,10.79,11,64.71,6,75.21,24,2026-10-02
ENG00390,STU00390,5.8,8,40.0,12,49.39,4,2026-10-02
ENG00391,STU00391,10.0,16,94.12,1,83.86,19,2026-10-02
ENG00392,STU00392,1.75,10,71.43,4,40.11,9,2026-10-02
ENG00393,STU00393,17.93,21,87.5,3,68.56,38,2026-10-02
ENG00394,STU00394,12.42,9,60.0,6,44.78,15,2026-10-02
ENG00395,STU00395,0,11,52.38,10,54.89,9,2026-10-02
ENG00396,STU00396,5.28,11,64.71,6,42.0,12,2026-10-02
ENG00397,STU00397,10.13,13,65.0,7,39.12,22,2026-10-02
ENG00398,STU00398,4.49,9,56.25,7,65.16,23,2026-10-02
ENG00399,STU00399,9.94,12,60.0,8,54.47,28,2026-10-02
ENG00400,STU00400,21.02,19,100.0,0,83.06,38,2026-10-02
ENG00401,STU00401,0,5,41.67,7,33.47,10,2026-10-02
ENG00402,STU00402,10.09,13,86.67,2,76.72,30,2026-10-02
ENG00403,STU00403,1.98,8,50.0,8,62.26,16,2026-10-02
ENG00404,STU00404,7.61,20,83.33,4,81.98,13,2026-10-02
ENG00405,STU00405,6.11,12,52.17,11,67.73,17,2026-10-02
ENG00406,STU00406,11.14,10,62.5,6,62.71,14,2026-10-02
ENG00407,STU00407,3.16,8,66.67,4,68.64,6,2026-10-02
ENG00408,STU00408,19.97,13,92.86,1,70.96,39,2026-10-02
ENG00409,STU00409,9.72,16,94.12,1,73.8,25,2026-10-02
ENG00410,STU00410,4.03,11,68.75,5,62.16,19,2026-10-02
ENG00411,STU00411,12.11,19,95.0,1,77.59,32,2026-10-02
ENG00412,STU00412,3.55,6,50.0,6,29.34,13,2026-10-02
ENG00413,STU00413,7.25,14,77.78,4,54.8,21,2026-10-02
ENG00414,STU00414,8.58,12,80.0,3,69.08,28,2026-10-02
ENG00415,STU00415,12.14,11,64.71,6,49.62,34,2026-10-02
ENG00416,STU00416,11.8,14,93.33,1,75.35,34,2026-10-02
ENG00417,STU00417,3.14,11,47.83,12,31.89,6,2026-10-02
ENG00418,STU00418,2.43,10,76.92,3,58.01,1,2026-10-02
ENG00419,STU00419,8.4,11,61.11,7,54.05,26,2026-10-02
ENG00420,STU00420,0,7,38.89,11,43.0,4,2026-10-02
ENG00421,STU00421,9.36,19,86.36,3,71.96,22,2026-10-02
ENG00422,STU00422,2.68,8,61.54,5,48.6,9,2026-10-02
ENG00423,STU00423,3.19,8,47.06,9,40.82,8,2026-10-02
ENG00424,STU00424,13.86,10,76.92,3,73.97,26,2026-10-02
ENG00425,STU00425,11.71,9,69.23,4,74.85,25,2026-10-02
ENG00426,STU00426,9.27,11,78.57,3,69.9,29,2026-10-02
ENG00427,STU00427,9.61,12,85.71,2,50.82,21,2026-10-02
ENG00428,STU00428,9.29,12,63.16,7,72.42,19,2026-10-02
ENG00429,STU00429,0,6,37.5,10,30.15,5,2026-10-02
ENG00430,STU00430,5.28,14,63.64,8,58.04,10,2026-10-02
ENG00431,STU00431,7.04,15,68.18,7,56.57,13,2026-10-02
ENG00432,STU00432,9.22,16,80.0,4,54.57,25,2026-10-02
ENG00433,STU00433,9.18,11,61.11,7,54.21,29,2026-10-02
ENG00434,STU00434,14.27,12,80.0,3,55.39,23,2026-10-02
ENG00435,STU00435,9.9,11,73.33,4,78.41,28,2026-10-02
ENG00436,STU00436,9.24,14,63.64,8,65.32,19,2026-10-02
ENG00437,STU00437,2.33,11,45.83,13,62.79,7,2026-10-02
ENG00438,STU00438,0,8,42.11,11,43.55,7,2026-10-02
ENG00439,STU00439,7.76,8,57.14,6,63.0,19,2026-10-02
ENG00440,STU00440,18.54,14,100.0,0,100.0,45,2026-10-02
ENG00441,STU00441,2.79,11,47.83,12,54.78,0,2026-10-02
ENG00442,STU00442,2.58,6,42.86,8,49.83,13,2026-10-02
ENG00443,STU00443,9.87,10,71.43,4,63.34,29,2026-10-02
ENG00444,STU00444,5.44,9,69.23,4,64.46,13,2026-10-02
ENG00445,STU00445,3.04,7,41.18,10,35.61,7,2026-10-02
ENG00446,STU00446,12.71,15,62.5,9,59.01,21,2026-10-02
ENG00447,STU00447,14.51,20,100.0,0,97.3,31,2026-10-02
ENG00448,STU00448,11.39,10,62.5,6,68.18,20,2026-10-02
ENG00449,STU00449,12.56,20,83.33,4,78.15,15,2026-10-02
ENG00450,STU00450,5.06,11,52.38,10,64.68,13,2026-10-02
ENG00451,STU00451,15.23,11,73.33,4,88.11,26,2026-10-02
ENG00452,STU00452,8.76,13,56.52,10,61.43,27,2026-10-02
ENG00453,STU00453,1.35,12,52.17,11,43.91,0,2026-10-02
ENG00454,STU00454,6.7,13,61.9,8,73.32,14,2026-10-02
ENG00455,STU00455,11.48,17,70.83,7,51.09,24,2026-10-02
ENG00456,STU00456,5.5,8,61.54,5,40.33,12,2026-10-02
ENG00457,STU00457,10.4,7,46.67,8,67.43,21,2026-10-02
ENG00458,STU00458,14.72,10,83.33,2,69.16,35,2026-10-02
ENG00459,STU00459,0,7,58.33,5,53.92,6,2026-10-02
ENG00460,STU00460,17.89,21,91.3,2,72.29,33,2026-10-02
ENG00461,STU00461,21.65,12,92.31,1,68.6,39,2026-10-02
ENG00462,STU00462,9.93,15,68.18,7,61.08,27,2026-10-02
ENG00463,STU00463,1.73,8,53.33,7,52.12,1,2026-10-02
ENG00464,STU00464,3.16,10,50.0,10,40.24,13,2026-10-02
ENG00465,STU00465,4.13,12,63.16,7,50.34,12,2026-10-02
ENG00466,STU00466,14.19,16,80.0,4,55.17,24,2026-10-02
ENG00467,STU00467,11.74,13,72.22,5,70.24,33,2026-10-02
ENG00468,STU00468,5.17,12,63.16,7,52.55,15,2026-10-02
ENG00469,STU00469,17.44,16,88.89,2,80.24,27,2026-10-02
ENG00470,STU00470,4.29,8,44.44,10,38.5,3,2026-10-02
ENG00471,STU00471,8.44,11,78.57,3,68.68,28,2026-10-02
ENG00472,STU00472,16.66,14,87.5,2,65.86,40,2026-10-02
ENG00473,STU00473,18.91,16,80.0,4,76.1,30,2026-10-02
ENG00474,STU00474,9.41,18,81.82,4,70.43,38,2026-10-02
ENG00475,STU00475,0,8,50.0,8,34.35,1,2026-10-02
ENG00476,STU00476,10.12,8,66.67,4,76.03,20,2026-10-02
ENG00477,STU00477,10.55,15,93.75,1,76.83,19,2026-10-02
ENG00478,STU00478,17.74,14,93.33,1,69.83,39,2026-10-02
ENG00479,STU00479,19.18,13,92.86,1,76.88,42,2026-10-02
ENG00480,STU00480,5.62,11,50.0,11,56.19,11,2026-10-02
ENG00481,STU00481,10.9,7,58.33,5,67.64,26,2026-10-02
ENG00482,STU00482,0.45,9,42.86,12,47.37,0,2026-10-02
ENG00483,STU00483,4.13,13,59.09,9,39.8,16,2026-10-02
ENG00484,STU00484,1.53,10,71.43,4,41.9,17,2026-10-02
ENG00485,STU00485,7.15,9,64.29,5,55.98,12,2026-10-02
ENG00486,STU00486,14.6,12,66.67,6,66.88,30,2026-10-02
ENG00487,STU00487,1.13,8,61.54,5,39.33,4,2026-10-02
ENG00488,STU00488,7.25,6,50.0,6,48.44,14,2026-10-02
ENG00489,STU00489,5.32,14,58.33,10,60.93,15,2026-10-02
ENG00490,STU00490,10.07,15,100.0,0,81.19,26,2026-10-02
ENG00491,STU00491,7.26,15,83.33,3,48.37,13,2026-10-02
ENG00492,STU00492,0,3,23.08,10,53.73,0,2026-10-02
ENG00493,STU00493,18.56,11,73.33,4,59.43,38,2026-10-02
ENG00494,STU00494,11.97,21,91.3,2,89.76,32,2026-10-02
ENG00495,STU00495,5.78,8,57.14,6,49.24,15,2026-10-02
ENG00496,STU00496,6.09,12,50.0,12,47.56,9,2026-10-02
ENG00497,STU00497,3.55,12,63.16,7,67.06,13,2026-10-02
ENG00498,STU00498,17.71,14,82.35,3,82.22,36,2026-10-02
ENG00499,STU00499,4.52,13,76.47,4,62.51,17,2026-10-02
ENG00500,STU00500,0,10,62.5,6,45.31,4,2026-10-02
ENG00501,STU00501,2.71,9,60.0,6,64.15,10,2026-10-02
ENG00502,STU00502,5.51,7,58.33,5,54.55,13,2026-10-02
ENG00503,STU00503,19.02,19,82.61,4,85.5,39,2026-10-02
ENG00504,STU00504,8.47,15,65.22,8,64.14,18,2026-10-02
ENG00505,STU00505,5.82,14,77.78,4,55.89,18,2026-10-02
ENG00506,STU00506,0,4,21.05,15,26.2,9,2026-10-02
ENG00507,STU00507,0,5,21.74,18,40.55,0,2026-10-02
ENG00508,STU00508,3.87,8,61.54,5,59.74,13,2026-10-02
ENG00509,STU00509,6.67,8,61.54,5,71.78,21,2026-10-02
ENG00510,STU00510,3.9,13,61.9,8,62.87,17,2026-10-02
ENG00511,STU00511,17.3,12,80.0,3,90.84,43,2026-10-02
ENG00512,STU00512,14.25,11,64.71,6,85.73,40,2026-10-02
ENG00513,STU00513,6.61,11,55.0,9,53.64,12,2026-10-02
ENG00514,STU00514,11.09,16,69.57,7,69.81,33,2026-10-02
ENG00515,STU00515,8.23,17,70.83,7,42.74,14,2026-10-02
ENG00516,STU00516,3.02,7,58.33,5,50.14,8,2026-10-02
ENG00517,STU00517,10.83,17,73.91,6,78.66,27,2026-10-02
ENG00518,STU00518,15.24,15,62.5,9,77.25,22,2026-10-02
ENG00519,STU00519,8.91,12,92.31,1,74.32,29,2026-10-02
ENG00520,STU00520,12.46,16,72.73,6,66.17,22,2026-10-02
ENG00521,STU00521,0,7,53.85,6,31.98,2,2026-10-02
ENG00522,STU00522,5.49,15,75.0,5,74.85,23,2026-10-02
ENG00523,STU00523,0,10,52.63,9,48.42,11,2026-10-02
ENG00524,STU00524,8.71,11,61.11,7,63.96,12,2026-10-02
ENG00525,STU00525,11.49,9,75.0,3,72.74,25,2026-10-02
ENG00526,STU00526,10.44,19,90.48,2,69.95,30,2026-10-02
ENG00527,STU00527,10.23,17,77.27,5,66.6,22,2026-10-02
ENG00528,STU00528,15.77,11,73.33,4,75.97,30,2026-10-02
ENG00529,STU00529,0,9,42.86,12,28.31,11,2026-10-02
ENG00530,STU00530,17.43,10,83.33,2,86.85,41,2026-10-02
ENG00531,STU00531,19.36,18,85.71,3,78.66,41,2026-10-02
ENG00532,STU00532,1.43,9,64.29,5,71.28,12,2026-10-02
ENG00533,STU00533,12.51,12,100.0,0,62.24,32,2026-10-02
ENG00534,STU00534,11.1,15,83.33,3,68.64,21,2026-10-02
ENG00535,STU00535,10.22,13,86.67,2,50.44,27,2026-10-02
ENG00536,STU00536,11.51,9,64.29,5,61.85,25,2026-10-02
ENG00537,STU00537,0,7,46.67,8,51.65,9,2026-10-02
ENG00538,STU00538,2.4,14,58.33,10,44.19,4,2026-10-02
ENG00539,STU00539,8.17,8,57.14,6,51.15,26,2026-10-02
ENG00540,STU00540,6.14,9,75.0,3,54.73,5,2026-10-02
ENG00541,STU00541,0,8,36.36,14,30.98,14,2026-10-02
ENG00542,STU00542,0,6,46.15,7,52.62,9,2026-10-02
ENG00543,STU00543,4.92,12,70.59,5,60.6,13,2026-10-02
ENG00544,STU00544,11.12,10,66.67,5,59.14,28,2026-10-02
ENG00545,STU00545,8.06,9,60.0,6,49.28,20,2026-10-02
ENG00546,STU00546,0,8,40.0,12,38.14,0,2026-10-02
ENG00547,STU00547,7.74,7,53.85,6,67.76,17,2026-10-02
ENG00548,STU00548,10.51,18,75.0,6,65.76,26,2026-10-02
ENG00549,STU00549,2.68,8,50.0,8,67.54,12,2026-10-02
ENG00550,STU00550,16.38,11,78.57,3,75.47,24,2026-10-02
ENG00551,STU00551,8.27,11,55.0,9,62.24,13,2026-10-02
ENG00552,STU00552,1.86,10,58.82,7,34.66,6,2026-10-02
ENG00553,STU00553,7.23,6,40.0,9,47.01,17,2026-10-02
ENG00554,STU00554,7.52,12,75.0,4,50.16,24,2026-10-02
ENG00555,STU00555,12.85,15,68.18,7,87.63,25,2026-10-02
ENG00556,STU00556,10.52,17,85.0,3,73.38,28,2026-10-02
ENG00557,STU00557,9.96,14,73.68,5,64.8,24,2026-10-02
ENG00558,STU00558,0,7,50.0,7,49.24,11,2026-10-02
ENG00559,STU00559,0.65,7,50.0,7,69.81,7,2026-10-02
ENG00560,STU00560,10.66,12,80.0,3,70.42,20,2026-10-02
ENG00561,STU00561,8.73,12,60.0,8,58.97,14,2026-10-02
ENG00562,STU00562,0,5,31.25,11,47.46,12,2026-10-02
ENG00563,STU00563,10.15,14,66.67,7,61.47,21,2026-10-02
ENG00564,STU00564,3.97,6,40.0,9,37.92,18,2026-10-02
ENG00565,STU00565,3.13,9,45.0,11,57.15,1,2026-10-02
ENG00566,STU00566,2.77,8,66.67,4,65.55,7,2026-10-02
ENG00567,STU00567,7.21,15,65.22,8,58.96,18,2026-10-02
ENG00568,STU00568,8.62,10,55.56,8,52.9,19,2026-10-02
ENG00569,STU00569,5.98,10,58.82,7,62.74,20,2026-10-02
ENG00570,STU00570,0,8,47.06,9,43.32,17,2026-10-02
ENG00571,STU00571,1.54,11,57.89,8,47.69,11,2026-10-02
ENG00572,STU00572,3.48,12,60.0,8,32.67,14,2026-10-02
ENG00573,STU00573,11.35,9,64.29,5,72.08,23,2026-10-02
ENG00574,STU00574,15.28,17,94.44,1,72.17,28,2026-10-02
ENG00575,STU00575,0.38,8,44.44,10,40.01,0,2026-10-02
ENG00576,STU00576,12.65,16,69.57,7,69.74,31,2026-10-02
ENG00577,STU00577,5.07,9,56.25,7,51.34,7,2026-10-02
ENG00578,STU00578,16.23,15,88.24,2,61.44,29,2026-10-02
ENG00579,STU00579,0.75,6,46.15,7,26.62,1,2026-10-02
ENG00580,STU00580,14.22,14,82.35,3,70.65,35,2026-10-02
ENG00581,STU00581,2.49,7,43.75,9,42.24,3,2026-10-02
ENG00582,STU00582,2.02,12,63.16,7,44.46,11,2026-10-02
ENG00583,STU00583,2.77,11,55.0,9,53.58,4,2026-10-02
ENG00584,STU00584,15.29,19,82.61,4,76.61,37,2026-10-02
ENG00585,STU00585,4.45,12,63.16,7,53.99,11,2026-10-02
ENG00586,STU00586,7.26,8,53.33,7,42.98,20,2026-10-02
ENG00587,STU00587,6.52,11,55.0,9,61.12,20,2026-10-02
ENG00588,STU00588,13.29,13,81.25,3,74.68,28,2026-10-02
ENG00589,STU00589,7.49,13,54.17,11,52.37,12,2026-10-02
ENG00590,STU00590,0,9,40.91,13,33.07,15,2026-10-02
ENG00591,STU00591,4.5,11,57.89,8,61.14,19,2026-10-02
ENG00592,STU00592,6.41,8,66.67,4,63.01,24,2026-10-02
ENG00593,STU00593,6.35,10,47.62,11,62.84,16,2026-10-02
ENG00594,STU00594,6.06,13,68.42,6,78.49,13,2026-10-02
ENG00595,STU00595,8.81,10,47.62,11,67.41,14,2026-10-02
ENG00596,STU00596,0,5,26.32,14,21.73,0,2026-10-02
ENG00597,STU00597,7.01,11,68.75,5,46.67,19,2026-10-02
ENG00598,STU00598,11.13,14,87.5,2,91.79,20,2026-10-02
ENG00599,STU00599,7.66,13,59.09,9,43.44,18,2026-10-02
ENG00600,STU00600,1.09,8,57.14,6,39.04,3,2026-10-02
ENG00601,STU00601,0,5,35.71,9,25.76,14,2026-10-02
ENG00602,STU00602,8.15,10,55.56,8,70.14,12,2026-10-02
ENG00603,STU00603,17.97,17,94.44,1,93.01,46,2026-10-02
ENG00604,STU00604,9.37,13,65.0,7,57.33,13,2026-10-02
ENG00605,STU00605,13.42,18,85.71,3,89.55,32,2026-10-02
ENG00606,STU00606,10.86,13,59.09,9,71.38,24,2026-10-02
ENG00607,STU00607,15.57,11,91.67,1,75.05,47,2026-10-02
ENG00608,STU00608,5.37,10,55.56,8,47.6,19,2026-10-02
ENG00609,STU00609,7.2,14,60.87,9,65.55,23,2026-10-02
ENG00610,STU00610,10.17,10,62.5,6,63.37,32,2026-10-02
ENG00611,STU00611,16.65,10,83.33,2,86.2,30,2026-10-02
ENG00612,STU00612,6.46,12,66.67,6,65.8,23,2026-10-02
ENG00613,STU00613,4.88,12,80.0,3,41.18,24,2026-10-02
ENG00614,STU00614,7.54,15,75.0,5,57.95,14,2026-10-02
ENG00615,STU00615,2.76,4,33.33,8,44.96,1,2026-10-02
ENG00616,STU00616,13.17,11,61.11,7,54.73,24,2026-10-02
ENG00617,STU00617,8.69,12,70.59,5,69.78,23,2026-10-02
ENG00618,STU00618,7.86,14,70.0,6,63.77,19,2026-10-02
ENG00619,STU00619,17.31,15,93.75,1,77.55,34,2026-10-02
ENG00620,STU00620,3.89,8,53.33,7,46.3,2,2026-10-02
ENG00621,STU00621,1.6,8,50.0,8,38.0,15,2026-10-02
ENG00622,STU00622,8.38,10,45.45,12,64.34,22,2026-10-02
ENG00623,STU00623,12.65,19,90.48,2,87.91,20,2026-10-02
ENG00624,STU00624,7.51,11,91.67,1,49.48,17,2026-10-02
ENG00625,STU00625,16.86,12,80.0,3,63.79,39,2026-10-02
ENG00626,STU00626,13.55,10,83.33,2,73.03,28,2026-10-02
ENG00627,STU00627,7.22,13,68.42,6,53.21,15,2026-10-02
ENG00628,STU00628,10.74,14,66.67,7,51.22,20,2026-10-02
ENG00629,STU00629,7.0,11,73.33,4,43.05,17,2026-10-02
ENG00630,STU00630,5.7,12,75.0,4,66.2,9,2026-10-02
ENG00631,STU00631,0,11,55.0,9,54.13,15,2026-10-02
ENG00632,STU00632,0.44,8,57.14,6,32.13,5,2026-10-02
ENG00633,STU00633,3.31,13,72.22,5,77.47,14,2026-10-02
ENG00634,STU00634,12.88,13,68.42,6,64.46,29,2026-10-02
ENG00635,STU00635,12.82,14,66.67,7,59.0,21,2026-10-02
ENG00636,STU00636,7.84,11,64.71,6,49.75,22,2026-10-02
ENG00637,STU00637,10.52,15,78.95,4,58.83,16,2026-10-02
ENG00638,STU00638,11.05,12,57.14,9,67.05,18,2026-10-02
ENG00639,STU00639,7.96,16,88.89,2,84.89,26,2026-10-02
ENG00640,STU00640,5.82,15,62.5,9,80.89,11,2026-10-02
ENG00641,STU00641,6.48,10,71.43,4,57.72,28,2026-10-02
ENG00642,STU00642,13.93,14,63.64,8,64.62,28,2026-10-02
ENG00643,STU00643,6.57,9,45.0,11,43.68,23,2026-10-02
ENG00644,STU00644,8.76,11,61.11,7,65.84,23,2026-10-02
ENG00645,STU00645,7.87,16,72.73,6,68.06,17,2026-10-02
ENG00646,STU00646,7.48,7,53.85,6,56.79,15,2026-10-02
ENG00647,STU00647,4.35,13,81.25,3,67.35,17,2026-10-02
ENG00648,STU00648,15.52,13,81.25,3,59.56,31,2026-10-02
ENG00649,STU00649,16.31,9,69.23,4,59.96,28,2026-10-02
ENG00650,STU00650,10.49,10,83.33,2,53.24,21,2026-10-02
ENG00651,STU00651,10.27,18,90.0,2,89.49,29,2026-10-02
ENG00652,STU00652,0,12,50.0,12,48.26,7,2026-10-02
ENG00653,STU00653,7.26,13,56.52,10,47.07,19,2026-10-02
ENG00654,STU00654,3.87,10,58.82,7,46.92,13,2026-10-02
ENG00655,STU00655,12.5,14,77.78,4,81.7,30,2026-10-02
ENG00656,STU00656,4.53,6,31.58,13,39.57,7,2026-10-02
ENG00657,STU00657,13.74,12,85.71,2,72.0,14,2026-10-02
ENG00658,STU00658,11.26,12,80.0,3,67.19,25,2026-10-02
ENG00659,STU00659,5.86,11,64.71,6,71.73,11,2026-10-02
ENG00660,STU00660,15.64,19,90.48,2,87.87,37,2026-10-02
ENG00661,STU00661,12.7,19,82.61,4,71.8,29,2026-10-02
ENG00662,STU00662,17.69,11,84.62,2,82.24,40,2026-10-02
ENG00663,STU00663,16.69,20,83.33,4,74.67,39,2026-10-02
ENG00664,STU00664,13.7,18,81.82,4,55.79,32,2026-10-02
ENG00665,STU00665,8.99,15,71.43,6,67.11,13,2026-10-02
ENG00666,STU00666,14.6,16,100.0,0,89.09,32,2026-10-02
ENG00667,STU00667,8.12,13,68.42,6,56.06,13,2026-10-02
ENG00668,STU00668,6.01,11,64.71,6,50.43,17,2026-10-02
ENG00669,STU00669,4.27,7,41.18,10,34.73,10,2026-10-02
ENG00670,STU00670,14.96,21,91.3,2,75.92,36,2026-10-02
ENG00671,STU00671,0,1,5.88,16,12.21,0,2026-10-02
ENG00672,STU00672,10.66,16,72.73,6,63.19,26,2026-10-02
ENG00673,STU00673,18.19,14,70.0,6,77.21,28,2026-10-02
ENG00674,STU00674,9.53,11,73.33,4,71.48,27,2026-10-02
ENG00675,STU00675,12.07,10,76.92,3,66.38,15,2026-10-02
ENG00676,STU00676,22.03,20,100.0,0,88.36,51,2026-10-02
ENG00677,STU00677,6.76,8,66.67,4,67.53,9,2026-10-02
ENG00678,STU00678,4.45,6,37.5,10,39.07,2,2026-10-02
ENG00679,STU00679,12.64,14,66.67,7,52.08,25,2026-10-02
ENG00680,STU00680,11.94,9,75.0,3,79.43,25,2026-10-02
ENG00681,STU00681,0.27,8,57.14,6,58.4,12,2026-10-02
ENG00682,STU00682,8.65,15,65.22,8,70.9,21,2026-10-02
ENG00683,STU00683,6.98,16,76.19,5,60.93,22,2026-10-02
ENG00684,STU00684,8.63,12,70.59,5,59.02,17,2026-10-02
ENG00685,STU00685,0.81,5,38.46,8,48.84,0,2026-10-02
ENG00686,STU00686,2.75,9,56.25,7,53.63,9,2026-10-02
ENG00687,STU00687,8.66,16,69.57,7,42.51,25,2026-10-02
ENG00688,STU00688,10.27,15,78.95,4,70.22,25,2026-10-02
ENG00689,STU00689,10.94,11,68.75,5,52.56,25,2026-10-02
ENG00690,STU00690,7.31,15,62.5,9,62.67,11,2026-10-02
ENG00691,STU00691,2.71,13,65.0,7,52.45,11,2026-10-02
ENG00692,STU00692,3.0,2,14.29,12,38.04,7,2026-10-02
ENG00693,STU00693,24.58,19,90.48,2,87.5,45,2026-10-02
ENG00694,STU00694,2.7,8,61.54,5,44.2,1,2026-10-02
ENG00695,STU00695,1.9,11,57.89,8,52.77,11,2026-10-02
ENG00696,STU00696,18.34,21,87.5,3,72.54,42,2026-10-02
ENG00697,STU00697,14.48,11,78.57,3,67.12,26,2026-10-02
ENG00698,STU00698,14.18,12,85.71,2,73.11,35,2026-10-02
ENG00699,STU00699,6.41,9,64.29,5,44.8,22,2026-10-02
ENG00700,STU00700,2.36,16,72.73,6,66.95,19,2026-10-02
ENG00701,STU00701,0,9,50.0,9,40.82,4,2026-10-02
ENG00702,STU00702,8.01,8,50.0,8,75.31,18,2026-10-02
ENG00703,STU00703,2.19,5,41.67,7,46.58,7,2026-10-02
ENG00704,STU00704,14.8,13,81.25,3,75.52,29,2026-10-02
ENG00705,STU00705,4.94,14,77.78,4,76.91,20,2026-10-02
ENG00706,STU00706,14.24,13,76.47,4,67.27,25,2026-10-02
ENG00707,STU00707,6.73,11,61.11,7,56.0,10,2026-10-02
ENG00708,STU00708,10.29,13,81.25,3,66.96,23,2026-10-02
ENG00709,STU00709,0,5,38.46,8,30.06,7,2026-10-02
ENG00710,STU00710,23.94,13,72.22,5,73.14,46,2026-10-02
ENG00711,STU00711,12.7,11,91.67,1,74.06,39,2026-10-02
ENG00712,STU00712,6.26,9,52.94,8,61.43,18,2026-10-02
ENG00713,STU00713,10.45,20,86.96,3,72.67,29,2026-10-02
ENG00714,STU00714,10.79,16,72.73,6,66.23,17,2026-10-02
ENG00715,STU00715,5.33,17,73.91,6,55.13,13,2026-10-02
ENG00716,STU00716,0.96,10,52.63,9,32.62,7,2026-10-02
ENG00717,STU00717,12.64,15,75.0,5,61.67,35,2026-10-02
ENG00718,STU00718,7.88,19,82.61,4,75.27,18,2026-10-02
ENG00719,STU00719,0,7,50.0,7,57.73,7,2026-10-02
ENG00720,STU00720,7.41,12,66.67,6,53.21,19,2026-10-02
ENG00721,STU00721,18.91,10,83.33,2,64.34,43,2026-10-02
ENG00722,STU00722,7.88,14,73.68,5,69.4,15,2026-10-02
ENG00723,STU00723,3.61,12,60.0,8,32.34,14,2026-10-02
ENG00724,STU00724,12.47,17,73.91,6,87.81,26,2026-10-02
ENG00725,STU00725,8.42,9,60.0,6,81.13,19,2026-10-02
ENG00726,STU00726,2.37,9,50.0,9,41.63,15,2026-10-02
ENG00727,STU00727,5.71,14,93.33,1,71.01,24,2026-10-02
ENG00728,STU00728,19.37,16,72.73,6,70.44,40,2026-10-02
ENG00729,STU00729,15.28,10,66.67,5,71.48,29,2026-10-02
ENG00730,STU00730,10.19,8,57.14,6,42.42,25,2026-10-02
ENG00731,STU00731,3.95,11,57.89,8,49.27,12,2026-10-02
ENG00732,STU00732,1.02,7,46.67,8,41.08,7,2026-10-02
ENG00733,STU00733,2.68,11,64.71,6,67.43,14,2026-10-02
ENG00734,STU00734,10.18,11,61.11,7,33.43,25,2026-10-02
ENG00735,STU00735,8.44,12,60.0,8,51.56,20,2026-10-02
ENG00736,STU00736,20.93,13,100.0,0,100.0,44,2026-10-02
ENG00737,STU00737,0.24,9,56.25,7,57.18,5,2026-10-02
ENG00738,STU00738,3.01,6,46.15,7,42.59,9,2026-10-02
ENG00739,STU00739,9.48,19,79.17,5,82.73,26,2026-10-02
ENG00740,STU00740,13.63,12,70.59,5,63.96,25,2026-10-02
ENG00741,STU00741,6.99,9,47.37,10,37.81,7,2026-10-02
ENG00742,STU00742,23.64,19,79.17,5,65.96,43,2026-10-02
ENG00743,STU00743,6.12,17,73.91,6,70.16,21,2026-10-02
ENG00744,STU00744,3.75,13,59.09,9,66.36,8,2026-10-02
ENG00745,STU00745,3.64,10,58.82,7,48.71,15,2026-10-02
ENG00746,STU00746,10.07,15,71.43,6,58.87,16,2026-10-02
ENG00747,STU00747,15.06,15,88.24,2,92.39,38,2026-10-02
ENG00748,STU00748,6.76,14,60.87,9,60.88,14,2026-10-02
ENG00749,STU00749,0,10,55.56,8,54.41,16,2026-10-02
ENG00750,STU00750,7.19,15,78.95,4,59.89,17,2026-10-02
ENG00751,STU00751,12.92,19,95.0,1,82.52,30,2026-10-02
ENG00752,STU00752,22.62,12,80.0,3,84.51,45,2026-10-02
ENG00753,STU00753,10.99,14,66.67,7,70.59,26,2026-10-02
ENG00754,STU00754,11.66,12,75.0,4,64.9,25,2026-10-02
ENG00755,STU00755,8.97,11,68.75,5,71.88,15,2026-10-02
ENG00756,STU00756,4.81,9,69.23,4,60.76,23,2026-10-02
ENG00757,STU00757,6.03,8,66.67,4,72.62,9,2026-10-02
ENG00758,STU00758,16.77,19,95.0,1,85.11,34,2026-10-02
ENG00759,STU00759,10.61,14,63.64,8,70.03,19,2026-10-02
ENG00760,STU00760,7.27,10,62.5,6,72.91,6,2026-10-02
ENG00761,STU00761,17.72,10,76.92,3,75.29,29,2026-10-02
ENG00762,STU00762,4.64,7,58.33,5,70.81,9,2026-10-02
ENG00763,STU00763,8.1,10,66.67,5,55.78,12,2026-10-02
ENG00764,STU00764,9.14,12,52.17,11,69.06,13,2026-10-02
ENG00765,STU00765,19.01,13,81.25,3,93.85,36,2026-10-02
ENG00766,STU00766,10.26,16,72.73,6,62.63,18,2026-10-02
ENG00767,STU00767,4.18,9,75.0,3,56.41,11,2026-10-02
ENG00768,STU00768,12.03,8,61.54,5,48.77,10,2026-10-02
ENG00769,STU00769,3.98,14,63.64,8,60.32,10,2026-10-02
ENG00770,STU00770,3.42,16,80.0,4,67.2,19,2026-10-02
ENG00771,STU00771,11.95,18,75.0,6,67.42,33,2026-10-02
ENG00772,STU00772,0.56,4,30.77,9,39.86,5,2026-10-02
ENG00773,STU00773,0.43,11,50.0,11,43.85,6,2026-10-02
ENG00774,STU00774,6.75,9,56.25,7,55.58,19,2026-10-02
ENG00775,STU00775,9.88,9,69.23,4,79.67,21,2026-10-02
ENG00776,STU00776,23.93,21,100.0,0,81.49,38,2026-10-02
ENG00777,STU00777,9.14,13,76.47,4,62.52,22,2026-10-02
ENG00778,STU00778,3.85,10,55.56,8,62.33,11,2026-10-02
ENG00779,STU00779,14.81,15,93.75,1,91.7,38,2026-10-02
ENG00780,STU00780,14.79,15,75.0,5,63.0,23,2026-10-02
ENG00781,STU00781,6.73,11,64.71,6,54.22,14,2026-10-02
ENG00782,STU00782,11.92,9,75.0,3,85.64,22,2026-10-02
ENG00783,STU00783,19.14,20,90.91,2,96.45,37,2026-10-02
ENG00784,STU00784,12.19,11,78.57,3,65.48,26,2026-10-02
ENG00785,STU00785,5.64,9,69.23,4,55.43,18,2026-10-02
ENG00786,STU00786,7.35,13,61.9,8,49.47,20,2026-10-02
ENG00787,STU00787,22.28,20,95.24,1,88.22,47,2026-10-02
ENG00788,STU00788,19.48,14,87.5,2,71.38,41,2026-10-02
ENG00789,STU00789,13.93,14,66.67,7,72.85,30,2026-10-02
ENG00790,STU00790,12.55,10,52.63,9,53.11,31,2026-10-02
ENG00791,STU00791,7.71,12,57.14,9,61.93,23,2026-10-02
ENG00792,STU00792,6.09,15,68.18,7,46.2,17,2026-10-02
ENG00793,STU00793,8.28,10,66.67,5,68.0,20,2026-10-02
ENG00794,STU00794,4.19,10,41.67,14,35.39,8,2026-10-02
ENG00795,STU00795,11.48,9,60.0,6,53.03,34,2026-10-02
ENG00796,STU00796,6.19,12,63.16,7,60.31,12,2026-10-02
ENG00797,STU00797,8.3,20,86.96,3,64.06,21,2026-10-02
ENG00798,STU00798,15.58,17,100.0,0,90.18,36,2026-10-02
ENG00799,STU00799,0.43,14,60.87,9,26.57,18,2026-10-02
ENG00800,STU00800,1.68,9,50.0,9,65.97,6,2026-10-02
ENG00801,STU00801,13.55,12,85.71,2,78.36,32,2026-10-02
ENG00802,STU00802,2.63,10,62.5,6,47.48,12,2026-10-02
ENG00803,STU00803,10.7,15,75.0,5,58.75,26,2026-10-02
ENG00804,STU00804,7.58,20,83.33,4,62.35,20,2026-10-02
ENG00805,STU00805,0,12,52.17,11,33.36,13,2026-10-02
ENG00806,STU00806,4.09,8,66.67,4,73.01,13,2026-10-02
ENG00807,STU00807,3.34,6,42.86,8,37.92,19,2026-10-02
ENG00808,STU00808,9.71,10,62.5,6,68.39,25,2026-10-02
ENG00809,STU00809,8.02,18,94.74,1,58.88,19,2026-10-02
ENG00810,STU00810,1.51,7,58.33,5,38.83,5,2026-10-02
ENG00811,STU00811,8.51,20,83.33,4,54.03,19,2026-10-02
ENG00812,STU00812,11.37,10,76.92,3,68.09,27,2026-10-02
ENG00813,STU00813,2.73,15,62.5,9,62.45,12,2026-10-02
ENG00814,STU00814,19.37,16,94.12,1,85.09,42,2026-10-02
ENG00815,STU00815,9.22,17,70.83,7,62.86,24,2026-10-02
ENG00816,STU00816,15.5,12,70.59,5,73.39,22,2026-10-02
ENG00817,STU00817,13.37,10,83.33,2,78.75,37,2026-10-02
ENG00818,STU00818,11.26,15,93.75,1,80.53,31,2026-10-02
ENG00819,STU00819,9.53,12,60.0,8,63.84,19,2026-10-02
ENG00820,STU00820,3.65,5,41.67,7,39.3,7,2026-10-02
ENG00821,STU00821,3.92,12,57.14,9,62.46,15,2026-10-02
ENG00822,STU00822,7.8,14,70.0,6,63.18,21,2026-10-02
ENG00823,STU00823,8.52,13,59.09,9,63.16,22,2026-10-02
ENG00824,STU00824,2.01,8,33.33,16,34.84,14,2026-10-02
ENG00825,STU00825,18.49,9,69.23,4,62.43,36,2026-10-02
ENG00826,STU00826,7.66,13,56.52,10,45.28,17,2026-10-02
ENG00827,STU00827,13.24,14,87.5,2,69.7,30,2026-10-02
ENG00828,STU00828,3.09,9,56.25,7,56.79,5,2026-10-02
ENG00829,STU00829,3.42,11,61.11,7,60.05,13,2026-10-02
ENG00830,STU00830,13.54,21,91.3,2,73.04,22,2026-10-02
ENG00831,STU00831,7.2,9,75.0,3,66.38,15,2026-10-02
ENG00832,STU00832,7.06,6,46.15,7,67.0,16,2026-10-02
ENG00833,STU00833,10.61,17,80.95,4,59.06,23,2026-10-02
ENG00834,STU00834,14.89,11,84.62,2,83.84,29,2026-10-02
ENG00835,STU00835,13.02,14,100.0,0,94.62,27,2026-10-02
ENG00836,STU00836,0,10,47.62,11,42.05,5,2026-10-02
ENG00837,STU00837,0,7,50.0,7,37.02,14,2026-10-02
ENG00838,STU00838,12.63,18,78.26,5,66.99,25,2026-10-02
ENG00839,STU00839,16.45,13,76.47,4,65.62,35,2026-10-02
ENG00840,STU00840,4.86,11,61.11,7,59.11,17,2026-10-02
ENG00841,STU00841,7.95,13,59.09,9,49.49,12,2026-10-02
ENG00842,STU00842,2.33,11,57.89,8,53.51,15,2026-10-02
ENG00843,STU00843,7.83,15,68.18,7,60.34,23,2026-10-02
ENG00844,STU00844,7.19,13,65.0,7,66.53,17,2026-10-02
ENG00845,STU00845,9.57,9,50.0,9,58.21,24,2026-10-02
ENG00846,STU00846,16.93,12,75.0,4,75.5,39,2026-10-02
ENG00847,STU00847,1.29,12,50.0,12,33.95,16,2026-10-02
ENG00848,STU00848,6.64,9,69.23,4,51.12,21,2026-10-02
ENG00849,STU00849,12.43,12,75.0,4,81.15,17,2026-10-02
ENG00850,STU00850,2.6,11,57.89,8,39.53,12,2026-10-02
ENG00851,STU00851,5.32,12,75.0,4,48.73,18,2026-10-02
ENG00852,STU00852,3.58,11,61.11,7,52.19,17,2026-10-02
ENG00853,STU00853,3.3,9,69.23,4,55.43,3,2026-10-02
ENG00854,STU00854,4.02,10,55.56,8,52.96,16,2026-10-02
ENG00855,STU00855,13.83,9,75.0,3,61.64,33,2026-10-02
ENG00856,STU00856,8.85,9,52.94,8,62.92,17,2026-10-02
ENG00857,STU00857,8.82,10,71.43,4,74.01,18,2026-10-02
ENG00858,STU00858,9.13,9,69.23,4,66.44,17,2026-10-02
ENG00859,STU00859,13.69,8,66.67,4,67.76,20,2026-10-02
ENG00860,STU00860,2.43,14,58.33,10,50.77,17,2026-10-02
ENG00861,STU00861,8.78,12,57.14,9,66.28,15,2026-10-02
ENG00862,STU00862,8.8,10,71.43,4,72.31,29,2026-10-02
ENG00863,STU00863,19.37,23,100.0,0,79.6,37,2026-10-02
ENG00864,STU00864,1.56,7,46.67,8,52.53,6,2026-10-02
ENG00865,STU00865,5.27,12,52.17,11,47.97,21,2026-10-02
ENG00866,STU00866,0,10,55.56,8,35.8,14,2026-10-02
ENG00867,STU00867,9.64,8,66.67,4,70.46,25,2026-10-02
ENG00868,STU00868,0.75,8,57.14,6,52.74,5,2026-10-02
ENG00869,STU00869,6.74,8,61.54,5,53.43,23,2026-10-02
ENG00870,STU00870,1.5,12,70.59,5,64.45,22,2026-10-02
ENG00871,STU00871,7.7,16,72.73,6,60.41,22,2026-10-02
ENG00872,STU00872,6.37,9,75.0,3,69.67,7,2026-10-02
ENG00873,STU00873,1.75,16,76.19,5,48.71,17,2026-10-02
ENG00874,STU00874,13.9,14,93.33,1,76.51,32,2026-10-02
ENG00875,STU00875,2.62,12,50.0,12,61.39,7,2026-10-02
ENG00876,STU00876,3.27,16,72.73,6,60.36,7,2026-10-02
ENG00877,STU00877,4.98,11,73.33,4,53.4,32,2026-10-02
ENG00878,STU00878,0,8,50.0,8,41.33,0,2026-10-02
ENG00879,STU00879,13.52,17,77.27,5,86.66,39,2026-10-02
ENG00880,STU00880,4.85,7,50.0,7,34.06,15,2026-10-02
ENG00881,STU00881,8.85,8,50.0,8,67.41,22,2026-10-02
ENG00882,STU00882,18.67,13,100.0,0,83.4,31,2026-10-02
ENG00883,STU00883,17.94,16,72.73,6,88.99,34,2026-10-02
ENG00884,STU00884,5.65,8,61.54,5,46.67,12,2026-10-02
ENG00885,STU00885,10.23,19,86.36,3,82.3,26,2026-10-02
ENG00886,STU00886,8.07,16,80.0,4,60.77,20,2026-10-02
ENG00887,STU00887,12.43,6,50.0,6,57.43,27,2026-10-02
ENG00888,STU00888,8.27,17,80.95,4,54.53,21,2026-10-02
ENG00889,STU00889,5.74,19,82.61,4,65.64,20,2026-10-02
ENG00890,STU00890,13.94,14,93.33,1,75.2,32,2026-10-02
ENG00891,STU00891,11.04,9,64.29,5,68.59,20,2026-10-02
ENG00892,STU00892,4.02,11,78.57,3,60.83,6,2026-10-02
ENG00893,STU00893,17.02,16,66.67,8,71.03,24,2026-10-02
ENG00894,STU00894,7.14,9,69.23,4,58.88,24,2026-10-02
ENG00895,STU00895,12.09,12,85.71,2,81.8,30,2026-10-02
ENG00896,STU00896,3.39,13,56.52,10,40.61,16,2026-10-02
ENG00897,STU00897,2.76,10,47.62,11,49.02,12,2026-10-02
ENG00898,STU00898,6.61,10,50.0,10,44.55,17,2026-10-02
ENG00899,STU00899,1.92,15,62.5,9,39.02,10,2026-10-02
ENG00900,STU00900,7.3,13,59.09,9,43.23,14,2026-10-02
ENG00901,STU00901,6.58,13,68.42,6,61.7,19,2026-10-02
ENG00902,STU00902,2.77,14,70.0,6,59.93,7,2026-10-02
ENG00903,STU00903,5.38,10,76.92,3,68.87,21,2026-10-02
ENG00904,STU00904,3.3,9,56.25,7,47.87,8,2026-10-02
ENG00905,STU00905,6.98,16,80.0,4,57.9,21,2026-10-02
ENG00906,STU00906,13.79,15,88.24,2,76.89,22,2026-10-02
ENG00907,STU00907,4.14,10,52.63,9,33.87,7,2026-10-02
ENG00908,STU00908,0,8,44.44,10,51.62,0,2026-10-02
ENG00909,STU00909,3.93,14,70.0,6,44.49,23,2026-10-02
ENG00910,STU00910,2.44,14,77.78,4,56.44,9,2026-10-02
ENG00911,STU00911,17.5,14,87.5,2,90.8,37,2026-10-02
ENG00912,STU00912,6.19,15,62.5,9,36.56,16,2026-10-02
ENG00913,STU00913,4.23,12,60.0,8,54.15,6,2026-10-02
ENG00914,STU00914,7.07,11,68.75,5,63.9,21,2026-10-02
ENG00915,STU00915,8.16,9,69.23,4,48.43,16,2026-10-02
ENG00916,STU00916,9.18,15,62.5,9,50.32,23,2026-10-02
ENG00917,STU00917,16.83,16,94.12,1,80.84,29,2026-10-02
ENG00918,STU00918,16.81,13,86.67,2,77.63,27,2026-10-02
ENG00919,STU00919,7.58,12,54.55,10,59.66,22,2026-10-02
ENG00920,STU00920,9.53,5,41.67,7,62.79,16,2026-10-02
ENG00921,STU00921,16.44,16,69.57,7,56.66,42,2026-10-02
ENG00922,STU00922,4.04,17,70.83,7,63.7,16,2026-10-02
ENG00923,STU00923,14.59,13,72.22,5,85.52,30,2026-10-02
ENG00924,STU00924,15.86,23,100.0,0,78.58,33,2026-10-02
ENG00925,STU00925,8.51,11,68.75,5,71.29,29,2026-10-02
ENG00926,STU00926,7.24,12,60.0,8,62.62,13,2026-10-02
ENG00927,STU00927,8.17,13,54.17,11,67.07,19,2026-10-02
ENG00928,STU00928,10.48,19,95.0,1,90.2,27,2026-10-02
ENG00929,STU00929,8.69,7,58.33,5,57.85,24,2026-10-02
ENG00930,STU00930,15.77,12,80.0,3,74.14,39,2026-10-02
ENG00931,STU00931,6.57,12,75.0,4,73.11,31,2026-10-02
ENG00932,STU00932,6.83,7,53.85,6,52.92,13,2026-10-02
ENG00933,STU00933,7.95,6,46.15,7,76.04,13,2026-10-02
ENG00934,STU00934,4.05,15,62.5,9,53.35,10,2026-10-02
ENG00935,STU00935,9.05,8,57.14,6,51.31,24,2026-10-02
ENG00936,STU00936,8.18,13,76.47,4,79.15,14,2026-10-02
ENG00937,STU00937,0,5,33.33,10,38.84,1,2026-10-02
ENG00938,STU00938,0.8,13,54.17,11,43.33,1,2026-10-02
ENG00939,STU00939,2.86,10,52.63,9,49.72,6,2026-10-02
ENG00940,STU00940,10.78,18,81.82,4,54.74,18,2026-10-02
ENG00941,STU00941,12.28,12,75.0,4,68.58,29,2026-10-02
ENG00942,STU00942,9.79,10,76.92,3,57.69,30,2026-10-02
ENG00943,STU00943,10.93,13,76.47,4,66.22,23,2026-10-02
ENG00944,STU00944,6.5,10,50.0,10,43.53,17,2026-10-02
ENG00945,STU00945,14.7,13,72.22,5,62.97,17,2026-10-02
ENG00946,STU00946,6.37,17,80.95,4,58.99,27,2026-10-02
ENG00947,STU00947,10.02,12,66.67,6,48.23,28,2026-10-02
ENG00948,STU00948,12.4,16,66.67,8,63.68,29,2026-10-02
ENG00949,STU00949,22.14,17,94.44,1,97.81,44,2026-10-02
ENG00950,STU00950,5.43,7,58.33,5,61.99,22,2026-10-02
ENG00951,STU00951,0,7,29.17,17,38.01,8,2026-10-02
ENG00952,STU00952,8.32,16,80.0,4,67.18,26,2026-10-02
ENG00953,STU00953,12.0,16,88.89,2,95.05,24,2026-10-02
ENG00954,STU00954,17.97,13,92.86,1,90.21,39,2026-10-02
ENG00955,STU00955,16.4,11,68.75,5,81.26,23,2026-10-02
ENG00956,STU00956,3.55,13,56.52,10,48.5,9,2026-10-02
ENG00957,STU00957,0.48,11,50.0,11,51.68,5,2026-10-02
ENG00958,STU00958,8.17,9,45.0,11,48.54,21,2026-10-02
ENG00959,STU00959,12.78,14,93.33,1,61.33,23,2026-10-02
ENG00960,STU00960,12.64,10,62.5,6,56.39,18,2026-10-02
ENG00961,STU00961,5.95,16,72.73,6,52.41,17,2026-10-02
ENG00962,STU00962,12.71,11,68.75,5,61.01,29,2026-10-02
ENG00963,STU00963,3.74,13,56.52,10,59.64,10,2026-10-02
ENG00964,STU00964,5.87,8,57.14,6,42.3,20,2026-10-02
ENG00965,STU00965,5.7,15,65.22,8,49.87,23,2026-10-02
ENG00966,STU00966,0,10,41.67,14,38.86,13,2026-10-02
ENG00967,STU00967,1.66,8,47.06,9,44.51,0,2026-10-02
ENG00968,STU00968,6.25,10,71.43,4,75.2,19,2026-10-02
ENG00969,STU00969,11.01,19,79.17,5,74.55,20,2026-10-02
ENG00970,STU00970,9.01,11,68.75,5,63.36,19,2026-10-02
ENG00971,STU00971,19.76,12,85.71,2,73.45,44,2026-10-02
ENG00972,STU00972,10.1,15,65.22,8,67.34,13,2026-10-02
ENG00973,STU00973,14.34,12,75.0,4,66.3,25,2026-10-02
ENG00974,STU00974,8.07,12,52.17,11,45.27,14,2026-10-02
ENG00975,STU00975,11.28,14,73.68,5,55.16,21,2026-10-02
ENG00976,STU00976,11.58,11,73.33,4,71.9,24,2026-10-02
ENG00977,STU00977,9.17,6,46.15,7,51.6,17,2026-10-02
ENG00978,STU00978,11.88,13,56.52,10,61.74,29,2026-10-02
ENG00979,STU00979,5.86,7,53.85,6,48.26,17,2026-10-02
ENG00980,STU00980,10.49,12,80.0,3,52.48,29,2026-10-02
ENG00981,STU00981,27.33,16,100.0,0,100.0,51,2026-10-02
ENG00982,STU00982,14.82,15,71.43,6,87.26,29,2026-10-02
ENG00983,STU00983,6.17,14,63.64,8,51.08,3,2026-10-02
ENG00984,STU00984,4.39,12,60.0,8,58.85,15,2026-10-02
ENG00985,STU00985,9.87,16,69.57,7,54.77,27,2026-10-02
ENG00986,STU00986,8.03,10,83.33,2,74.41,19,2026-10-02
ENG00987,STU00987,10.49,9,75.0,3,68.57,22,2026-10-02
ENG00988,STU00988,4.96,19,86.36,3,58.34,18,2026-10-02
ENG00989,STU00989,5.48,6,46.15,7,57.09,11,2026-10-02
ENG00990,STU00990,0.08,11,50.0,11,33.08,6,2026-10-02
ENG00991,STU00991,7.92,14,63.64,8,66.05,5,2026-10-02
ENG00992,STU00992,2.5,5,38.46,8,44.55,16,2026-10-02
ENG00993,STU00993,18.28,12,100.0,0,97.1,29,2026-10-02
ENG00994,STU00994,8.0,14,73.68,5,50.89,21,2026-10-02
ENG00995,STU00995,20.65,14,87.5,2,77.35,41,2026-10-02
ENG00996,STU00996,2.47,15,71.43,6,73.08,17,2026-10-02
ENG00997,STU00997,3.6,12,57.14,9,60.7,19,2026-10-02
ENG00998,STU00998,3.75,6,42.86,8,64.72,24,2026-10-02
ENG00999,STU00999,2.71,18,75.0,6,47.93,17,2026-10-02
ENG01000,STU01000,5.77,14,66.67,7,62.87,14,2026-10-02
ENG01001,STU01001,7.76,13,56.52,10,59.06,21,2026-10-02
ENG01002,STU01002,4.28,8,66.67,4,54.88,13,2026-10-02
ENG01003,STU01003,20.23,15,93.75,1,69.1,40,2026-10-02
ENG01004,STU01004,16.91,16,84.21,3,70.16,38,2026-10-02
ENG01005,STU01005,18.4,24,100.0,0,88.49,33,2026-10-02
ENG01006,STU01006,12.7,12,80.0,3,68.13,18,2026-10-02
ENG01007,STU01007,13.84,16,84.21,3,82.25,28,2026-10-02
ENG01008,STU01008,0,10,83.33,2,52.64,0,2026-10-02
ENG01009,STU01009,0.81,7,50.0,7,60.1,8,2026-10-02
ENG01010,STU01010,4.92,7,50.0,7,52.46,10,2026-10-02
ENG01011,STU01011,13.83,18,75.0,6,70.42,23,2026-10-02
ENG01012,STU01012,0.05,11,47.83,12,52.74,7,2026-10-02
ENG01013,STU01013,10.46,10,76.92,3,72.1,30,2026-10-02
ENG01014,STU01014,7.39,14,66.67,7,58.06,17,2026-10-02
ENG01015,STU01015,9.62,19,79.17,5,62.28,8,2026-10-02
ENG01016,STU01016,11.96,16,76.19,5,97.65,19,2026-10-02
ENG01017,STU01017,11.24,17,77.27,5,67.45,30,2026-10-02
ENG01018,STU01018,5.99,11,73.33,4,75.19,19,2026-10-02
ENG01019,STU01019,0,6,42.86,8,21.62,0,2026-10-02
ENG01020,STU01020,9.07,17,73.91,6,62.49,13,2026-10-02
ENG01021,STU01021,11.28,12,80.0,3,66.85,20,2026-10-02
ENG01022,STU01022,2.72,13,59.09,9,44.4,5,2026-10-02
ENG01023,STU01023,14.82,20,83.33,4,76.96,32,2026-10-02
ENG01024,STU01024,16.06,17,70.83,7,70.2,22,2026-10-02
ENG01025,STU01025,8.19,12,57.14,9,60.46,13,2026-10-02
ENG01026,STU01026,6.67,11,61.11,7,50.71,16,2026-10-02
ENG01027,STU01027,20.79,10,83.33,2,89.67,44,2026-10-02
ENG01028,STU01028,11.44,22,91.67,2,75.66,21,2026-10-02
ENG01029,STU01029,1.08,10,62.5,6,42.33,8,2026-10-02
ENG01030,STU01030,13.02,19,86.36,3,90.54,33,2026-10-02
ENG01031,STU01031,6.63,11,55.0,9,68.4,18,2026-10-02
ENG01032,STU01032,3.88,14,70.0,6,43.17,20,2026-10-02
ENG01033,STU01033,9.69,12,66.67,6,68.17,30,2026-10-02
ENG01034,STU01034,2.63,11,61.11,7,63.79,16,2026-10-02
ENG01035,STU01035,4.28,9,47.37,10,41.55,11,2026-10-02
ENG01036,STU01036,10.97,21,100.0,0,55.58,39,2026-10-02
ENG01037,STU01037,0,7,58.33,5,41.88,3,2026-10-02
ENG01038,STU01038,12.0,16,94.12,1,97.56,23,2026-10-02
ENG01039,STU01039,11.64,13,81.25,3,62.87,23,2026-10-02
ENG01040,STU01040,8.64,8,42.11,11,62.66,14,2026-10-02
ENG01041,STU01041,4.62,9,52.94,8,52.68,11,2026-10-02
ENG01042,STU01042,0,12,52.17,11,30.25,24,2026-10-02
ENG01043,STU01043,10.78,15,71.43,6,75.62,27,2026-10-02
ENG01044,STU01044,7.56,19,82.61,4,67.2,20,2026-10-02
ENG01045,STU01045,5.7,11,55.0,9,52.1,13,2026-10-02
ENG01046,STU01046,4.49,7,53.85,6,58.0,18,2026-10-02
ENG01047,STU01047,0,9,45.0,11,18.33,9,2026-10-02
ENG01048,STU01048,7.65,13,76.47,4,69.75,23,2026-10-02
ENG01049,STU01049,5.15,10,66.67,5,41.29,22,2026-10-02
ENG01050,STU01050,2.29,8,47.06,9,45.9,9,2026-10-02
ENG01051,STU01051,15.73,22,100.0,0,87.43,34,2026-10-02
ENG01052,STU01052,21.16,13,92.86,1,88.66,39,2026-10-02
ENG01053,STU01053,10.94,16,66.67,8,75.89,24,2026-10-02
ENG01054,STU01054,14.71,13,86.67,2,80.21,26,2026-10-02
ENG01055,STU01055,0,10,52.63,9,41.81,2,2026-10-02
ENG01056,STU01056,5.69,13,76.47,4,66.93,12,2026-10-02
ENG01057,STU01057,9.98,9,69.23,4,54.72,28,2026-10-02
ENG01058,STU01058,2.34,8,61.54,5,34.08,7,2026-10-02
ENG01059,STU01059,10.55,14,82.35,3,69.26,17,2026-10-02
ENG01060,STU01060,0,8,53.33,7,39.57,8,2026-10-02
ENG01061,STU01061,6.79,14,77.78,4,63.17,20,2026-10-02
ENG01062,STU01062,13.94,15,88.24,2,83.39,38,2026-10-02
ENG01063,STU01063,7.13,9,56.25,7,65.56,26,2026-10-02
ENG01064,STU01064,6.33,10,71.43,4,67.71,17,2026-10-02
ENG01065,STU01065,0,13,59.09,9,46.82,12,2026-10-02
ENG01066,STU01066,13.0,11,91.67,1,71.43,26,2026-10-02
ENG01067,STU01067,15.02,9,75.0,3,76.04,29,2026-10-02
ENG01068,STU01068,6.93,10,58.82,7,59.27,21,2026-10-02
ENG01069,STU01069,10.98,11,84.62,2,78.22,23,2026-10-02
ENG01070,STU01070,8.41,14,73.68,5,49.89,19,2026-10-02
ENG01071,STU01071,0,14,58.33,10,53.02,11,2026-10-02
ENG01072,STU01072,18.32,17,85.0,3,69.53,42,2026-10-02
ENG01073,STU01073,14.89,18,94.74,1,72.49,36,2026-10-02
ENG01074,STU01074,10.49,18,78.26,5,61.9,33,2026-10-02
ENG01075,STU01075,6.85,9,60.0,6,47.45,16,2026-10-02
ENG01076,STU01076,13.18,13,100.0,0,72.23,32,2026-10-02
ENG01077,STU01077,3.62,8,42.11,11,41.29,7,2026-10-02
ENG01078,STU01078,3.89,7,58.33,5,34.31,10,2026-10-02
ENG01079,STU01079,6.2,12,80.0,3,68.57,13,2026-10-02
ENG01080,STU01080,7.72,8,57.14,6,62.64,20,2026-10-02
ENG01081,STU01081,11.83,13,59.09,9,66.57,20,2026-10-02
ENG01082,STU01082,0,10,55.56,8,61.26,11,2026-10-02
ENG01083,STU01083,3.75,12,52.17,11,56.22,20,2026-10-02
ENG01084,STU01084,10.56,12,85.71,2,86.86,32,2026-10-02
ENG01085,STU01085,10.93,9,75.0,3,67.54,28,2026-10-02
ENG01086,STU01086,7.51,10,62.5,6,42.11,16,2026-10-02
ENG01087,STU01087,13.79,13,100.0,0,69.66,30,2026-10-02
ENG01088,STU01088,6.65,14,58.33,10,56.35,23,2026-10-02
ENG01089,STU01089,0.79,8,33.33,16,38.45,9,2026-10-02
ENG01090,STU01090,12.65,16,88.89,2,77.09,30,2026-10-02
ENG01091,STU01091,3.5,9,56.25,7,57.77,17,2026-10-02
ENG01092,STU01092,3.38,11,57.89,8,49.33,19,2026-10-02
ENG01093,STU01093,8.06,14,63.64,8,58.07,17,2026-10-02
ENG01094,STU01094,4.71,9,60.0,6,39.07,19,2026-10-02
ENG01095,STU01095,8.91,9,69.23,4,61.44,22,2026-10-02
ENG01096,STU01096,8.25,14,73.68,5,54.37,21,2026-10-02
ENG01097,STU01097,6.33,5,35.71,9,57.99,23,2026-10-02
ENG01098,STU01098,13.93,15,68.18,7,74.21,31,2026-10-02
ENG01099,STU01099,8.99,15,75.0,5,63.75,20,2026-10-02
ENG01100,STU01100,7.94,13,68.42,6,70.91,15,2026-10-02
ENG01101,STU01101,1.55,10,71.43,4,46.34,10,2026-10-02
ENG01102,STU01102,0,12,54.55,10,52.29,4,2026-10-02
ENG01103,STU01103,1.66,7,43.75,9,55.24,6,2026-10-02
ENG01104,STU01104,12.14,16,76.19,5,55.78,26,2026-10-02
ENG01105,STU01105,7.73,14,77.78,4,69.76,22,2026-10-02
ENG01106,STU01106,9.31,10,71.43,4,87.88,17,2026-10-02
ENG01107,STU01107,9.24,13,76.47,4,63.13,31,2026-10-02
ENG01108,STU01108,0,8,42.11,11,31.93,7,2026-10-02
ENG01109,STU01109,6.71,10,58.82,7,68.44,8,2026-10-02
ENG01110,STU01110,0.2,9,64.29,5,56.08,5,2026-10-02
ENG01111,STU01111,14.06,18,94.74,1,92.76,37,2026-10-02
ENG01112,STU01112,6.11,8,61.54,5,51.8,19,2026-10-02
ENG01113,STU01113,6.21,12,57.14,9,54.84,22,2026-10-02
ENG01114,STU01114,1.81,12,63.16,7,53.42,16,2026-10-02
ENG01115,STU01115,2.95,13,61.9,8,46.25,24,2026-10-02
ENG01116,STU01116,14.36,15,71.43,6,72.24,24,2026-10-02
ENG01117,STU01117,14.44,12,70.59,5,63.06,37,2026-10-02
ENG01118,STU01118,6.1,10,43.48,13,60.99,10,2026-10-02
ENG01119,STU01119,25.95,21,100.0,0,97.35,49,2026-10-02
ENG01120,STU01120,10.29,12,70.59,5,66.29,23,2026-10-02
ENG01121,STU01121,10.35,15,93.75,1,66.3,21,2026-10-02
ENG01122,STU01122,14.96,16,88.89,2,71.2,36,2026-10-02
ENG01123,STU01123,9.54,13,72.22,5,64.7,30,2026-10-02
ENG01124,STU01124,0,11,61.11,7,45.05,21,2026-10-02
ENG01125,STU01125,10.24,12,54.55,10,69.1,15,2026-10-02
ENG01126,STU01126,13.5,15,68.18,7,68.05,24,2026-10-02
ENG01127,STU01127,13.24,14,77.78,4,74.26,23,2026-10-02
ENG01128,STU01128,0,7,38.89,11,44.06,5,2026-10-02
ENG01129,STU01129,18.56,19,90.48,2,77.02,33,2026-10-02
ENG01130,STU01130,15.3,12,70.59,5,57.63,36,2026-10-02
ENG01131,STU01131,8.65,11,50.0,11,48.55,18,2026-10-02
ENG01132,STU01132,5.88,15,62.5,9,48.0,24,2026-10-02
ENG01133,STU01133,4.39,9,75.0,3,57.65,15,2026-10-02
ENG01134,STU01134,9.0,13,72.22,5,56.62,26,2026-10-02
ENG01135,STU01135,12.11,17,70.83,7,62.94,25,2026-10-02
ENG01136,STU01136,1.45,15,75.0,5,64.66,16,2026-10-02
ENG01137,STU01137,12.7,9,69.23,4,56.66,37,2026-10-02
ENG01138,STU01138,11.19,12,50.0,12,66.21,19,2026-10-02
ENG01139,STU01139,0.34,13,86.67,2,52.17,16,2026-10-02
ENG01140,STU01140,5.52,11,73.33,4,52.8,20,2026-10-02
ENG01141,STU01141,6.16,8,61.54,5,52.3,12,2026-10-02
ENG01142,STU01142,2.38,11,57.89,8,52.74,12,2026-10-02
ENG01143,STU01143,12.89,21,91.3,2,68.24,25,2026-10-02
ENG01144,STU01144,5.36,8,47.06,9,36.34,8,2026-10-02
ENG01145,STU01145,7.31,15,68.18,7,61.63,19,2026-10-02
ENG01146,STU01146,9.65,9,69.23,4,62.16,19,2026-10-02
ENG01147,STU01147,10.01,14,82.35,3,58.67,29,2026-10-02
ENG01148,STU01148,10.96,12,85.71,2,74.05,26,2026-10-02
ENG01149,STU01149,6.18,9,50.0,9,71.23,15,2026-10-02
ENG01150,STU01150,12.09,9,60.0,6,63.18,24,2026-10-02
ENG01151,STU01151,2.86,9,37.5,15,56.62,6,2026-10-02
ENG01152,STU01152,5.71,13,72.22,5,80.86,17,2026-10-02
ENG01153,STU01153,4.29,12,70.59,5,62.06,19,2026-10-02
ENG01154,STU01154,6.17,13,54.17,11,48.25,18,2026-10-02
ENG01155,STU01155,12.38,8,66.67,4,78.48,37,2026-10-02
ENG01156,STU01156,6.69,13,59.09,9,50.39,18,2026-10-02
ENG01157,STU01157,20.23,18,90.0,2,97.08,35,2026-10-02
ENG01158,STU01158,10.16,14,82.35,3,91.96,22,2026-10-02
ENG01159,STU01159,8.03,17,70.83,7,70.97,13,2026-10-02
ENG01160,STU01160,3.49,9,60.0,6,54.7,14,2026-10-02
ENG01161,STU01161,7.01,11,47.83,12,40.53,13,2026-10-02
ENG01162,STU01162,3.93,10,66.67,5,60.95,15,2026-10-02
ENG01163,STU01163,6.65,18,75.0,6,63.0,14,2026-10-02
ENG01164,STU01164,10.57,9,60.0,6,68.39,25,2026-10-02
ENG01165,STU01165,6.58,18,78.26,5,58.18,16,2026-10-02
ENG01166,STU01166,7.97,17,80.95,4,64.93,19,2026-10-02
ENG01167,STU01167,6.08,18,75.0,6,40.0,6,2026-10-02
ENG01168,STU01168,0,5,41.67,7,48.1,8,2026-10-02
ENG01169,STU01169,5.49,14,73.68,5,51.67,25,2026-10-02
ENG01170,STU01170,19.97,19,100.0,0,85.91,46,2026-10-02
ENG01171,STU01171,4.6,12,75.0,4,69.06,16,2026-10-02
ENG01172,STU01172,10.38,12,75.0,4,90.84,25,2026-10-02
ENG01173,STU01173,8.11,9,75.0,3,57.51,26,2026-10-02
ENG01174,STU01174,14.81,18,81.82,4,65.27,34,2026-10-02
ENG01175,STU01175,11.12,11,78.57,3,59.07,28,2026-10-02
ENG01176,STU01176,4.78,7,58.33,5,50.31,13,2026-10-02
ENG01177,STU01177,10.11,17,73.91,6,64.35,27,2026-10-02
ENG01178,STU01178,5.11,10,62.5,6,49.18,16,2026-10-02
ENG01179,STU01179,11.45,15,100.0,0,87.69,26,2026-10-02
ENG01180,STU01180,11.63,15,65.22,8,70.29,20,2026-10-02
ENG01181,STU01181,9.19,8,53.33,7,45.34,22,2026-10-02
ENG01182,STU01182,0,10,52.63,9,59.09,13,2026-10-02
ENG01183,STU01183,6.62,13,54.17,11,56.05,15,2026-10-02
ENG01184,STU01184,7.86,9,52.94,8,53.32,7,2026-10-02
ENG01185,STU01185,3.25,7,53.85,6,57.72,16,2026-10-02
ENG01186,STU01186,4.52,11,64.71,6,61.5,8,2026-10-02
ENG01187,STU01187,10.37,14,66.67,7,61.56,27,2026-10-02
ENG01188,STU01188,12.93,13,56.52,10,71.27,26,2026-10-02
ENG01189,STU01189,13.8,13,65.0,7,89.26,29,2026-10-02
ENG01190,STU01190,14.47,15,78.95,4,83.47,36,2026-10-02
ENG01191,STU01191,7.7,17,85.0,3,59.71,23,2026-10-02
ENG01192,STU01192,5.18,9,69.23,4,66.96,17,2026-10-02
ENG01193,STU01193,14.23,14,73.68,5,60.34,26,2026-10-02
ENG01194,STU01194,8.19,8,53.33,7,56.03,23,2026-10-02
ENG01195,STU01195,7.19,9,64.29,5,71.81,12,2026-10-02
ENG01196,STU01196,12.75,17,73.91,6,77.17,26,2026-10-02
ENG01197,STU01197,9.25,11,68.75,5,62.53,21,2026-10-02
ENG01198,STU01198,18.7,19,86.36,3,76.41,43,2026-10-02
ENG01199,STU01199,1.55,12,70.59,5,49.91,5,2026-10-02
ENG01200,STU01200,5.3,16,66.67,8,63.14,11,2026-10-02
ENG01201,STU01201,8.48,12,57.14,9,54.46,17,2026-10-02
ENG01202,STU01202,11.15,13,72.22,5,48.33,30,2026-10-02
ENG01203,STU01203,4.76,18,78.26,5,44.79,23,2026-10-02
ENG01204,STU01204,0.34,12,52.17,11,34.84,8,2026-10-02
ENG01205,STU01205,4.82,13,61.9,8,46.1,11,2026-10-02
ENG01206,STU01206,9.81,12,85.71,2,77.23,22,2026-10-02
ENG01207,STU01207,4.45,16,69.57,7,62.05,18,2026-10-02
ENG01208,STU01208,10.83,12,66.67,6,77.4,27,2026-10-02
ENG01209,STU01209,0,7,43.75,9,35.1,4,2026-10-02
ENG01210,STU01210,10.12,7,53.85,6,55.38,27,2026-10-02
ENG01211,STU01211,0,9,50.0,9,33.58,7,2026-10-02
ENG01212,STU01212,0,9,42.86,12,40.91,6,2026-10-02
ENG01213,STU01213,14.61,14,82.35,3,62.9,36,2026-10-02
ENG01214,STU01214,6.7,10,62.5,6,60.14,21,2026-10-02
ENG01215,STU01215,6.68,11,64.71,6,67.25,16,2026-10-02
ENG01216,STU01216,7.33,10,45.45,12,51.69,14,2026-10-02
ENG01217,STU01217,15.26,16,69.57,7,76.53,32,2026-10-02
ENG01218,STU01218,9.98,13,86.67,2,74.6,22,2026-10-02
ENG01219,STU01219,0,11,50.0,11,45.26,8,2026-10-02
ENG01220,STU01220,5.09,9,60.0,6,34.99,18,2026-10-02
ENG01221,STU01221,5.86,19,79.17,5,83.9,16,2026-10-02
ENG01222,STU01222,10.43,14,70.0,6,65.33,21,2026-10-02
ENG01223,STU01223,16.62,12,85.71,2,57.64,26,2026-10-02
ENG01224,STU01224,16.29,22,95.65,1,88.95,44,2026-10-02
ENG01225,STU01225,6.06,14,73.68,5,59.99,5,2026-10-02
ENG01226,STU01226,12.57,17,100.0,0,70.77,36,2026-10-02
ENG01227,STU01227,5.68,6,46.15,7,50.56,9,2026-10-02
ENG01228,STU01228,7.72,13,61.9,8,61.38,14,2026-10-02
ENG01229,STU01229,4.59,5,41.67,7,51.51,17,2026-10-02
ENG01230,STU01230,5.86,7,30.43,16,46.91,5,2026-10-02
ENG01231,STU01231,11.04,9,60.0,6,59.31,24,2026-10-02
ENG01232,STU01232,3.3,10,55.56,8,48.41,12,2026-10-02
ENG01233,STU01233,8.37,13,72.22,5,68.41,17,2026-10-02
ENG01234,STU01234,5.34,15,88.24,2,71.91,11,2026-10-02
ENG01235,STU01235,0,15,62.5,9,59.11,11,2026-10-02
ENG01236,STU01236,0,3,23.08,10,24.48,6,2026-10-02
ENG01237,STU01237,18.26,16,100.0,0,89.42,33,2026-10-02
ENG01238,STU01238,17.1,16,80.0,4,70.92,31,2026-10-02
ENG01239,STU01239,11.39,12,75.0,4,50.84,20,2026-10-02
ENG01240,STU01240,6.65,13,59.09,9,57.43,12,2026-10-02
ENG01241,STU01241,11.35,11,84.62,2,55.97,22,2026-10-02
ENG01242,STU01242,0.89,7,53.85,6,48.68,6,2026-10-02
ENG01243,STU01243,19.24,16,100.0,0,91.74,41,2026-10-02
ENG01244,STU01244,12.07,12,75.0,4,79.93,22,2026-10-02
ENG01245,STU01245,16.05,10,76.92,3,79.6,40,2026-10-02
ENG01246,STU01246,10.2,8,66.67,4,59.98,20,2026-10-02
ENG01247,STU01247,2.29,12,63.16,7,54.95,10,2026-10-02
ENG01248,STU01248,13.66,11,73.33,4,80.75,39,2026-10-02
ENG01249,STU01249,11.22,12,66.67,6,60.45,25,2026-10-02
ENG01250,STU01250,2.66,12,52.17,11,52.69,14,2026-10-02
ENG01251,STU01251,1.75,6,46.15,7,41.02,10,2026-10-02
ENG01252,STU01252,16.39,18,94.74,1,96.48,45,2026-10-02
ENG01253,STU01253,7.34,15,71.43,6,53.45,20,2026-10-02
ENG01254,STU01254,16.54,16,94.12,1,71.84,36,2026-10-02
ENG01255,STU01255,11.0,12,85.71,2,79.25,19,2026-10-02
ENG01256,STU01256,4.68,10,66.67,5,48.7,23,2026-10-02
ENG01257,STU01257,7.93,11,68.75,5,69.96,15,2026-10-02
ENG01258,STU01258,8.78,9,45.0,11,44.82,20,2026-10-02
ENG01259,STU01259,0.15,10,50.0,10,42.43,7,2026-10-02
ENG01260,STU01260,8.36,17,73.91,6,67.66,19,2026-10-02
ENG01261,STU01261,18.14,10,62.5,6,75.64,27,2026-10-02
ENG01262,STU01262,9.61,11,84.62,2,65.61,22,2026-10-02
ENG01263,STU01263,1.65,9,69.23,4,40.72,16,2026-10-02
ENG01264,STU01264,13.44,14,70.0,6,54.44,26,2026-10-02
ENG01265,STU01265,6.97,13,65.0,7,67.04,18,2026-10-02
ENG01266,STU01266,3.89,12,52.17,11,65.13,15,2026-10-02
ENG01267,STU01267,0.9,8,42.11,11,46.53,12,2026-10-02
ENG01268,STU01268,10.63,13,68.42,6,61.66,28,2026-10-02
ENG01269,STU01269,4.65,10,58.82,7,53.64,13,2026-10-02
ENG01270,STU01270,6.82,7,58.33,5,48.18,20,2026-10-02
ENG01271,STU01271,10.57,7,58.33,5,64.88,22,2026-10-02
ENG01272,STU01272,12.48,10,52.63,9,47.64,18,2026-10-02
ENG01273,STU01273,13.65,13,61.9,8,67.9,23,2026-10-02
ENG01274,STU01274,6.11,12,50.0,12,61.09,14,2026-10-02
ENG01275,STU01275,2.61,8,53.33,7,39.97,2,2026-10-02
ENG01276,STU01276,8.68,7,58.33,5,55.2,20,2026-10-02
ENG01277,STU01277,4.8,10,62.5,6,53.42,18,2026-10-02
ENG01278,STU01278,14.11,16,76.19,5,68.52,30,2026-10-02
ENG01279,STU01279,15.95,18,94.74,1,88.19,26,2026-10-02
ENG01280,STU01280,5.91,8,61.54,5,30.74,13,2026-10-02
ENG01281,STU01281,9.0,14,73.68,5,65.97,16,2026-10-02
ENG01282,STU01282,21.49,10,76.92,3,72.55,36,2026-10-02
ENG01283,STU01283,3.4,14,58.33,10,48.8,12,2026-10-02
ENG01284,STU01284,14.25,13,86.67,2,75.75,29,2026-10-02
ENG01285,STU01285,7.38,12,57.14,9,55.32,27,2026-10-02
ENG01286,STU01286,5.62,8,42.11,11,61.06,17,2026-10-02
ENG01287,STU01287,0,6,40.0,9,46.67,3,2026-10-02
ENG01288,STU01288,12.45,12,60.0,8,79.88,25,2026-10-02
ENG01289,STU01289,9.08,9,69.23,4,74.81,24,2026-10-02
ENG01290,STU01290,5.01,10,52.63,9,31.75,16,2026-10-02
ENG01291,STU01291,10.61,8,66.67,4,66.79,14,2026-10-02
ENG01292,STU01292,15.84,18,100.0,0,83.64,30,2026-10-02
ENG01293,STU01293,0,10,41.67,14,57.15,12,2026-10-02
ENG01294,STU01294,11.84,13,81.25,3,66.9,33,2026-10-02
ENG01295,STU01295,0,10,58.82,7,49.44,6,2026-10-02
ENG01296,STU01296,0,5,29.41,12,58.95,4,2026-10-02
ENG01297,STU01297,8.55,14,70.0,6,76.95,26,2026-10-02
ENG01298,STU01298,10.57,8,57.14,6,63.9,25,2026-10-02
ENG01299,STU01299,13.23,14,82.35,3,92.19,37,2026-10-02
ENG01300,STU01300,4.98,10,62.5,6,56.34,22,2026-10-02
ENG01301,STU01301,0,13,54.17,11,49.59,4,2026-10-02
ENG01302,STU01302,0,7,33.33,14,47.04,0,2026-10-02
ENG01303,STU01303,12.65,14,66.67,7,70.72,32,2026-10-02
ENG01304,STU01304,0.46,15,62.5,9,57.98,8,2026-10-02
ENG01305,STU01305,14.71,11,78.57,3,69.75,40,2026-10-02
ENG01306,STU01306,4.47,13,68.42,6,61.8,17,2026-10-02
ENG01307,STU01307,23.33,13,92.86,1,91.91,48,2026-10-02
ENG01308,STU01308,4.96,9,56.25,7,61.61,17,2026-10-02
ENG01309,STU01309,11.98,16,69.57,7,64.28,26,2026-10-02
ENG01310,STU01310,11.25,18,85.71,3,75.1,32,2026-10-02
ENG01311,STU01311,7.85,12,75.0,4,59.71,27,2026-10-02
ENG01312,STU01312,1.94,16,66.67,8,60.13,6,2026-10-02
ENG01313,STU01313,5.53,9,69.23,4,54.95,10,2026-10-02
ENG01314,STU01314,10.88,14,70.0,6,53.24,19,2026-10-02
ENG01315,STU01315,0,11,52.38,10,58.6,13,2026-10-02
ENG01316,STU01316,6.29,7,53.85,6,50.6,17,2026-10-02
ENG01317,STU01317,12.08,15,62.5,9,57.72,26,2026-10-02
ENG01318,STU01318,9.31,9,60.0,6,78.12,21,2026-10-02
ENG01319,STU01319,0.2,12,70.59,5,55.84,8,2026-10-02
ENG01320,STU01320,2.55,12,52.17,11,48.21,4,2026-10-02
ENG01321,STU01321,9.57,16,88.89,2,70.71,25,2026-10-02
ENG01322,STU01322,13.31,11,64.71,6,61.94,30,2026-10-02
ENG01323,STU01323,8.16,14,66.67,7,68.2,27,2026-10-02
ENG01324,STU01324,22.49,18,100.0,0,100.0,44,2026-10-02
ENG01325,STU01325,2.51,10,66.67,5,62.26,14,2026-10-02
ENG01326,STU01326,6.17,9,56.25,7,54.16,23,2026-10-02
ENG01327,STU01327,12.08,11,84.62,2,64.14,40,2026-10-02
ENG01328,STU01328,3.5,11,78.57,3,56.85,14,2026-10-02
ENG01329,STU01329,16.08,16,84.21,3,78.89,32,2026-10-02
ENG01330,STU01330,3.88,7,58.33,5,62.3,14,2026-10-02
ENG01331,STU01331,6.98,9,69.23,4,57.62,13,2026-10-02
ENG01332,STU01332,4.77,15,78.95,4,72.96,15,2026-10-02
ENG01333,STU01333,9.37,9,64.29,5,54.86,17,2026-10-02
ENG01334,STU01334,1.61,6,42.86,8,49.19,9,2026-10-02
ENG01335,STU01335,4.92,9,75.0,3,48.57,17,2026-10-02
ENG01336,STU01336,16.32,16,72.73,6,65.83,34,2026-10-02
ENG01337,STU01337,4.64,14,60.87,9,55.7,6,2026-10-02
ENG01338,STU01338,10.51,13,61.9,8,47.42,23,2026-10-02
ENG01339,STU01339,3.44,12,63.16,7,60.05,9,2026-10-02
ENG01340,STU01340,6.06,12,50.0,12,46.01,17,2026-10-02
ENG01341,STU01341,7.91,16,84.21,3,84.02,26,2026-10-02
ENG01342,STU01342,22.67,21,95.45,1,97.48,46,2026-10-02
ENG01343,STU01343,8.57,11,64.71,6,65.02,18,2026-10-02
ENG01344,STU01344,6.68,10,47.62,11,56.12,19,2026-10-02
ENG01345,STU01345,11.26,18,78.26,5,50.42,19,2026-10-02
ENG01346,STU01346,4.9,8,66.67,4,54.35,3,2026-10-02
ENG01347,STU01347,10.02,18,75.0,6,71.33,21,2026-10-02
ENG01348,STU01348,12.64,18,78.26,5,66.12,29,2026-10-02
ENG01349,STU01349,0,11,55.0,9,57.12,0,2026-10-02
ENG01350,STU01350,9.06,20,95.24,1,70.54,19,2026-10-02
ENG01351,STU01351,6.47,7,38.89,11,53.72,11,2026-10-02
ENG01352,STU01352,6.06,10,71.43,4,46.81,13,2026-10-02
ENG01353,STU01353,3.1,12,60.0,8,58.99,12,2026-10-02
ENG01354,STU01354,13.59,13,81.25,3,69.99,32,2026-10-02
ENG01355,STU01355,12.46,7,50.0,7,72.12,22,2026-10-02
ENG01356,STU01356,3.0,7,58.33,5,58.54,15,2026-10-02
ENG01357,STU01357,0,7,29.17,17,16.72,5,2026-10-02
ENG01358,STU01358,7.29,7,46.67,8,74.7,15,2026-10-02
ENG01359,STU01359,0,12,57.14,9,62.8,15,2026-10-02
ENG01360,STU01360,5.93,11,64.71,6,57.59,13,2026-10-02
ENG01361,STU01361,15.7,13,68.42,6,69.31,25,2026-10-02
ENG01362,STU01362,5.76,13,81.25,3,84.62,29,2026-10-02
ENG01363,STU01363,3.41,14,60.87,9,59.24,13,2026-10-02
ENG01364,STU01364,13.62,20,95.24,1,71.7,22,2026-10-02
ENG01365,STU01365,11.17,13,81.25,3,74.11,36,2026-10-02
ENG01366,STU01366,9.24,12,75.0,4,75.6,27,2026-10-02
ENG01367,STU01367,4.63,13,72.22,5,63.92,14,2026-10-02
ENG01368,STU01368,6.74,14,60.87,9,58.34,17,2026-10-02
ENG01369,STU01369,4.31,11,68.75,5,48.47,16,2026-10-02
ENG01370,STU01370,15.75,16,88.89,2,94.67,22,2026-10-02
ENG01371,STU01371,4.58,7,50.0,7,44.19,9,2026-10-02
ENG01372,STU01372,17.22,14,82.35,3,75.22,40,2026-10-02
ENG01373,STU01373,0,6,27.27,16,33.61,5,2026-10-02
ENG01374,STU01374,6.05,9,60.0,6,62.21,9,2026-10-02
ENG01375,STU01375,17.0,12,85.71,2,69.76,30,2026-10-02
ENG01376,STU01376,4.19,16,72.73,6,70.09,20,2026-10-02
ENG01377,STU01377,9.63,9,75.0,3,72.76,18,2026-10-02
ENG01378,STU01378,2.91,10,45.45,12,50.64,9,2026-10-02
ENG01379,STU01379,2.0,14,70.0,6,53.91,14,2026-10-02
ENG01380,STU01380,19.37,17,100.0,0,81.15,39,2026-10-02
ENG01381,STU01381,5.81,12,63.16,7,55.62,14,2026-10-02
ENG01382,STU01382,9.47,10,58.82,7,43.38,29,2026-10-02
ENG01383,STU01383,10.77,14,60.87,9,78.35,28,2026-10-02
ENG01384,STU01384,9.93,13,92.86,1,71.72,21,2026-10-02
ENG01385,STU01385,5.26,9,69.23,4,54.54,28,2026-10-02
ENG01386,STU01386,3.89,8,57.14,6,47.14,8,2026-10-02
ENG01387,STU01387,7.29,12,75.0,4,42.36,27,2026-10-02
ENG01388,STU01388,0.2,6,50.0,6,37.3,13,2026-10-02
ENG01389,STU01389,17.84,15,88.24,2,70.65,33,2026-10-02
ENG01390,STU01390,5.05,9,69.23,4,42.1,17,2026-10-02
ENG01391,STU01391,11.15,9,52.94,8,52.56,23,2026-10-02
ENG01392,STU01392,0.29,6,35.29,11,39.15,2,2026-10-02
ENG01393,STU01393,8.57,13,68.42,6,77.38,21,2026-10-02
ENG01394,STU01394,9.08,11,73.33,4,62.86,23,2026-10-02
ENG01395,STU01395,6.96,15,78.95,4,60.68,15,2026-10-02
ENG01396,STU01396,7.6,10,62.5,6,55.42,21,2026-10-02
ENG01397,STU01397,6.63,14,70.0,6,56.34,15,2026-10-02
ENG01398,STU01398,7.11,12,57.14,9,77.97,20,2026-10-02
ENG01399,STU01399,7.27,17,70.83,7,69.5,13,2026-10-02
ENG01400,STU01400,8.25,15,62.5,9,57.61,20,2026-10-02
ENG01401,STU01401,1.72,6,42.86,8,35.53,5,2026-10-02
ENG01402,STU01402,6.88,17,73.91,6,64.58,16,2026-10-02
ENG01403,STU01403,13.93,17,89.47,2,88.21,25,2026-10-02
ENG01404,STU01404,2.02,11,52.38,10,45.27,14,2026-10-02
ENG01405,STU01405,5.99,12,63.16,7,63.16,22,2026-10-02
ENG01406,STU01406,0,14,58.33,10,42.1,9,2026-10-02
ENG01407,STU01407,9.66,10,62.5,6,67.94,19,2026-10-02
ENG01408,STU01408,0,7,36.84,12,32.91,2,2026-10-02
ENG01409,STU01409,6.72,10,66.67,5,75.59,17,2026-10-02
ENG01410,STU01410,5.81,14,58.33,10,51.95,8,2026-10-02
ENG01411,STU01411,0,6,50.0,6,40.56,5,2026-10-02
ENG01412,STU01412,6.15,14,66.67,7,48.39,21,2026-10-02
ENG01413,STU01413,18.9,17,85.0,3,82.47,37,2026-10-02
ENG01414,STU01414,16.38,12,70.59,5,92.42,24,2026-10-02
ENG01415,STU01415,9.82,16,88.89,2,86.88,23,2026-10-02
ENG01416,STU01416,0.3,8,40.0,12,53.64,5,2026-10-02
ENG01417,STU01417,0.54,7,30.43,16,57.49,0,2026-10-02
ENG01418,STU01418,10.82,8,66.67,4,62.06,36,2026-10-02
ENG01419,STU01419,14.14,12,54.55,10,53.67,24,2026-10-02
ENG01420,STU01420,0,8,38.1,13,39.74,8,2026-10-02
ENG01421,STU01421,10.94,12,75.0,4,72.5,36,2026-10-02
ENG01422,STU01422,4.78,8,53.33,7,47.57,13,2026-10-02
ENG01423,STU01423,6.55,13,76.47,4,78.9,12,2026-10-02
ENG01424,STU01424,6.14,11,68.75,5,64.52,24,2026-10-02
ENG01425,STU01425,7.18,16,69.57,7,60.6,24,2026-10-02
ENG01426,STU01426,12.58,18,81.82,4,58.32,28,2026-10-02
ENG01427,STU01427,8.99,10,66.67,5,53.86,28,2026-10-02
ENG01428,STU01428,11.16,12,75.0,4,73.4,28,2026-10-02
ENG01429,STU01429,8.43,9,52.94,8,66.78,5,2026-10-02
ENG01430,STU01430,15.48,11,78.57,3,84.4,32,2026-10-02
ENG01431,STU01431,17.56,11,68.75,5,94.37,33,2026-10-02
ENG01432,STU01432,10.24,14,87.5,2,77.64,23,2026-10-02
ENG01433,STU01433,15.53,14,93.33,1,77.29,34,2026-10-02
ENG01434,STU01434,0,10,43.48,13,25.48,6,2026-10-02
ENG01435,STU01435,12.23,13,86.67,2,62.45,29,2026-10-02
ENG01436,STU01436,15.29,20,95.24,1,72.37,29,2026-10-02
ENG01437,STU01437,2.83,8,61.54,5,70.52,17,2026-10-02
ENG01438,STU01438,11.25,12,80.0,3,72.91,28,2026-10-02
ENG01439,STU01439,0,10,55.56,8,48.8,15,2026-10-02
ENG01440,STU01440,2.73,11,47.83,12,33.95,8,2026-10-02
ENG01441,STU01441,3.24,12,52.17,11,43.27,13,2026-10-02
ENG01442,STU01442,9.79,15,78.95,4,61.07,16,2026-10-02
ENG01443,STU01443,7.62,14,63.64,8,68.79,20,2026-10-02
ENG01444,STU01444,2.57,11,52.38,10,46.51,18,2026-10-02
ENG01445,STU01445,13.19,15,68.18,7,63.69,25,2026-10-02
ENG01446,STU01446,7.28,10,62.5,6,62.49,20,2026-10-02
ENG01447,STU01447,6.42,10,45.45,12,42.37,14,2026-10-02
ENG01448,STU01448,3.09,8,38.1,13,44.92,9,2026-10-02
ENG01449,STU01449,0,4,26.67,11,48.83,9,2026-10-02
ENG01450,STU01450,11.39,14,73.68,5,65.32,24,2026-10-02
ENG01451,STU01451,17.53,12,80.0,3,63.34,31,2026-10-02
ENG01452,STU01452,7.46,12,60.0,8,70.0,17,2026-10-02
ENG01453,STU01453,7.15,12,66.67,6,50.71,14,2026-10-02
ENG01454,STU01454,7.63,10,71.43,4,65.41,20,2026-10-02
ENG01455,STU01455,7.19,19,90.48,2,89.73,26,2026-10-02
ENG01456,STU01456,7.13,16,69.57,7,42.14,17,2026-10-02
ENG01457,STU01457,9.5,21,91.3,2,77.36,27,2026-10-02
ENG01458,STU01458,10.06,17,94.44,1,77.75,27,2026-10-02
ENG01459,STU01459,12.98,13,81.25,3,58.11,26,2026-10-02
ENG01460,STU01460,7.41,13,68.42,6,53.14,23,2026-10-02
ENG01461,STU01461,6.4,6,35.29,11,36.18,15,2026-10-02
ENG01462,STU01462,0.26,10,52.63,9,49.18,4,2026-10-02
ENG01463,STU01463,8.01,13,59.09,9,61.23,18,2026-10-02
ENG01464,STU01464,0,11,52.38,10,50.17,12,2026-10-02
ENG01465,STU01465,0,10,47.62,11,53.82,6,2026-10-02
ENG01466,STU01466,7.24,14,58.33,10,57.63,4,2026-10-02
ENG01467,STU01467,2.74,10,58.82,7,53.95,10,2026-10-02
ENG01468,STU01468,8.06,9,60.0,6,65.39,24,2026-10-02
ENG01469,STU01469,8.41,13,59.09,9,70.05,22,2026-10-02
ENG01470,STU01470,24.24,19,90.48,2,86.23,49,2026-10-02
ENG01471,STU01471,11.21,11,64.71,6,81.8,19,2026-10-02
ENG01472,STU01472,12.61,10,76.92,3,65.78,24,2026-10-02
ENG01473,STU01473,12.22,8,66.67,4,66.73,20,2026-10-02
ENG01474,STU01474,5.97,14,66.67,7,56.17,17,2026-10-02
ENG01475,STU01475,1.8,9,64.29,5,53.16,5,2026-10-02
ENG01476,STU01476,11.9,11,73.33,4,71.87,25,2026-10-02
ENG01477,STU01477,10.29,9,64.29,5,69.05,27,2026-10-02
ENG01478,STU01478,6.08,6,50.0,6,51.19,7,2026-10-02
ENG01479,STU01479,10.62,12,80.0,3,63.08,27,2026-10-02
ENG01480,STU01480,9.35,16,76.19,5,46.05,24,2026-10-02
ENG01481,STU01481,9.96,17,85.0,3,73.11,27,2026-10-02
ENG01482,STU01482,4.93,7,53.85,6,49.16,12,2026-10-02
ENG01483,STU01483,0,7,53.85,6,50.62,8,2026-10-02
ENG01484,STU01484,0,8,57.14,6,39.92,6,2026-10-02
ENG01485,STU01485,0.21,8,47.06,9,40.12,5,2026-10-02
ENG01486,STU01486,12.35,16,80.0,4,72.49,27,2026-10-02
ENG01487,STU01487,19.19,16,94.12,1,95.82,34,2026-10-02
ENG01488,STU01488,14.18,22,91.67,2,70.66,35,2026-10-02
ENG01489,STU01489,3.8,6,50.0,6,58.15,7,2026-10-02
ENG01490,STU01490,16.71,22,91.67,2,76.33,42,2026-10-02
ENG01491,STU01491,10.62,11,73.33,4,64.38,25,2026-10-02
ENG01492,STU01492,1.12,16,66.67,8,64.4,0,2026-10-02
ENG01493,STU01493,3.34,12,52.17,11,59.43,14,2026-10-02
ENG01494,STU01494,3.84,9,45.0,11,46.46,8,2026-10-02
ENG01495,STU01495,4.87,11,61.11,7,40.53,16,2026-10-02
ENG01496,STU01496,16.13,11,78.57,3,76.67,35,2026-10-02
ENG01497,STU01497,17.06,14,100.0,0,97.66,40,2026-10-02
ENG01498,STU01498,7.55,12,63.16,7,70.82,11,2026-10-02
ENG01499,STU01499,1.06,10,55.56,8,43.96,14,2026-10-02
ENG01500,STU01500,12.37,17,85.0,3,77.81,31,2026-10-02
ENG01501,STU01501,11.23,16,72.73,6,65.43,27,2026-10-02
ENG01502,STU01502,7.5,12,54.55,10,63.29,24,2026-10-02
ENG01503,STU01503,15.47,18,90.0,2,95.73,30,2026-10-02
ENG01504,STU01504,13.59,13,86.67,2,81.39,22,2026-10-02
ENG01505,STU01505,9.94,15,75.0,5,80.5,21,2026-10-02
ENG01506,STU01506,0,3,14.29,18,25.13,1,2026-10-02
ENG01507,STU01507,7.85,9,50.0,9,42.57,14,2026-10-02
ENG01508,STU01508,11.89,14,82.35,3,66.27,29,2026-10-02
ENG01509,STU01509,11.54,15,88.24,2,76.61,25,2026-10-02
ENG01510,STU01510,4.79,7,50.0,7,50.46,24,2026-10-02
ENG01511,STU01511,11.25,11,78.57,3,70.14,22,2026-10-02
ENG01512,STU01512,22.7,15,100.0,0,100.0,42,2026-10-02
ENG01513,STU01513,11.27,17,70.83,7,71.44,27,2026-10-02
ENG01514,STU01514,11.88,10,76.92,3,79.83,28,2026-10-02
ENG01515,STU01515,5.33,9,64.29,5,73.62,16,2026-10-02
ENG01516,STU01516,1.17,9,50.0,9,41.42,9,2026-10-02
ENG01517,STU01517,9.89,10,71.43,4,76.91,29,2026-10-02
ENG01518,STU01518,6.35,12,63.16,7,53.17,22,2026-10-02
ENG01519,STU01519,0,13,61.9,8,59.37,1,2026-10-02
ENG01520,STU01520,14.27,8,61.54,5,81.78,22,2026-10-02
ENG01521,STU01521,14.73,24,100.0,0,91.78,28,2026-10-02
ENG01522,STU01522,0,4,33.33,8,54.75,7,2026-10-02
ENG01523,STU01523,3.62,9,75.0,3,46.52,11,2026-10-02
ENG01524,STU01524,3.74,14,58.33,10,50.01,22,2026-10-02
ENG01525,STU01525,0,6,46.15,7,42.66,4,2026-10-02
ENG01526,STU01526,1.78,7,53.85,6,51.66,7,2026-10-02
ENG01527,STU01527,7.22,15,65.22,8,57.2,20,2026-10-02
ENG01528,STU01528,11.12,17,70.83,7,61.59,20,2026-10-02
ENG01529,STU01529,14.12,19,82.61,4,76.46,37,2026-10-02
ENG01530,STU01530,0,13,68.42,6,53.55,8,2026-10-02
ENG01531,STU01531,0,10,47.62,11,33.79,7,2026-10-02
ENG01532,STU01532,0,10,50.0,10,33.46,13,2026-10-02
ENG01533,STU01533,14.63,13,86.67,2,100.0,41,2026-10-02
ENG01534,STU01534,5.22,11,84.62,2,59.34,28,2026-10-02
ENG01535,STU01535,14.34,15,78.95,4,74.0,25,2026-10-02
ENG01536,STU01536,6.0,14,58.33,10,52.18,19,2026-10-02
ENG01537,STU01537,4.46,7,50.0,7,62.76,19,2026-10-02
ENG01538,STU01538,10.63,16,88.89,2,74.41,20,2026-10-02
ENG01539,STU01539,7.33,8,53.33,7,48.33,21,2026-10-02
ENG01540,STU01540,11.35,11,73.33,4,67.05,32,2026-10-02
ENG01541,STU01541,11.61,14,73.68,5,67.2,29,2026-10-02
ENG01542,STU01542,11.38,21,100.0,0,85.5,33,2026-10-02
ENG01543,STU01543,0,7,36.84,12,39.47,2,2026-10-02
ENG01544,STU01544,10.76,16,72.73,6,67.38,33,2026-10-02
ENG01545,STU01545,8.73,13,65.0,7,85.01,25,2026-10-02
ENG01546,STU01546,2.77,5,41.67,7,73.64,23,2026-10-02
ENG01547,STU01547,8.56,7,58.33,5,47.92,11,2026-10-02
ENG01548,STU01548,2.55,8,53.33,7,57.93,6,2026-10-02
ENG01549,STU01549,15.73,10,71.43,4,70.34,31,2026-10-02
ENG01550,STU01550,3.19,10,66.67,5,49.85,8,2026-10-02
ENG01551,STU01551,4.13,13,61.9,8,33.27,9,2026-10-02
ENG01552,STU01552,10.67,13,76.47,4,84.92,35,2026-10-02
ENG01553,STU01553,9.43,14,58.33,10,52.06,20,2026-10-02
ENG01554,STU01554,13.31,16,69.57,7,68.74,24,2026-10-02
ENG01555,STU01555,9.54,8,66.67,4,59.52,26,2026-10-02
ENG01556,STU01556,8.04,16,69.57,7,63.22,17,2026-10-02
ENG01557,STU01557,14.35,17,80.95,4,74.05,32,2026-10-02
ENG01558,STU01558,8.94,16,66.67,8,71.05,13,2026-10-02
ENG01559,STU01559,12.12,14,93.33,1,79.53,30,2026-10-02
ENG01560,STU01560,8.82,15,65.22,8,65.53,9,2026-10-02
ENG01561,STU01561,2.1,15,71.43,6,70.69,13,2026-10-02
ENG01562,STU01562,9.89,15,88.24,2,72.46,29,2026-10-02
ENG01563,STU01563,7.84,14,66.67,7,64.79,9,2026-10-02
ENG01564,STU01564,3.38,16,72.73,6,79.75,16,2026-10-02
ENG01565,STU01565,12.03,13,65.0,7,66.58,22,2026-10-02
ENG01566,STU01566,12.89,11,73.33,4,90.1,26,2026-10-02
ENG01567,STU01567,9.88,11,61.11,7,62.83,26,2026-10-02
ENG01568,STU01568,8.1,14,93.33,1,76.11,32,2026-10-02
ENG01569,STU01569,9.0,13,56.52,10,72.55,12,2026-10-02
ENG01570,STU01570,8.8,11,68.75,5,69.79,28,2026-10-02
ENG01571,STU01571,6.56,10,52.63,9,51.09,10,2026-10-02
ENG01572,STU01572,5.64,13,61.9,8,37.55,14,2026-10-02
ENG01573,STU01573,9.46,8,61.54,5,62.1,23,2026-10-02
ENG01574,STU01574,19.74,19,90.48,2,90.23,39,2026-10-02
ENG01575,STU01575,0,12,50.0,12,55.03,7,2026-10-02
ENG01576,STU01576,16.74,21,91.3,2,89.62,32,2026-10-02
ENG01577,STU01577,0,11,50.0,11,44.04,6,2026-10-02
ENG01578,STU01578,13.12,13,86.67,2,81.9,27,2026-10-02
ENG01579,STU01579,2.19,13,56.52,10,47.51,16,2026-10-02
ENG01580,STU01580,10.55,14,82.35,3,55.63,26,2026-10-02
ENG01581,STU01581,11.94,10,58.82,7,61.84,17,2026-10-02
ENG01582,STU01582,1.69,12,50.0,12,35.61,3,2026-10-02
ENG01583,STU01583,5.91,16,66.67,8,57.27,12,2026-10-02
ENG01584,STU01584,10.08,10,83.33,2,76.02,19,2026-10-02
ENG01585,STU01585,9.72,9,64.29,5,65.64,27,2026-10-02
ENG01586,STU01586,10.3,19,86.36,3,68.23,20,2026-10-02
ENG01587,STU01587,9.27,19,79.17,5,48.12,18,2026-10-02
ENG01588,STU01588,17.07,19,86.36,3,77.79,31,2026-10-02
ENG01589,STU01589,14.35,13,92.86,1,81.27,29,2026-10-02
ENG01590,STU01590,4.94,8,47.06,9,48.44,18,2026-10-02
ENG01591,STU01591,11.95,15,83.33,3,55.87,31,2026-10-02
ENG01592,STU01592,0,8,40.0,12,34.95,7,2026-10-02
ENG01593,STU01593,4.58,7,46.67,8,51.43,14,2026-10-02
ENG01594,STU01594,5.1,10,55.56,8,58.9,7,2026-10-02
ENG01595,STU01595,4.01,7,58.33,5,56.67,22,2026-10-02
ENG01596,STU01596,4.56,13,54.17,11,64.62,12,2026-10-02
ENG01597,STU01597,12.96,18,78.26,5,81.38,27,2026-10-02
ENG01598,STU01598,13.44,14,70.0,6,75.85,29,2026-10-02
ENG01599,STU01599,12.04,16,69.57,7,88.3,32,2026-10-02
ENG01600,STU01600,11.41,9,60.0,6,67.23,35,2026-10-02
ENG01601,STU01601,1.67,15,83.33,3,54.7,14,2026-10-02
ENG01602,STU01602,9.32,18,81.82,4,71.83,25,2026-10-02
ENG01603,STU01603,2.52,17,70.83,7,55.37,22,2026-10-02
ENG01604,STU01604,6.45,11,50.0,11,52.93,12,2026-10-02
ENG01605,STU01605,13.65,18,85.71,3,77.84,37,2026-10-02
ENG01606,STU01606,9.84,14,87.5,2,77.02,14,2026-10-02
ENG01607,STU01607,16.89,12,100.0,0,83.48,30,2026-10-02
ENG01608,STU01608,0.88,3,21.43,11,36.63,7,2026-10-02
ENG01609,STU01609,15.65,16,88.89,2,77.38,33,2026-10-02
ENG01610,STU01610,0,7,53.85,6,55.18,11,2026-10-02
ENG01611,STU01611,10.61,17,73.91,6,64.93,24,2026-10-02
ENG01612,STU01612,7.94,14,63.64,8,65.55,18,2026-10-02
ENG01613,STU01613,7.81,12,85.71,2,61.17,21,2026-10-02
ENG01614,STU01614,13.49,21,95.45,1,77.55,21,2026-10-02
ENG01615,STU01615,4.14,13,76.47,4,57.51,16,2026-10-02
ENG01616,STU01616,4.34,11,68.75,5,55.32,15,2026-10-02
ENG01617,STU01617,7.07,13,76.47,4,62.84,17,2026-10-02
ENG01618,STU01618,6.67,8,61.54,5,73.63,22,2026-10-02
ENG01619,STU01619,17.17,20,95.24,1,87.57,35,2026-10-02
ENG01620,STU01620,14.61,12,92.31,1,77.48,31,2026-10-02
ENG01621,STU01621,6.2,12,63.16,7,70.89,20,2026-10-02
ENG01622,STU01622,7.61,15,62.5,9,68.26,27,2026-10-02
ENG01623,STU01623,12.59,14,77.78,4,68.11,30,2026-10-02
ENG01624,STU01624,0,6,28.57,15,30.18,0,2026-10-02
ENG01625,STU01625,0,13,56.52,10,54.78,17,2026-10-02
ENG01626,STU01626,2.56,11,50.0,11,53.58,11,2026-10-02
ENG01627,STU01627,14.77,10,66.67,5,72.52,27,2026-10-02
ENG01628,STU01628,26.92,17,85.0,3,74.81,40,2026-10-02
ENG01629,STU01629,4.59,11,61.11,7,61.44,25,2026-10-02
ENG01630,STU01630,4.15,13,59.09,9,60.55,6,2026-10-02
ENG01631,STU01631,7.17,15,65.22,8,52.18,26,2026-10-02
ENG01632,STU01632,11.79,8,66.67,4,68.16,21,2026-10-02
ENG01633,STU01633,16.34,13,86.67,2,73.7,32,2026-10-02
ENG01634,STU01634,0,5,41.67,7,30.3,5,2026-10-02
ENG01635,STU01635,4.31,8,57.14,6,55.96,11,2026-10-02
ENG01636,STU01636,16.34,12,80.0,3,72.64,32,2026-10-02
ENG01637,STU01637,7.0,10,76.92,3,61.5,25,2026-10-02
ENG01638,STU01638,10.4,16,72.73,6,52.48,19,2026-10-02
ENG01639,STU01639,12.56,16,69.57,7,62.4,20,2026-10-02
ENG01640,STU01640,0,8,50.0,8,46.52,4,2026-10-02
ENG01641,STU01641,1.5,12,57.14,9,47.24,9,2026-10-02
ENG01642,STU01642,0,5,33.33,10,39.81,4,2026-10-02
ENG01643,STU01643,13.18,15,68.18,7,66.68,25,2026-10-02
ENG01644,STU01644,12.48,21,87.5,3,73.36,31,2026-10-02
ENG01645,STU01645,7.03,16,69.57,7,52.6,17,2026-10-02
ENG01646,STU01646,7.05,13,65.0,7,35.84,24,2026-10-02
ENG01647,STU01647,8.78,14,93.33,1,82.94,18,2026-10-02
ENG01648,STU01648,8.65,13,68.42,6,47.7,17,2026-10-02
ENG01649,STU01649,13.33,10,76.92,3,84.18,26,2026-10-02
ENG01650,STU01650,1.7,10,62.5,6,65.16,15,2026-10-02
ENG01651,STU01651,3.66,11,47.83,12,52.86,5,2026-10-02
ENG01652,STU01652,14.02,8,61.54,5,72.87,28,2026-10-02
ENG01653,STU01653,11.8,7,46.67,8,57.45,17,2026-10-02
ENG01654,STU01654,17.94,16,66.67,8,63.57,29,2026-10-02
ENG01655,STU01655,12.54,11,57.89,8,59.38,25,2026-10-02
ENG01656,STU01656,0,11,50.0,11,45.03,2,2026-10-02
ENG01657,STU01657,10.68,14,93.33,1,71.27,41,2026-10-02
ENG01658,STU01658,13.77,18,85.71,3,77.66,33,2026-10-02
ENG01659,STU01659,12.86,17,77.27,5,71.29,29,2026-10-02
ENG01660,STU01660,0,11,61.11,7,61.07,7,2026-10-02
ENG01661,STU01661,19.75,11,84.62,2,74.0,33,2026-10-02
ENG01662,STU01662,15.66,12,100.0,0,86.94,32,2026-10-02
ENG01663,STU01663,6.56,9,47.37,10,42.79,16,2026-10-02
ENG01664,STU01664,0,10,71.43,4,60.37,3,2026-10-02
ENG01665,STU01665,13.87,9,75.0,3,70.3,24,2026-10-02
ENG01666,STU01666,0,7,53.85,6,30.67,0,2026-10-02
ENG01667,STU01667,8.74,14,60.87,9,43.74,17,2026-10-02
ENG01668,STU01668,1.43,7,41.18,10,43.25,0,2026-10-02
ENG01669,STU01669,0.12,19,79.17,5,59.28,8,2026-10-02
ENG01670,STU01670,4.68,4,33.33,8,41.04,0,2026-10-02
ENG01671,STU01671,9.57,13,76.47,4,59.19,29,2026-10-02
ENG01672,STU01672,9.81,21,91.3,2,64.57,19,2026-10-02
ENG01673,STU01673,7.32,11,61.11,7,56.68,19,2026-10-02
ENG01674,STU01674,8.22,16,88.89,2,74.37,27,2026-10-02
ENG01675,STU01675,8.43,20,83.33,4,72.86,20,2026-10-02
ENG01676,STU01676,8.76,14,60.87,9,57.22,22,2026-10-02
ENG01677,STU01677,0,12,57.14,9,49.8,12,2026-10-02
ENG01678,STU01678,10.43,14,66.67,7,60.82,14,2026-10-02
ENG01679,STU01679,14.38,14,60.87,9,60.34,25,2026-10-02
ENG01680,STU01680,5.44,10,55.56,8,34.84,12,2026-10-02
ENG01681,STU01681,12.97,9,52.94,8,59.03,25,2026-10-02
ENG01682,STU01682,18.71,14,100.0,0,87.03,34,2026-10-02
ENG01683,STU01683,7.97,11,68.75,5,65.73,9,2026-10-02
ENG01684,STU01684,4.74,10,50.0,10,67.3,17,2026-10-02
ENG01685,STU01685,13.67,10,62.5,6,80.4,28,2026-10-02
ENG01686,STU01686,9.84,13,72.22,5,71.08,17,2026-10-02
ENG01687,STU01687,4.15,13,59.09,9,47.66,10,2026-10-02
ENG01688,STU01688,8.67,13,65.0,7,62.18,8,2026-10-02
ENG01689,STU01689,0.84,10,58.82,7,57.48,8,2026-10-02
ENG01690,STU01690,12.13,16,72.73,6,64.38,26,2026-10-02
ENG01691,STU01691,5.98,14,70.0,6,65.22,22,2026-10-02
ENG01692,STU01692,15.37,9,75.0,3,72.06,32,2026-10-02
ENG01693,STU01693,0,11,55.0,9,38.67,12,2026-10-02
ENG01694,STU01694,10.86,15,100.0,0,73.41,36,2026-10-02
ENG01695,STU01695,5.64,18,78.26,5,64.77,15,2026-10-02
ENG01696,STU01696,8.52,15,75.0,5,59.06,28,2026-10-02
ENG01697,STU01697,6.97,12,54.55,10,41.92,6,2026-10-02
ENG01698,STU01698,15.27,13,76.47,4,80.77,30,2026-10-02
ENG01699,STU01699,4.22,14,63.64,8,72.61,15,2026-10-02
ENG01700,STU01700,18.57,14,73.68,5,78.16,34,2026-10-02
ENG01701,STU01701,8.85,12,63.16,7,70.45,18,2026-10-02
ENG01702,STU01702,2.44,15,71.43,6,48.89,12,2026-10-02
ENG01703,STU01703,9.14,17,77.27,5,60.43,24,2026-10-02
ENG01704,STU01704,17.18,9,75.0,3,82.34,45,2026-10-02
ENG01705,STU01705,12.79,13,86.67,2,69.1,19,2026-10-02
ENG01706,STU01706,9.23,16,69.57,7,65.45,19,2026-10-02
ENG01707,STU01707,8.35,9,69.23,4,58.07,22,2026-10-02
ENG01708,STU01708,1.08,10,55.56,8,46.89,7,2026-10-02
ENG01709,STU01709,19.09,15,88.24,2,72.78,38,2026-10-02
ENG01710,STU01710,18.87,20,90.91,2,70.72,39,2026-10-02
ENG01711,STU01711,8.1,12,57.14,9,59.05,21,2026-10-02
ENG01712,STU01712,7.57,14,63.64,8,58.83,21,2026-10-02
ENG01713,STU01713,2.5,13,72.22,5,50.79,10,2026-10-02
ENG01714,STU01714,11.76,16,69.57,7,65.79,16,2026-10-02
ENG01715,STU01715,13.95,10,76.92,3,73.94,27,2026-10-02
ENG01716,STU01716,3.46,13,61.9,8,56.6,19,2026-10-02
ENG01717,STU01717,3.66,14,63.64,8,59.4,17,2026-10-02
ENG01718,STU01718,8.2,10,66.67,5,64.24,15,2026-10-02
ENG01719,STU01719,3.06,11,55.0,9,45.8,12,2026-10-02
ENG01720,STU01720,6.11,16,72.73,6,62.39,21,2026-10-02
ENG01721,STU01721,13.48,19,82.61,4,72.13,28,2026-10-02
ENG01722,STU01722,0,9,39.13,14,49.15,5,2026-10-02
ENG01723,STU01723,12.84,16,72.73,6,64.09,29,2026-10-02
ENG01724,STU01724,0,8,38.1,13,46.63,12,2026-10-02
ENG01725,STU01725,5.52,11,84.62,2,78.97,23,2026-10-02
ENG01726,STU01726,0.39,5,29.41,12,43.6,0,2026-10-02
ENG01727,STU01727,12.41,14,73.68,5,75.24,22,2026-10-02
ENG01728,STU01728,12.28,14,77.78,4,74.68,23,2026-10-02
ENG01729,STU01729,1.69,11,55.0,9,61.83,3,2026-10-02
ENG01730,STU01730,8.97,11,64.71,6,59.74,19,2026-10-02
ENG01731,STU01731,6.82,15,75.0,5,56.42,25,2026-10-02
ENG01732,STU01732,8.54,10,52.63,9,72.16,13,2026-10-02
ENG01733,STU01733,16.29,14,70.0,6,82.28,23,2026-10-02
ENG01734,STU01734,10.21,16,69.57,7,56.0,18,2026-10-02
ENG01735,STU01735,7.59,12,70.59,5,79.4,13,2026-10-02
ENG01736,STU01736,9.44,16,80.0,4,59.18,25,2026-10-02
ENG01737,STU01737,9.56,9,56.25,7,63.84,18,2026-10-02
ENG01738,STU01738,10.08,13,65.0,7,68.03,28,2026-10-02
ENG01739,STU01739,8.6,20,83.33,4,68.47,22,2026-10-02
ENG01740,STU01740,2.37,4,30.77,9,23.91,9,2026-10-02
ENG01741,STU01741,0,10,62.5,6,50.03,17,2026-10-02
ENG01742,STU01742,17.29,12,92.31,1,81.9,38,2026-10-02
ENG01743,STU01743,8.51,11,73.33,4,58.57,22,2026-10-02
ENG01744,STU01744,0,8,47.06,9,63.46,3,2026-10-02
ENG01745,STU01745,7.16,10,55.56,8,54.7,15,2026-10-02
ENG01746,STU01746,5.22,5,41.67,7,37.28,12,2026-10-02
ENG01747,STU01747,8.87,8,57.14,6,54.1,23,2026-10-02
ENG01748,STU01748,10.83,16,76.19,5,76.21,18,2026-10-02
ENG01749,STU01749,13.38,10,66.67,5,72.25,32,2026-10-02
ENG01750,STU01750,22.03,21,100.0,0,91.6,44,2026-10-02
ENG01751,STU01751,12.34,15,65.22,8,65.52,30,2026-10-02
ENG01752,STU01752,11.51,10,83.33,2,71.62,24,2026-10-02
ENG01753,STU01753,7.67,17,73.91,6,58.06,18,2026-10-02
ENG01754,STU01754,0.76,9,60.0,6,50.53,11,2026-10-02
ENG01755,STU01755,9.86,10,50.0,10,66.43,23,2026-10-02
ENG01756,STU01756,8.4,14,77.78,4,86.92,8,2026-10-02
ENG01757,STU01757,4.86,12,63.16,7,42.92,17,2026-10-02
ENG01758,STU01758,15.12,18,75.0,6,67.79,29,2026-10-02
ENG01759,STU01759,10.4,15,83.33,3,71.22,26,2026-10-02
ENG01760,STU01760,3.01,10,71.43,4,50.87,20,2026-10-02
ENG01761,STU01761,11.25,14,73.68,5,62.46,24,2026-10-02
ENG01762,STU01762,0.13,15,71.43,6,53.48,12,2026-10-02
ENG01763,STU01763,3.17,13,56.52,10,48.81,13,2026-10-02
ENG01764,STU01764,11.13,9,69.23,4,79.56,33,2026-10-02
ENG01765,STU01765,5.42,7,50.0,7,55.45,11,2026-10-02
ENG01766,STU01766,14.48,10,76.92,3,73.21,38,2026-10-02
ENG01767,STU01767,7.75,17,73.91,6,59.57,15,2026-10-02
ENG01768,STU01768,3.36,13,54.17,11,51.05,6,2026-10-02
ENG01769,STU01769,8.07,15,88.24,2,51.56,27,2026-10-02
ENG01770,STU01770,3.59,8,53.33,7,67.5,18,2026-10-02
ENG01771,STU01771,1.51,16,66.67,8,49.06,12,2026-10-02
ENG01772,STU01772,9.48,11,68.75,5,70.77,19,2026-10-02
ENG01773,STU01773,2.02,10,52.63,9,31.09,5,2026-10-02
ENG01774,STU01774,19.28,18,94.74,1,94.6,40,2026-10-02
ENG01775,STU01775,4.79,8,50.0,8,65.26,18,2026-10-02
ENG01776,STU01776,0.72,9,37.5,15,49.76,0,2026-10-02
ENG01777,STU01777,10.31,10,76.92,3,78.27,26,2026-10-02
ENG01778,STU01778,12.76,16,66.67,8,72.82,26,2026-10-02
ENG01779,STU01779,9.7,16,76.19,5,70.76,19,2026-10-02
ENG01780,STU01780,9.58,21,87.5,3,73.12,27,2026-10-02
ENG01781,STU01781,1.83,7,58.33,5,49.61,16,2026-10-02
ENG01782,STU01782,12.95,13,65.0,7,70.64,19,2026-10-02
ENG01783,STU01783,4.82,12,63.16,7,56.35,11,2026-10-02
ENG01784,STU01784,0,8,66.67,4,53.63,8,2026-10-02
ENG01785,STU01785,8.47,18,75.0,6,45.51,11,2026-10-02
ENG01786,STU01786,7.96,7,50.0,7,68.18,23,2026-10-02
ENG01787,STU01787,10.43,19,79.17,5,57.84,23,2026-10-02
ENG01788,STU01788,11.87,14,77.78,4,77.48,35,2026-10-02
ENG01789,STU01789,5.23,15,75.0,5,70.26,16,2026-10-02
ENG01790,STU01790,1.78,8,44.44,10,52.96,2,2026-10-02
ENG01791,STU01791,16.65,18,81.82,4,61.88,32,2026-10-02
ENG01792,STU01792,26.62,17,100.0,0,90.93,54,2026-10-02
ENG01793,STU01793,10.79,17,100.0,0,79.29,29,2026-10-02
ENG01794,STU01794,7.57,11,78.57,3,77.46,16,2026-10-02
ENG01795,STU01795,10.42,8,66.67,4,67.82,30,2026-10-02
ENG01796,STU01796,4.96,15,88.24,2,70.74,16,2026-10-02
ENG01797,STU01797,0.95,16,76.19,5,56.43,15,2026-10-02
ENG01798,STU01798,2.14,8,50.0,8,57.19,8,2026-10-02
ENG01799,STU01799,8.92,12,75.0,4,58.45,17,2026-10-02
ENG01800,STU01800,19.15,15,83.33,3,79.12,37,2026-10-02
ENG01801,STU01801,0,9,56.25,7,55.96,0,2026-10-02
ENG01802,STU01802,0.2,9,75.0,3,64.51,0,2026-10-02
ENG01803,STU01803,12.73,13,86.67,2,72.23,24,2026-10-02
ENG01804,STU01804,3.12,4,23.53,13,44.66,0,2026-10-02
ENG01805,STU01805,5.07,15,65.22,8,75.3,18,2026-10-02
ENG01806,STU01806,1.3,8,50.0,8,45.9,8,2026-10-02
ENG01807,STU01807,10.33,15,68.18,7,60.26,18,2026-10-02
ENG01808,STU01808,18.18,22,91.67,2,60.78,35,2026-10-02
ENG01809,STU01809,7.73,12,85.71,2,68.35,28,2026-10-02
ENG01810,STU01810,0,6,46.15,7,40.58,1,2026-10-02
ENG01811,STU01811,0,11,45.83,13,46.67,4,2026-10-02
ENG01812,STU01812,7.51,12,63.16,7,57.26,21,2026-10-02
ENG01813,STU01813,14.47,14,87.5,2,84.2,26,2026-10-02
ENG01814,STU01814,6.96,8,57.14,6,97.58,11,2026-10-02
ENG01815,STU01815,6.45,12,66.67,6,68.31,16,2026-10-02
ENG01816,STU01816,0,10,50.0,10,38.88,1,2026-10-02
ENG01817,STU01817,15.78,13,76.47,4,62.47,32,2026-10-02
ENG01818,STU01818,0,6,50.0,6,38.63,0,2026-10-02
ENG01819,STU01819,5.52,12,66.67,6,57.52,28,2026-10-02
ENG01820,STU01820,8.13,10,83.33,2,65.97,20,2026-10-02
ENG01821,STU01821,4.51,8,66.67,4,27.02,13,2026-10-02
ENG01822,STU01822,8.64,14,66.67,7,65.46,17,2026-10-02
ENG01823,STU01823,7.37,11,47.83,12,52.97,21,2026-10-02
ENG01824,STU01824,19.04,11,84.62,2,72.09,38,2026-10-02
ENG01825,STU01825,6.23,11,61.11,7,59.89,20,2026-10-02
ENG01826,STU01826,11.45,8,66.67,4,44.69,23,2026-10-02
ENG01827,STU01827,5.69,18,78.26,5,62.38,22,2026-10-02
ENG01828,STU01828,7.67,12,52.17,11,48.44,18,2026-10-02
ENG01829,STU01829,13.26,15,65.22,8,63.87,35,2026-10-02
ENG01830,STU01830,0,12,57.14,9,35.3,14,2026-10-02
ENG01831,STU01831,6.25,8,61.54,5,58.54,7,2026-10-02
ENG01832,STU01832,8.48,12,57.14,9,61.45,17,2026-10-02
ENG01833,STU01833,7.11,9,45.0,11,69.33,15,2026-10-02
ENG01834,STU01834,10.42,16,76.19,5,66.48,36,2026-10-02
ENG01835,STU01835,18.82,16,94.12,1,98.39,44,2026-10-02
ENG01836,STU01836,0,7,43.75,9,43.12,1,2026-10-02
ENG01837,STU01837,10.97,10,62.5,6,51.41,27,2026-10-02
ENG01838,STU01838,8.86,14,73.68,5,66.58,26,2026-10-02
ENG01839,STU01839,10.99,11,78.57,3,50.18,34,2026-10-02
ENG01840,STU01840,0.54,11,52.38,10,46.93,0,2026-10-02
ENG01841,STU01841,7.4,15,65.22,8,62.53,10,2026-10-02
ENG01842,STU01842,10.31,13,56.52,10,43.95,11,2026-10-02
ENG01843,STU01843,6.61,9,75.0,3,57.42,13,2026-10-02
ENG01844,STU01844,9.08,13,72.22,5,64.61,16,2026-10-02
ENG01845,STU01845,6.6,9,50.0,9,51.98,17,2026-10-02
ENG01846,STU01846,8.62,10,58.82,7,84.22,20,2026-10-02
ENG01847,STU01847,13.24,9,60.0,6,53.62,16,2026-10-02
ENG01848,STU01848,2.53,9,42.86,12,47.15,16,2026-10-02
ENG01849,STU01849,12.23,21,87.5,3,77.57,29,2026-10-02
ENG01850,STU01850,11.59,10,58.82,7,53.18,13,2026-10-02
ENG01851,STU01851,0.39,6,40.0,9,44.55,0,2026-10-02
ENG01852,STU01852,8.49,8,66.67,4,53.56,22,2026-10-02
ENG01853,STU01853,4.85,10,45.45,12,55.09,15,2026-10-02
ENG01854,STU01854,13.81,17,85.0,3,67.71,26,2026-10-02
ENG01855,STU01855,10.26,8,61.54,5,62.24,17,2026-10-02
ENG01856,STU01856,1.3,15,68.18,7,60.73,11,2026-10-02
ENG01857,STU01857,5.53,11,61.11,7,68.97,31,2026-10-02
ENG01858,STU01858,0,8,57.14,6,47.01,6,2026-10-02
ENG01859,STU01859,5.32,12,70.59,5,58.98,14,2026-10-02
ENG01860,STU01860,2.89,10,45.45,12,35.67,8,2026-10-02
ENG01861,STU01861,7.53,13,76.47,4,80.84,27,2026-10-02
ENG01862,STU01862,2.33,7,35.0,13,42.4,18,2026-10-02
ENG01863,STU01863,6.08,11,47.83,12,62.16,8,2026-10-02
ENG01864,STU01864,4.91,11,73.33,4,70.62,13,2026-10-02
ENG01865,STU01865,5.36,8,42.11,11,35.03,13,2026-10-02
ENG01866,STU01866,4.5,13,72.22,5,57.91,16,2026-10-02
ENG01867,STU01867,10.76,11,64.71,6,76.0,25,2026-10-02
ENG01868,STU01868,2.5,15,68.18,7,36.16,12,2026-10-02
ENG01869,STU01869,11.32,7,58.33,5,68.67,23,2026-10-02
ENG01870,STU01870,17.62,11,84.62,2,71.67,49,2026-10-02
ENG01871,STU01871,4.61,10,58.82,7,76.62,10,2026-10-02
ENG01872,STU01872,16.4,13,76.47,4,68.7,28,2026-10-02
ENG01873,STU01873,11.15,11,68.75,5,58.43,15,2026-10-02
ENG01874,STU01874,10.64,12,70.59,5,65.47,20,2026-10-02
ENG01875,STU01875,3.18,14,70.0,6,64.14,8,2026-10-02
ENG01876,STU01876,7.8,13,86.67,2,80.4,28,2026-10-02
ENG01877,STU01877,2.07,8,44.44,10,63.63,8,2026-10-02
ENG01878,STU01878,16.25,12,92.31,1,76.41,31,2026-10-02
ENG01879,STU01879,1.72,9,42.86,12,56.03,14,2026-10-02
ENG01880,STU01880,10.63,7,53.85,6,65.83,28,2026-10-02
ENG01881,STU01881,7.72,20,83.33,4,56.51,26,2026-10-02
ENG01882,STU01882,12.77,9,69.23,4,75.99,26,2026-10-02
ENG01883,STU01883,21.72,13,100.0,0,92.31,40,2026-10-02
ENG01884,STU01884,16.03,12,85.71,2,81.18,32,2026-10-02
ENG01885,STU01885,11.88,13,81.25,3,68.19,27,2026-10-02
ENG01886,STU01886,3.93,11,78.57,3,45.05,12,2026-10-02
ENG01887,STU01887,8.25,12,66.67,6,58.74,25,2026-10-02
ENG01888,STU01888,5.02,9,40.91,13,52.49,6,2026-10-02
ENG01889,STU01889,1.12,7,43.75,9,41.66,2,2026-10-02
ENG01890,STU01890,8.98,10,66.67,5,69.43,24,2026-10-02
ENG01891,STU01891,6.39,8,61.54,5,73.14,19,2026-10-02
ENG01892,STU01892,5.9,8,66.67,4,72.29,20,2026-10-02
ENG01893,STU01893,1.6,7,53.85,6,54.59,16,2026-10-02
ENG01894,STU01894,7.32,9,47.37,10,55.0,13,2026-10-02
ENG01895,STU01895,20.36,18,90.0,2,89.4,40,2026-10-02
ENG01896,STU01896,2.05,12,70.59,5,60.02,2,2026-10-02
ENG01897,STU01897,5.42,11,64.71,6,54.17,9,2026-10-02
ENG01898,STU01898,0,10,55.56,8,42.52,5,2026-10-02
ENG01899,STU01899,5.66,6,42.86,8,60.26,23,2026-10-02
ENG01900,STU01900,10.7,10,83.33,2,86.76,25,2026-10-02
ENG01901,STU01901,12.54,13,76.47,4,84.91,22,2026-10-02
ENG01902,STU01902,14.34,11,64.71,6,56.02,31,2026-10-02
ENG01903,STU01903,9.8,10,71.43,4,49.71,23,2026-10-02
ENG01904,STU01904,16.28,11,84.62,2,89.81,27,2026-10-02
ENG01905,STU01905,3.32,7,58.33,5,36.32,15,2026-10-02
ENG01906,STU01906,0.87,13,72.22,5,55.03,4,2026-10-02
ENG01907,STU01907,2.71,14,66.67,7,53.74,12,2026-10-02
ENG01908,STU01908,1.7,5,41.67,7,53.05,2,2026-10-02
ENG01909,STU01909,3.77,12,60.0,8,61.02,12,2026-10-02
ENG01910,STU01910,0,8,50.0,8,34.32,7,2026-10-02
ENG01911,STU01911,9.57,16,80.0,4,93.11,21,2026-10-02
ENG01912,STU01912,7.53,12,80.0,3,50.48,25,2026-10-02
ENG01913,STU01913,2.76,11,47.83,12,44.78,19,2026-10-02
ENG01914,STU01914,15.2,16,84.21,3,72.96,29,2026-10-02
ENG01915,STU01915,11.51,12,66.67,6,68.48,25,2026-10-02
ENG01916,STU01916,10.16,19,79.17,5,73.93,25,2026-10-02
ENG01917,STU01917,6.97,15,71.43,6,59.13,27,2026-10-02
ENG01918,STU01918,0,1,6.67,14,21.83,10,2026-10-02
ENG01919,STU01919,8.12,11,55.0,9,51.64,18,2026-10-02
ENG01920,STU01920,2.35,9,40.91,13,43.5,2,2026-10-02
ENG01921,STU01921,9.95,13,68.42,6,68.41,35,2026-10-02
ENG01922,STU01922,9.18,10,76.92,3,75.11,23,2026-10-02
ENG01923,STU01923,5.31,12,75.0,4,47.07,8,2026-10-02
ENG01924,STU01924,15.48,14,82.35,3,83.13,32,2026-10-02
ENG01925,STU01925,7.78,11,64.71,6,73.92,14,2026-10-02
ENG01926,STU01926,9.66,11,68.75,5,52.81,27,2026-10-02
ENG01927,STU01927,7.17,15,65.22,8,64.03,20,2026-10-02
ENG01928,STU01928,9.43,16,66.67,8,71.93,15,2026-10-02
ENG01929,STU01929,19.27,10,71.43,4,93.47,38,2026-10-02
ENG01930,STU01930,4.15,14,63.64,8,55.03,21,2026-10-02
ENG01931,STU01931,5.31,6,46.15,7,39.72,13,2026-10-02
ENG01932,STU01932,12.67,16,88.89,2,100.0,30,2026-10-02
ENG01933,STU01933,10.29,12,54.55,10,57.95,28,2026-10-02
ENG01934,STU01934,14.36,14,82.35,3,88.97,38,2026-10-02
ENG01935,STU01935,26.14,15,100.0,0,91.29,54,2026-10-02
ENG01936,STU01936,9.73,18,85.71,3,70.71,34,2026-10-02
ENG01937,STU01937,6.69,16,66.67,8,63.29,19,2026-10-02
ENG01938,STU01938,4.57,13,59.09,9,52.02,13,2026-10-02
ENG01939,STU01939,5.47,14,70.0,6,47.69,24,2026-10-02
ENG01940,STU01940,6.1,20,83.33,4,69.72,12,2026-10-02
ENG01941,STU01941,10.35,8,66.67,4,82.92,33,2026-10-02
ENG01942,STU01942,6.25,16,76.19,5,58.6,1,2026-10-02
ENG01943,STU01943,3.11,10,71.43,4,52.24,18,2026-10-02
ENG01944,STU01944,10.38,15,65.22,8,58.32,27,2026-10-02
ENG01945,STU01945,8.56,13,72.22,5,43.52,25,2026-10-02
ENG01946,STU01946,5.15,15,65.22,8,40.81,2,2026-10-02
ENG01947,STU01947,2.51,12,54.55,10,53.65,11,2026-10-02
ENG01948,STU01948,7.29,13,86.67,2,77.27,30,2026-10-02
ENG01949,STU01949,1.24,3,25.0,9,47.72,12,2026-10-02
ENG01950,STU01950,18.71,18,90.0,2,70.24,44,2026-10-02
ENG01951,STU01951,13.65,13,81.25,3,81.24,28,2026-10-02
ENG01952,STU01952,3.36,10,62.5,6,62.28,12,2026-10-02
ENG01953,STU01953,13.14,15,75.0,5,60.87,29,2026-10-02
ENG01954,STU01954,0,5,23.81,16,41.69,0,2026-10-02
ENG01955,STU01955,7.08,13,86.67,2,65.81,30,2026-10-02
ENG01956,STU01956,0.87,7,53.85,6,47.27,11,2026-10-02
ENG01957,STU01957,6.51,16,66.67,8,65.45,28,2026-10-02
ENG01958,STU01958,3.52,14,70.0,6,47.3,17,2026-10-02
ENG01959,STU01959,17.87,19,79.17,5,95.68,32,2026-10-02
ENG01960,STU01960,4.36,10,50.0,10,48.65,23,2026-10-02
ENG01961,STU01961,1.54,13,59.09,9,49.33,13,2026-10-02
ENG01962,STU01962,14.85,18,85.71,3,70.04,31,2026-10-02
ENG01963,STU01963,6.71,14,63.64,8,74.58,17,2026-10-02
ENG01964,STU01964,27.13,19,100.0,0,100.0,58,2026-10-02
ENG01965,STU01965,8.39,17,80.95,4,69.35,15,2026-10-02
ENG01966,STU01966,18.21,10,66.67,5,56.0,36,2026-10-02
ENG01967,STU01967,1.93,9,52.94,8,53.75,6,2026-10-02
ENG01968,STU01968,8.75,15,71.43,6,69.23,17,2026-10-02
ENG01969,STU01969,1.33,10,71.43,4,67.5,7,2026-10-02
ENG01970,STU01970,0,5,35.71,9,30.77,10,2026-10-02
ENG01971,STU01971,11.51,7,58.33,5,38.55,25,2026-10-02
ENG01972,STU01972,5.36,7,58.33,5,77.18,22,2026-10-02
ENG01973,STU01973,0,9,47.37,10,27.74,6,2026-10-02
ENG01974,STU01974,4.31,13,72.22,5,60.66,14,2026-10-02
ENG01975,STU01975,9.03,10,71.43,4,61.55,18,2026-10-02
ENG01976,STU01976,13.56,10,71.43,4,71.18,19,2026-10-02
ENG01977,STU01977,7.48,14,70.0,6,73.67,12,2026-10-02
ENG01978,STU01978,1.11,10,58.82,7,42.05,15,2026-10-02
ENG01979,STU01979,9.36,19,82.61,4,69.33,23,2026-10-02
ENG01980,STU01980,8.2,9,52.94,8,44.64,21,2026-10-02
ENG01981,STU01981,17.47,21,87.5,3,71.53,41,2026-10-02
ENG01982,STU01982,8.63,9,60.0,6,46.57,21,2026-10-02
ENG01983,STU01983,4.58,8,47.06,9,41.05,17,2026-10-02
ENG01984,STU01984,9.38,9,60.0,6,76.37,19,2026-10-02
ENG01985,STU01985,9.89,11,73.33,4,57.67,17,2026-10-02
ENG01986,STU01986,8.83,8,66.67,4,66.42,24,2026-10-02
ENG01987,STU01987,6.69,13,72.22,5,79.0,25,2026-10-02
ENG01988,STU01988,1.31,13,65.0,7,63.07,20,2026-10-02
ENG01989,STU01989,4.74,13,76.47,4,68.59,19,2026-10-02
ENG01990,STU01990,16.8,11,73.33,4,77.65,35,2026-10-02
ENG01991,STU01991,3.48,13,61.9,8,61.91,12,2026-10-02
ENG01992,STU01992,12.22,12,60.0,8,44.06,21,2026-10-02
ENG01993,STU01993,7.92,13,65.0,7,57.03,25,2026-10-02
ENG01994,STU01994,7.63,13,56.52,10,51.48,15,2026-10-02
ENG01995,STU01995,6.29,18,78.26,5,60.22,14,2026-10-02
ENG01996,STU01996,8.41,16,69.57,7,70.17,25,2026-10-02
ENG01997,STU01997,3.99,11,50.0,11,31.04,14,2026-10-02
ENG01998,STU01998,9.4,16,88.89,2,68.25,30,2026-10-02
ENG01999,STU01999,4.33,8,57.14,6,43.17,23,2026-10-02
ENG02000,STU02000,7.04,16,69.57,7,59.85,13,2026-10-02
ENG02001,STU02001,4.77,11,50.0,11,34.5,14,2026-10-02
ENG02002,STU02002,6.46,14,77.78,4,62.68,13,2026-10-02
ENG02003,STU02003,19.12,21,87.5,3,100.0,41,2026-10-02
ENG02004,STU02004,4.0,12,85.71,2,53.4,12,2026-10-02
ENG02005,STU02005,11.77,16,72.73,6,72.6,24,2026-10-02
ENG02006,STU02006,15.07,22,95.65,1,80.51,34,2026-10-02
ENG02007,STU02007,11.85,13,68.42,6,30.5,18,2026-10-02
ENG02008,STU02008,6.18,9,37.5,15,61.19,18,2026-10-02
ENG02009,STU02009,6.84,6,40.0,9,39.36,12,2026-10-02
ENG02010,STU02010,11.28,13,61.9,8,55.39,30,2026-10-02
ENG02011,STU02011,19.2,18,100.0,0,92.35,37,2026-10-02
ENG02012,STU02012,4.84,15,62.5,9,45.97,10,2026-10-02
ENG02013,STU02013,3.95,14,58.33,10,58.53,13,2026-10-02
ENG02014,STU02014,6.65,9,69.23,4,32.31,21,2026-10-02
ENG02015,STU02015,0.77,12,66.67,6,62.87,12,2026-10-02
ENG02016,STU02016,1.62,7,53.85,6,39.45,2,2026-10-02
ENG02017,STU02017,0,6,50.0,6,39.25,1,2026-10-02
ENG02018,STU02018,8.24,18,85.71,3,59.3,18,2026-10-02
ENG02019,STU02019,10.85,19,79.17,5,65.72,21,2026-10-02
ENG02020,STU02020,0,10,58.82,7,37.46,14,2026-10-02
ENG02021,STU02021,14.48,22,100.0,0,78.86,23,2026-10-02
ENG02022,STU02022,5.8,14,87.5,2,58.82,22,2026-10-02
ENG02023,STU02023,8.37,10,62.5,6,52.28,24,2026-10-02
ENG02024,STU02024,0.33,10,76.92,3,59.48,7,2026-10-02
ENG02025,STU02025,12.5,10,83.33,2,83.67,27,2026-10-02
ENG02026,STU02026,10.37,11,57.89,8,56.96,23,2026-10-02
ENG02027,STU02027,6.67,15,65.22,8,47.46,7,2026-10-02
ENG02028,STU02028,0.34,13,54.17,11,52.46,2,2026-10-02
ENG02029,STU02029,7.93,10,66.67,5,56.75,17,2026-10-02
ENG02030,STU02030,0,15,62.5,9,52.83,6,2026-10-02
ENG02031,STU02031,18.16,11,73.33,4,78.22,39,2026-10-02
ENG02032,STU02032,7.04,12,60.0,8,55.09,12,2026-10-02
ENG02033,STU02033,0,8,40.0,12,38.53,7,2026-10-02
ENG02034,STU02034,13.92,10,71.43,4,77.63,22,2026-10-02
ENG02035,STU02035,15.74,9,45.0,11,71.75,30,2026-10-02
ENG02036,STU02036,10.87,14,63.64,8,68.46,26,2026-10-02
ENG02037,STU02037,3.65,11,45.83,13,56.12,10,2026-10-02
ENG02038,STU02038,7.62,14,63.64,8,62.68,23,2026-10-02
ENG02039,STU02039,9.08,14,63.64,8,57.07,24,2026-10-02
ENG02040,STU02040,4.77,10,83.33,2,56.0,15,2026-10-02
ENG02041,STU02041,0.38,16,72.73,6,62.05,2,2026-10-02
ENG02042,STU02042,0.91,8,57.14,6,57.33,4,2026-10-02
ENG02043,STU02043,2.37,8,61.54,5,51.66,17,2026-10-02
ENG02044,STU02044,4.49,12,63.16,7,42.06,21,2026-10-02
ENG02045,STU02045,10.56,9,56.25,7,55.2,21,2026-10-02
ENG02046,STU02046,5.31,8,61.54,5,53.59,15,2026-10-02
ENG02047,STU02047,1.19,7,58.33,5,52.89,15,2026-10-02
ENG02048,STU02048,7.09,6,46.15,7,47.07,13,2026-10-02
ENG02049,STU02049,1.98,12,54.55,10,61.15,18,2026-10-02
ENG02050,STU02050,4.79,7,50.0,7,42.47,20,2026-10-02
ENG02051,STU02051,11.66,22,91.67,2,64.67,22,2026-10-02
ENG02052,STU02052,12.42,6,50.0,6,59.79,24,2026-10-02
ENG02053,STU02053,7.31,15,71.43,6,65.5,12,2026-10-02
ENG02054,STU02054,11.96,14,87.5,2,72.71,24,2026-10-02
ENG02055,STU02055,12.71,17,73.91,6,85.47,29,2026-10-02
ENG02056,STU02056,0.67,11,52.38,10,36.72,1,2026-10-02
ENG02057,STU02057,11.55,11,78.57,3,61.33,20,2026-10-02
ENG02058,STU02058,0,13,59.09,9,47.28,0,2026-10-02
ENG02059,STU02059,5.39,13,72.22,5,57.63,10,2026-10-02
ENG02060,STU02060,7.63,12,66.67,6,68.39,8,2026-10-02
ENG02061,STU02061,9.89,17,85.0,3,62.82,18,2026-10-02
ENG02062,STU02062,7.67,18,81.82,4,68.69,20,2026-10-02
ENG02063,STU02063,2.56,11,78.57,3,69.83,17,2026-10-02
ENG02064,STU02064,6.21,15,65.22,8,65.48,11,2026-10-02
ENG02065,STU02065,0.18,12,75.0,4,42.99,0,2026-10-02
ENG02066,STU02066,11.67,18,100.0,0,87.64,34,2026-10-02
ENG02067,STU02067,10.59,11,57.89,8,61.72,31,2026-10-02
ENG02068,STU02068,11.12,8,50.0,8,56.02,30,2026-10-02
ENG02069,STU02069,5.46,12,66.67,6,72.1,7,2026-10-02
ENG02070,STU02070,8.86,13,86.67,2,79.32,8,2026-10-02
ENG02071,STU02071,0.32,3,25.0,9,35.28,1,2026-10-02
ENG02072,STU02072,10.91,10,71.43,4,71.63,21,2026-10-02
ENG02073,STU02073,11.55,10,71.43,4,78.19,38,2026-10-02
ENG02074,STU02074,3.25,7,31.82,15,33.83,20,2026-10-02
ENG02075,STU02075,16.52,21,100.0,0,80.12,40,2026-10-02
ENG02076,STU02076,9.13,13,68.42,6,59.44,19,2026-10-02
ENG02077,STU02077,0,11,61.11,7,50.63,8,2026-10-02
ENG02078,STU02078,0,10,47.62,11,49.37,7,2026-10-02
ENG02079,STU02079,1.88,10,45.45,12,53.66,15,2026-10-02
ENG02080,STU02080,2.21,14,60.87,9,65.9,20,2026-10-02
ENG02081,STU02081,7.52,14,63.64,8,71.26,17,2026-10-02
ENG02082,STU02082,1.78,9,52.94,8,49.7,7,2026-10-02
ENG02083,STU02083,2.94,10,83.33,2,57.09,17,2026-10-02
ENG02084,STU02084,2.45,5,41.67,7,54.0,15,2026-10-02
ENG02085,STU02085,14.8,12,75.0,4,78.13,32,2026-10-02
ENG02086,STU02086,10.57,9,69.23,4,64.88,23,2026-10-02
ENG02087,STU02087,13.61,15,100.0,0,79.03,31,2026-10-02
ENG02088,STU02088,13.22,18,94.74,1,72.35,32,2026-10-02
ENG02089,STU02089,3.3,12,85.71,2,42.25,16,2026-10-02
ENG02090,STU02090,5.33,10,76.92,3,62.88,20,2026-10-02
ENG02091,STU02091,22.35,20,90.91,2,85.27,48,2026-10-02
ENG02092,STU02092,10.42,17,94.44,1,63.46,25,2026-10-02
ENG02093,STU02093,7.85,11,68.75,5,53.68,22,2026-10-02
ENG02094,STU02094,2.27,10,50.0,10,49.74,14,2026-10-02
ENG02095,STU02095,9.57,7,58.33,5,69.83,27,2026-10-02
ENG02096,STU02096,6.98,11,73.33,4,68.92,7,2026-10-02
ENG02097,STU02097,3.92,15,62.5,9,55.61,0,2026-10-02
ENG02098,STU02098,13.78,15,65.22,8,75.83,28,2026-10-02
ENG02099,STU02099,4.84,9,60.0,6,49.14,10,2026-10-02
ENG02100,STU02100,5.83,10,43.48,13,64.28,26,2026-10-02
ENG02101,STU02101,21.55,21,95.45,1,97.9,38,2026-10-02
ENG02102,STU02102,6.83,12,70.59,5,56.09,26,2026-10-02
ENG02103,STU02103,10.22,7,58.33,5,45.15,19,2026-10-02
ENG02104,STU02104,7.82,8,47.06,9,63.89,20,2026-10-02
ENG02105,STU02105,13.35,18,78.26,5,72.41,30,2026-10-02
ENG02106,STU02106,11.0,10,76.92,3,67.71,36,2026-10-02
ENG02107,STU02107,14.29,9,75.0,3,65.54,35,2026-10-02
ENG02108,STU02108,7.34,9,69.23,4,59.49,11,2026-10-02
ENG02109,STU02109,4.92,11,68.75,5,69.79,15,2026-10-02
ENG02110,STU02110,12.74,11,78.57,3,89.43,25,2026-10-02
ENG02111,STU02111,7.08,12,75.0,4,64.18,12,2026-10-02
ENG02112,STU02112,14.48,16,88.89,2,78.49,26,2026-10-02
ENG02113,STU02113,0,7,41.18,10,38.49,6,2026-10-02
ENG02114,STU02114,8.7,13,59.09,9,66.39,16,2026-10-02
ENG02115,STU02115,1.92,13,72.22,5,66.64,17,2026-10-02
ENG02116,STU02116,1.98,12,60.0,8,58.12,18,2026-10-02
ENG02117,STU02117,7.46,10,76.92,3,68.91,26,2026-10-02
ENG02118,STU02118,0.15,10,62.5,6,49.7,9,2026-10-02
ENG02119,STU02119,6.18,8,44.44,10,47.87,14,2026-10-02
ENG02120,STU02120,6.29,10,62.5,6,64.14,13,2026-10-02
ENG02121,STU02121,3.89,14,73.68,5,52.99,15,2026-10-02
ENG02122,STU02122,4.07,10,66.67,5,49.87,14,2026-10-02
ENG02123,STU02123,24.63,14,100.0,0,86.91,51,2026-10-02
ENG02124,STU02124,10.82,7,46.67,8,56.79,19,2026-10-02
ENG02125,STU02125,10.07,10,71.43,4,81.31,21,2026-10-02
ENG02126,STU02126,14.04,10,71.43,4,67.13,28,2026-10-02
ENG02127,STU02127,0,7,41.18,10,41.2,0,2026-10-02
ENG02128,STU02128,0,7,43.75,9,39.39,7,2026-10-02
ENG02129,STU02129,5.46,16,69.57,7,76.35,19,2026-10-02
ENG02130,STU02130,0,9,37.5,15,28.81,11,2026-10-02
ENG02131,STU02131,0.66,10,62.5,6,52.05,9,2026-10-02
ENG02132,STU02132,3.14,12,70.59,5,50.57,17,2026-10-02
ENG02133,STU02133,15.51,15,93.75,1,78.08,40,2026-10-02
ENG02134,STU02134,20.5,18,90.0,2,86.47,42,2026-10-02
ENG02135,STU02135,13.14,9,52.94,8,65.65,20,2026-10-02
ENG02136,STU02136,4.7,9,42.86,12,57.73,23,2026-10-02
ENG02137,STU02137,5.56,10,58.82,7,57.13,7,2026-10-02
ENG02138,STU02138,5.16,16,66.67,8,54.15,20,2026-10-02
ENG02139,STU02139,8.27,10,62.5,6,56.24,11,2026-10-02
ENG02140,STU02140,9.95,6,50.0,6,32.69,21,2026-10-02
ENG02141,STU02141,23.49,14,100.0,0,88.26,35,2026-10-02
ENG02142,STU02142,2.74,11,55.0,9,40.58,10,2026-10-02
ENG02143,STU02143,14.56,18,90.0,2,78.99,33,2026-10-02
ENG02144,STU02144,0,7,41.18,10,34.28,0,2026-10-02
ENG02145,STU02145,3.79,12,63.16,7,54.75,18,2026-10-02
ENG02146,STU02146,0,7,53.85,6,44.65,4,2026-10-02
ENG02147,STU02147,3.87,11,52.38,10,55.98,4,2026-10-02
ENG02148,STU02148,6.1,9,45.0,11,47.46,13,2026-10-02
ENG02149,STU02149,2.01,8,36.36,14,49.29,7,2026-10-02
ENG02150,STU02150,12.18,14,87.5,2,72.36,30,2026-10-02
ENG02151,STU02151,0,7,58.33,5,35.85,0,2026-10-02
ENG02152,STU02152,9.66,12,66.67,6,57.98,22,2026-10-02
ENG02153,STU02153,8.7,10,52.63,9,40.69,16,2026-10-02
ENG02154,STU02154,8.03,10,66.67,5,58.07,17,2026-10-02
ENG02155,STU02155,3.78,5,41.67,7,61.38,4,2026-10-02
ENG02156,STU02156,11.44,12,92.31,1,80.64,21,2026-10-02
ENG02157,STU02157,16.29,22,91.67,2,81.67,28,2026-10-02
ENG02158,STU02158,8.35,13,56.52,10,56.92,18,2026-10-02
ENG02159,STU02159,14.63,14,66.67,7,70.22,24,2026-10-02
ENG02160,STU02160,13.85,11,73.33,4,81.5,40,2026-10-02
ENG02161,STU02161,4.51,12,57.14,9,61.52,13,2026-10-02
ENG02162,STU02162,0,13,65.0,7,46.72,14,2026-10-02
ENG02163,STU02163,7.38,10,50.0,10,53.48,8,2026-10-02
ENG02164,STU02164,13.6,18,90.0,2,77.77,29,2026-10-02
ENG02165,STU02165,0.23,7,36.84,12,33.75,13,2026-10-02
ENG02166,STU02166,13.74,11,91.67,1,75.95,33,2026-10-02
ENG02167,STU02167,7.21,13,56.52,10,67.18,21,2026-10-02
ENG02168,STU02168,2.67,7,58.33,5,53.85,10,2026-10-02
ENG02169,STU02169,7.91,12,66.67,6,66.26,24,2026-10-02
ENG02170,STU02170,0.68,9,42.86,12,46.93,5,2026-10-02
ENG02171,STU02171,9.94,12,66.67,6,60.83,21,2026-10-02
ENG02172,STU02172,10.21,13,92.86,1,82.14,34,2026-10-02
ENG02173,STU02173,6.81,8,50.0,8,40.38,20,2026-10-02
ENG02174,STU02174,0,6,28.57,15,25.2,1,2026-10-02
ENG02175,STU02175,8.98,9,69.23,4,62.9,18,2026-10-02
ENG02176,STU02176,6.16,12,60.0,8,70.7,26,2026-10-02
ENG02177,STU02177,0,13,54.17,11,38.72,5,2026-10-02
ENG02178,STU02178,20.85,24,100.0,0,75.65,40,2026-10-02
ENG02179,STU02179,9.1,12,75.0,4,63.68,23,2026-10-02
ENG02180,STU02180,4.49,13,56.52,10,51.85,13,2026-10-02
ENG02181,STU02181,0,4,22.22,14,34.62,2,2026-10-02
ENG02182,STU02182,13.37,12,63.16,7,66.18,28,2026-10-02
ENG02183,STU02183,15.57,9,75.0,3,70.76,30,2026-10-02
ENG02184,STU02184,4.98,18,75.0,6,59.63,17,2026-10-02
ENG02185,STU02185,4.82,14,73.68,5,71.3,17,2026-10-02
ENG02186,STU02186,4.75,8,57.14,6,52.5,16,2026-10-02
ENG02187,STU02187,9.34,12,60.0,8,61.5,23,2026-10-02
ENG02188,STU02188,16.96,20,86.96,3,79.97,26,2026-10-02
ENG02189,STU02189,0.6,11,52.38,10,47.8,5,2026-10-02
ENG02190,STU02190,1.31,11,55.0,9,74.77,16,2026-10-02
ENG02191,STU02191,2.23,6,46.15,7,61.52,15,2026-10-02
ENG02192,STU02192,12.64,9,75.0,3,91.37,18,2026-10-02
ENG02193,STU02193,14.65,15,78.95,4,79.28,30,2026-10-02
ENG02194,STU02194,16.6,10,83.33,2,84.47,35,2026-10-02
ENG02195,STU02195,3.69,9,47.37,10,77.74,0,2026-10-02
ENG02196,STU02196,7.49,8,53.33,7,48.38,22,2026-10-02
ENG02197,STU02197,11.16,17,94.44,1,73.26,19,2026-10-02
ENG02198,STU02198,8.18,13,76.47,4,48.35,23,2026-10-02
ENG02199,STU02199,0,7,58.33,5,74.09,6,2026-10-02
ENG02200,STU02200,20.47,18,78.26,5,81.37,44,2026-10-02
ENG02201,STU02201,19.04,20,90.91,2,77.86,41,2026-10-02
ENG02202,STU02202,2.3,8,57.14,6,53.39,8,2026-10-02
ENG02203,STU02203,5.96,10,58.82,7,55.8,20,2026-10-02
ENG02204,STU02204,10.9,22,95.65,1,71.96,32,2026-10-02
ENG02205,STU02205,1.87,13,59.09,9,53.92,8,2026-10-02
ENG02206,STU02206,12.58,16,80.0,4,76.71,32,2026-10-02
ENG02207,STU02207,2.21,14,58.33,10,45.04,5,2026-10-02
ENG02208,STU02208,16.76,11,78.57,3,73.96,39,2026-10-02
ENG02209,STU02209,6.99,12,75.0,4,75.58,21,2026-10-02
ENG02210,STU02210,19.24,12,85.71,2,68.86,39,2026-10-02
ENG02211,STU02211,0,6,35.29,11,39.19,14,2026-10-02
ENG02212,STU02212,6.65,19,79.17,5,68.11,19,2026-10-02
ENG02213,STU02213,13.77,11,78.57,3,61.16,27,2026-10-02
ENG02214,STU02214,6.08,12,57.14,9,63.52,13,2026-10-02
ENG02215,STU02215,19.61,18,85.71,3,82.33,26,2026-10-02
ENG02216,STU02216,2.93,10,50.0,10,28.45,6,2026-10-02
ENG02217,STU02217,9.93,12,85.71,2,61.83,26,2026-10-02
ENG02218,STU02218,6.46,16,76.19,5,69.74,24,2026-10-02
ENG02219,STU02219,7.44,16,80.0,4,53.26,19,2026-10-02
ENG02220,STU02220,1.89,9,56.25,7,50.89,11,2026-10-02
ENG02221,STU02221,11.02,16,72.73,6,72.67,24,2026-10-02
ENG02222,STU02222,0,5,27.78,13,11.98,0,2026-10-02
ENG02223,STU02223,8.94,16,72.73,6,83.49,22,2026-10-02
ENG02224,STU02224,3.46,8,42.11,11,39.37,15,2026-10-02
ENG02225,STU02225,9.67,9,69.23,4,63.93,21,2026-10-02
ENG02226,STU02226,4.33,9,56.25,7,51.27,18,2026-10-02
ENG02227,STU02227,5.62,12,52.17,11,33.8,9,2026-10-02
ENG02228,STU02228,11.39,11,73.33,4,72.43,13,2026-10-02
ENG02229,STU02229,0,9,47.37,10,58.2,6,2026-10-02
ENG02230,STU02230,11.15,14,63.64,8,59.87,30,2026-10-02
ENG02231,STU02231,0.2,15,65.22,8,43.39,0,2026-10-02
ENG02232,STU02232,9.63,13,68.42,6,68.41,22,2026-10-02
ENG02233,STU02233,2.34,8,57.14,6,46.84,8,2026-10-02
ENG02234,STU02234,5.8,9,45.0,11,46.48,21,2026-10-02
ENG02235,STU02235,18.13,18,94.74,1,81.07,32,2026-10-02
ENG02236,STU02236,6.05,13,54.17,11,56.29,16,2026-10-02
ENG02237,STU02237,8.76,8,66.67,4,58.86,16,2026-10-02
ENG02238,STU02238,5.88,13,59.09,9,66.47,14,2026-10-02
ENG02239,STU02239,17.44,17,100.0,0,84.52,26,2026-10-02
ENG02240,STU02240,9.68,13,65.0,7,64.51,9,2026-10-02
ENG02241,STU02241,10.12,15,83.33,3,55.42,22,2026-10-02
ENG02242,STU02242,14.71,13,56.52,10,66.15,20,2026-10-02
ENG02243,STU02243,12.88,12,85.71,2,67.23,36,2026-10-02
ENG02244,STU02244,6.0,12,57.14,9,35.4,14,2026-10-02
ENG02245,STU02245,17.38,14,82.35,3,62.28,35,2026-10-02
ENG02246,STU02246,14.2,18,90.0,2,64.17,32,2026-10-02
ENG02247,STU02247,8.94,9,56.25,7,66.12,22,2026-10-02
ENG02248,STU02248,5.88,12,60.0,8,57.22,10,2026-10-02
ENG02249,STU02249,9.47,13,65.0,7,78.0,22,2026-10-02
ENG02250,STU02250,2.47,18,78.26,5,79.42,12,2026-10-02
ENG02251,STU02251,6.06,14,73.68,5,69.48,13,2026-10-02
ENG02252,STU02252,13.26,10,66.67,5,66.15,35,2026-10-02
ENG02253,STU02253,0.8,13,65.0,7,46.51,9,2026-10-02
ENG02254,STU02254,8.2,12,70.59,5,58.67,23,2026-10-02
ENG02255,STU02255,11.55,11,57.89,8,77.82,23,2026-10-02
ENG02256,STU02256,8.74,12,70.59,5,77.19,15,2026-10-02
ENG02257,STU02257,6.44,9,56.25,7,64.27,15,2026-10-02
ENG02258,STU02258,5.63,11,57.89,8,61.89,15,2026-10-02
ENG02259,STU02259,14.95,14,63.64,8,73.22,29,2026-10-02
ENG02260,STU02260,1.0,15,62.5,9,59.2,14,2026-10-02
ENG02261,STU02261,11.11,10,76.92,3,67.01,15,2026-10-02
ENG02262,STU02262,14.0,10,62.5,6,63.76,36,2026-10-02
ENG02263,STU02263,13.94,13,72.22,5,76.79,33,2026-10-02
ENG02264,STU02264,9.31,8,53.33,7,42.93,15,2026-10-02
ENG02265,STU02265,6.14,11,64.71,6,58.9,19,2026-10-02
ENG02266,STU02266,1.43,7,50.0,7,48.73,7,2026-10-02
ENG02267,STU02267,20.85,21,100.0,0,93.24,45,2026-10-02
ENG02268,STU02268,6.12,15,75.0,5,55.99,11,2026-10-02
ENG02269,STU02269,0.35,7,53.85,6,57.45,7,2026-10-02
ENG02270,STU02270,10.71,12,75.0,4,79.18,28,2026-10-02
ENG02271,STU02271,1.17,5,31.25,11,40.34,2,2026-10-02
ENG02272,STU02272,11.03,11,78.57,3,63.34,35,2026-10-02
ENG02273,STU02273,5.53,11,73.33,4,64.32,10,2026-10-02
ENG02274,STU02274,11.43,9,75.0,3,72.17,29,2026-10-02
ENG02275,STU02275,15.84,15,75.0,5,70.46,30,2026-10-02
ENG02276,STU02276,11.31,12,92.31,1,73.06,34,2026-10-02
ENG02277,STU02277,13.39,14,73.68,5,64.89,34,2026-10-02
ENG02278,STU02278,7.24,10,71.43,4,50.76,20,2026-10-02
ENG02279,STU02279,9.22,14,66.67,7,59.52,17,2026-10-02
ENG02280,STU02280,12.97,24,100.0,0,85.65,34,2026-10-02
ENG02281,STU02281,10.37,19,79.17,5,79.91,12,2026-10-02
ENG02282,STU02282,18.72,15,93.75,1,82.86,40,2026-10-02
ENG02283,STU02283,8.15,8,53.33,7,64.9,23,2026-10-02
ENG02284,STU02284,4.22,13,54.17,11,69.84,11,2026-10-02
ENG02285,STU02285,4.45,16,69.57,7,56.29,18,2026-10-02
ENG02286,STU02286,16.61,14,87.5,2,82.44,39,2026-10-02
ENG02287,STU02287,5.9,9,42.86,12,63.42,18,2026-10-02
ENG02288,STU02288,0,5,33.33,10,49.17,2,2026-10-02
ENG02289,STU02289,12.91,14,73.68,5,60.55,29,2026-10-02
ENG02290,STU02290,6.84,12,70.59,5,56.19,17,2026-10-02
ENG02291,STU02291,7.29,10,55.56,8,52.79,17,2026-10-02
ENG02292,STU02292,3.11,9,39.13,14,47.09,14,2026-10-02
ENG02293,STU02293,7.58,13,61.9,8,51.82,15,2026-10-02
ENG02294,STU02294,20.41,15,100.0,0,90.16,42,2026-10-02
ENG02295,STU02295,12.42,11,84.62,2,77.83,21,2026-10-02
ENG02296,STU02296,2.44,5,27.78,13,47.06,8,2026-10-02
ENG02297,STU02297,0,9,40.91,13,31.3,0,2026-10-02
ENG02298,STU02298,11.62,16,76.19,5,74.44,28,2026-10-02
ENG02299,STU02299,3.06,13,56.52,10,75.55,16,2026-10-02
ENG02300,STU02300,6.91,14,63.64,8,66.06,20,2026-10-02
ENG02301,STU02301,8.49,12,57.14,9,65.15,13,2026-10-02
ENG02302,STU02302,15.51,13,76.47,4,65.66,23,2026-10-02
ENG02303,STU02303,4.0,8,38.1,13,47.74,17,2026-10-02
ENG02304,STU02304,15.0,20,90.91,2,78.41,34,2026-10-02
ENG02305,STU02305,4.85,11,78.57,3,60.96,16,2026-10-02
ENG02306,STU02306,4.57,16,72.73,6,53.58,14,2026-10-02
ENG02307,STU02307,10.31,15,75.0,5,76.51,29,2026-10-02
ENG02308,STU02308,0,11,50.0,11,33.77,8,2026-10-02
ENG02309,STU02309,3.59,12,54.55,10,51.72,3,2026-10-02
ENG02310,STU02310,2.39,7,50.0,7,74.09,1,2026-10-02
ENG02311,STU02311,11.79,17,77.27,5,70.29,28,2026-10-02
ENG02312,STU02312,15.36,23,100.0,0,100.0,35,2026-10-02
ENG02313,STU02313,11.81,14,70.0,6,65.69,29,2026-10-02
ENG02314,STU02314,13.93,18,75.0,6,61.36,30,2026-10-02
ENG02315,STU02315,7.29,12,100.0,0,57.91,15,2026-10-02
ENG02316,STU02316,4.34,12,92.31,1,56.44,20,2026-10-02
ENG02317,STU02317,12.59,14,82.35,3,61.83,24,2026-10-02
ENG02318,STU02318,7.88,4,33.33,8,40.11,24,2026-10-02
ENG02319,STU02319,14.19,17,80.95,4,78.78,30,2026-10-02
ENG02320,STU02320,5.41,16,69.57,7,66.63,13,2026-10-02
ENG02321,STU02321,13.25,11,78.57,3,77.65,30,2026-10-02
ENG02322,STU02322,11.54,13,56.52,10,50.73,25,2026-10-02
ENG02323,STU02323,3.17,12,70.59,5,50.91,16,2026-10-02
ENG02324,STU02324,6.5,14,66.67,7,40.77,13,2026-10-02
ENG02325,STU02325,11.19,19,82.61,4,81.29,32,2026-10-02
ENG02326,STU02326,18.07,9,75.0,3,62.69,33,2026-10-02
ENG02327,STU02327,7.17,12,60.0,8,57.0,25,2026-10-02
ENG02328,STU02328,12.89,15,68.18,7,73.14,25,2026-10-02
ENG02329,STU02329,7.8,13,61.9,8,65.89,13,2026-10-02
ENG02330,STU02330,0,13,54.17,11,56.94,6,2026-10-02
ENG02331,STU02331,0,12,63.16,7,50.12,11,2026-10-02
ENG02332,STU02332,0,7,53.85,6,57.83,5,2026-10-02
ENG02333,STU02333,5.65,10,58.82,7,41.21,18,2026-10-02
ENG02334,STU02334,6.71,10,55.56,8,60.21,17,2026-10-02
ENG02335,STU02335,0,6,40.0,9,34.96,16,2026-10-02
ENG02336,STU02336,12.1,16,80.0,4,76.91,23,2026-10-02
ENG02337,STU02337,14.81,20,83.33,4,76.95,29,2026-10-02
ENG02338,STU02338,10.14,15,71.43,6,54.7,24,2026-10-02
ENG02339,STU02339,7.24,12,75.0,4,85.11,26,2026-10-02
ENG02340,STU02340,16.25,11,84.62,2,76.53,36,2026-10-02
ENG02341,STU02341,4.61,8,57.14,6,58.99,17,2026-10-02
ENG02342,STU02342,4.15,18,75.0,6,68.67,7,2026-10-02
ENG02343,STU02343,8.04,12,60.0,8,69.18,29,2026-10-02
ENG02344,STU02344,4.04,11,50.0,11,57.6,6,2026-10-02
ENG02345,STU02345,14.34,13,81.25,3,66.91,22,2026-10-02
ENG02346,STU02346,2.08,11,52.38,10,41.42,1,2026-10-02
ENG02347,STU02347,15.71,21,87.5,3,91.46,37,2026-10-02
ENG02348,STU02348,11.63,10,66.67,5,70.92,25,2026-10-02
ENG02349,STU02349,2.67,17,70.83,7,57.12,16,2026-10-02
ENG02350,STU02350,7.71,13,65.0,7,57.44,22,2026-10-02
ENG02351,STU02351,15.77,11,78.57,3,74.46,20,2026-10-02
ENG02352,STU02352,16.56,12,85.71,2,74.07,36,2026-10-02
ENG02353,STU02353,2.52,6,40.0,9,48.65,4,2026-10-02
ENG02354,STU02354,17.56,21,87.5,3,65.12,38,2026-10-02
ENG02355,STU02355,3.77,7,46.67,8,49.23,22,2026-10-02
ENG02356,STU02356,8.63,17,70.83,7,52.1,16,2026-10-02
ENG02357,STU02357,6.29,16,66.67,8,50.36,11,2026-10-02
ENG02358,STU02358,4.34,8,57.14,6,45.57,24,2026-10-02
ENG02359,STU02359,17.51,17,94.44,1,90.71,34,2026-10-02
ENG02360,STU02360,8.11,11,55.0,9,46.68,19,2026-10-02
ENG02361,STU02361,1.42,11,57.89,8,36.5,8,2026-10-02
ENG02362,STU02362,11.94,17,80.95,4,79.9,33,2026-10-02
ENG02363,STU02363,4.66,6,42.86,8,63.84,13,2026-10-02
ENG02364,STU02364,3.67,8,44.44,10,59.79,13,2026-10-02
ENG02365,STU02365,0,8,66.67,4,57.9,13,2026-10-02
ENG02366,STU02366,7.64,8,66.67,4,57.37,26,2026-10-02
ENG02367,STU02367,12.74,14,66.67,7,74.09,20,2026-10-02
ENG02368,STU02368,7.87,13,59.09,9,68.41,26,2026-10-02
ENG02369,STU02369,8.77,10,71.43,4,63.62,23,2026-10-02
ENG02370,STU02370,1.87,5,38.46,8,48.32,11,2026-10-02
ENG02371,STU02371,9.11,14,82.35,3,62.46,19,2026-10-02
ENG02372,STU02372,19.5,20,83.33,4,100.0,37,2026-10-02
ENG02373,STU02373,3.31,14,60.87,9,57.93,3,2026-10-02
ENG02374,STU02374,10.41,7,46.67,8,64.25,15,2026-10-02
ENG02375,STU02375,7.35,17,80.95,4,74.36,22,2026-10-02
ENG02376,STU02376,8.99,9,75.0,3,67.06,28,2026-10-02
ENG02377,STU02377,16.79,12,92.31,1,75.83,37,2026-10-02
ENG02378,STU02378,6.41,11,84.62,2,79.34,23,2026-10-02
ENG02379,STU02379,5.84,9,75.0,3,77.4,16,2026-10-02
ENG02380,STU02380,1.67,11,68.75,5,52.14,13,2026-10-02
ENG02381,STU02381,6.27,16,80.0,4,72.22,19,2026-10-02
ENG02382,STU02382,8.78,11,68.75,5,48.53,24,2026-10-02
ENG02383,STU02383,8.66,18,81.82,4,84.99,20,2026-10-02
ENG02384,STU02384,3.91,11,55.0,9,43.06,22,2026-10-02
ENG02385,STU02385,12.9,12,70.59,5,64.45,22,2026-10-02
ENG02386,STU02386,0,7,36.84,12,33.86,9,2026-10-02
ENG02387,STU02387,2.83,11,68.75,5,46.15,15,2026-10-02
ENG02388,STU02388,5.34,6,50.0,6,58.97,10,2026-10-02
ENG02389,STU02389,11.3,9,50.0,9,44.11,23,2026-10-02
ENG02390,STU02390,15.69,13,68.42,6,75.13,36,2026-10-02
ENG02391,STU02391,6.36,13,56.52,10,66.57,20,2026-10-02
ENG02392,STU02392,5.13,9,60.0,6,44.53,22,2026-10-02
ENG02393,STU02393,4.71,9,56.25,7,56.49,10,2026-10-02
ENG02394,STU02394,11.27,15,83.33,3,76.18,23,2026-10-02
ENG02395,STU02395,1.27,10,62.5,6,62.04,7,2026-10-02
ENG02396,STU02396,13.09,12,66.67,6,75.71,23,2026-10-02
ENG02397,STU02397,11.1,18,81.82,4,49.76,32,2026-10-02
ENG02398,STU02398,9.9,15,83.33,3,74.28,26,2026-10-02
ENG02399,STU02399,5.33,10,62.5,6,47.6,20,2026-10-02
ENG02400,STU02400,6.0,13,76.47,4,51.89,11,2026-10-02
ENG02401,STU02401,9.9,14,87.5,2,82.37,29,2026-10-02
ENG02402,STU02402,8.29,13,61.9,8,41.27,25,2026-10-02
ENG02403,STU02403,8.14,10,55.56,8,45.18,7,2026-10-02
ENG02404,STU02404,0,6,40.0,9,24.93,13,2026-10-02
ENG02405,STU02405,8.77,17,73.91,6,66.7,18,2026-10-02
ENG02406,STU02406,1.84,11,47.83,12,44.57,9,2026-10-02
ENG02407,STU02407,3.72,7,53.85,6,53.23,7,2026-10-02
ENG02408,STU02408,18.43,16,100.0,0,85.66,35,2026-10-02
ENG02409,STU02409,4.63,9,45.0,11,57.88,8,2026-10-02
ENG02410,STU02410,5.15,9,69.23,4,53.78,10,2026-10-02
ENG02411,STU02411,9.24,14,87.5,2,91.4,18,2026-10-02
ENG02412,STU02412,16.58,22,100.0,0,73.2,33,2026-10-02
ENG02413,STU02413,3.33,8,61.54,5,67.07,12,2026-10-02
ENG02414,STU02414,3.24,9,60.0,6,61.8,10,2026-10-02
ENG02415,STU02415,9.22,11,64.71,6,53.26,19,2026-10-02
ENG02416,STU02416,0,6,28.57,15,34.21,11,2026-10-02
ENG02417,STU02417,4.82,8,57.14,6,55.03,11,2026-10-02
ENG02418,STU02418,12.66,18,75.0,6,70.66,29,2026-10-02
ENG02419,STU02419,13.81,18,81.82,4,55.41,33,2026-10-02
ENG02420,STU02420,3.27,6,37.5,10,50.47,21,2026-10-02
ENG02421,STU02421,10.77,12,70.59,5,51.92,35,2026-10-02
ENG02422,STU02422,6.29,16,72.73,6,49.56,22,2026-10-02
ENG02423,STU02423,13.1,12,75.0,4,88.55,33,2026-10-02
ENG02424,STU02424,3.75,9,50.0,9,56.73,8,2026-10-02
ENG02425,STU02425,1.93,7,50.0,7,52.7,9,2026-10-02
ENG02426,STU02426,13.42,9,60.0,6,49.95,28,2026-10-02
ENG02427,STU02427,12.14,14,77.78,4,69.6,17,2026-10-02
ENG02428,STU02428,7.89,16,84.21,3,59.83,23,2026-10-02
ENG02429,STU02429,11.84,12,75.0,4,91.8,37,2026-10-02
ENG02430,STU02430,10.61,10,76.92,3,70.16,21,2026-10-02
ENG02431,STU02431,5.85,11,61.11,7,53.47,19,2026-10-02
ENG02432,STU02432,4.25,14,66.67,7,53.61,14,2026-10-02
ENG02433,STU02433,4.37,13,56.52,10,44.84,16,2026-10-02
ENG02434,STU02434,10.29,14,87.5,2,63.51,24,2026-10-02
ENG02435,STU02435,16.44,14,87.5,2,64.29,26,2026-10-02
ENG02436,STU02436,13.09,12,100.0,0,85.22,32,2026-10-02
ENG02437,STU02437,14.29,17,80.95,4,73.69,27,2026-10-02
ENG02438,STU02438,16.72,23,95.83,1,87.63,30,2026-10-02
ENG02439,STU02439,14.99,11,91.67,1,60.08,41,2026-10-02
ENG02440,STU02440,4.6,12,63.16,7,41.35,13,2026-10-02
ENG02441,STU02441,3.0,8,66.67,4,57.84,15,2026-10-02
ENG02442,STU02442,13.9,16,88.89,2,77.76,27,2026-10-02
ENG02443,STU02443,4.65,8,57.14,6,59.01,17,2026-10-02
ENG02444,STU02444,0,11,47.83,12,40.15,0,2026-10-02
ENG02445,STU02445,3.06,10,58.82,7,49.26,19,2026-10-02
ENG02446,STU02446,2.43,6,42.86,8,49.2,7,2026-10-02
ENG02447,STU02447,20.13,18,90.0,2,74.75,40,2026-10-02
ENG02448,STU02448,11.37,8,66.67,4,61.3,28,2026-10-02
ENG02449,STU02449,18.78,20,100.0,0,86.71,45,2026-10-02
ENG02450,STU02450,15.11,16,80.0,4,70.81,35,2026-10-02
ENG02451,STU02451,17.87,13,68.42,6,61.34,36,2026-10-02
ENG02452,STU02452,6.1,14,70.0,6,53.3,14,2026-10-02
ENG02453,STU02453,13.04,15,83.33,3,63.22,28,2026-10-02
ENG02454,STU02454,5.36,12,80.0,3,61.94,16,2026-10-02
ENG02455,STU02455,10.12,20,90.91,2,80.55,21,2026-10-02
ENG02456,STU02456,7.83,18,78.26,5,73.44,19,2026-10-02
ENG02457,STU02457,9.1,17,80.95,4,54.4,18,2026-10-02
ENG02458,STU02458,8.26,15,62.5,9,62.03,10,2026-10-02
ENG02459,STU02459,15.41,18,78.26,5,75.03,34,2026-10-02
ENG02460,STU02460,3.16,8,40.0,12,41.41,4,2026-10-02
ENG02461,STU02461,9.5,10,71.43,4,74.25,17,2026-10-02
ENG02462,STU02462,9.96,17,70.83,7,51.55,32,2026-10-02
ENG02463,STU02463,13.98,11,84.62,2,66.3,26,2026-10-02
ENG02464,STU02464,9.97,14,73.68,5,64.12,30,2026-10-02
ENG02465,STU02465,12.37,7,58.33,5,64.3,28,2026-10-02
ENG02466,STU02466,11.34,16,88.89,2,69.51,23,2026-10-02
ENG02467,STU02467,12.96,17,73.91,6,73.9,18,2026-10-02
ENG02468,STU02468,10.99,12,80.0,3,62.6,22,2026-10-02
ENG02469,STU02469,6.45,12,70.59,5,61.18,23,2026-10-02
ENG02470,STU02470,0,13,68.42,6,55.07,4,2026-10-02
ENG02471,STU02471,3.94,9,64.29,5,50.53,10,2026-10-02
ENG02472,STU02472,9.28,10,62.5,6,62.21,24,2026-10-02
ENG02473,STU02473,13.27,9,75.0,3,60.91,18,2026-10-02
ENG02474,STU02474,6.73,14,66.67,7,59.34,15,2026-10-02
ENG02475,STU02475,7.57,8,57.14,6,43.91,19,2026-10-02
ENG02476,STU02476,14.71,17,73.91,6,74.07,33,2026-10-02
ENG02477,STU02477,5.32,14,70.0,6,53.4,4,2026-10-02
ENG02478,STU02478,0.71,10,50.0,10,37.22,8,2026-10-02
ENG02479,STU02479,13.72,12,70.59,5,72.42,28,2026-10-02
ENG02480,STU02480,9.29,12,75.0,4,63.18,18,2026-10-02
ENG02481,STU02481,15.89,13,81.25,3,69.7,33,2026-10-02
ENG02482,STU02482,5.24,12,63.16,7,61.06,14,2026-10-02
ENG02483,STU02483,5.52,16,80.0,4,55.66,23,2026-10-02
ENG02484,STU02484,7.68,10,71.43,4,64.12,17,2026-10-02
ENG02485,STU02485,14.72,12,80.0,3,72.93,20,2026-10-02
ENG02486,STU02486,11.87,11,64.71,6,53.63,27,2026-10-02
ENG02487,STU02487,0,13,56.52,10,44.44,9,2026-10-02
ENG02488,STU02488,4.18,9,52.94,8,53.29,18,2026-10-02
ENG02489,STU02489,8.72,23,95.83,1,81.57,26,2026-10-02
ENG02490,STU02490,9.76,15,88.24,2,77.57,35,2026-10-02
ENG02491,STU02491,5.37,9,50.0,9,63.14,14,2026-10-02
ENG02492,STU02492,9.04,12,92.31,1,81.83,23,2026-10-02
ENG02493,STU02493,7.22,12,66.67,6,67.84,21,2026-10-02
ENG02494,STU02494,8.24,19,86.36,3,62.96,14,2026-10-02
ENG02495,STU02495,11.91,14,77.78,4,74.64,21,2026-10-02
ENG02496,STU02496,5.03,15,75.0,5,51.49,15,2026-10-02
ENG02497,STU02497,19.92,13,68.42,6,58.7,38,2026-10-02
ENG02498,STU02498,10.59,12,80.0,3,62.15,17,2026-10-02
ENG02499,STU02499,0,6,46.15,7,26.38,0,2026-10-02
ENG02500,STU02500,7.34,14,63.64,8,62.14,22,2026-10-02
ENG02501,STU02501,0,9,47.37,10,38.87,20,2026-10-02
ENG02502,STU02502,0,12,57.14,9,52.05,1,2026-10-02
ENG02503,STU02503,0.7,12,75.0,4,52.48,12,2026-10-02
ENG02504,STU02504,7.96,10,76.92,3,53.54,12,2026-10-02
ENG02505,STU02505,12.41,17,80.95,4,52.4,16,2026-10-02
ENG02506,STU02506,10.86,14,63.64,8,69.0,17,2026-10-02
ENG02507,STU02507,16.31,13,100.0,0,100.0,36,2026-10-02
ENG02508,STU02508,12.79,10,83.33,2,64.74,27,2026-10-02
ENG02509,STU02509,3.97,9,69.23,4,64.53,10,2026-10-02
ENG02510,STU02510,17.33,14,87.5,2,70.77,32,2026-10-02
ENG02511,STU02511,6.45,17,70.83,7,57.59,18,2026-10-02
ENG02512,STU02512,7.82,16,84.21,3,64.29,18,2026-10-02
ENG02513,STU02513,0,6,46.15,7,48.21,7,2026-10-02
ENG02514,STU02514,5.12,18,81.82,4,67.75,17,2026-10-02
ENG02515,STU02515,1.1,14,60.87,9,60.33,18,2026-10-02
ENG02516,STU02516,14.45,19,82.61,4,60.39,39,2026-10-02
ENG02517,STU02517,8.65,16,66.67,8,57.68,19,2026-10-02
ENG02518,STU02518,3.47,16,66.67,8,54.9,13,2026-10-02
ENG02519,STU02519,5.71,13,61.9,8,69.12,25,2026-10-02
ENG02520,STU02520,7.57,11,84.62,2,64.6,19,2026-10-02
ENG02521,STU02521,10.51,11,78.57,3,54.83,20,2026-10-02
ENG02522,STU02522,4.4,13,65.0,7,53.68,2,2026-10-02
ENG02523,STU02523,17.8,16,94.12,1,83.57,35,2026-10-02
ENG02524,STU02524,15.25,14,70.0,6,73.29,28,2026-10-02
ENG02525,STU02525,17.79,22,100.0,0,79.91,29,2026-10-02
ENG02526,STU02526,3.1,8,57.14,6,60.82,15,2026-10-02
ENG02527,STU02527,0,7,36.84,12,31.27,4,2026-10-02
ENG02528,STU02528,4.93,7,58.33,5,40.81,20,2026-10-02
ENG02529,STU02529,13.21,14,73.68,5,79.82,34,2026-10-02
ENG02530,STU02530,7.69,23,95.83,1,79.48,25,2026-10-02
ENG02531,STU02531,15.25,20,90.91,2,75.22,22,2026-10-02
ENG02532,STU02532,7.36,14,66.67,7,57.97,29,2026-10-02
ENG02533,STU02533,13.13,11,73.33,4,70.35,35,2026-10-02
ENG02534,STU02534,11.39,14,73.68,5,67.8,30,2026-10-02
ENG02535,STU02535,11.66,12,57.14,9,50.26,30,2026-10-02
ENG02536,STU02536,8.57,11,78.57,3,53.5,18,2026-10-02
ENG02537,STU02537,9.75,20,83.33,4,78.7,25,2026-10-02
ENG02538,STU02538,5.0,7,53.85,6,42.83,20,2026-10-02
ENG02539,STU02539,2.62,10,55.56,8,34.61,13,2026-10-02
ENG02540,STU02540,4.18,16,80.0,4,57.01,17,2026-10-02
ENG02541,STU02541,0.57,18,78.26,5,56.65,13,2026-10-02
ENG02542,STU02542,9.49,13,72.22,5,62.25,24,2026-10-02
ENG02543,STU02543,2.08,10,62.5,6,56.45,4,2026-10-02
ENG02544,STU02544,6.66,16,80.0,4,76.14,12,2026-10-02
ENG02545,STU02545,10.74,10,83.33,2,71.29,21,2026-10-02
ENG02546,STU02546,15.11,21,95.45,1,82.6,33,2026-10-02
ENG02547,STU02547,2.98,11,68.75,5,58.06,18,2026-10-02
ENG02548,STU02548,6.05,9,64.29,5,63.23,9,2026-10-02
ENG02549,STU02549,19.34,12,100.0,0,91.53,42,2026-10-02
ENG02550,STU02550,8.4,11,73.33,4,63.12,29,2026-10-02
ENG02551,STU02551,7.28,9,69.23,4,65.01,21,2026-10-02
ENG02552,STU02552,5.26,13,65.0,7,57.5,7,2026-10-02
ENG02553,STU02553,15.53,16,84.21,3,96.98,35,2026-10-02
ENG02554,STU02554,7.75,5,38.46,8,30.19,19,2026-10-02
ENG02555,STU02555,12.0,12,70.59,5,60.3,34,2026-10-02
ENG02556,STU02556,8.19,9,69.23,4,48.89,27,2026-10-02
ENG02557,STU02557,0,13,56.52,10,46.01,0,2026-10-02
ENG02558,STU02558,10.51,15,68.18,7,83.7,18,2026-10-02
ENG02559,STU02559,3.38,12,54.55,10,47.45,6,2026-10-02
ENG02560,STU02560,7.79,9,69.23,4,43.74,19,2026-10-02
ENG02561,STU02561,8.17,10,66.67,5,63.34,12,2026-10-02
ENG02562,STU02562,10.63,15,71.43,6,77.61,29,2026-10-02
ENG02563,STU02563,11.5,10,76.92,3,78.15,22,2026-10-02
ENG02564,STU02564,0,8,34.78,15,30.91,8,2026-10-02
ENG02565,STU02565,9.35,12,80.0,3,69.13,25,2026-10-02
ENG02566,STU02566,14.41,17,80.95,4,89.24,20,2026-10-02
ENG02567,STU02567,12.13,22,91.67,2,79.26,31,2026-10-02
ENG02568,STU02568,9.67,14,66.67,7,72.44,17,2026-10-02
ENG02569,STU02569,5.04,11,57.89,8,43.11,12,2026-10-02
ENG02570,STU02570,14.7,16,84.21,3,84.77,32,2026-10-02
ENG02571,STU02571,11.35,19,86.36,3,92.84,30,2026-10-02
ENG02572,STU02572,13.25,14,77.78,4,74.75,28,2026-10-02
ENG02573,STU02573,14.51,12,80.0,3,72.72,37,2026-10-02
ENG02574,STU02574,18.65,12,80.0,3,91.13,35,2026-10-02
ENG02575,STU02575,1.92,9,60.0,6,43.39,12,2026-10-02
ENG02576,STU02576,9.04,11,61.11,7,59.15,16,2026-10-02
ENG02577,STU02577,0,7,41.18,10,22.88,0,2026-10-02
ENG02578,STU02578,0.67,8,47.06,9,53.2,10,2026-10-02
ENG02579,STU02579,4.8,10,47.62,11,34.66,15,2026-10-02
ENG02580,STU02580,6.64,9,69.23,4,65.64,19,2026-10-02
ENG02581,STU02581,12.33,15,78.95,4,61.65,23,2026-10-02
ENG02582,STU02582,2.75,10,50.0,10,38.31,4,2026-10-02
ENG02583,STU02583,6.02,11,73.33,4,74.29,16,2026-10-02
ENG02584,STU02584,14.44,19,100.0,0,82.1,34,2026-10-02
ENG02585,STU02585,3.9,9,69.23,4,51.92,9,2026-10-02
ENG02586,STU02586,3.73,7,43.75,9,45.36,20,2026-10-02
ENG02587,STU02587,9.72,12,66.67,6,76.54,15,2026-10-02
ENG02588,STU02588,14.19,12,70.59,5,79.65,27,2026-10-02
ENG02589,STU02589,1.23,6,50.0,6,56.03,9,2026-10-02
ENG02590,STU02590,12.02,16,80.0,4,74.4,19,2026-10-02
ENG02591,STU02591,5.12,14,63.64,8,59.56,10,2026-10-02
ENG02592,STU02592,0,9,37.5,15,30.49,14,2026-10-02
ENG02593,STU02593,3.07,18,90.0,2,65.03,20,2026-10-02
ENG02594,STU02594,22.84,18,94.74,1,100.0,43,2026-10-02
ENG02595,STU02595,6.06,7,38.89,11,37.63,18,2026-10-02
ENG02596,STU02596,4.52,7,58.33,5,45.88,9,2026-10-02
ENG02597,STU02597,17.03,15,83.33,3,88.09,35,2026-10-02
ENG02598,STU02598,4.1,12,54.55,10,57.81,16,2026-10-02
ENG02599,STU02599,9.81,17,73.91,6,47.74,23,2026-10-02
ENG02600,STU02600,11.98,16,94.12,1,66.02,21,2026-10-02
ENG02601,STU02601,3.25,15,65.22,8,66.76,15,2026-10-02
ENG02602,STU02602,8.41,15,75.0,5,77.42,22,2026-10-02
ENG02603,STU02603,6.11,7,50.0,7,43.72,13,2026-10-02
ENG02604,STU02604,18.14,24,100.0,0,75.54,40,2026-10-02
ENG02605,STU02605,5.21,9,60.0,6,37.6,20,2026-10-02
ENG02606,STU02606,13.17,15,75.0,5,68.86,21,2026-10-02
ENG02607,STU02607,11.27,12,70.59,5,58.52,15,2026-10-02
ENG02608,STU02608,10.27,17,85.0,3,64.51,28,2026-10-02
ENG02609,STU02609,8.17,13,68.42,6,42.34,23,2026-10-02
ENG02610,STU02610,0,10,52.63,9,58.33,12,2026-10-02
ENG02611,STU02611,11.9,15,78.95,4,60.83,24,2026-10-02
ENG02612,STU02612,5.26,14,60.87,9,50.36,16,2026-10-02
ENG02613,STU02613,9.47,16,69.57,7,74.33,17,2026-10-02
ENG02614,STU02614,14.58,13,100.0,0,64.17,26,2026-10-02
ENG02615,STU02615,0,17,73.91,6,57.93,7,2026-10-02
ENG02616,STU02616,5.1,10,52.63,9,40.28,11,2026-10-02
ENG02617,STU02617,0,12,70.59,5,55.74,11,2026-10-02
ENG02618,STU02618,9.63,21,95.45,1,65.54,31,2026-10-02
ENG02619,STU02619,7.8,14,60.87,9,54.53,22,2026-10-02
ENG02620,STU02620,3.95,10,52.63,9,37.46,16,2026-10-02
ENG02621,STU02621,0,7,41.18,10,48.43,5,2026-10-02
ENG02622,STU02622,9.79,12,70.59,5,81.74,22,2026-10-02
ENG02623,STU02623,8.37,8,61.54,5,52.41,19,2026-10-02
ENG02624,STU02624,0,11,55.0,9,66.24,3,2026-10-02
ENG02625,STU02625,5.68,9,50.0,9,52.12,14,2026-10-02
ENG02626,STU02626,0,5,38.46,8,27.18,0,2026-10-02
ENG02627,STU02627,0,6,25.0,18,29.68,0,2026-10-02
ENG02628,STU02628,12.75,10,62.5,6,77.18,26,2026-10-02
ENG02629,STU02629,11.61,11,52.38,10,71.29,24,2026-10-02
ENG02630,STU02630,5.46,11,68.75,5,57.92,25,2026-10-02
ENG02631,STU02631,9.14,15,65.22,8,61.1,12,2026-10-02
ENG02632,STU02632,4.34,9,69.23,4,55.46,18,2026-10-02
ENG02633,STU02633,19.82,18,100.0,0,79.61,34,2026-10-02
ENG02634,STU02634,4.72,5,41.67,7,52.58,22,2026-10-02
ENG02635,STU02635,6.56,9,64.29,5,64.68,10,2026-10-02
ENG02636,STU02636,13.89,12,92.31,1,76.79,32,2026-10-02
ENG02637,STU02637,5.89,20,86.96,3,90.83,10,2026-10-02
ENG02638,STU02638,8.53,10,58.82,7,60.47,22,2026-10-02
ENG02639,STU02639,0,10,47.62,11,33.13,0,2026-10-02
ENG02640,STU02640,17.7,15,93.75,1,90.18,30,2026-10-02
ENG02641,STU02641,10.16,17,73.91,6,68.69,21,2026-10-02
ENG02642,STU02642,8.16,11,78.57,3,56.71,28,2026-10-02
ENG02643,STU02643,16.46,12,92.31,1,73.32,37,2026-10-02
ENG02644,STU02644,9.54,10,55.56,8,41.79,18,2026-10-02
ENG02645,STU02645,14.79,19,90.48,2,87.37,36,2026-10-02
ENG02646,STU02646,15.49,12,75.0,4,80.66,36,2026-10-02
ENG02647,STU02647,4.07,10,52.63,9,55.66,3,2026-10-02
ENG02648,STU02648,1.63,8,47.06,9,40.44,11,2026-10-02
ENG02649,STU02649,12.46,16,66.67,8,70.37,27,2026-10-02
ENG02650,STU02650,17.03,18,85.71,3,85.82,31,2026-10-02
ENG02651,STU02651,8.74,17,85.0,3,67.66,17,2026-10-02
ENG02652,STU02652,0,5,25.0,15,29.77,0,2026-10-02
ENG02653,STU02653,8.16,16,84.21,3,66.46,28,2026-10-02
ENG02654,STU02654,14.17,11,78.57,3,81.37,29,2026-10-02
ENG02655,STU02655,12.34,10,71.43,4,60.88,25,2026-10-02
ENG02656,STU02656,0,6,35.29,11,12.29,5,2026-10-02
ENG02657,STU02657,5.66,11,64.71,6,63.51,11,2026-10-02
ENG02658,STU02658,11.36,10,52.63,9,55.3,17,2026-10-02
ENG02659,STU02659,13.96,16,84.21,3,66.74,29,2026-10-02
ENG02660,STU02660,0,8,36.36,14,39.25,11,2026-10-02
ENG02661,STU02661,16.79,18,75.0,6,75.16,33,2026-10-02
ENG02662,STU02662,10.83,12,80.0,3,66.52,25,2026-10-02
ENG02663,STU02663,5.14,14,63.64,8,39.29,10,2026-10-02
ENG02664,STU02664,5.25,15,75.0,5,59.11,15,2026-10-02
ENG02665,STU02665,5.23,11,64.71,6,56.57,18,2026-10-02
ENG02666,STU02666,2.85,15,62.5,9,45.74,16,2026-10-02
ENG02667,STU02667,4.38,10,83.33,2,73.04,9,2026-10-02
ENG02668,STU02668,15.63,10,76.92,3,87.61,33,2026-10-02
ENG02669,STU02669,14.92,13,86.67,2,55.37,29,2026-10-02
ENG02670,STU02670,6.01,6,50.0,6,59.64,5,2026-10-02
ENG02671,STU02671,0,7,46.67,8,44.78,6,2026-10-02
ENG02672,STU02672,0,6,37.5,10,29.67,10,2026-10-02
ENG02673,STU02673,0,5,38.46,8,39.99,12,2026-10-02
ENG02674,STU02674,7.58,13,68.42,6,80.33,23,2026-10-02
ENG02675,STU02675,0.5,13,65.0,7,51.77,9,2026-10-02
ENG02676,STU02676,11.23,11,68.75,5,59.48,16,2026-10-02
ENG02677,STU02677,6.3,14,63.64,8,51.46,19,2026-10-02
ENG02678,STU02678,15.73,17,80.95,4,72.15,33,2026-10-02
ENG02679,STU02679,8.5,6,46.15,7,59.17,16,2026-10-02
ENG02680,STU02680,8.17,12,63.16,7,55.43,17,2026-10-02
ENG02681,STU02681,14.63,22,95.65,1,86.47,32,2026-10-02
ENG02682,STU02682,9.1,10,66.67,5,92.94,25,2026-10-02
ENG02683,STU02683,15.28,12,92.31,1,71.54,26,2026-10-02
ENG02684,STU02684,16.56,10,76.92,3,85.59,30,2026-10-02
ENG02685,STU02685,13.2,12,70.59,5,56.32,26,2026-10-02
ENG02686,STU02686,21.36,16,100.0,0,100.0,41,2026-10-02
ENG02687,STU02687,15.79,17,100.0,0,78.03,34,2026-10-02
ENG02688,STU02688,8.35,13,76.47,4,63.56,25,2026-10-02
ENG02689,STU02689,9.83,11,73.33,4,59.2,24,2026-10-02
ENG02690,STU02690,7.33,7,50.0,7,46.7,27,2026-10-02
ENG02691,STU02691,10.25,8,61.54,5,70.02,29,2026-10-02
ENG02692,STU02692,7.74,14,60.87,9,68.24,14,2026-10-02
ENG02693,STU02693,4.32,11,47.83,12,53.32,9,2026-10-02
ENG02694,STU02694,10.75,14,70.0,6,76.73,18,2026-10-02
ENG02695,STU02695,4.15,7,58.33,5,76.21,8,2026-10-02
ENG02696,STU02696,10.95,7,53.85,6,60.72,20,2026-10-02
ENG02697,STU02697,7.82,9,75.0,3,74.41,17,2026-10-02
ENG02698,STU02698,13.85,16,69.57,7,61.0,31,2026-10-02
ENG02699,STU02699,12.91,15,93.75,1,79.56,32,2026-10-02
ENG02700,STU02700,4.1,8,61.54,5,48.5,18,2026-10-02
ENG02701,STU02701,15.43,17,77.27,5,70.75,29,2026-10-02
ENG02702,STU02702,8.61,14,60.87,9,59.87,22,2026-10-02
ENG02703,STU02703,1.32,8,50.0,8,42.97,13,2026-10-02
ENG02704,STU02704,8.67,10,83.33,2,68.93,19,2026-10-02
ENG02705,STU02705,3.98,12,63.16,7,63.23,12,2026-10-02
ENG02706,STU02706,3.88,15,83.33,3,68.79,20,2026-10-02
ENG02707,STU02707,10.87,19,79.17,5,51.75,21,2026-10-02
ENG02708,STU02708,0.86,8,50.0,8,47.34,4,2026-10-02
ENG02709,STU02709,13.72,14,93.33,1,66.69,40,2026-10-02
ENG02710,STU02710,3.42,12,57.14,9,51.39,10,2026-10-02
ENG02711,STU02711,6.11,11,78.57,3,62.13,22,2026-10-02
ENG02712,STU02712,1.15,12,63.16,7,39.56,9,2026-10-02
ENG02713,STU02713,0.66,10,55.56,8,43.22,9,2026-10-02
ENG02714,STU02714,18.9,20,83.33,4,80.77,30,2026-10-02
ENG02715,STU02715,6.36,16,72.73,6,67.66,14,2026-10-02
ENG02716,STU02716,8.89,7,46.67,8,63.58,11,2026-10-02
ENG02717,STU02717,5.29,9,50.0,9,50.01,19,2026-10-02
ENG02718,STU02718,1.6,7,46.67,8,54.83,9,2026-10-02
ENG02719,STU02719,16.92,15,88.24,2,74.7,27,2026-10-02
ENG02720,STU02720,15.11,19,79.17,5,67.18,27,2026-10-02
ENG02721,STU02721,17.41,21,91.3,2,75.74,35,2026-10-02
ENG02722,STU02722,4.4,12,80.0,3,56.38,21,2026-10-02
ENG02723,STU02723,0,10,58.82,7,60.16,4,2026-10-02
ENG02724,STU02724,14.4,17,80.95,4,68.37,34,2026-10-02
ENG02725,STU02725,5.57,9,64.29,5,62.38,24,2026-10-02
ENG02726,STU02726,13.43,12,70.59,5,60.47,31,2026-10-02
ENG02727,STU02727,3.35,9,64.29,5,47.5,10,2026-10-02
ENG02728,STU02728,13.05,19,79.17,5,67.07,30,2026-10-02
ENG02729,STU02729,8.57,12,70.59,5,48.25,31,2026-10-02
ENG02730,STU02730,9.44,16,66.67,8,78.43,20,2026-10-02
ENG02731,STU02731,3.63,6,50.0,6,50.16,10,2026-10-02
ENG02732,STU02732,11.78,19,79.17,5,80.95,28,2026-10-02
ENG02733,STU02733,6.72,9,69.23,4,77.46,21,2026-10-02
ENG02734,STU02734,5.98,11,45.83,13,63.1,14,2026-10-02
ENG02735,STU02735,1.82,6,46.15,7,47.31,0,2026-10-02
ENG02736,STU02736,11.72,14,82.35,3,64.9,27,2026-10-02
ENG02737,STU02737,0,6,50.0,6,42.84,9,2026-10-02
ENG02738,STU02738,0,9,47.37,10,35.84,9,2026-10-02
ENG02739,STU02739,10.3,15,65.22,8,59.0,23,2026-10-02
ENG02740,STU02740,10.95,14,66.67,7,71.37,32,2026-10-02
ENG02741,STU02741,6.28,12,57.14,9,48.34,22,2026-10-02
ENG02742,STU02742,18.01,17,100.0,0,92.68,42,2026-10-02
ENG02743,STU02743,14.03,16,80.0,4,82.17,32,2026-10-02
ENG02744,STU02744,10.89,10,83.33,2,63.32,36,2026-10-02
ENG02745,STU02745,9.85,15,65.22,8,59.02,30,2026-10-02
ENG02746,STU02746,14.92,12,70.59,5,60.74,33,2026-10-02
ENG02747,STU02747,7.35,16,72.73,6,78.38,21,2026-10-02
ENG02748,STU02748,12.72,11,50.0,11,65.46,30,2026-10-02
ENG02749,STU02749,0,6,42.86,8,37.91,4,2026-10-02
ENG02750,STU02750,4.23,16,69.57,7,59.2,12,2026-10-02
ENG02751,STU02751,15.09,15,78.95,4,73.96,33,2026-10-02
ENG02752,STU02752,15.61,13,92.86,1,90.55,35,2026-10-02
ENG02753,STU02753,5.34,13,72.22,5,71.0,15,2026-10-02
ENG02754,STU02754,1.43,10,43.48,13,54.22,6,2026-10-02
ENG02755,STU02755,8.85,12,80.0,3,87.35,27,2026-10-02
ENG02756,STU02756,11.64,15,68.18,7,68.25,14,2026-10-02
ENG02757,STU02757,11.86,9,60.0,6,77.08,41,2026-10-02
ENG02758,STU02758,10.31,13,76.47,4,63.51,36,2026-10-02
ENG02759,STU02759,9.22,13,76.47,4,46.42,8,2026-10-02
ENG02760,STU02760,7.04,12,54.55,10,43.15,16,2026-10-02
ENG02761,STU02761,0,7,50.0,7,32.75,10,2026-10-02
ENG02762,STU02762,17.2,14,100.0,0,77.55,29,2026-10-02
ENG02763,STU02763,3.18,16,69.57,7,48.38,9,2026-10-02
ENG02764,STU02764,9.86,8,66.67,4,57.9,12,2026-10-02
ENG02765,STU02765,20.82,22,91.67,2,95.89,36,2026-10-02
ENG02766,STU02766,9.75,10,83.33,2,69.57,31,2026-10-02
ENG02767,STU02767,0,10,43.48,13,48.27,11,2026-10-02
ENG02768,STU02768,9.19,10,66.67,5,62.88,24,2026-10-02
ENG02769,STU02769,8.23,15,68.18,7,63.32,25,2026-10-02
ENG02770,STU02770,10.25,15,78.95,4,53.55,20,2026-10-02
ENG02771,STU02771,5.77,14,70.0,6,78.71,21,2026-10-02
ENG02772,STU02772,5.72,11,78.57,3,36.96,9,2026-10-02
ENG02773,STU02773,6.97,7,58.33,5,51.58,15,2026-10-02
ENG02774,STU02774,14.24,8,66.67,4,73.38,22,2026-10-02
ENG02775,STU02775,5.82,14,77.78,4,66.42,18,2026-10-02
ENG02776,STU02776,6.3,9,75.0,3,56.31,13,2026-10-02
ENG02777,STU02777,2.3,9,50.0,9,51.71,10,2026-10-02
ENG02778,STU02778,13.03,10,83.33,2,61.79,37,2026-10-02
ENG02779,STU02779,6.22,17,70.83,7,70.68,13,2026-10-02
ENG02780,STU02780,5.73,11,61.11,7,73.09,14,2026-10-02
ENG02781,STU02781,4.39,13,56.52,10,62.23,14,2026-10-02
ENG02782,STU02782,13.49,20,90.91,2,76.02,32,2026-10-02
ENG02783,STU02783,10.47,18,81.82,4,73.82,28,2026-10-02
ENG02784,STU02784,2.54,12,60.0,8,60.48,6,2026-10-02
ENG02785,STU02785,9.19,10,58.82,7,58.45,10,2026-10-02
ENG02786,STU02786,16.51,18,90.0,2,78.02,29,2026-10-02
ENG02787,STU02787,0,5,41.67,7,42.07,0,2026-10-02
ENG02788,STU02788,9.87,15,68.18,7,52.35,16,2026-10-02
ENG02789,STU02789,20.03,19,100.0,0,83.54,37,2026-10-02
ENG02790,STU02790,6.62,12,66.67,6,53.67,9,2026-10-02
ENG02791,STU02791,7.37,11,73.33,4,68.29,18,2026-10-02
ENG02792,STU02792,8.61,14,66.67,7,54.7,20,2026-10-02
ENG02793,STU02793,2.23,10,62.5,6,54.96,13,2026-10-02
ENG02794,STU02794,8.69,7,58.33,5,54.61,11,2026-10-02
ENG02795,STU02795,12.53,16,80.0,4,77.03,30,2026-10-02
ENG02796,STU02796,7.87,13,86.67,2,51.58,21,2026-10-02
ENG02797,STU02797,4.49,7,58.33,5,49.66,14,2026-10-02
ENG02798,STU02798,7.07,10,76.92,3,69.58,23,2026-10-02
ENG02799,STU02799,5.54,12,63.16,7,51.41,12,2026-10-02
ENG02800,STU02800,20.01,11,84.62,2,86.16,43,2026-10-02
ENG02801,STU02801,0,9,56.25,7,40.45,9,2026-10-02
ENG02802,STU02802,9.83,10,83.33,2,61.55,26,2026-10-02
ENG02803,STU02803,14.25,11,73.33,4,73.46,25,2026-10-02
ENG02804,STU02804,1.3,10,62.5,6,56.37,15,2026-10-02
ENG02805,STU02805,7.89,12,75.0,4,83.09,20,2026-10-02
ENG02806,STU02806,6.79,13,56.52,10,53.98,19,2026-10-02
ENG02807,STU02807,7.02,9,75.0,3,56.48,14,2026-10-02
ENG02808,STU02808,7.09,10,71.43,4,73.09,14,2026-10-02
ENG02809,STU02809,4.32,12,57.14,9,55.31,17,2026-10-02
ENG02810,STU02810,20.25,17,100.0,0,88.53,37,2026-10-02
ENG02811,STU02811,2.23,12,60.0,8,54.59,11,2026-10-02
ENG02812,STU02812,11.32,22,91.67,2,70.14,25,2026-10-02
ENG02813,STU02813,12.49,10,76.92,3,79.71,33,2026-10-02
ENG02814,STU02814,3.46,7,58.33,5,58.54,8,2026-10-02
ENG02815,STU02815,9.55,10,55.56,8,62.21,27,2026-10-02
ENG02816,STU02816,14.52,21,87.5,3,76.18,31,2026-10-02
ENG02817,STU02817,8.62,12,63.16,7,63.22,23,2026-10-02
ENG02818,STU02818,8.97,18,78.26,5,78.47,23,2026-10-02
ENG02819,STU02819,1.14,6,37.5,10,38.55,0,2026-10-02
ENG02820,STU02820,6.62,12,66.67,6,52.34,17,2026-10-02
ENG02821,STU02821,3.97,11,61.11,7,49.0,3,2026-10-02
ENG02822,STU02822,15.52,18,94.74,1,85.57,31,2026-10-02
ENG02823,STU02823,5.82,7,58.33,5,53.36,23,2026-10-02
ENG02824,STU02824,3.64,12,54.55,10,39.61,18,2026-10-02
ENG02825,STU02825,17.72,23,100.0,0,100.0,37,2026-10-02
ENG02826,STU02826,15.91,9,75.0,3,88.62,33,2026-10-02
ENG02827,STU02827,2.0,9,40.91,13,45.58,2,2026-10-02
ENG02828,STU02828,0,13,65.0,7,41.07,12,2026-10-02
ENG02829,STU02829,2.14,7,58.33,5,36.45,7,2026-10-02
ENG02830,STU02830,3.08,13,61.9,8,65.13,20,2026-10-02
ENG02831,STU02831,2.32,15,65.22,8,50.37,18,2026-10-02
ENG02832,STU02832,6.73,8,57.14,6,47.58,13,2026-10-02
ENG02833,STU02833,9.19,17,70.83,7,53.77,14,2026-10-02
ENG02834,STU02834,0,10,58.82,7,53.66,10,2026-10-02
ENG02835,STU02835,13.01,14,77.78,4,77.23,30,2026-10-02
ENG02836,STU02836,6.34,9,75.0,3,53.82,14,2026-10-02
ENG02837,STU02837,7.71,9,60.0,6,47.57,21,2026-10-02
ENG02838,STU02838,3.87,11,61.11,7,48.82,24,2026-10-02
ENG02839,STU02839,7.57,14,73.68,5,55.82,18,2026-10-02
ENG02840,STU02840,4.84,7,50.0,7,73.45,17,2026-10-02
ENG02841,STU02841,17.5,24,100.0,0,94.13,42,2026-10-02
ENG02842,STU02842,17.4,17,77.27,5,80.39,35,2026-10-02
ENG02843,STU02843,9.4,10,71.43,4,64.08,19,2026-10-02
ENG02844,STU02844,7.47,12,92.31,1,73.32,17,2026-10-02
ENG02845,STU02845,13.11,14,66.67,7,73.18,28,2026-10-02
ENG02846,STU02846,13.79,13,100.0,0,70.36,30,2026-10-02
ENG02847,STU02847,9.47,8,66.67,4,65.41,24,2026-10-02
ENG02848,STU02848,14.81,13,76.47,4,86.07,34,2026-10-02
ENG02849,STU02849,7.66,15,75.0,5,79.0,23,2026-10-02
ENG02850,STU02850,8.76,12,75.0,4,68.36,17,2026-10-02
ENG02851,STU02851,2.59,14,58.33,10,65.34,6,2026-10-02
ENG02852,STU02852,6.95,8,42.11,11,60.21,20,2026-10-02
ENG02853,STU02853,3.33,13,68.42,6,62.33,9,2026-10-02
ENG02854,STU02854,8.74,11,61.11,7,56.19,6,2026-10-02
ENG02855,STU02855,16.55,19,90.48,2,75.99,32,2026-10-02
ENG02856,STU02856,11.08,20,86.96,3,77.67,27,2026-10-02
ENG02857,STU02857,5.54,16,80.0,4,51.72,16,2026-10-02
ENG02858,STU02858,2.59,17,80.95,4,55.82,20,2026-10-02
ENG02859,STU02859,11.35,14,87.5,2,66.16,27,2026-10-02
ENG02860,STU02860,0,12,52.17,11,37.93,11,2026-10-02
ENG02861,STU02861,0,11,52.38,10,54.88,6,2026-10-02
ENG02862,STU02862,14.57,20,86.96,3,85.67,37,2026-10-02
ENG02863,STU02863,8.55,16,66.67,8,57.92,19,2026-10-02
ENG02864,STU02864,4.56,10,66.67,5,48.17,21,2026-10-02
ENG02865,STU02865,11.47,10,71.43,4,73.46,15,2026-10-02
ENG02866,STU02866,3.04,9,56.25,7,69.72,8,2026-10-02
ENG02867,STU02867,10.67,17,85.0,3,56.22,22,2026-10-02
ENG02868,STU02868,0.45,10,52.63,9,31.92,2,2026-10-02
ENG02869,STU02869,14.05,17,89.47,2,72.94,27,2026-10-02
ENG02870,STU02870,1.88,9,37.5,15,44.23,19,2026-10-02
ENG02871,STU02871,8.08,11,57.89,8,57.97,13,2026-10-02
ENG02872,STU02872,15.47,17,85.0,3,86.16,30,2026-10-02
ENG02873,STU02873,15.39,22,95.65,1,74.81,30,2026-10-02
ENG02874,STU02874,9.15,17,100.0,0,63.22,31,2026-10-02
ENG02875,STU02875,15.83,15,68.18,7,87.07,20,2026-10-02
ENG02876,STU02876,13.6,15,88.24,2,71.42,21,2026-10-02
ENG02877,STU02877,2.95,12,75.0,4,53.76,10,2026-10-02
ENG02878,STU02878,9.26,14,73.68,5,60.3,25,2026-10-02
ENG02879,STU02879,0.33,11,52.38,10,38.62,0,2026-10-02
ENG02880,STU02880,1.61,15,62.5,9,54.07,9,2026-10-02
ENG02881,STU02881,6.7,10,55.56,8,66.49,14,2026-10-02
ENG02882,STU02882,0,14,70.0,6,70.71,12,2026-10-02
ENG02883,STU02883,13.11,10,58.82,7,65.11,31,2026-10-02
ENG02884,STU02884,10.63,15,75.0,5,53.43,24,2026-10-02
ENG02885,STU02885,2.86,12,60.0,8,49.31,15,2026-10-02
ENG02886,STU02886,6.42,16,72.73,6,50.63,20,2026-10-02
ENG02887,STU02887,18.81,14,87.5,2,93.99,37,2026-10-02
ENG02888,STU02888,14.25,9,56.25,7,62.32,30,2026-10-02
ENG02889,STU02889,3.72,7,50.0,7,52.44,11,2026-10-02
ENG02890,STU02890,0,7,33.33,14,41.13,0,2026-10-02
ENG02891,STU02891,0.37,10,83.33,2,62.88,8,2026-10-02
ENG02892,STU02892,9.69,15,71.43,6,78.86,18,2026-10-02
ENG02893,STU02893,3.0,13,56.52,10,49.49,0,2026-10-02
ENG02894,STU02894,11.55,11,91.67,1,77.05,23,2026-10-02
ENG02895,STU02895,11.09,11,68.75,5,57.51,21,2026-10-02
ENG02896,STU02896,15.76,12,75.0,4,82.31,35,2026-10-02
ENG02897,STU02897,2.49,10,52.63,9,40.99,11,2026-10-02
ENG02898,STU02898,0.63,7,58.33,5,55.6,5,2026-10-02
ENG02899,STU02899,10.14,12,75.0,4,71.1,23,2026-10-02
ENG02900,STU02900,11.66,18,81.82,4,80.25,24,2026-10-02
ENG02901,STU02901,10.78,16,72.73,6,70.13,27,2026-10-02
ENG02902,STU02902,6.83,9,60.0,6,53.44,21,2026-10-02
ENG02903,STU02903,10.09,14,77.78,4,60.19,17,2026-10-02
ENG02904,STU02904,0,6,42.86,8,41.25,1,2026-10-02
ENG02905,STU02905,0,8,50.0,8,35.52,2,2026-10-02
ENG02906,STU02906,0,8,57.14,6,55.92,5,2026-10-02
ENG02907,STU02907,0.83,5,41.67,7,34.7,10,2026-10-02
ENG02908,STU02908,14.39,17,80.95,4,74.03,17,2026-10-02
ENG02909,STU02909,0,15,68.18,7,59.45,17,2026-10-02
ENG02910,STU02910,14.21,17,85.0,3,89.76,30,2026-10-02
ENG02911,STU02911,11.0,14,82.35,3,66.77,20,2026-10-02
ENG02912,STU02912,1.95,6,50.0,6,59.07,11,2026-10-02
ENG02913,STU02913,14.03,12,66.67,6,84.74,27,2026-10-02
ENG02914,STU02914,2.37,10,62.5,6,50.09,8,2026-10-02
ENG02915,STU02915,8.54,10,71.43,4,41.05,19,2026-10-02
ENG02916,STU02916,0.1,10,52.63,9,45.35,2,2026-10-02
ENG02917,STU02917,13.53,9,69.23,4,73.2,25,2026-10-02
ENG02918,STU02918,0.41,8,44.44,10,56.93,8,2026-10-02
ENG02919,STU02919,12.23,9,69.23,4,76.51,31,2026-10-02
ENG02920,STU02920,10.24,17,70.83,7,69.92,20,2026-10-02
ENG02921,STU02921,1.55,10,55.56,8,44.47,5,2026-10-02
ENG02922,STU02922,12.6,14,70.0,6,54.96,23,2026-10-02
ENG02923,STU02923,10.85,12,66.67,6,63.81,24,2026-10-02
ENG02924,STU02924,8.06,8,57.14,6,69.98,14,2026-10-02
ENG02925,STU02925,9.36,20,86.96,3,83.64,31,2026-10-02
ENG02926,STU02926,2.52,8,61.54,5,53.49,15,2026-10-02
ENG02927,STU02927,1.56,12,54.55,10,49.97,5,2026-10-02
ENG02928,STU02928,12.86,17,80.95,4,69.22,28,2026-10-02
ENG02929,STU02929,10.27,14,82.35,3,69.36,21,2026-10-02
ENG02930,STU02930,13.34,11,84.62,2,71.67,18,2026-10-02
ENG02931,STU02931,9.35,16,76.19,5,82.48,16,2026-10-02
ENG02932,STU02932,5.47,11,84.62,2,73.18,20,2026-10-02
ENG02933,STU02933,15.9,16,84.21,3,74.98,46,2026-10-02
ENG02934,STU02934,4.43,15,62.5,9,41.36,16,2026-10-02
ENG02935,STU02935,0,11,57.89,8,51.87,9,2026-10-02
ENG02936,STU02936,1.14,6,46.15,7,40.65,7,2026-10-02
ENG02937,STU02937,0,5,41.67,7,39.15,10,2026-10-02
ENG02938,STU02938,11.19,12,70.59,5,63.87,15,2026-10-02
ENG02939,STU02939,8.62,15,78.95,4,70.02,28,2026-10-02
ENG02940,STU02940,9.88,15,88.24,2,68.23,14,2026-10-02
ENG02941,STU02941,8.6,12,85.71,2,76.08,22,2026-10-02
ENG02942,STU02942,13.26,10,71.43,4,83.79,25,2026-10-02
ENG02943,STU02943,7.46,11,57.89,8,64.63,19,2026-10-02
ENG02944,STU02944,3.9,12,52.17,11,61.32,10,2026-10-02
ENG02945,STU02945,16.34,19,90.48,2,74.26,35,2026-10-02
ENG02946,STU02946,3.98,12,80.0,3,70.4,6,2026-10-02
ENG02947,STU02947,2.63,15,62.5,9,47.71,14,2026-10-02
ENG02948,STU02948,4.81,11,50.0,11,49.74,14,2026-10-02
ENG02949,STU02949,7.85,13,68.42,6,62.95,13,2026-10-02
ENG02950,STU02950,18.13,16,100.0,0,64.76,34,2026-10-02
ENG02951,STU02951,0,8,66.67,4,64.68,12,2026-10-02
ENG02952,STU02952,15.79,15,75.0,5,57.86,32,2026-10-02
ENG02953,STU02953,15.63,15,83.33,3,78.27,25,2026-10-02
ENG02954,STU02954,6.51,14,66.67,7,54.93,8,2026-10-02
ENG02955,STU02955,15.6,20,90.91,2,88.46,30,2026-10-02
ENG02956,STU02956,10.72,12,75.0,4,73.69,36,2026-10-02
ENG02957,STU02957,17.37,18,81.82,4,67.06,43,2026-10-02
ENG02958,STU02958,19.48,21,100.0,0,97.21,51,2026-10-02
ENG02959,STU02959,8.53,9,64.29,5,77.05,14,2026-10-02
ENG02960,STU02960,0,6,33.33,12,48.63,7,2026-10-02
ENG02961,STU02961,9.46,16,69.57,7,68.02,21,2026-10-02
ENG02962,STU02962,15.95,12,92.31,1,67.93,34,2026-10-02
ENG02963,STU02963,14.0,14,82.35,3,71.0,36,2026-10-02
ENG02964,STU02964,11.13,17,77.27,5,59.0,27,2026-10-02
ENG02965,STU02965,11.65,13,81.25,3,74.12,30,2026-10-02
ENG02966,STU02966,4.49,14,66.67,7,47.59,22,2026-10-02
ENG02967,STU02967,1.9,7,50.0,7,62.73,1,2026-10-02
ENG02968,STU02968,0.84,13,54.17,11,37.58,7,2026-10-02
ENG02969,STU02969,9.03,15,68.18,7,65.67,17,2026-10-02
ENG02970,STU02970,0.11,10,43.48,13,33.37,7,2026-10-02
ENG02971,STU02971,0,6,46.15,7,33.98,4,2026-10-02
ENG02972,STU02972,0,10,47.62,11,29.0,10,2026-10-02
ENG02973,STU02973,1.8,12,54.55,10,49.25,11,2026-10-02
ENG02974,STU02974,9.13,8,66.67,4,64.65,14,2026-10-02
ENG02975,STU02975,4.54,10,71.43,4,60.68,15,2026-10-02
ENG02976,STU02976,7.6,16,84.21,3,62.36,24,2026-10-02
ENG02977,STU02977,6.3,14,77.78,4,69.92,23,2026-10-02
ENG02978,STU02978,16.08,12,100.0,0,92.16,35,2026-10-02
ENG02979,STU02979,4.37,12,63.16,7,75.85,12,2026-10-02
ENG02980,STU02980,1.44,12,52.17,11,33.22,4,2026-10-02
ENG02981,STU02981,16.64,12,85.71,2,81.46,35,2026-10-02
ENG02982,STU02982,12.5,15,88.24,2,70.76,37,2026-10-02
ENG02983,STU02983,3.3,11,61.11,7,51.46,23,2026-10-02
ENG02984,STU02984,4.05,9,56.25,7,62.95,9,2026-10-02
ENG02985,STU02985,7.48,13,76.47,4,45.87,20,2026-10-02
ENG02986,STU02986,9.68,13,81.25,3,62.74,31,2026-10-02
ENG02987,STU02987,12.8,14,82.35,3,70.95,27,2026-10-02
ENG02988,STU02988,9.64,9,60.0,6,66.07,31,2026-10-02
ENG02989,STU02989,4.63,9,52.94,8,51.03,9,2026-10-02
ENG02990,STU02990,16.11,13,86.67,2,78.33,39,2026-10-02
ENG02991,STU02991,7.14,16,72.73,6,64.72,13,2026-10-02
ENG02992,STU02992,1.64,15,65.22,8,52.21,1,2026-10-02
ENG02993,STU02993,2.84,14,70.0,6,71.2,13,2026-10-02
ENG02994,STU02994,8.3,13,68.42,6,68.32,22,2026-10-02
ENG02995,STU02995,13.89,16,84.21,3,87.15,23,2026-10-02
ENG02996,STU02996,9.26,10,62.5,6,65.21,23,2026-10-02
ENG02997,STU02997,5.18,13,68.42,6,47.43,8,2026-10-02
ENG02998,STU02998,10.08,8,66.67,4,61.95,22,2026-10-02
ENG02999,STU02999,9.2,13,86.67,2,68.19,24,2026-10-02
ENG03000,STU03000,14.28,17,89.47,2,92.78,38,2026-10-02
ENG03001,STU03001,7.62,15,75.0,5,74.04,21,2026-10-02
ENG03002,STU03002,12.5,17,70.83,7,85.39,24,2026-10-02
ENG03003,STU03003,8.02,10,50.0,10,50.67,30,2026-10-02
ENG03004,STU03004,2.82,13,72.22,5,59.84,15,2026-10-02
ENG03005,STU03005,4.44,11,47.83,12,55.56,10,2026-10-02
ENG03006,STU03006,5.37,6,46.15,7,63.48,13,2026-10-02
ENG03007,STU03007,9.79,14,87.5,2,50.76,19,2026-10-02
ENG03008,STU03008,7.81,15,65.22,8,81.57,18,2026-10-02
ENG03009,STU03009,0,8,47.06,9,35.57,8,2026-10-02
ENG03010,STU03010,21.83,19,95.0,1,99.16,44,2026-10-02
ENG03011,STU03011,2.46,15,83.33,3,69.62,16,2026-10-02
ENG03012,STU03012,9.03,17,77.27,5,69.26,30,2026-10-02
ENG03013,STU03013,9.47,15,75.0,5,66.06,28,2026-10-02
ENG03014,STU03014,5.34,13,68.42,6,61.56,23,2026-10-02
ENG03015,STU03015,21.43,9,69.23,4,98.61,43,2026-10-02
ENG03016,STU03016,5.8,12,66.67,6,58.42,20,2026-10-02
ENG03017,STU03017,14.96,8,66.67,4,65.49,30,2026-10-02
ENG03018,STU03018,10.49,17,73.91,6,74.79,15,2026-10-02
ENG03019,STU03019,13.08,13,72.22,5,67.82,27,2026-10-02
ENG03020,STU03020,9.96,13,54.17,11,63.23,3,2026-10-02
ENG03021,STU03021,7.89,12,85.71,2,77.66,26,2026-10-02
ENG03022,STU03022,0,7,38.89,11,25.27,0,2026-10-02
ENG03023,STU03023,6.82,13,54.17,11,52.83,10,2026-10-02
ENG03024,STU03024,14.27,16,72.73,6,76.68,28,2026-10-02
ENG03025,STU03025,5.18,9,47.37,10,42.99,23,2026-10-02
ENG03026,STU03026,12.0,13,72.22,5,72.72,24,2026-10-02
ENG03027,STU03027,2.15,13,81.25,3,53.11,19,2026-10-02
ENG03028,STU03028,9.68,10,62.5,6,58.78,34,2026-10-02
ENG03029,STU03029,6.3,11,68.75,5,72.91,9,2026-10-02
ENG03030,STU03030,0,3,14.29,18,45.14,1,2026-10-02
ENG03031,STU03031,11.52,14,87.5,2,63.67,19,2026-10-02
ENG03032,STU03032,16.24,15,88.24,2,83.32,34,2026-10-02
ENG03033,STU03033,5.55,16,72.73,6,59.87,17,2026-10-02
ENG03034,STU03034,1.48,9,56.25,7,29.15,7,2026-10-02
ENG03035,STU03035,2.9,7,46.67,8,42.4,6,2026-10-02
ENG03036,STU03036,0,6,40.0,9,35.41,0,2026-10-02
ENG03037,STU03037,5.49,12,70.59,5,48.7,10,2026-10-02
ENG03038,STU03038,4.37,7,58.33,5,60.59,9,2026-10-02
ENG03039,STU03039,11.31,17,80.95,4,62.9,12,2026-10-02
ENG03040,STU03040,4.02,7,43.75,9,64.69,11,2026-10-02
ENG03041,STU03041,6.7,15,65.22,8,66.89,21,2026-10-02
ENG03042,STU03042,17.01,12,75.0,4,67.64,34,2026-10-02
ENG03043,STU03043,6.9,18,94.74,1,50.72,16,2026-10-02
ENG03044,STU03044,0,6,30.0,14,39.86,1,2026-10-02
ENG03045,STU03045,2.12,11,45.83,13,55.68,13,2026-10-02
ENG03046,STU03046,3.58,12,70.59,5,64.29,16,2026-10-02
ENG03047,STU03047,13.54,13,81.25,3,88.86,24,2026-10-02
ENG03048,STU03048,8.76,9,75.0,3,73.01,20,2026-10-02
ENG03049,STU03049,1.1,7,53.85,6,41.58,4,2026-10-02
ENG03050,STU03050,11.19,17,80.95,4,66.1,26,2026-10-02
ENG03051,STU03051,6.9,9,64.29,5,60.29,13,2026-10-02
ENG03052,STU03052,6.13,10,83.33,2,74.53,18,2026-10-02
ENG03053,STU03053,2.71,10,66.67,5,50.73,2,2026-10-02
ENG03054,STU03054,5.11,8,66.67,4,46.03,17,2026-10-02
ENG03055,STU03055,10.76,12,63.16,7,55.59,20,2026-10-02
ENG03056,STU03056,6.31,7,50.0,7,49.23,14,2026-10-02
ENG03057,STU03057,8.39,10,52.63,9,58.47,16,2026-10-02
ENG03058,STU03058,3.35,14,66.67,7,59.27,9,2026-10-02
ENG03059,STU03059,11.44,14,60.87,9,58.47,18,2026-10-02
ENG03060,STU03060,10.04,10,62.5,6,51.59,19,2026-10-02
ENG03061,STU03061,5.02,7,58.33,5,44.96,2,2026-10-02
ENG03062,STU03062,17.57,15,68.18,7,75.51,40,2026-10-02
ENG03063,STU03063,15.11,13,81.25,3,69.73,39,2026-10-02
ENG03064,STU03064,0,9,47.37,10,50.03,17,2026-10-02
ENG03065,STU03065,5.6,13,72.22,5,67.76,21,2026-10-02
ENG03066,STU03066,8.48,9,75.0,3,69.12,19,2026-10-02
ENG03067,STU03067,0,9,56.25,7,37.16,3,2026-10-02
ENG03068,STU03068,1.6,14,66.67,7,48.04,14,2026-10-02
ENG03069,STU03069,8.31,20,90.91,2,73.36,24,2026-10-02
ENG03070,STU03070,9.41,14,66.67,7,72.49,22,2026-10-02
ENG03071,STU03071,6.95,14,77.78,4,62.91,20,2026-10-02
ENG03072,STU03072,0,14,73.68,5,64.31,8,2026-10-02
ENG03073,STU03073,9.64,14,70.0,6,60.67,11,2026-10-02
ENG03074,STU03074,12.53,9,60.0,6,67.63,31,2026-10-02
ENG03075,STU03075,12.42,15,65.22,8,68.82,30,2026-10-02
ENG03076,STU03076,2.32,7,35.0,13,50.63,8,2026-10-02
ENG03077,STU03077,7.78,9,64.29,5,58.12,11,2026-10-02
ENG03078,STU03078,0.27,9,45.0,11,34.39,0,2026-10-02
ENG03079,STU03079,0,8,50.0,8,52.95,8,2026-10-02
ENG03080,STU03080,13.34,10,76.92,3,95.17,30,2026-10-02
ENG03081,STU03081,7.77,21,91.3,2,75.05,17,2026-10-02
ENG03082,STU03082,0,7,53.85,6,33.25,3,2026-10-02
ENG03083,STU03083,9.41,11,47.83,12,73.82,19,2026-10-02
ENG03084,STU03084,8.07,20,83.33,4,56.19,28,2026-10-02
ENG03085,STU03085,0,10,50.0,10,37.35,2,2026-10-02
ENG03086,STU03086,9.41,12,60.0,8,63.09,26,2026-10-02
ENG03087,STU03087,7.48,12,66.67,6,53.2,14,2026-10-02
ENG03088,STU03088,14.8,17,73.91,6,68.15,26,2026-10-02
ENG03089,STU03089,12.15,19,82.61,4,86.89,40,2026-10-02
ENG03090,STU03090,18.51,11,84.62,2,86.83,44,2026-10-02
ENG03091,STU03091,5.57,8,66.67,4,58.8,12,2026-10-02
ENG03092,STU03092,0,7,58.33,5,53.34,4,2026-10-02
ENG03093,STU03093,0,11,68.75,5,31.08,4,2026-10-02
ENG03094,STU03094,2.66,14,66.67,7,42.94,5,2026-10-02
ENG03095,STU03095,11.93,11,73.33,4,65.02,29,2026-10-02
ENG03096,STU03096,5.25,11,55.0,9,49.56,17,2026-10-02
ENG03097,STU03097,11.39,9,56.25,7,48.07,26,2026-10-02
ENG03098,STU03098,11.25,9,69.23,4,57.37,25,2026-10-02
ENG03099,STU03099,6.84,6,50.0,6,55.96,19,2026-10-02
ENG03100,STU03100,0.03,6,37.5,10,41.98,15,2026-10-02
ENG03101,STU03101,8.05,11,52.38,10,38.53,15,2026-10-02
ENG03102,STU03102,4.61,13,59.09,9,48.38,21,2026-10-02
ENG03103,STU03103,0,9,50.0,9,15.79,13,2026-10-02
ENG03104,STU03104,10.1,8,66.67,4,52.68,27,2026-10-02
ENG03105,STU03105,8.74,8,57.14,6,50.21,21,2026-10-02
ENG03106,STU03106,6.3,10,58.82,7,74.1,10,2026-10-02
ENG03107,STU03107,11.57,23,95.83,1,80.05,28,2026-10-02
ENG03108,STU03108,9.95,14,73.68,5,77.24,16,2026-10-02
ENG03109,STU03109,10.37,11,78.57,3,74.37,22,2026-10-02
ENG03110,STU03110,15.68,15,78.95,4,59.68,30,2026-10-02
ENG03111,STU03111,1.31,10,66.67,5,30.64,6,2026-10-02
ENG03112,STU03112,6.36,12,92.31,1,77.36,32,2026-10-02
ENG03113,STU03113,7.84,5,41.67,7,47.2,11,2026-10-02
ENG03114,STU03114,15.28,17,89.47,2,100.0,27,2026-10-02
ENG03115,STU03115,10.74,10,62.5,6,68.72,14,2026-10-02
ENG03116,STU03116,20.38,15,100.0,0,100.0,45,2026-10-02
ENG03117,STU03117,13.79,12,75.0,4,91.92,21,2026-10-02
ENG03118,STU03118,0,5,35.71,9,59.4,10,2026-10-02
ENG03119,STU03119,12.43,15,68.18,7,68.96,30,2026-10-02
ENG03120,STU03120,8.82,18,85.71,3,60.94,24,2026-10-02
ENG03121,STU03121,8.17,17,77.27,5,79.07,18,2026-10-02
ENG03122,STU03122,7.01,14,77.78,4,62.96,24,2026-10-02
ENG03123,STU03123,10.42,9,69.23,4,56.36,21,2026-10-02
ENG03124,STU03124,11.23,15,65.22,8,64.63,29,2026-10-02
ENG03125,STU03125,5.24,12,66.67,6,60.1,15,2026-10-02
ENG03126,STU03126,3.9,12,57.14,9,58.95,20,2026-10-02
ENG03127,STU03127,8.83,15,68.18,7,45.31,17,2026-10-02
ENG03128,STU03128,12.34,11,78.57,3,66.59,25,2026-10-02
ENG03129,STU03129,9.72,10,76.92,3,55.68,24,2026-10-02
ENG03130,STU03130,11.0,21,87.5,3,66.52,34,2026-10-02
ENG03131,STU03131,5.87,16,69.57,7,66.3,20,2026-10-02
ENG03132,STU03132,11.45,15,88.24,2,73.86,22,2026-10-02
ENG03133,STU03133,1.62,14,58.33,10,32.03,11,2026-10-02
ENG03134,STU03134,16.9,12,75.0,4,92.57,29,2026-10-02
ENG03135,STU03135,0.2,8,47.06,9,36.07,8,2026-10-02
ENG03136,STU03136,8.74,9,75.0,3,76.61,16,2026-10-02
ENG03137,STU03137,11.62,14,82.35,3,69.83,25,2026-10-02
ENG03138,STU03138,6.98,15,71.43,6,70.65,19,2026-10-02
ENG03139,STU03139,13.73,22,95.65,1,84.82,36,2026-10-02
ENG03140,STU03140,9.32,16,66.67,8,58.34,30,2026-10-02
ENG03141,STU03141,4.08,13,61.9,8,57.51,10,2026-10-02
ENG03142,STU03142,7.18,10,71.43,4,70.01,19,2026-10-02
ENG03143,STU03143,6.87,13,54.17,11,58.32,20,2026-10-02
ENG03144,STU03144,1.44,7,38.89,11,54.9,4,2026-10-02
ENG03145,STU03145,0,5,29.41,12,25.52,8,2026-10-02
ENG03146,STU03146,17.22,13,81.25,3,68.36,27,2026-10-02
ENG03147,STU03147,3.86,10,58.82,7,49.94,7,2026-10-02
ENG03148,STU03148,14.13,12,63.16,7,57.17,23,2026-10-02
ENG03149,STU03149,5.1,5,41.67,7,50.59,17,2026-10-02
ENG03150,STU03150,4.49,13,76.47,4,74.62,22,2026-10-02
ENG03151,STU03151,1.04,10,71.43,4,57.76,14,2026-10-02
ENG03152,STU03152,15.19,17,73.91,6,73.65,33,2026-10-02
ENG03153,STU03153,11.37,14,87.5,2,62.82,28,2026-10-02
ENG03154,STU03154,0,9,39.13,14,58.8,5,2026-10-02
ENG03155,STU03155,10.27,8,47.06,9,32.79,21,2026-10-02
ENG03156,STU03156,16.78,11,64.71,6,57.5,37,2026-10-02
ENG03157,STU03157,4.85,16,69.57,7,67.87,13,2026-10-02
ENG03158,STU03158,5.35,10,50.0,10,65.6,9,2026-10-02
ENG03159,STU03159,2.95,5,35.71,9,42.8,14,2026-10-02
ENG03160,STU03160,5.94,8,61.54,5,57.7,16,2026-10-02
ENG03161,STU03161,5.83,9,56.25,7,63.12,16,2026-10-02
ENG03162,STU03162,3.81,8,57.14,6,61.53,0,2026-10-02
ENG03163,STU03163,13.4,17,85.0,3,74.75,24,2026-10-02
ENG03164,STU03164,8.77,10,62.5,6,81.27,17,2026-10-02
ENG03165,STU03165,10.86,11,57.89,8,53.62,22,2026-10-02
ENG03166,STU03166,8.33,7,58.33,5,66.73,22,2026-10-02
ENG03167,STU03167,10.03,13,65.0,7,70.39,26,2026-10-02
ENG03168,STU03168,11.01,11,73.33,4,65.8,20,2026-10-02
ENG03169,STU03169,5.72,10,55.56,8,54.01,20,2026-10-02
ENG03170,STU03170,4.39,9,60.0,6,53.82,19,2026-10-02
ENG03171,STU03171,4.09,18,78.26,5,58.59,4,2026-10-02
ENG03172,STU03172,0,6,46.15,7,53.73,0,2026-10-02
ENG03173,STU03173,4.57,10,58.82,7,58.6,9,2026-10-02
ENG03174,STU03174,3.25,9,56.25,7,52.53,17,2026-10-02
ENG03175,STU03175,3.58,12,60.0,8,58.15,1,2026-10-02
ENG03176,STU03176,2.09,11,64.71,6,47.87,12,2026-10-02
ENG03177,STU03177,10.37,17,73.91,6,75.63,24,2026-10-02
ENG03178,STU03178,11.09,14,93.33,1,83.09,26,2026-10-02
ENG03179,STU03179,7.92,14,66.67,7,77.77,25,2026-10-02
ENG03180,STU03180,0,8,57.14,6,46.75,3,2026-10-02
ENG03181,STU03181,3.46,11,47.83,12,58.63,8,2026-10-02
ENG03182,STU03182,0.2,12,66.67,6,56.49,20,2026-10-02
ENG03183,STU03183,10.71,13,61.9,8,71.11,34,2026-10-02
ENG03184,STU03184,12.78,14,70.0,6,73.49,21,2026-10-02
ENG03185,STU03185,3.93,13,72.22,5,66.03,11,2026-10-02
ENG03186,STU03186,5.31,14,77.78,4,60.21,24,2026-10-02
ENG03187,STU03187,1.81,10,50.0,10,65.86,6,2026-10-02
ENG03188,STU03188,16.32,20,90.91,2,81.98,31,2026-10-02
ENG03189,STU03189,8.6,6,50.0,6,61.74,17,2026-10-02
ENG03190,STU03190,17.84,11,78.57,3,60.89,28,2026-10-02
ENG03191,STU03191,10.05,11,64.71,6,67.66,23,2026-10-02
ENG03192,STU03192,2.38,9,56.25,7,66.62,15,2026-10-02
ENG03193,STU03193,6.7,9,75.0,3,63.84,26,2026-10-02
ENG03194,STU03194,13.47,15,71.43,6,81.32,33,2026-10-02
ENG03195,STU03195,5.19,13,61.9,8,62.13,21,2026-10-02
ENG03196,STU03196,5.12,11,84.62,2,57.47,26,2026-10-02
ENG03197,STU03197,14.17,16,88.89,2,83.14,26,2026-10-02
ENG03198,STU03198,8.16,9,69.23,4,54.79,23,2026-10-02
ENG03199,STU03199,14.03,14,70.0,6,54.79,27,2026-10-02
ENG03200,STU03200,0,12,52.17,11,40.13,1,2026-10-02
ENG03201,STU03201,13.14,12,63.16,7,59.6,22,2026-10-02
ENG03202,STU03202,12.58,9,50.0,9,39.1,17,2026-10-02
ENG03203,STU03203,8.54,14,70.0,6,70.05,14,2026-10-02
ENG03204,STU03204,3.76,10,47.62,11,48.43,10,2026-10-02
ENG03205,STU03205,16.78,19,100.0,0,86.31,40,2026-10-02
ENG03206,STU03206,8.97,18,75.0,6,75.62,22,2026-10-02
ENG03207,STU03207,4.68,13,59.09,9,60.34,14,2026-10-02
ENG03208,STU03208,13.92,18,78.26,5,71.3,23,2026-10-02
ENG03209,STU03209,21.07,23,100.0,0,98.65,44,2026-10-02
ENG03210,STU03210,11.71,16,72.73,6,65.32,17,2026-10-02
ENG03211,STU03211,6.22,7,43.75,9,55.94,10,2026-10-02
ENG03212,STU03212,12.1,18,78.26,5,67.27,24,2026-10-02
ENG03213,STU03213,15.99,19,82.61,4,79.64,32,2026-10-02
ENG03214,STU03214,13.18,15,93.75,1,97.46,26,2026-10-02
ENG03215,STU03215,8.78,9,56.25,7,51.64,19,2026-10-02
ENG03216,STU03216,1.77,7,58.33,5,47.93,8,2026-10-02
ENG03217,STU03217,8.4,14,73.68,5,58.92,13,2026-10-02
ENG03218,STU03218,11.97,16,84.21,3,76.83,25,2026-10-02
ENG03219,STU03219,6.64,11,78.57,3,61.91,15,2026-10-02
ENG03220,STU03220,16.57,11,84.62,2,82.46,36,2026-10-02
ENG03221,STU03221,11.26,15,83.33,3,67.58,30,2026-10-02
ENG03222,STU03222,0,8,36.36,14,34.37,10,2026-10-02
ENG03223,STU03223,0,9,37.5,15,44.25,0,2026-10-02
ENG03224,STU03224,6.75,7,58.33,5,67.28,19,2026-10-02
ENG03225,STU03225,11.75,10,76.92,3,71.43,31,2026-10-02
ENG03226,STU03226,3.04,6,42.86,8,53.54,18,2026-10-02
ENG03227,STU03227,15.55,8,61.54,5,71.25,26,2026-10-02
ENG03228,STU03228,12.95,16,88.89,2,70.13,30,2026-10-02
ENG03229,STU03229,10.32,18,85.71,3,51.93,24,2026-10-02
ENG03230,STU03230,11.01,16,80.0,4,60.64,24,2026-10-02
ENG03231,STU03231,13.12,11,78.57,3,70.35,35,2026-10-02
ENG03232,STU03232,7.47,12,57.14,9,71.5,18,2026-10-02
ENG03233,STU03233,11.7,10,71.43,4,70.66,21,2026-10-02
ENG03234,STU03234,17.09,10,83.33,2,76.91,41,2026-10-02
ENG03235,STU03235,4.32,15,65.22,8,59.98,10,2026-10-02
ENG03236,STU03236,2.01,9,64.29,5,53.48,12,2026-10-02
ENG03237,STU03237,0,8,57.14,6,55.05,8,2026-10-02
ENG03238,STU03238,5.78,19,79.17,5,51.88,21,2026-10-02
ENG03239,STU03239,1.63,12,50.0,12,49.26,7,2026-10-02
ENG03240,STU03240,3.07,16,69.57,7,76.52,12,2026-10-02
ENG03241,STU03241,7.21,13,56.52,10,55.93,19,2026-10-02
ENG03242,STU03242,2.63,9,45.0,11,47.62,21,2026-10-02
ENG03243,STU03243,14.01,18,85.71,3,76.84,30,2026-10-02
ENG03244,STU03244,5.13,6,46.15,7,56.94,12,2026-10-02
ENG03245,STU03245,16.23,21,100.0,0,77.28,36,2026-10-02
ENG03246,STU03246,17.59,18,85.71,3,92.7,23,2026-10-02
ENG03247,STU03247,0,12,50.0,12,47.21,10,2026-10-02
ENG03248,STU03248,7.68,8,57.14,6,54.18,8,2026-10-02
ENG03249,STU03249,6.15,15,88.24,2,73.05,20,2026-10-02
ENG03250,STU03250,0,8,50.0,8,52.39,8,2026-10-02
ENG03251,STU03251,5.53,14,66.67,7,51.54,12,2026-10-02
ENG03252,STU03252,12.84,19,79.17,5,57.66,35,2026-10-02
ENG03253,STU03253,1.28,9,56.25,7,34.62,5,2026-10-02
ENG03254,STU03254,0,2,13.33,13,14.4,0,2026-10-02
ENG03255,STU03255,5.51,11,55.0,9,50.83,8,2026-10-02
ENG03256,STU03256,6.94,9,64.29,5,68.79,15,2026-10-02
ENG03257,STU03257,7.84,10,66.67,5,64.18,19,2026-10-02
ENG03258,STU03258,6.16,14,70.0,6,54.86,19,2026-10-02
ENG03259,STU03259,4.41,7,53.85,6,36.48,17,2026-10-02
ENG03260,STU03260,6.08,15,83.33,3,54.45,21,2026-10-02
ENG03261,STU03261,13.91,15,88.24,2,62.9,19,2026-10-02
ENG03262,STU03262,1.66,12,70.59,5,40.75,11,2026-10-02
ENG03263,STU03263,4.02,14,73.68,5,60.54,12,2026-10-02
ENG03264,STU03264,11.61,18,78.26,5,60.92,26,2026-10-02
ENG03265,STU03265,11.21,18,81.82,4,64.14,34,2026-10-02
ENG03266,STU03266,3.1,11,73.33,4,61.46,12,2026-10-02
ENG03267,STU03267,3.49,11,68.75,5,64.95,11,2026-10-02
ENG03268,STU03268,5.71,11,64.71,6,55.87,11,2026-10-02
ENG03269,STU03269,10.18,13,61.9,8,60.39,11,2026-10-02
ENG03270,STU03270,0,6,37.5,10,40.02,7,2026-10-02
ENG03271,STU03271,6.83,11,84.62,2,67.24,14,2026-10-02
ENG03272,STU03272,17.87,18,85.71,3,87.93,39,2026-10-02
ENG03273,STU03273,2.67,11,61.11,7,51.61,9,2026-10-02
ENG03274,STU03274,8.08,10,76.92,3,70.09,28,2026-10-02
ENG03275,STU03275,11.21,8,66.67,4,62.23,19,2026-10-02
ENG03276,STU03276,10.55,11,64.71,6,67.02,30,2026-10-02
ENG03277,STU03277,7.32,7,58.33,5,49.06,15,2026-10-02
ENG03278,STU03278,3.64,8,53.33,7,55.97,18,2026-10-02
ENG03279,STU03279,15.66,11,73.33,4,61.23,26,2026-10-02
ENG03280,STU03280,2.78,15,62.5,9,56.83,11,2026-10-02
ENG03281,STU03281,11.29,11,64.71,6,61.7,27,2026-10-02
ENG03282,STU03282,12.46,17,70.83,7,76.16,19,2026-10-02
ENG03283,STU03283,4.85,17,77.27,5,45.06,24,2026-10-02
ENG03284,STU03284,19.72,13,76.47,4,71.66,34,2026-10-02
ENG03285,STU03285,6.52,9,60.0,6,69.54,18,2026-10-02
ENG03286,STU03286,7.45,15,68.18,7,69.82,32,2026-10-02
ENG03287,STU03287,9.77,13,56.52,10,53.0,17,2026-10-02
ENG03288,STU03288,10.42,12,80.0,3,72.86,19,2026-10-02
ENG03289,STU03289,11.24,17,73.91,6,61.57,31,2026-10-02
ENG03290,STU03290,7.65,13,86.67,2,69.39,22,2026-10-02
ENG03291,STU03291,4.21,11,57.89,8,47.76,16,2026-10-02
ENG03292,STU03292,6.15,7,53.85,6,62.26,17,2026-10-02
ENG03293,STU03293,4.97,9,60.0,6,56.45,3,2026-10-02
ENG03294,STU03294,13.88,14,77.78,4,90.96,26,2026-10-02
ENG03295,STU03295,15.91,10,76.92,3,88.27,25,2026-10-02
ENG03296,STU03296,10.37,10,71.43,4,52.01,32,2026-10-02
ENG03297,STU03297,4.8,9,64.29,5,66.98,27,2026-10-02
ENG03298,STU03298,2.52,11,78.57,3,49.84,6,2026-10-02
ENG03299,STU03299,10.38,9,75.0,3,63.28,18,2026-10-02
ENG03300,STU03300,1.58,7,50.0,7,35.74,6,2026-10-02
ENG03301,STU03301,7.59,13,65.0,7,51.59,12,2026-10-02
ENG03302,STU03302,7.18,10,76.92,3,62.08,21,2026-10-02
ENG03303,STU03303,0,14,70.0,6,43.52,10,2026-10-02
ENG03304,STU03304,10.13,14,82.35,3,57.34,28,2026-10-02
ENG03305,STU03305,12.84,10,83.33,2,70.32,24,2026-10-02
ENG03306,STU03306,0,9,45.0,11,27.82,7,2026-10-02
ENG03307,STU03307,16.31,10,83.33,2,77.6,38,2026-10-02
ENG03308,STU03308,12.79,13,76.47,4,71.31,36,2026-10-02
ENG03309,STU03309,11.9,13,81.25,3,71.94,30,2026-10-02
ENG03310,STU03310,14.12,14,82.35,3,83.76,23,2026-10-02
ENG03311,STU03311,10.48,9,75.0,3,67.19,19,2026-10-02
ENG03312,STU03312,8.09,12,66.67,6,73.68,17,2026-10-02
ENG03313,STU03313,13.8,12,75.0,4,86.67,36,2026-10-02
ENG03314,STU03314,2.81,9,52.94,8,56.39,7,2026-10-02
ENG03315,STU03315,1.4,7,43.75,9,47.74,21,2026-10-02
ENG03316,STU03316,13.97,8,61.54,5,54.7,18,2026-10-02
ENG03317,STU03317,10.2,17,73.91,6,68.75,29,2026-10-02
ENG03318,STU03318,6.08,7,53.85,6,48.33,12,2026-10-02
ENG03319,STU03319,19.47,15,93.75,1,93.08,41,2026-10-02
ENG03320,STU03320,0,9,50.0,9,44.46,4,2026-10-02
ENG03321,STU03321,20.99,21,100.0,0,98.27,47,2026-10-02
ENG03322,STU03322,2.6,3,20.0,12,44.52,2,2026-10-02
ENG03323,STU03323,11.62,12,75.0,4,65.36,22,2026-10-02
ENG03324,STU03324,10.47,10,71.43,4,53.37,23,2026-10-02
ENG03325,STU03325,4.34,17,85.0,3,69.21,14,2026-10-02
ENG03326,STU03326,4.48,9,75.0,3,72.92,17,2026-10-02
ENG03327,STU03327,10.92,10,83.33,2,72.64,37,2026-10-02
ENG03328,STU03328,12.66,19,79.17,5,84.19,26,2026-10-02
ENG03329,STU03329,1.18,7,50.0,7,41.31,0,2026-10-02
ENG03330,STU03330,6.11,5,35.71,9,39.82,4,2026-10-02
ENG03331,STU03331,10.02,15,75.0,5,78.18,12,2026-10-02
ENG03332,STU03332,0.48,10,62.5,6,55.92,9,2026-10-02
ENG03333,STU03333,1.09,12,50.0,12,48.83,1,2026-10-02
ENG03334,STU03334,18.93,17,89.47,2,96.59,39,2026-10-02
ENG03335,STU03335,11.31,18,75.0,6,56.43,26,2026-10-02
ENG03336,STU03336,11.83,10,71.43,4,76.87,34,2026-10-02
ENG03337,STU03337,5.28,21,87.5,3,55.95,17,2026-10-02
ENG03338,STU03338,4.73,7,53.85,6,51.5,21,2026-10-02
ENG03339,STU03339,14.47,14,73.68,5,79.43,34,2026-10-02
ENG03340,STU03340,15.71,11,84.62,2,79.61,29,2026-10-02
ENG03341,STU03341,17.16,18,90.0,2,100.0,40,2026-10-02
ENG03342,STU03342,8.93,12,70.59,5,68.67,23,2026-10-02
ENG03343,STU03343,0,5,35.71,9,40.24,0,2026-10-02
ENG03344,STU03344,0,13,61.9,8,44.55,10,2026-10-02
ENG03345,STU03345,5.52,14,82.35,3,61.5,13,2026-10-02
ENG03346,STU03346,8.02,13,65.0,7,63.15,14,2026-10-02
ENG03347,STU03347,8.45,16,76.19,5,68.81,29,2026-10-02
ENG03348,STU03348,1.54,9,60.0,6,41.79,11,2026-10-02
ENG03349,STU03349,6.12,9,60.0,6,40.08,15,2026-10-02
ENG03350,STU03350,11.97,15,100.0,0,85.78,30,2026-10-02
ENG03351,STU03351,20.53,11,64.71,6,84.05,31,2026-10-02
ENG03352,STU03352,12.07,9,69.23,4,61.0,30,2026-10-02
ENG03353,STU03353,8.82,13,76.47,4,58.73,20,2026-10-02
ENG03354,STU03354,0,8,61.54,5,32.19,9,2026-10-02
ENG03355,STU03355,14.95,19,90.48,2,77.16,34,2026-10-02
ENG03356,STU03356,17.96,14,87.5,2,79.72,35,2026-10-02
ENG03357,STU03357,8.46,13,61.9,8,51.39,24,2026-10-02
ENG03358,STU03358,5.06,8,61.54,5,62.12,11,2026-10-02
ENG03359,STU03359,0,11,73.33,4,72.14,14,2026-10-02
ENG03360,STU03360,12.64,14,58.33,10,66.26,22,2026-10-02
ENG03361,STU03361,10.71,12,85.71,2,65.6,30,2026-10-02
ENG03362,STU03362,12.17,20,86.96,3,75.31,20,2026-10-02
ENG03363,STU03363,0,8,44.44,10,55.61,1,2026-10-02
ENG03364,STU03364,13.96,14,73.68,5,64.61,29,2026-10-02
ENG03365,STU03365,4.64,13,59.09,9,53.98,16,2026-10-02
ENG03366,STU03366,1.58,6,46.15,7,44.09,0,2026-10-02
ENG03367,STU03367,3.08,8,57.14,6,42.99,8,2026-10-02
ENG03368,STU03368,11.09,13,76.47,4,58.18,24,2026-10-02
ENG03369,STU03369,8.29,11,84.62,2,71.49,18,2026-10-02
ENG03370,STU03370,15.35,12,75.0,4,80.44,36,2026-10-02
ENG03371,STU03371,7.26,12,75.0,4,61.42,20,2026-10-02
ENG03372,STU03372,14.53,11,84.62,2,83.25,31,2026-10-02
ENG03373,STU03373,9.36,8,57.14,6,81.5,21,2026-10-02
ENG03374,STU03374,15.56,18,90.0,2,70.02,25,2026-10-02
ENG03375,STU03375,26.88,12,85.71,2,92.96,42,2026-10-02
ENG03376,STU03376,11.62,15,93.75,1,85.1,34,2026-10-02
ENG03377,STU03377,9.94,14,58.33,10,70.52,24,2026-10-02
ENG03378,STU03378,9.49,8,53.33,7,53.25,16,2026-10-02
ENG03379,STU03379,8.65,12,66.67,6,62.07,17,2026-10-02
ENG03380,STU03380,3.64,8,66.67,4,73.01,5,2026-10-02
ENG03381,STU03381,11.18,9,56.25,7,51.71,15,2026-10-02
ENG03382,STU03382,3.69,9,60.0,6,44.37,10,2026-10-02
ENG03383,STU03383,19.64,15,93.75,1,84.35,37,2026-10-02
ENG03384,STU03384,12.44,14,87.5,2,76.99,26,2026-10-02
ENG03385,STU03385,9.83,19,79.17,5,69.53,22,2026-10-02
ENG03386,STU03386,8.79,8,50.0,8,75.09,13,2026-10-02
ENG03387,STU03387,14.95,21,87.5,3,80.19,31,2026-10-02
ENG03388,STU03388,0,10,58.82,7,46.04,9,2026-10-02
ENG03389,STU03389,7.26,15,62.5,9,54.02,17,2026-10-02
ENG03390,STU03390,0,7,50.0,7,55.03,7,2026-10-02
ENG03391,STU03391,7.3,8,42.11,11,46.07,12,2026-10-02
ENG03392,STU03392,4.36,10,55.56,8,61.72,21,2026-10-02
ENG03393,STU03393,12.7,15,62.5,9,82.8,39,2026-10-02
ENG03394,STU03394,6.18,12,85.71,2,56.51,9,2026-10-02
ENG03395,STU03395,10.26,15,68.18,7,69.46,25,2026-10-02
ENG03396,STU03396,8.9,12,92.31,1,61.32,24,2026-10-02
ENG03397,STU03397,3.25,11,57.89,8,47.47,14,2026-10-02
ENG03398,STU03398,10.24,18,75.0,6,65.45,25,2026-10-02
ENG03399,STU03399,1.06,6,46.15,7,39.52,5,2026-10-02
ENG03400,STU03400,7.05,10,62.5,6,57.49,19,2026-10-02
ENG03401,STU03401,20.44,20,86.96,3,75.41,38,2026-10-02
ENG03402,STU03402,14.25,17,89.47,2,66.25,29,2026-10-02
ENG03403,STU03403,8.52,13,72.22,5,40.39,21,2026-10-02
ENG03404,STU03404,13.0,17,89.47,2,72.72,31,2026-10-02
ENG03405,STU03405,9.15,20,86.96,3,68.04,25,2026-10-02
ENG03406,STU03406,10.64,8,57.14,6,64.73,36,2026-10-02
ENG03407,STU03407,12.64,14,73.68,5,74.08,29,2026-10-02
ENG03408,STU03408,19.23,20,100.0,0,95.13,43,2026-10-02
ENG03409,STU03409,8.07,9,50.0,9,33.83,22,2026-10-02
ENG03410,STU03410,8.59,12,75.0,4,49.94,16,2026-10-02
ENG03411,STU03411,9.88,20,86.96,3,67.76,26,2026-10-02
ENG03412,STU03412,1.09,8,61.54,5,66.52,9,2026-10-02
ENG03413,STU03413,6.45,13,100.0,0,78.08,21,2026-10-02
ENG03414,STU03414,0.44,9,45.0,11,56.93,10,2026-10-02
ENG03415,STU03415,10.84,18,75.0,6,68.75,31,2026-10-02
ENG03416,STU03416,15.36,14,70.0,6,77.95,28,2026-10-02
ENG03417,STU03417,4.2,11,64.71,6,48.75,12,2026-10-02
ENG03418,STU03418,8.1,12,63.16,7,47.16,19,2026-10-02
ENG03419,STU03419,8.38,13,61.9,8,72.04,22,2026-10-02
ENG03420,STU03420,13.82,16,76.19,5,84.98,29,2026-10-02
ENG03421,STU03421,7.93,13,54.17,11,56.29,16,2026-10-02
ENG03422,STU03422,13.45,21,91.3,2,84.51,29,2026-10-02
ENG03423,STU03423,20.16,22,95.65,1,88.04,41,2026-10-02
ENG03424,STU03424,5.35,14,70.0,6,56.46,24,2026-10-02
ENG03425,STU03425,3.43,9,42.86,12,53.65,12,2026-10-02
ENG03426,STU03426,8.36,10,55.56,8,63.58,12,2026-10-02
ENG03427,STU03427,7.79,17,77.27,5,59.96,26,2026-10-02
ENG03428,STU03428,12.96,13,68.42,6,64.86,31,2026-10-02
ENG03429,STU03429,0,10,41.67,14,44.25,0,2026-10-02
ENG03430,STU03430,0,7,38.89,11,39.77,6,2026-10-02
ENG03431,STU03431,8.17,16,88.89,2,63.66,26,2026-10-02
ENG03432,STU03432,8.97,8,53.33,7,56.01,21,2026-10-02
ENG03433,STU03433,11.9,16,66.67,8,65.3,24,2026-10-02
ENG03434,STU03434,9.72,16,72.73,6,76.66,23,2026-10-02
ENG03435,STU03435,8.33,9,50.0,9,56.03,14,2026-10-02
ENG03436,STU03436,7.75,11,84.62,2,68.14,22,2026-10-02
ENG03437,STU03437,8.37,7,50.0,7,77.25,23,2026-10-02
ENG03438,STU03438,10.37,17,77.27,5,54.66,16,2026-10-02
ENG03439,STU03439,21.01,15,83.33,3,74.26,35,2026-10-02
ENG03440,STU03440,6.03,12,80.0,3,53.14,13,2026-10-02
ENG03441,STU03441,5.47,14,60.87,9,60.55,19,2026-10-02
ENG03442,STU03442,12.99,9,52.94,8,85.94,26,2026-10-02
ENG03443,STU03443,5.89,13,65.0,7,75.57,15,2026-10-02
ENG03444,STU03444,8.64,6,50.0,6,50.54,14,2026-10-02
ENG03445,STU03445,0,4,18.18,18,36.58,0,2026-10-02
ENG03446,STU03446,8.05,11,68.75,5,83.79,10,2026-10-02
ENG03447,STU03447,9.58,11,78.57,3,83.44,30,2026-10-02
ENG03448,STU03448,7.26,17,77.27,5,75.78,15,2026-10-02
ENG03449,STU03449,4.96,8,57.14,6,50.46,15,2026-10-02
ENG03450,STU03450,3.11,16,69.57,7,46.68,16,2026-10-02
ENG03451,STU03451,9.01,21,91.3,2,66.6,11,2026-10-02
ENG03452,STU03452,17.35,14,87.5,2,75.62,42,2026-10-02
ENG03453,STU03453,7.62,7,38.89,11,56.1,12,2026-10-02
ENG03454,STU03454,0,5,41.67,7,47.74,1,2026-10-02
ENG03455,STU03455,8.29,15,71.43,6,53.29,11,2026-10-02
ENG03456,STU03456,12.44,18,85.71,3,84.71,17,2026-10-02
ENG03457,STU03457,14.9,20,83.33,4,78.49,25,2026-10-02
ENG03458,STU03458,5.58,14,66.67,7,68.09,12,2026-10-02
ENG03459,STU03459,6.48,10,76.92,3,45.71,21,2026-10-02
ENG03460,STU03460,4.47,16,76.19,5,54.58,24,2026-10-02
ENG03461,STU03461,19.07,15,100.0,0,89.28,40,2026-10-02
ENG03462,STU03462,4.94,9,56.25,7,55.47,2,2026-10-02
ENG03463,STU03463,8.61,9,64.29,5,72.14,20,2026-10-02
ENG03464,STU03464,10.62,11,61.11,7,66.87,12,2026-10-02
ENG03465,STU03465,5.21,12,63.16,7,49.41,23,2026-10-02
ENG03466,STU03466,0.2,10,50.0,10,53.13,8,2026-10-02
ENG03467,STU03467,4.6,13,68.42,6,62.25,20,2026-10-02
ENG03468,STU03468,5.98,15,65.22,8,67.89,13,2026-10-02
ENG03469,STU03469,3.22,8,53.33,7,49.84,3,2026-10-02
ENG03470,STU03470,15.73,14,63.64,8,78.74,33,2026-10-02
ENG03471,STU03471,9.0,11,64.71,6,65.57,17,2026-10-02
ENG03472,STU03472,2.81,10,52.63,9,69.8,12,2026-10-02
ENG03473,STU03473,8.5,16,69.57,7,54.29,24,2026-10-02
ENG03474,STU03474,9.76,12,75.0,4,64.42,30,2026-10-02
ENG03475,STU03475,6.19,19,86.36,3,67.61,20,2026-10-02
ENG03476,STU03476,10.24,11,78.57,3,62.03,27,2026-10-02
ENG03477,STU03477,6.97,11,73.33,4,55.26,12,2026-10-02
ENG03478,STU03478,0.83,8,47.06,9,51.12,8,2026-10-02
ENG03479,STU03479,2.49,10,41.67,14,60.55,7,2026-10-02
ENG03480,STU03480,0,10,50.0,10,40.8,0,2026-10-02
ENG03481,STU03481,0,11,50.0,11,55.17,15,2026-10-02
ENG03482,STU03482,8.16,15,68.18,7,53.81,23,2026-10-02
ENG03483,STU03483,10.06,20,100.0,0,80.32,11,2026-10-02
ENG03484,STU03484,7.55,11,78.57,3,64.4,19,2026-10-02
ENG03485,STU03485,1.51,7,50.0,7,68.37,6,2026-10-02
ENG03486,STU03486,12.98,16,72.73,6,56.55,36,2026-10-02
ENG03487,STU03487,13.48,15,71.43,6,64.61,29,2026-10-02
ENG03488,STU03488,5.29,7,58.33,5,51.19,9,2026-10-02
ENG03489,STU03489,9.06,6,46.15,7,69.09,32,2026-10-02
ENG03490,STU03490,6.68,10,58.82,7,64.46,13,2026-10-02
ENG03491,STU03491,10.38,13,92.86,1,73.37,25,2026-10-02
ENG03492,STU03492,9.56,8,57.14,6,70.49,27,2026-10-02
ENG03493,STU03493,7.29,11,68.75,5,50.07,16,2026-10-02
ENG03494,STU03494,0,8,57.14,6,58.2,0,2026-10-02
ENG03495,STU03495,5.34,7,53.85,6,44.6,22,2026-10-02
ENG03496,STU03496,8.2,14,60.87,9,63.94,27,2026-10-02
ENG03497,STU03497,12.01,13,72.22,5,68.32,23,2026-10-02
ENG03498,STU03498,13.57,19,95.0,1,70.2,27,2026-10-02
ENG03499,STU03499,7.53,13,61.9,8,72.88,18,2026-10-02
ENG03500,STU03500,0.34,10,47.62,11,44.54,0,2026-10-02
ENG03501,STU03501,4.04,8,40.0,12,63.14,12,2026-10-02
ENG03502,STU03502,19.55,13,92.86,1,96.07,44,2026-10-02
ENG03503,STU03503,11.28,15,71.43,6,71.5,28,2026-10-02
ENG03504,STU03504,15.0,13,86.67,2,85.54,38,2026-10-02
ENG03505,STU03505,8.62,11,68.75,5,67.62,25,2026-10-02
ENG03506,STU03506,11.66,9,60.0,6,61.54,28,2026-10-02
ENG03507,STU03507,9.42,17,73.91,6,68.81,24,2026-10-02
ENG03508,STU03508,5.3,12,70.59,5,56.29,11,2026-10-02
ENG03509,STU03509,6.96,8,44.44,10,58.05,15,2026-10-02
ENG03510,STU03510,1.54,15,71.43,6,65.69,9,2026-10-02
ENG03511,STU03511,0,6,42.86,8,51.32,0,2026-10-02
ENG03512,STU03512,12.34,10,71.43,4,71.52,27,2026-10-02
ENG03513,STU03513,13.75,13,81.25,3,65.68,27,2026-10-02
ENG03514,STU03514,9.85,10,66.67,5,61.61,17,2026-10-02
ENG03515,STU03515,21.96,20,95.24,1,87.55,49,2026-10-02
ENG03516,STU03516,9.94,6,46.15,7,45.93,16,2026-10-02
ENG03517,STU03517,10.03,15,78.95,4,71.02,27,2026-10-02
ENG03518,STU03518,14.03,11,68.75,5,68.93,38,2026-10-02
ENG03519,STU03519,4.11,12,50.0,12,58.63,12,2026-10-02
ENG03520,STU03520,3.18,7,43.75,9,56.95,15,2026-10-02
ENG03521,STU03521,1.08,6,46.15,7,40.69,2,2026-10-02
ENG03522,STU03522,2.39,9,42.86,12,60.91,13,2026-10-02
ENG03523,STU03523,12.23,18,85.71,3,74.6,11,2026-10-02
ENG03524,STU03524,8.93,15,65.22,8,60.92,25,2026-10-02
ENG03525,STU03525,18.85,18,94.74,1,67.0,37,2026-10-02
ENG03526,STU03526,0,10,45.45,12,39.58,9,2026-10-02
ENG03527,STU03527,10.22,9,75.0,3,61.32,17,2026-10-02
ENG03528,STU03528,11.74,9,47.37,10,46.42,20,2026-10-02
ENG03529,STU03529,13.95,16,84.21,3,80.37,29,2026-10-02
ENG03530,STU03530,0,8,57.14,6,30.99,16,2026-10-02
ENG03531,STU03531,7.42,17,85.0,3,60.03,16,2026-10-02
ENG03532,STU03532,11.29,13,65.0,7,64.6,20,2026-10-02
ENG03533,STU03533,4.44,7,29.17,17,41.53,13,2026-10-02
ENG03534,STU03534,11.03,11,61.11,7,64.22,25,2026-10-02
ENG03535,STU03535,12.44,10,76.92,3,72.08,28,2026-10-02
ENG03536,STU03536,2.24,5,38.46,8,61.49,14,2026-10-02
ENG03537,STU03537,3.91,7,46.67,8,51.77,6,2026-10-02
ENG03538,STU03538,14.91,20,83.33,4,79.6,31,2026-10-02
ENG03539,STU03539,6.39,16,80.0,4,70.62,16,2026-10-02
ENG03540,STU03540,6.01,14,82.35,3,72.65,12,2026-10-02
ENG03541,STU03541,15.29,9,60.0,6,72.16,29,2026-10-02
ENG03542,STU03542,6.52,12,60.0,8,48.46,18,2026-10-02
ENG03543,STU03543,14.53,12,85.71,2,74.63,32,2026-10-02
ENG03544,STU03544,7.63,15,75.0,5,87.33,12,2026-10-02
ENG03545,STU03545,8.76,13,65.0,7,65.13,16,2026-10-02
ENG03546,STU03546,8.06,10,83.33,2,70.95,27,2026-10-02
ENG03547,STU03547,1.22,7,50.0,7,61.49,15,2026-10-02
ENG03548,STU03548,1.69,10,47.62,11,58.5,11,2026-10-02
ENG03549,STU03549,9.88,19,90.48,2,86.02,30,2026-10-02
ENG03550,STU03550,12.1,10,71.43,4,54.45,35,2026-10-02
ENG03551,STU03551,9.11,8,47.06,9,37.63,23,2026-10-02
ENG03552,STU03552,9.81,17,85.0,3,83.32,27,2026-10-02
ENG03553,STU03553,7.3,8,53.33,7,65.13,13,2026-10-02
ENG03554,STU03554,8.19,11,73.33,4,55.16,17,2026-10-02
ENG03555,STU03555,12.45,17,73.91,6,65.36,17,2026-10-02
ENG03556,STU03556,0,11,55.0,9,45.59,4,2026-10-02
ENG03557,STU03557,11.96,10,76.92,3,77.72,31,2026-10-02
ENG03558,STU03558,18.25,10,76.92,3,80.11,34,2026-10-02
ENG03559,STU03559,11.2,10,66.67,5,60.28,39,2026-10-02
ENG03560,STU03560,4.75,13,65.0,7,62.41,16,2026-10-02
ENG03561,STU03561,7.26,18,90.0,2,77.07,23,2026-10-02
ENG03562,STU03562,0.15,7,53.85,6,34.89,9,2026-10-02
ENG03563,STU03563,15.75,11,78.57,3,56.96,37,2026-10-02
ENG03564,STU03564,4.56,16,80.0,4,62.59,24,2026-10-02
ENG03565,STU03565,6.03,8,61.54,5,51.24,10,2026-10-02
ENG03566,STU03566,8.77,19,82.61,4,48.44,25,2026-10-02
ENG03567,STU03567,5.14,5,38.46,8,60.28,10,2026-10-02
ENG03568,STU03568,12.49,22,91.67,2,83.37,29,2026-10-02
ENG03569,STU03569,11.62,18,78.26,5,74.21,25,2026-10-02
ENG03570,STU03570,2.82,12,63.16,7,60.49,16,2026-10-02
ENG03571,STU03571,3.97,8,40.0,12,62.81,12,2026-10-02
ENG03572,STU03572,0,6,31.58,13,26.48,2,2026-10-02
ENG03573,STU03573,7.98,12,80.0,3,62.85,18,2026-10-02
ENG03574,STU03574,3.44,6,46.15,7,28.0,12,2026-10-02
ENG03575,STU03575,10.54,13,81.25,3,84.23,32,2026-10-02
ENG03576,STU03576,16.62,12,100.0,0,84.3,41,2026-10-02
ENG03577,STU03577,12.88,13,86.67,2,88.64,34,2026-10-02
ENG03578,STU03578,0,5,41.67,7,31.78,0,2026-10-02
ENG03579,STU03579,0,14,63.64,8,51.24,19,2026-10-02
ENG03580,STU03580,3.83,10,62.5,6,55.46,20,2026-10-02
ENG03581,STU03581,15.86,11,91.67,1,74.26,38,2026-10-02
ENG03582,STU03582,0.32,7,50.0,7,42.09,10,2026-10-02
ENG03583,STU03583,0,11,55.0,9,38.59,3,2026-10-02
ENG03584,STU03584,9.62,15,78.95,4,78.36,24,2026-10-02
ENG03585,STU03585,11.45,17,89.47,2,60.6,18,2026-10-02
ENG03586,STU03586,6.21,10,62.5,6,54.76,20,2026-10-02
ENG03587,STU03587,2.35,6,50.0,6,50.98,7,2026-10-02
ENG03588,STU03588,13.38,12,80.0,3,79.5,22,2026-10-02
ENG03589,STU03589,8.28,12,57.14,9,59.45,17,2026-10-02
ENG03590,STU03590,13.23,12,85.71,2,64.59,23,2026-10-02
ENG03591,STU03591,14.12,14,77.78,4,66.93,28,2026-10-02
ENG03592,STU03592,5.78,16,80.0,4,65.82,17,2026-10-02
ENG03593,STU03593,9.78,17,85.0,3,68.58,30,2026-10-02
ENG03594,STU03594,13.19,10,52.63,9,56.23,29,2026-10-02
ENG03595,STU03595,0,12,52.17,11,49.39,11,2026-10-02
ENG03596,STU03596,14.35,19,79.17,5,80.36,34,2026-10-02
ENG03597,STU03597,14.31,18,81.82,4,81.13,21,2026-10-02
ENG03598,STU03598,10.21,10,66.67,5,66.07,18,2026-10-02
ENG03599,STU03599,11.53,15,83.33,3,67.63,25,2026-10-02
ENG03600,STU03600,5.36,13,59.09,9,50.53,21,2026-10-02
ENG03601,STU03601,0,8,53.33,7,38.6,14,2026-10-02
ENG03602,STU03602,12.11,12,66.67,6,59.07,13,2026-10-02
ENG03603,STU03603,3.72,12,60.0,8,53.93,14,2026-10-02
ENG03604,STU03604,7.15,11,64.71,6,67.13,13,2026-10-02
ENG03605,STU03605,12.65,11,73.33,4,65.83,26,2026-10-02
ENG03606,STU03606,4.65,7,46.67,8,67.1,9,2026-10-02
ENG03607,STU03607,10.88,12,85.71,2,83.12,23,2026-10-02
ENG03608,STU03608,3.48,13,81.25,3,61.67,12,2026-10-02
ENG03609,STU03609,5.63,7,58.33,5,47.91,12,2026-10-02
ENG03610,STU03610,11.67,13,76.47,4,71.18,20,2026-10-02
ENG03611,STU03611,5.48,11,73.33,4,46.99,13,2026-10-02
ENG03612,STU03612,6.62,11,52.38,10,70.13,12,2026-10-02
ENG03613,STU03613,5.05,7,58.33,5,50.05,21,2026-10-02
ENG03614,STU03614,0,8,66.67,4,54.25,7,2026-10-02
ENG03615,STU03615,3.71,12,54.55,10,52.38,13,2026-10-02
ENG03616,STU03616,2.24,14,60.87,9,60.09,8,2026-10-02
ENG03617,STU03617,9.13,15,62.5,9,44.03,12,2026-10-02
ENG03618,STU03618,0,5,29.41,12,35.41,14,2026-10-02
ENG03619,STU03619,12.62,22,91.67,2,66.9,29,2026-10-02
ENG03620,STU03620,13.87,18,90.0,2,82.95,31,2026-10-02
ENG03621,STU03621,10.43,8,57.14,6,64.57,14,2026-10-02
ENG03622,STU03622,10.52,10,50.0,10,47.58,18,2026-10-02
ENG03623,STU03623,9.03,10,71.43,4,55.99,27,2026-10-02
ENG03624,STU03624,3.37,14,63.64,8,67.92,18,2026-10-02
ENG03625,STU03625,9.73,19,86.36,3,74.31,26,2026-10-02
ENG03626,STU03626,0,4,28.57,10,44.4,5,2026-10-02
ENG03627,STU03627,7.9,13,76.47,4,55.67,16,2026-10-02
ENG03628,STU03628,7.41,16,72.73,6,81.7,14,2026-10-02
ENG03629,STU03629,12.96,22,95.65,1,97.41,26,2026-10-02
ENG03630,STU03630,9.62,16,80.0,4,45.13,27,2026-10-02
ENG03631,STU03631,0.31,8,61.54,5,62.22,15,2026-10-02
ENG03632,STU03632,9.24,14,70.0,6,48.8,28,2026-10-02
ENG03633,STU03633,16.22,11,78.57,3,86.57,31,2026-10-02
ENG03634,STU03634,20.31,20,95.24,1,81.06,36,2026-10-02
ENG03635,STU03635,15.52,15,75.0,5,63.74,28,2026-10-02
ENG03636,STU03636,11.62,18,85.71,3,67.07,15,2026-10-02
ENG03637,STU03637,12.11,12,80.0,3,71.45,34,2026-10-02
ENG03638,STU03638,6.02,18,78.26,5,37.12,19,2026-10-02
ENG03639,STU03639,15.09,9,69.23,4,81.59,19,2026-10-02
ENG03640,STU03640,5.28,13,59.09,9,46.25,20,2026-10-02
ENG03641,STU03641,0,11,52.38,10,42.5,1,2026-10-02
ENG03642,STU03642,8.51,13,61.9,8,67.03,26,2026-10-02
ENG03643,STU03643,16.38,16,84.21,3,87.22,32,2026-10-02
ENG03644,STU03644,0,8,53.33,7,36.52,7,2026-10-02
ENG03645,STU03645,0,9,50.0,9,36.6,11,2026-10-02
ENG03646,STU03646,11.74,10,50.0,10,46.78,26,2026-10-02
ENG03647,STU03647,17.84,12,85.71,2,62.7,30,2026-10-02
ENG03648,STU03648,0.18,14,60.87,9,52.23,8,2026-10-02
ENG03649,STU03649,4.38,10,66.67,5,52.8,10,2026-10-02
ENG03650,STU03650,7.48,9,56.25,7,68.48,12,2026-10-02
ENG03651,STU03651,7.03,13,65.0,7,66.41,25,2026-10-02
ENG03652,STU03652,12.02,12,92.31,1,79.42,29,2026-10-02
ENG03653,STU03653,1.71,6,40.0,9,43.17,4,2026-10-02
ENG03654,STU03654,0,6,50.0,6,42.17,11,2026-10-02
ENG03655,STU03655,3.36,11,78.57,3,73.39,17,2026-10-02
ENG03656,STU03656,7.89,14,66.67,7,69.19,22,2026-10-02
ENG03657,STU03657,6.16,10,58.82,7,51.62,21,2026-10-02
ENG03658,STU03658,6.3,7,50.0,7,54.24,12,2026-10-02
ENG03659,STU03659,12.97,17,85.0,3,88.92,28,2026-10-02
ENG03660,STU03660,15.08,15,88.24,2,88.12,32,2026-10-02
ENG03661,STU03661,3.58,15,68.18,7,56.83,4,2026-10-02
ENG03662,STU03662,6.35,14,60.87,9,52.92,19,2026-10-02
ENG03663,STU03663,8.0,11,47.83,12,46.7,26,2026-10-02
ENG03664,STU03664,9.74,13,81.25,3,65.9,20,2026-10-02
ENG03665,STU03665,8.44,16,76.19,5,54.28,16,2026-10-02
ENG03666,STU03666,5.75,11,45.83,13,53.94,8,2026-10-02
ENG03667,STU03667,15.13,16,72.73,6,62.32,28,2026-10-02
ENG03668,STU03668,2.31,7,46.67,8,56.99,11,2026-10-02
ENG03669,STU03669,5.79,21,87.5,3,62.36,15,2026-10-02
ENG03670,STU03670,4.35,14,70.0,6,50.61,0,2026-10-02
ENG03671,STU03671,7.6,10,52.63,9,51.75,13,2026-10-02
ENG03672,STU03672,3.59,10,62.5,6,83.96,12,2026-10-02
ENG03673,STU03673,12.49,9,75.0,3,76.27,20,2026-10-02
ENG03674,STU03674,11.46,9,64.29,5,61.28,32,2026-10-02
ENG03675,STU03675,7.91,10,83.33,2,54.13,27,2026-10-02
ENG03676,STU03676,17.47,18,90.0,2,62.94,30,2026-10-02
ENG03677,STU03677,3.07,9,60.0,6,71.55,5,2026-10-02
ENG03678,STU03678,5.19,7,50.0,7,58.86,13,2026-10-02
ENG03679,STU03679,17.38,13,86.67,2,86.34,40,2026-10-02
ENG03680,STU03680,0,10,45.45,12,30.82,0,2026-10-02
ENG03681,STU03681,17.17,12,70.59,5,68.04,35,2026-10-02
ENG03682,STU03682,4.94,10,66.67,5,59.35,12,2026-10-02
ENG03683,STU03683,13.13,16,84.21,3,71.38,22,2026-10-02
ENG03684,STU03684,13.23,10,83.33,2,69.88,29,2026-10-02
ENG03685,STU03685,10.85,8,66.67,4,51.13,22,2026-10-02
ENG03686,STU03686,14.85,19,86.36,3,78.52,37,2026-10-02
ENG03687,STU03687,11.65,13,76.47,4,75.83,26,2026-10-02
ENG03688,STU03688,5.61,10,47.62,11,49.03,20,2026-10-02
ENG03689,STU03689,2.05,10,76.92,3,56.2,13,2026-10-02
ENG03690,STU03690,0,7,38.89,11,29.62,3,2026-10-02
ENG03691,STU03691,5.45,12,50.0,12,36.48,5,2026-10-02
ENG03692,STU03692,5.64,7,33.33,14,34.72,15,2026-10-02
ENG03693,STU03693,0.77,8,44.44,10,31.53,15,2026-10-02
ENG03694,STU03694,5.01,18,75.0,6,59.36,14,2026-10-02
ENG03695,STU03695,7.13,10,58.82,7,56.68,10,2026-10-02
ENG03696,STU03696,2.23,8,53.33,7,39.34,15,2026-10-02
ENG03697,STU03697,4.01,7,43.75,9,47.24,18,2026-10-02
ENG03698,STU03698,2.7,7,53.85,6,41.78,8,2026-10-02
ENG03699,STU03699,11.13,11,68.75,5,66.67,14,2026-10-02
ENG03700,STU03700,14.51,18,94.74,1,82.18,35,2026-10-02
ENG03701,STU03701,16.85,14,77.78,4,79.18,31,2026-10-02
ENG03702,STU03702,15.1,18,81.82,4,81.13,41,2026-10-02
ENG03703,STU03703,2.52,12,70.59,5,66.25,20,2026-10-02
ENG03704,STU03704,3.59,13,65.0,7,37.83,9,2026-10-02
ENG03705,STU03705,6.37,11,73.33,4,66.73,13,2026-10-02
ENG03706,STU03706,11.81,12,80.0,3,74.33,22,2026-10-02
ENG03707,STU03707,3.2,6,46.15,7,55.82,5,2026-10-02
ENG03708,STU03708,7.85,10,76.92,3,61.32,22,2026-10-02
ENG03709,STU03709,0,9,39.13,14,28.28,0,2026-10-02
ENG03710,STU03710,14.37,18,75.0,6,82.24,35,2026-10-02
ENG03711,STU03711,0,9,50.0,9,46.53,9,2026-10-02
ENG03712,STU03712,2.62,10,45.45,12,58.11,12,2026-10-02
ENG03713,STU03713,0,9,45.0,11,52.64,14,2026-10-02
ENG03714,STU03714,8.55,10,71.43,4,65.66,9,2026-10-02
ENG03715,STU03715,4.11,14,60.87,9,67.4,27,2026-10-02
ENG03716,STU03716,3.28,9,64.29,5,58.59,9,2026-10-02
ENG03717,STU03717,9.14,8,53.33,7,34.61,14,2026-10-02
ENG03718,STU03718,6.79,6,35.29,11,28.78,5,2026-10-02
ENG03719,STU03719,4.26,13,56.52,10,56.46,13,2026-10-02
ENG03720,STU03720,15.38,9,75.0,3,72.2,32,2026-10-02
ENG03721,STU03721,14.23,16,88.89,2,72.0,35,2026-10-02
ENG03722,STU03722,10.85,11,78.57,3,86.32,17,2026-10-02
ENG03723,STU03723,13.67,17,80.95,4,63.5,22,2026-10-02
ENG03724,STU03724,0,7,46.67,8,34.4,8,2026-10-02
ENG03725,STU03725,0,13,61.9,8,55.44,0,2026-10-02
ENG03726,STU03726,8.69,15,83.33,3,65.27,22,2026-10-02
ENG03727,STU03727,6.13,14,87.5,2,69.26,24,2026-10-02
ENG03728,STU03728,2.54,9,52.94,8,65.04,13,2026-10-02
ENG03729,STU03729,3.48,15,75.0,5,64.98,14,2026-10-02
ENG03730,STU03730,13.95,17,85.0,3,67.61,34,2026-10-02
ENG03731,STU03731,4.28,9,40.91,13,38.06,8,2026-10-02
ENG03732,STU03732,7.35,5,38.46,8,61.76,12,2026-10-02
ENG03733,STU03733,13.02,13,81.25,3,63.71,27,2026-10-02
ENG03734,STU03734,12.02,9,64.29,5,81.59,14,2026-10-02
ENG03735,STU03735,0,9,45.0,11,52.77,0,2026-10-02
ENG03736,STU03736,17.27,22,91.67,2,83.09,42,2026-10-02
ENG03737,STU03737,9.34,12,57.14,9,57.7,26,2026-10-02
ENG03738,STU03738,6.29,10,58.82,7,63.93,13,2026-10-02
ENG03739,STU03739,7.69,13,81.25,3,71.66,19,2026-10-02
ENG03740,STU03740,8.42,12,80.0,3,64.24,20,2026-10-02
ENG03741,STU03741,16.3,9,64.29,5,67.85,33,2026-10-02
ENG03742,STU03742,7.35,8,57.14,6,58.69,18,2026-10-02
ENG03743,STU03743,15.39,14,82.35,3,78.9,35,2026-10-02
ENG03744,STU03744,8.97,13,81.25,3,88.52,24,2026-10-02
ENG03745,STU03745,17.58,17,73.91,6,62.24,32,2026-10-02
ENG03746,STU03746,8.96,7,58.33,5,71.42,18,2026-10-02
ENG03747,STU03747,3.17,13,61.9,8,47.79,6,2026-10-02
ENG03748,STU03748,13.51,21,87.5,3,82.63,26,2026-10-02
ENG03749,STU03749,16.17,17,94.44,1,84.19,30,2026-10-02
ENG03750,STU03750,11.97,14,63.64,8,73.43,17,2026-10-02
ENG03751,STU03751,0,12,60.0,8,60.94,8,2026-10-02
ENG03752,STU03752,7.25,12,57.14,9,52.7,20,2026-10-02
ENG03753,STU03753,17.92,10,83.33,2,64.67,35,2026-10-02
ENG03754,STU03754,11.17,13,86.67,2,81.83,23,2026-10-02
ENG03755,STU03755,5.23,5,35.71,9,47.91,9,2026-10-02
ENG03756,STU03756,0,7,38.89,11,38.95,4,2026-10-02
ENG03757,STU03757,1.82,6,46.15,7,44.34,5,2026-10-02
ENG03758,STU03758,15.63,18,90.0,2,88.41,30,2026-10-02
ENG03759,STU03759,4.77,11,73.33,4,57.19,10,2026-10-02
ENG03760,STU03760,0,4,16.67,20,45.48,7,2026-10-02
ENG03761,STU03761,9.63,8,61.54,5,53.48,14,2026-10-02
ENG03762,STU03762,12.17,13,76.47,4,90.59,31,2026-10-02
ENG03763,STU03763,7.51,14,63.64,8,50.29,21,2026-10-02
ENG03764,STU03764,12.2,21,91.3,2,68.87,30,2026-10-02
ENG03765,STU03765,16.64,19,90.48,2,83.78,37,2026-10-02
ENG03766,STU03766,15.46,16,80.0,4,67.96,39,2026-10-02
ENG03767,STU03767,2.32,9,75.0,3,53.75,6,2026-10-02
ENG03768,STU03768,9.9,12,57.14,9,59.68,22,2026-10-02
ENG03769,STU03769,11.31,19,79.17,5,78.63,31,2026-10-02
ENG03770,STU03770,0.66,5,35.71,9,25.3,1,2026-10-02
ENG03771,STU03771,13.6,12,75.0,4,53.11,32,2026-10-02
ENG03772,STU03772,4.21,15,65.22,8,54.09,14,2026-10-02
ENG03773,STU03773,0.98,11,50.0,11,31.38,12,2026-10-02
ENG03774,STU03774,9.68,14,73.68,5,75.91,30,2026-10-02
ENG03775,STU03775,0,6,33.33,12,27.48,5,2026-10-02
ENG03776,STU03776,0.8,8,57.14,6,42.75,9,2026-10-02
ENG03777,STU03777,13.95,13,72.22,5,65.74,29,2026-10-02
ENG03778,STU03778,9.2,10,71.43,4,63.11,13,2026-10-02
ENG03779,STU03779,17.95,16,80.0,4,64.1,34,2026-10-02
ENG03780,STU03780,12.46,9,69.23,4,81.78,28,2026-10-02
ENG03781,STU03781,11.25,10,76.92,3,66.73,16,2026-10-02
ENG03782,STU03782,9.11,18,75.0,6,72.69,19,2026-10-02
ENG03783,STU03783,3.52,13,56.52,10,60.05,12,2026-10-02
ENG03784,STU03784,10.08,15,65.22,8,57.99,12,2026-10-02
ENG03785,STU03785,0,14,60.87,9,46.94,0,2026-10-02
ENG03786,STU03786,7.38,8,61.54,5,75.1,12,2026-10-02
ENG03787,STU03787,21.66,14,93.33,1,94.61,41,2026-10-02
ENG03788,STU03788,6.45,10,76.92,3,58.06,19,2026-10-02
ENG03789,STU03789,14.54,18,81.82,4,68.57,36,2026-10-02
ENG03790,STU03790,10.64,16,72.73,6,65.31,26,2026-10-02
ENG03791,STU03791,4.08,11,52.38,10,55.13,17,2026-10-02
ENG03792,STU03792,16.76,13,86.67,2,86.66,32,2026-10-02
ENG03793,STU03793,10.6,11,78.57,3,61.77,21,2026-10-02
ENG03794,STU03794,5.9,8,57.14,6,54.71,0,2026-10-02
ENG03795,STU03795,13.58,14,93.33,1,81.76,40,2026-10-02
ENG03796,STU03796,6.67,12,66.67,6,42.91,20,2026-10-02
ENG03797,STU03797,1.22,10,50.0,10,32.86,10,2026-10-02
ENG03798,STU03798,9.84,13,59.09,9,58.81,24,2026-10-02
ENG03799,STU03799,0,4,33.33,8,31.82,4,2026-10-02
ENG03800,STU03800,8.0,11,78.57,3,48.33,30,2026-10-02
ENG03801,STU03801,10.44,14,70.0,6,64.72,25,2026-10-02
ENG03802,STU03802,6.12,13,59.09,9,49.85,13,2026-10-02
ENG03803,STU03803,2.31,8,33.33,16,38.98,7,2026-10-02
ENG03804,STU03804,1.65,14,70.0,6,65.07,15,2026-10-02
ENG03805,STU03805,13.3,15,78.95,4,69.09,32,2026-10-02
ENG03806,STU03806,6.29,7,33.33,14,55.87,8,2026-10-02
ENG03807,STU03807,8.82,10,76.92,3,57.11,20,2026-10-02
ENG03808,STU03808,5.15,8,61.54,5,58.29,16,2026-10-02
ENG03809,STU03809,11.07,16,80.0,4,74.53,25,2026-10-02
ENG03810,STU03810,3.19,9,75.0,3,68.12,15,2026-10-02
ENG03811,STU03811,8.2,11,84.62,2,62.22,11,2026-10-02
ENG03812,STU03812,3.79,10,62.5,6,59.53,9,2026-10-02
ENG03813,STU03813,0.43,11,61.11,7,34.84,2,2026-10-02
ENG03814,STU03814,8.1,11,78.57,3,67.63,12,2026-10-02
ENG03815,STU03815,7.68,11,68.75,5,57.78,18,2026-10-02
ENG03816,STU03816,12.88,12,85.71,2,49.56,25,2026-10-02
ENG03817,STU03817,9.11,12,80.0,3,65.57,30,2026-10-02
ENG03818,STU03818,3.79,13,76.47,4,66.02,9,2026-10-02
ENG03819,STU03819,4.73,14,63.64,8,78.0,15,2026-10-02
ENG03820,STU03820,11.56,17,77.27,5,72.69,21,2026-10-02
ENG03821,STU03821,4.53,17,80.95,4,56.66,9,2026-10-02
ENG03822,STU03822,9.94,12,66.67,6,77.48,17,2026-10-02
ENG03823,STU03823,4.83,10,71.43,4,42.6,11,2026-10-02
ENG03824,STU03824,11.52,9,75.0,3,66.44,27,2026-10-02
ENG03825,STU03825,0.73,12,63.16,7,38.14,12,2026-10-02
ENG03826,STU03826,12.15,16,69.57,7,56.05,26,2026-10-02
ENG03827,STU03827,14.18,11,68.75,5,62.31,32,2026-10-02
ENG03828,STU03828,6.92,14,66.67,7,71.7,12,2026-10-02
ENG03829,STU03829,11.6,20,86.96,3,56.21,26,2026-10-02
ENG03830,STU03830,13.34,10,76.92,3,77.55,31,2026-10-02
ENG03831,STU03831,1.38,5,31.25,11,48.17,0,2026-10-02
ENG03832,STU03832,1.79,7,43.75,9,38.77,4,2026-10-02
ENG03833,STU03833,11.34,9,69.23,4,57.16,28,2026-10-02
ENG03834,STU03834,0.7,12,60.0,8,54.15,9,2026-10-02
ENG03835,STU03835,9.19,9,75.0,3,72.89,29,2026-10-02
ENG03836,STU03836,4.28,7,53.85,6,54.06,15,2026-10-02
ENG03837,STU03837,10.43,8,66.67,4,65.12,15,2026-10-02
ENG03838,STU03838,13.69,19,82.61,4,77.85,26,2026-10-02
ENG03839,STU03839,3.05,8,50.0,8,56.54,18,2026-10-02
ENG03840,STU03840,0,10,45.45,12,25.55,8,2026-10-02
ENG03841,STU03841,8.62,17,70.83,7,60.97,13,2026-10-02
ENG03842,STU03842,21.33,22,91.67,2,81.44,50,2026-10-02
ENG03843,STU03843,10.12,19,79.17,5,56.45,26,2026-10-02
ENG03844,STU03844,4.91,16,66.67,8,72.73,7,2026-10-02
ENG03845,STU03845,6.52,12,75.0,4,71.3,21,2026-10-02
ENG03846,STU03846,11.05,16,66.67,8,58.04,16,2026-10-02
ENG03847,STU03847,12.29,10,76.92,3,74.13,21,2026-10-02
ENG03848,STU03848,4.35,10,50.0,10,55.95,9,2026-10-02
ENG03849,STU03849,13.92,11,78.57,3,78.6,19,2026-10-02
ENG03850,STU03850,19.78,18,75.0,6,82.94,41,2026-10-02
ENG03851,STU03851,11.24,8,66.67,4,68.85,21,2026-10-02
ENG03852,STU03852,9.3,8,66.67,4,55.67,21,2026-10-02
ENG03853,STU03853,0,9,42.86,12,62.53,4,2026-10-02
ENG03854,STU03854,12.15,12,92.31,1,67.73,26,2026-10-02
ENG03855,STU03855,0,6,25.0,18,31.91,0,2026-10-02
ENG03856,STU03856,6.24,8,57.14,6,57.38,14,2026-10-02
ENG03857,STU03857,3.34,13,86.67,2,65.39,19,2026-10-02
ENG03858,STU03858,13.99,15,93.75,1,66.86,31,2026-10-02
ENG03859,STU03859,10.26,19,95.0,1,76.17,32,2026-10-02
ENG03860,STU03860,15.1,18,90.0,2,73.28,41,2026-10-02
ENG03861,STU03861,7.54,18,78.26,5,64.22,20,2026-10-02
ENG03862,STU03862,6.16,10,76.92,3,50.97,23,2026-10-02
ENG03863,STU03863,6.13,13,56.52,10,72.3,9,2026-10-02
ENG03864,STU03864,6.87,13,59.09,9,65.6,12,2026-10-02
ENG03865,STU03865,9.15,16,72.73,6,93.7,18,2026-10-02
ENG03866,STU03866,6.95,13,59.09,9,41.08,19,2026-10-02
ENG03867,STU03867,0,9,56.25,7,30.94,20,2026-10-02
ENG03868,STU03868,9.48,17,85.0,3,67.22,23,2026-10-02
ENG03869,STU03869,7.9,11,57.89,8,56.52,22,2026-10-02
ENG03870,STU03870,2.12,14,63.64,8,64.29,8,2026-10-02
ENG03871,STU03871,0,7,53.85,6,55.17,11,2026-10-02
ENG03872,STU03872,11.23,18,78.26,5,72.15,24,2026-10-02
ENG03873,STU03873,12.68,12,66.67,6,58.6,27,2026-10-02
ENG03874,STU03874,0,15,71.43,6,59.67,10,2026-10-02
ENG03875,STU03875,9.6,15,62.5,9,60.84,19,2026-10-02
ENG03876,STU03876,6.52,15,62.5,9,50.4,10,2026-10-02
ENG03877,STU03877,10.53,8,57.14,6,50.12,19,2026-10-02
ENG03878,STU03878,9.68,18,78.26,5,55.67,34,2026-10-02
ENG03879,STU03879,1.21,13,61.9,8,49.43,6,2026-10-02
ENG03880,STU03880,11.11,13,76.47,4,47.73,24,2026-10-02
ENG03881,STU03881,8.92,14,58.33,10,34.64,21,2026-10-02
ENG03882,STU03882,13.05,15,68.18,7,50.34,28,2026-10-02
ENG03883,STU03883,12.77,15,71.43,6,82.15,23,2026-10-02
ENG03884,STU03884,6.67,13,81.25,3,69.88,19,2026-10-02
ENG03885,STU03885,5.15,10,52.63,9,48.78,7,2026-10-02
ENG03886,STU03886,10.23,13,54.17,11,57.44,16,2026-10-02
ENG03887,STU03887,13.6,11,73.33,4,68.67,29,2026-10-02
ENG03888,STU03888,2.37,13,76.47,4,48.81,14,2026-10-02
ENG03889,STU03889,13.4,11,84.62,2,68.17,31,2026-10-02
ENG03890,STU03890,9.75,13,61.9,8,44.53,6,2026-10-02
ENG03891,STU03891,10.83,15,71.43,6,62.91,31,2026-10-02
ENG03892,STU03892,7.78,9,52.94,8,49.89,14,2026-10-02
ENG03893,STU03893,0,7,35.0,13,30.83,2,2026-10-02
ENG03894,STU03894,5.58,18,75.0,6,59.76,19,2026-10-02
ENG03895,STU03895,10.99,14,77.78,4,60.72,19,2026-10-02
ENG03896,STU03896,9.17,12,80.0,3,54.89,11,2026-10-02
ENG03897,STU03897,12.93,13,65.0,7,79.15,29,2026-10-02
ENG03898,STU03898,9.85,14,82.35,3,72.76,23,2026-10-02
ENG03899,STU03899,8.24,16,76.19,5,55.55,30,2026-10-02
ENG03900,STU03900,8.55,17,70.83,7,64.0,19,2026-10-02
ENG03901,STU03901,13.78,12,70.59,5,81.26,19,2026-10-02
ENG03902,STU03902,15.9,18,81.82,4,89.13,28,2026-10-02
ENG03903,STU03903,3.03,18,75.0,6,63.14,19,2026-10-02
ENG03904,STU03904,12.17,13,61.9,8,58.16,25,2026-10-02
ENG03905,STU03905,0,14,73.68,5,45.78,12,2026-10-02
ENG03906,STU03906,1.22,10,55.56,8,55.42,5,2026-10-02
ENG03907,STU03907,0.28,13,54.17,11,55.5,16,2026-10-02
ENG03908,STU03908,5.39,8,66.67,4,57.37,14,2026-10-02
ENG03909,STU03909,9.11,12,60.0,8,71.81,12,2026-10-02
ENG03910,STU03910,7.33,20,86.96,3,67.39,11,2026-10-02
ENG03911,STU03911,0.52,9,60.0,6,42.35,9,2026-10-02
ENG03912,STU03912,11.15,22,95.65,1,72.73,39,2026-10-02
ENG03913,STU03913,10.35,13,86.67,2,74.48,30,2026-10-02
ENG03914,STU03914,12.86,11,84.62,2,69.68,34,2026-10-02
ENG03915,STU03915,17.42,21,95.45,1,73.87,34,2026-10-02
ENG03916,STU03916,0,5,33.33,10,24.1,8,2026-10-02
ENG03917,STU03917,0,8,47.06,9,33.32,12,2026-10-02
ENG03918,STU03918,10.12,14,66.67,7,64.08,27,2026-10-02
ENG03919,STU03919,8.7,16,69.57,7,63.17,20,2026-10-02
ENG03920,STU03920,14.97,14,93.33,1,62.4,30,2026-10-02
ENG03921,STU03921,7.92,19,79.17,5,74.3,23,2026-10-02
ENG03922,STU03922,0.62,9,75.0,3,60.95,12,2026-10-02
ENG03923,STU03923,3.91,9,56.25,7,61.09,6,2026-10-02
ENG03924,STU03924,8.75,10,83.33,2,78.34,28,2026-10-02
ENG03925,STU03925,17.35,13,92.86,1,78.21,37,2026-10-02
ENG03926,STU03926,4.89,15,68.18,7,62.46,15,2026-10-02
ENG03927,STU03927,11.7,16,69.57,7,64.83,35,2026-10-02
ENG03928,STU03928,4.31,8,57.14,6,48.09,15,2026-10-02
ENG03929,STU03929,10.68,13,54.17,11,65.61,24,2026-10-02
ENG03930,STU03930,13.42,11,91.67,1,70.43,32,2026-10-02
ENG03931,STU03931,4.98,17,73.91,6,63.25,13,2026-10-02
ENG03932,STU03932,6.82,7,50.0,7,56.18,17,2026-10-02
ENG03933,STU03933,11.05,16,72.73,6,79.33,20,2026-10-02
ENG03934,STU03934,0.37,7,38.89,11,41.52,13,2026-10-02
ENG03935,STU03935,9.33,12,70.59,5,83.38,21,2026-10-02
ENG03936,STU03936,1.15,10,58.82,7,41.5,6,2026-10-02
ENG03937,STU03937,11.37,20,83.33,4,61.87,25,2026-10-02
ENG03938,STU03938,6.28,11,64.71,6,57.95,14,2026-10-02
ENG03939,STU03939,15.09,13,72.22,5,67.27,29,2026-10-02
ENG03940,STU03940,10.49,13,76.47,4,46.48,24,2026-10-02
ENG03941,STU03941,9.16,14,70.0,6,53.02,22,2026-10-02
ENG03942,STU03942,9.35,13,72.22,5,76.63,28,2026-10-02
ENG03943,STU03943,1.0,12,66.67,6,57.01,5,2026-10-02
ENG03944,STU03944,13.12,13,68.42,6,57.01,30,2026-10-02
ENG03945,STU03945,3.18,6,46.15,7,50.54,7,2026-10-02
ENG03946,STU03946,4.8,12,70.59,5,64.09,17,2026-10-02
ENG03947,STU03947,12.61,8,57.14,6,76.4,21,2026-10-02
ENG03948,STU03948,9.04,8,66.67,4,54.46,18,2026-10-02
ENG03949,STU03949,6.4,13,68.42,6,44.81,5,2026-10-02
ENG03950,STU03950,6.77,11,61.11,7,64.49,9,2026-10-02
ENG03951,STU03951,10.0,10,83.33,2,71.89,24,2026-10-02
ENG03952,STU03952,16.33,17,89.47,2,91.56,30,2026-10-02
ENG03953,STU03953,19.25,21,95.45,1,82.53,32,2026-10-02
ENG03954,STU03954,6.71,18,75.0,6,52.33,16,2026-10-02
ENG03955,STU03955,6.61,12,70.59,5,56.06,27,2026-10-02
ENG03956,STU03956,3.3,11,61.11,7,77.1,16,2026-10-02
ENG03957,STU03957,7.2,12,70.59,5,57.29,17,2026-10-02
ENG03958,STU03958,8.48,9,40.91,13,44.89,5,2026-10-02
ENG03959,STU03959,7.63,12,75.0,4,41.95,12,2026-10-02
ENG03960,STU03960,9.53,7,53.85,6,63.1,13,2026-10-02
ENG03961,STU03961,0,12,54.55,10,31.96,12,2026-10-02
ENG03962,STU03962,0,8,57.14,6,60.42,11,2026-10-02
ENG03963,STU03963,5.3,15,65.22,8,73.12,25,2026-10-02
ENG03964,STU03964,8.43,10,66.67,5,70.35,19,2026-10-02
ENG03965,STU03965,4.18,10,71.43,4,63.99,16,2026-10-02
ENG03966,STU03966,2.06,7,58.33,5,48.12,15,2026-10-02
ENG03967,STU03967,13.21,15,75.0,5,83.54,20,2026-10-02
ENG03968,STU03968,6.04,15,68.18,7,58.68,20,2026-10-02
ENG03969,STU03969,9.35,12,75.0,4,50.51,23,2026-10-02
ENG03970,STU03970,11.07,17,77.27,5,77.15,31,2026-10-02
ENG03971,STU03971,0,8,47.06,9,54.57,0,2026-10-02
ENG03972,STU03972,8.72,12,63.16,7,65.01,17,2026-10-02
ENG03973,STU03973,16.34,17,89.47,2,66.47,32,2026-10-02
ENG03974,STU03974,8.88,8,47.06,9,45.38,17,2026-10-02
ENG03975,STU03975,1.26,11,50.0,11,38.09,10,2026-10-02
ENG03976,STU03976,9.55,16,72.73,6,66.07,19,2026-10-02
ENG03977,STU03977,10.42,9,75.0,3,66.1,23,2026-10-02
ENG03978,STU03978,4.23,12,57.14,9,56.3,7,2026-10-02
ENG03979,STU03979,7.64,9,75.0,3,46.33,21,2026-10-02
ENG03980,STU03980,14.52,12,66.67,6,81.76,40,2026-10-02
ENG03981,STU03981,13.67,14,82.35,3,65.29,27,2026-10-02
ENG03982,STU03982,7.14,7,53.85,6,54.43,16,2026-10-02
ENG03983,STU03983,1.28,5,35.71,9,51.29,5,2026-10-02
ENG03984,STU03984,9.14,10,76.92,3,72.02,19,2026-10-02
ENG03985,STU03985,11.27,11,78.57,3,64.87,23,2026-10-02
ENG03986,STU03986,20.8,15,93.75,1,99.16,35,2026-10-02
ENG03987,STU03987,12.8,12,92.31,1,77.18,31,2026-10-02
ENG03988,STU03988,7.04,9,45.0,11,34.49,22,2026-10-02
ENG03989,STU03989,4.25,11,68.75,5,56.01,19,2026-10-02
ENG03990,STU03990,9.08,9,75.0,3,65.86,18,2026-10-02
ENG03991,STU03991,9.08,14,93.33,1,84.04,24,2026-10-02
ENG03992,STU03992,8.09,13,81.25,3,75.09,23,2026-10-02
ENG03993,STU03993,9.65,11,55.0,9,59.26,24,2026-10-02
ENG03994,STU03994,9.15,15,78.95,4,67.14,28,2026-10-02
ENG03995,STU03995,8.64,9,47.37,10,52.41,23,2026-10-02
ENG03996,STU03996,10.06,8,57.14,6,68.92,21,2026-10-02
ENG03997,STU03997,4.46,9,50.0,9,35.36,7,2026-10-02
ENG03998,STU03998,5.33,17,73.91,6,65.36,11,2026-10-02
ENG03999,STU03999,4.09,13,56.52,10,49.13,12,2026-10-02
ENG04000,STU04000,3.16,12,50.0,12,49.27,10,2026-10-02
ENG04001,STU04001,0,9,60.0,6,39.91,7,2026-10-02
ENG04002,STU04002,14.58,21,87.5,3,87.86,39,2026-10-02
ENG04003,STU04003,5.69,12,75.0,4,53.61,22,2026-10-02
ENG04004,STU04004,8.26,15,68.18,7,67.33,21,2026-10-02
ENG04005,STU04005,8.18,20,90.91,2,51.28,29,2026-10-02
ENG04006,STU04006,17.84,16,84.21,3,86.42,35,2026-10-02
ENG04007,STU04007,0,8,57.14,6,41.36,6,2026-10-02
ENG04008,STU04008,18.21,16,94.12,1,78.82,38,2026-10-02
ENG04009,STU04009,20.85,18,94.74,1,76.72,45,2026-10-02
ENG04010,STU04010,11.87,14,82.35,3,55.99,21,2026-10-02
ENG04011,STU04011,2.61,11,57.89,8,44.54,9,2026-10-02
ENG04012,STU04012,3.21,10,50.0,10,44.69,8,2026-10-02
ENG04013,STU04013,20.66,10,71.43,4,82.94,40,2026-10-02
ENG04014,STU04014,3.7,12,60.0,8,45.26,16,2026-10-02
ENG04015,STU04015,13.03,12,66.67,6,54.53,26,2026-10-02
ENG04016,STU04016,6.7,18,78.26,5,61.52,12,2026-10-02
ENG04017,STU04017,8.76,11,68.75,5,73.57,23,2026-10-02
ENG04018,STU04018,10.69,8,66.67,4,52.44,18,2026-10-02
ENG04019,STU04019,0.65,7,46.67,8,42.95,6,2026-10-02
ENG04020,STU04020,0.67,6,50.0,6,54.55,8,2026-10-02
ENG04021,STU04021,0,5,27.78,13,33.3,0,2026-10-02
ENG04022,STU04022,9.0,13,68.42,6,65.28,17,2026-10-02
ENG04023,STU04023,5.81,13,65.0,7,58.31,12,2026-10-02
ENG04024,STU04024,0.63,10,47.62,11,65.87,12,2026-10-02
ENG04025,STU04025,0,10,52.63,9,45.11,5,2026-10-02
ENG04026,STU04026,0,8,36.36,14,56.43,2,2026-10-02
ENG04027,STU04027,13.19,11,78.57,3,75.3,23,2026-10-02
ENG04028,STU04028,12.83,12,70.59,5,80.06,27,2026-10-02
ENG04029,STU04029,10.51,16,84.21,3,59.77,28,2026-10-02
ENG04030,STU04030,6.96,10,71.43,4,77.14,13,2026-10-02
ENG04031,STU04031,0.32,6,42.86,8,45.27,3,2026-10-02
ENG04032,STU04032,0.43,4,30.77,9,26.35,0,2026-10-02
ENG04033,STU04033,6.0,11,68.75,5,64.57,15,2026-10-02
ENG04034,STU04034,8.19,11,84.62,2,65.07,23,2026-10-02
ENG04035,STU04035,13.04,10,71.43,4,69.19,23,2026-10-02
ENG04036,STU04036,16.09,9,69.23,4,68.01,36,2026-10-02
ENG04037,STU04037,7.3,8,61.54,5,58.6,18,2026-10-02
ENG04038,STU04038,4.22,6,50.0,6,61.61,13,2026-10-02
ENG04039,STU04039,5.92,15,65.22,8,46.29,4,2026-10-02
ENG04040,STU04040,1.28,10,76.92,3,54.15,12,2026-10-02
ENG04041,STU04041,12.3,10,76.92,3,74.03,23,2026-10-02
ENG04042,STU04042,6.12,8,44.44,10,49.85,5,2026-10-02
ENG04043,STU04043,14.71,17,100.0,0,79.6,45,2026-10-02
ENG04044,STU04044,16.72,21,95.45,1,91.12,41,2026-10-02
ENG04045,STU04045,8.1,11,61.11,7,68.11,16,2026-10-02
ENG04046,STU04046,13.97,8,61.54,5,45.59,25,2026-10-02
ENG04047,STU04047,21.51,15,93.75,1,82.34,32,2026-10-02
ENG04048,STU04048,3.36,8,33.33,16,47.04,12,2026-10-02
ENG04049,STU04049,2.69,10,55.56,8,64.51,10,2026-10-02
ENG04050,STU04050,2.57,8,53.33,7,46.12,0,2026-10-02
ENG04051,STU04051,3.88,4,33.33,8,47.82,19,2026-10-02
ENG04052,STU04052,9.8,17,89.47,2,50.87,28,2026-10-02
ENG04053,STU04053,2.87,10,76.92,3,65.59,20,2026-10-02
ENG04054,STU04054,14.12,14,77.78,4,60.37,23,2026-10-02
ENG04055,STU04055,6.81,10,58.82,7,75.1,32,2026-10-02
ENG04056,STU04056,2.51,8,61.54,5,42.89,15,2026-10-02
ENG04057,STU04057,4.01,16,66.67,8,45.66,12,2026-10-02
ENG04058,STU04058,16.9,24,100.0,0,97.16,37,2026-10-02
ENG04059,STU04059,6.36,11,61.11,7,68.4,9,2026-10-02
ENG04060,STU04060,7.95,10,52.63,9,71.51,15,2026-10-02
ENG04061,STU04061,14.95,10,71.43,4,86.52,23,2026-10-02
ENG04062,STU04062,20.67,23,100.0,0,77.21,51,2026-10-02
ENG04063,STU04063,14.79,13,86.67,2,76.14,29,2026-10-02
ENG04064,STU04064,5.28,13,54.17,11,56.37,14,2026-10-02
ENG04065,STU04065,14.18,11,84.62,2,66.18,27,2026-10-02
ENG04066,STU04066,19.59,13,72.22,5,77.85,42,2026-10-02
ENG04067,STU04067,9.83,12,57.14,9,59.18,31,2026-10-02
ENG04068,STU04068,6.98,10,66.67,5,61.92,24,2026-10-02
ENG04069,STU04069,9.42,13,59.09,9,61.03,24,2026-10-02
ENG04070,STU04070,5.88,7,53.85,6,54.12,21,2026-10-02
ENG04071,STU04071,4.81,10,43.48,13,50.17,12,2026-10-02
ENG04072,STU04072,11.29,12,85.71,2,75.76,36,2026-10-02
ENG04073,STU04073,17.23,12,80.0,3,77.72,28,2026-10-02
ENG04074,STU04074,8.77,20,86.96,3,75.69,21,2026-10-02
ENG04075,STU04075,10.22,19,86.36,3,71.3,30,2026-10-02
ENG04076,STU04076,14.07,11,78.57,3,65.37,34,2026-10-02
ENG04077,STU04077,5.42,7,50.0,7,46.76,12,2026-10-02
ENG04078,STU04078,3.26,10,55.56,8,60.93,4,2026-10-02
ENG04079,STU04079,4.34,8,36.36,14,27.48,11,2026-10-02
ENG04080,STU04080,19.13,11,73.33,4,77.53,38,2026-10-02
ENG04081,STU04081,12.36,9,60.0,6,67.61,20,2026-10-02
ENG04082,STU04082,7.52,15,68.18,7,72.96,16,2026-10-02
ENG04083,STU04083,8.7,15,71.43,6,56.79,25,2026-10-02
ENG04084,STU04084,2.78,12,57.14,9,41.03,1,2026-10-02
ENG04085,STU04085,11.85,12,60.0,8,45.53,21,2026-10-02
ENG04086,STU04086,6.52,13,59.09,9,46.99,19,2026-10-02
ENG04087,STU04087,7.98,10,76.92,3,52.56,16,2026-10-02
ENG04088,STU04088,2.67,12,75.0,4,55.34,15,2026-10-02
ENG04089,STU04089,3.25,10,62.5,6,43.76,14,2026-10-02
ENG04090,STU04090,6.29,12,80.0,3,68.47,21,2026-10-02
ENG04091,STU04091,11.18,14,87.5,2,71.19,29,2026-10-02
ENG04092,STU04092,10.08,13,59.09,9,47.29,23,2026-10-02
ENG04093,STU04093,14.18,14,82.35,3,70.4,24,2026-10-02
ENG04094,STU04094,1.46,7,41.18,10,42.69,1,2026-10-02
ENG04095,STU04095,4.49,13,65.0,7,72.8,16,2026-10-02
ENG04096,STU04096,11.87,12,70.59,5,82.95,20,2026-10-02
ENG04097,STU04097,10.49,13,81.25,3,53.52,20,2026-10-02
ENG04098,STU04098,9.64,10,66.67,5,74.52,27,2026-10-02
ENG04099,STU04099,9.01,15,71.43,6,57.09,31,2026-10-02
ENG04100,STU04100,2.88,8,66.67,4,63.52,14,2026-10-02
ENG04101,STU04101,4.36,12,57.14,9,70.33,12,2026-10-02
ENG04102,STU04102,0,12,50.0,12,52.78,5,2026-10-02
ENG04103,STU04103,17.2,14,100.0,0,77.6,28,2026-10-02
ENG04104,STU04104,2.17,12,70.59,5,64.34,15,2026-10-02
ENG04105,STU04105,6.99,11,78.57,3,64.92,19,2026-10-02
ENG04106,STU04106,8.91,11,73.33,4,66.29,26,2026-10-02
ENG04107,STU04107,19.77,19,95.0,1,92.96,42,2026-10-02
ENG04108,STU04108,5.38,14,70.0,6,51.56,23,2026-10-02
ENG04109,STU04109,11.46,16,80.0,4,81.57,24,2026-10-02
ENG04110,STU04110,8.93,10,55.56,8,64.81,25,2026-10-02
ENG04111,STU04111,11.07,17,80.95,4,68.86,34,2026-10-02
ENG04112,STU04112,5.23,6,46.15,7,48.43,11,2026-10-02
ENG04113,STU04113,10.92,13,56.52,10,53.35,22,2026-10-02
ENG04114,STU04114,0.98,7,53.85,6,32.62,8,2026-10-02
ENG04115,STU04115,4.03,9,64.29,5,45.59,7,2026-10-02
ENG04116,STU04116,20.84,20,86.96,3,90.97,41,2026-10-02
ENG04117,STU04117,11.55,15,78.95,4,90.97,29,2026-10-02
ENG04118,STU04118,0,1,7.69,12,10.91,0,2026-10-02
ENG04119,STU04119,5.87,8,57.14,6,65.14,19,2026-10-02
ENG04120,STU04120,16.4,15,75.0,5,61.73,36,2026-10-02
ENG04121,STU04121,14.7,14,93.33,1,71.83,22,2026-10-02
ENG04122,STU04122,1.6,8,61.54,5,49.98,8,2026-10-02
ENG04123,STU04123,4.93,13,59.09,9,48.74,9,2026-10-02
ENG04124,STU04124,0,9,52.94,8,39.99,6,2026-10-02
ENG04125,STU04125,11.89,13,81.25,3,57.24,25,2026-10-02
ENG04126,STU04126,12.63,20,83.33,4,63.52,16,2026-10-02
ENG04127,STU04127,12.46,12,80.0,3,74.43,25,2026-10-02
ENG04128,STU04128,0,11,57.89,8,62.21,8,2026-10-02
ENG04129,STU04129,12.7,17,89.47,2,70.71,24,2026-10-02
ENG04130,STU04130,9.48,16,72.73,6,77.97,10,2026-10-02
ENG04131,STU04131,15.7,16,100.0,0,77.75,39,2026-10-02
ENG04132,STU04132,7.33,15,71.43,6,68.35,20,2026-10-02
ENG04133,STU04133,0.33,8,53.33,7,45.28,5,2026-10-02
ENG04134,STU04134,16.13,16,72.73,6,56.21,37,2026-10-02
ENG04135,STU04135,14.03,10,55.56,8,64.78,22,2026-10-02
ENG04136,STU04136,11.52,14,73.68,5,69.05,20,2026-10-02
ENG04137,STU04137,2.47,10,76.92,3,51.59,15,2026-10-02
ENG04138,STU04138,4.47,9,50.0,9,42.78,17,2026-10-02
ENG04139,STU04139,8.88,13,56.52,10,60.52,15,2026-10-02
ENG04140,STU04140,0,10,55.56,8,41.8,11,2026-10-02
ENG04141,STU04141,14.51,15,75.0,5,57.77,23,2026-10-02
ENG04142,STU04142,5.15,8,44.44,10,31.12,4,2026-10-02
ENG04143,STU04143,10.27,13,56.52,10,56.9,27,2026-10-02
ENG04144,STU04144,12.22,16,76.19,5,68.05,26,2026-10-02
ENG04145,STU04145,16.55,13,72.22,5,57.53,25,2026-10-02
ENG04146,STU04146,10.28,13,76.47,4,52.42,22,2026-10-02
ENG04147,STU04147,12.23,8,57.14,6,63.45,23,2026-10-02
ENG04148,STU04148,12.32,17,77.27,5,72.62,20,2026-10-02
ENG04149,STU04149,7.36,9,69.23,4,53.22,12,2026-10-02
ENG04150,STU04150,4.81,13,68.42,6,56.46,15,2026-10-02
ENG04151,STU04151,0,7,58.33,5,38.75,17,2026-10-02
ENG04152,STU04152,13.91,15,78.95,4,78.34,38,2026-10-02
ENG04153,STU04153,7.03,15,78.95,4,58.97,16,2026-10-02
ENG04154,STU04154,10.99,11,84.62,2,69.31,23,2026-10-02
ENG04155,STU04155,4.74,11,78.57,3,67.03,16,2026-10-02
ENG04156,STU04156,5.92,13,54.17,11,44.44,14,2026-10-02
ENG04157,STU04157,8.88,10,71.43,4,57.66,22,2026-10-02
ENG04158,STU04158,12.57,16,69.57,7,66.5,20,2026-10-02
ENG04159,STU04159,15.54,16,72.73,6,69.13,22,2026-10-02
ENG04160,STU04160,12.03,13,59.09,9,57.44,15,2026-10-02
ENG04161,STU04161,1.66,9,52.94,8,57.7,10,2026-10-02
ENG04162,STU04162,10.48,16,88.89,2,54.18,29,2026-10-02
ENG04163,STU04163,1.77,8,50.0,8,44.11,16,2026-10-02
ENG04164,STU04164,10.75,20,95.24,1,78.69,23,2026-10-02
ENG04165,STU04165,4.94,15,68.18,7,71.71,14,2026-10-02
ENG04166,STU04166,6.73,14,63.64,8,59.06,17,2026-10-02
ENG04167,STU04167,16.68,13,65.0,7,86.5,33,2026-10-02
ENG04168,STU04168,13.87,16,66.67,8,66.33,19,2026-10-02
ENG04169,STU04169,16.65,20,100.0,0,92.09,37,2026-10-02
ENG04170,STU04170,13.78,15,100.0,0,81.45,35,2026-10-02
ENG04171,STU04171,8.04,10,62.5,6,49.45,18,2026-10-02
ENG04172,STU04172,0,10,55.56,8,48.1,9,2026-10-02
ENG04173,STU04173,1.25,12,66.67,6,58.12,6,2026-10-02
ENG04174,STU04174,3.34,7,58.33,5,48.93,18,2026-10-02
ENG04175,STU04175,1.42,13,59.09,9,61.5,17,2026-10-02
ENG04176,STU04176,8.45,8,50.0,8,56.9,18,2026-10-02
ENG04177,STU04177,6.75,15,78.95,4,63.28,20,2026-10-02
ENG04178,STU04178,15.67,11,64.71,6,80.47,30,2026-10-02
ENG04179,STU04179,17.7,11,91.67,1,84.92,28,2026-10-02
ENG04180,STU04180,0,13,56.52,10,36.87,14,2026-10-02
ENG04181,STU04181,12.47,16,84.21,3,76.1,30,2026-10-02
ENG04182,STU04182,6.8,12,52.17,11,44.35,2,2026-10-02
ENG04183,STU04183,5.21,10,62.5,6,62.02,20,2026-10-02
ENG04184,STU04184,0,4,25.0,12,14.56,0,2026-10-02
ENG04185,STU04185,12.32,10,76.92,3,61.66,23,2026-10-02
ENG04186,STU04186,11.26,22,100.0,0,82.3,32,2026-10-02
ENG04187,STU04187,12.37,13,65.0,7,74.61,24,2026-10-02
ENG04188,STU04188,6.19,15,78.95,4,54.28,16,2026-10-02
ENG04189,STU04189,13.98,17,89.47,2,72.5,32,2026-10-02
ENG04190,STU04190,17.45,13,86.67,2,83.27,36,2026-10-02
ENG04191,STU04191,4.27,14,82.35,3,86.01,17,2026-10-02
ENG04192,STU04192,3.66,14,58.33,10,61.49,12,2026-10-02
ENG04193,STU04193,14.04,20,95.24,1,78.4,34,2026-10-02
ENG04194,STU04194,5.88,16,69.57,7,64.77,15,2026-10-02
ENG04195,STU04195,0,4,33.33,8,39.4,11,2026-10-02
ENG04196,STU04196,14.88,17,70.83,7,78.87,26,2026-10-02
ENG04197,STU04197,6.53,12,60.0,8,40.39,8,2026-10-02
ENG04198,STU04198,8.6,9,69.23,4,77.02,28,2026-10-02
ENG04199,STU04199,9.2,12,85.71,2,75.22,24,2026-10-02
ENG04200,STU04200,0.83,13,56.52,10,54.24,7,2026-10-02
ENG04201,STU04201,9.09,16,72.73,6,69.74,19,2026-10-02
ENG04202,STU04202,11.85,20,86.96,3,74.95,30,2026-10-02
ENG04203,STU04203,4.39,12,70.59,5,64.23,16,2026-10-02
ENG04204,STU04204,19.21,15,100.0,0,87.22,36,2026-10-02
ENG04205,STU04205,11.38,17,73.91,6,62.37,27,2026-10-02
ENG04206,STU04206,8.16,15,71.43,6,53.69,17,2026-10-02
ENG04207,STU04207,15.63,19,79.17,5,71.35,28,2026-10-02
ENG04208,STU04208,11.87,18,75.0,6,82.25,31,2026-10-02
ENG04209,STU04209,8.26,10,76.92,3,78.13,30,2026-10-02
ENG04210,STU04210,6.56,9,69.23,4,52.52,17,2026-10-02
ENG04211,STU04211,5.77,14,58.33,10,50.21,12,2026-10-02
ENG04212,STU04212,9.49,15,78.95,4,63.92,24,2026-10-02
ENG04213,STU04213,14.57,10,83.33,2,75.08,25,2026-10-02
ENG04214,STU04214,13.69,10,52.63,9,60.35,17,2026-10-02
ENG04215,STU04215,13.02,13,81.25,3,64.26,42,2026-10-02
ENG04216,STU04216,7.62,9,75.0,3,56.58,17,2026-10-02
ENG04217,STU04217,2.78,16,66.67,8,48.35,2,2026-10-02
ENG04218,STU04218,4.03,7,53.85,6,43.41,11,2026-10-02
ENG04219,STU04219,19.06,21,87.5,3,56.34,37,2026-10-02
ENG04220,STU04220,8.07,16,88.89,2,79.67,5,2026-10-02
ENG04221,STU04221,5.51,8,47.06,9,61.5,13,2026-10-02
ENG04222,STU04222,7.44,10,76.92,3,55.27,17,2026-10-02
ENG04223,STU04223,10.33,13,81.25,3,78.57,28,2026-10-02
ENG04224,STU04224,4.09,10,62.5,6,53.11,9,2026-10-02
ENG04225,STU04225,9.87,16,76.19,5,74.1,25,2026-10-02
ENG04226,STU04226,20.61,19,100.0,0,94.13,40,2026-10-02
ENG04227,STU04227,2.28,7,35.0,13,42.44,3,2026-10-02
ENG04228,STU04228,2.27,9,56.25,7,45.14,1,2026-10-02
ENG04229,STU04229,0,6,31.58,13,27.65,6,2026-10-02
ENG04230,STU04230,0,6,42.86,8,38.49,2,2026-10-02
ENG04231,STU04231,3.22,12,50.0,12,48.03,2,2026-10-02
ENG04232,STU04232,5.07,15,83.33,3,51.61,24,2026-10-02
ENG04233,STU04233,6.89,8,50.0,8,68.55,12,2026-10-02
ENG04234,STU04234,2.57,11,61.11,7,40.35,18,2026-10-02
ENG04235,STU04235,17.12,18,75.0,6,83.05,30,2026-10-02
ENG04236,STU04236,2.22,12,54.55,10,43.39,16,2026-10-02
ENG04237,STU04237,10.17,14,70.0,6,87.07,19,2026-10-02
ENG04238,STU04238,10.97,13,76.47,4,77.07,17,2026-10-02
ENG04239,STU04239,7.15,15,68.18,7,43.15,16,2026-10-02
ENG04240,STU04240,4.21,6,46.15,7,41.67,7,2026-10-02
ENG04241,STU04241,8.33,9,64.29,5,63.38,26,2026-10-02
ENG04242,STU04242,0.2,14,63.64,8,63.28,1,2026-10-02
ENG04243,STU04243,5.1,11,50.0,11,59.26,10,2026-10-02
ENG04244,STU04244,8.68,11,73.33,4,69.49,29,2026-10-02
ENG04245,STU04245,0,9,39.13,14,35.83,1,2026-10-02
ENG04246,STU04246,11.72,9,56.25,7,65.1,29,2026-10-02
ENG04247,STU04247,9.41,7,58.33,5,64.07,31,2026-10-02
ENG04248,STU04248,7.28,7,50.0,7,53.3,17,2026-10-02
ENG04249,STU04249,10.95,17,85.0,3,71.15,31,2026-10-02
ENG04250,STU04250,5.0,9,64.29,5,48.38,15,2026-10-02
ENG04251,STU04251,21.9,20,100.0,0,87.08,45,2026-10-02
ENG04252,STU04252,11.45,10,83.33,2,62.95,27,2026-10-02
ENG04253,STU04253,8.76,14,70.0,6,73.18,20,2026-10-02
ENG04254,STU04254,6.44,15,71.43,6,55.3,27,2026-10-02
ENG04255,STU04255,6.25,14,63.64,8,67.87,9,2026-10-02
ENG04256,STU04256,4.66,15,68.18,7,62.73,11,2026-10-02
ENG04257,STU04257,0,3,21.43,11,26.0,7,2026-10-02
ENG04258,STU04258,10.11,17,70.83,7,61.68,28,2026-10-02
ENG04259,STU04259,0,13,56.52,10,52.95,0,2026-10-02
ENG04260,STU04260,8.22,12,70.59,5,46.73,17,2026-10-02
ENG04261,STU04261,5.98,10,76.92,3,64.84,27,2026-10-02
ENG04262,STU04262,22.96,21,100.0,0,95.5,41,2026-10-02
ENG04263,STU04263,4.74,14,58.33,10,55.19,24,2026-10-02
ENG04264,STU04264,9.39,14,60.87,9,40.22,21,2026-10-02
ENG04265,STU04265,9.32,20,83.33,4,70.42,29,2026-10-02
ENG04266,STU04266,13.45,18,78.26,5,71.17,33,2026-10-02
ENG04267,STU04267,10.74,12,70.59,5,71.6,8,2026-10-02
ENG04268,STU04268,5.39,10,47.62,11,49.42,11,2026-10-02
ENG04269,STU04269,11.02,15,75.0,5,80.02,25,2026-10-02
ENG04270,STU04270,0,7,50.0,7,46.07,14,2026-10-02
ENG04271,STU04271,12.05,18,75.0,6,51.32,25,2026-10-02
ENG04272,STU04272,4.66,8,42.11,11,57.03,9,2026-10-02
ENG04273,STU04273,0,9,39.13,14,16.84,3,2026-10-02
ENG04274,STU04274,11.39,8,66.67,4,78.92,25,2026-10-02
ENG04275,STU04275,3.61,9,50.0,9,46.65,12,2026-10-02
ENG04276,STU04276,1.32,11,68.75,5,60.37,12,2026-10-02
ENG04277,STU04277,14.36,17,77.27,5,61.52,36,2026-10-02
ENG04278,STU04278,17.5,17,89.47,2,65.1,40,2026-10-02
ENG04279,STU04279,10.13,15,75.0,5,73.96,23,2026-10-02
ENG04280,STU04280,12.37,15,75.0,5,82.07,42,2026-10-02
ENG04281,STU04281,2.88,11,73.33,4,66.78,9,2026-10-02
ENG04282,STU04282,2.03,10,52.63,9,50.27,9,2026-10-02
ENG04283,STU04283,14.92,17,89.47,2,79.23,29,2026-10-02
ENG04284,STU04284,4.62,9,52.94,8,62.03,13,2026-10-02
ENG04285,STU04285,8.47,10,71.43,4,73.36,19,2026-10-02
ENG04286,STU04286,0,7,41.18,10,46.06,11,2026-10-02
ENG04287,STU04287,9.02,14,60.87,9,86.65,27,2026-10-02
ENG04288,STU04288,7.79,6,50.0,6,59.34,18,2026-10-02
ENG04289,STU04289,15.27,15,75.0,5,81.81,29,2026-10-02
ENG04290,STU04290,10.61,17,73.91,6,60.26,27,2026-10-02
ENG04291,STU04291,8.4,11,78.57,3,57.1,29,2026-10-02
ENG04292,STU04292,8.89,9,69.23,4,71.97,21,2026-10-02
ENG04293,STU04293,6.22,11,64.71,6,46.08,11,2026-10-02
ENG04294,STU04294,3.76,8,66.67,4,59.78,15,2026-10-02
ENG04295,STU04295,5.26,8,57.14,6,43.1,11,2026-10-02
ENG04296,STU04296,0.37,7,58.33,5,57.5,12,2026-10-02
ENG04297,STU04297,15.2,12,70.59,5,74.07,32,2026-10-02
ENG04298,STU04298,4.04,5,41.67,7,59.53,6,2026-10-02
ENG04299,STU04299,11.33,16,69.57,7,58.1,27,2026-10-02
ENG04300,STU04300,6.46,8,66.67,4,56.11,21,2026-10-02
ENG04301,STU04301,17.04,21,95.45,1,100.0,44,2026-10-02
ENG04302,STU04302,0,14,60.87,9,58.44,7,2026-10-02
ENG04303,STU04303,1.22,9,56.25,7,52.06,0,2026-10-02
ENG04304,STU04304,3.48,10,71.43,4,56.99,21,2026-10-02
ENG04305,STU04305,7.7,11,52.38,10,54.99,18,2026-10-02
ENG04306,STU04306,8.79,17,94.44,1,83.09,23,2026-10-02
ENG04307,STU04307,0,10,55.56,8,47.32,6,2026-10-02
ENG04308,STU04308,22.33,19,90.48,2,76.24,36,2026-10-02
ENG04309,STU04309,1.89,7,50.0,7,45.26,12,2026-10-02
ENG04310,STU04310,5.24,8,53.33,7,38.34,8,2026-10-02
ENG04311,STU04311,10.34,11,73.33,4,68.06,18,2026-10-02
ENG04312,STU04312,6.43,9,69.23,4,65.13,18,2026-10-02
ENG04313,STU04313,3.03,9,60.0,6,55.32,8,2026-10-02
ENG04314,STU04314,4.37,6,46.15,7,42.22,10,2026-10-02
ENG04315,STU04315,7.32,15,78.95,4,65.8,15,2026-10-02
ENG04316,STU04316,10.84,18,85.71,3,83.92,37,2026-10-02
ENG04317,STU04317,12.91,18,78.26,5,68.12,34,2026-10-02
ENG04318,STU04318,7.16,10,71.43,4,72.2,12,2026-10-02
ENG04319,STU04319,7.04,11,57.89,8,69.38,17,2026-10-02
ENG04320,STU04320,11.28,12,75.0,4,79.3,26,2026-10-02
ENG04321,STU04321,10.3,10,83.33,2,77.01,28,2026-10-02
ENG04322,STU04322,7.83,17,70.83,7,74.97,24,2026-10-02
ENG04323,STU04323,20.97,16,100.0,0,97.71,33,2026-10-02
ENG04324,STU04324,10.79,10,66.67,5,65.94,32,2026-10-02
ENG04325,STU04325,20.04,18,94.74,1,91.08,45,2026-10-02
ENG04326,STU04326,17.53,12,92.31,1,77.19,36,2026-10-02
ENG04327,STU04327,16.21,12,85.71,2,88.24,34,2026-10-02
ENG04328,STU04328,16.69,17,89.47,2,85.2,38,2026-10-02
ENG04329,STU04329,0,9,52.94,8,27.97,8,2026-10-02
ENG04330,STU04330,11.22,12,92.31,1,82.04,23,2026-10-02
ENG04331,STU04331,1.81,8,61.54,5,50.17,11,2026-10-02
ENG04332,STU04332,15.06,10,76.92,3,59.65,39,2026-10-02
ENG04333,STU04333,5.73,11,57.89,8,55.2,9,2026-10-02
ENG04334,STU04334,12.76,11,68.75,5,66.18,23,2026-10-02
ENG04335,STU04335,5.35,13,59.09,9,43.51,18,2026-10-02
ENG04336,STU04336,5.44,19,79.17,5,73.86,10,2026-10-02
ENG04337,STU04337,11.43,10,62.5,6,85.72,32,2026-10-02
ENG04338,STU04338,6.14,13,81.25,3,65.99,12,2026-10-02
ENG04339,STU04339,7.08,14,58.33,10,60.27,15,2026-10-02
ENG04340,STU04340,5.93,16,69.57,7,56.43,16,2026-10-02
ENG04341,STU04341,13.94,14,60.87,9,84.77,26,2026-10-02
ENG04342,STU04342,2.2,12,50.0,12,33.54,3,2026-10-02
ENG04343,STU04343,7.49,13,56.52,10,62.64,16,2026-10-02
ENG04344,STU04344,5.32,16,72.73,6,50.87,17,2026-10-02
ENG04345,STU04345,14.62,14,73.68,5,71.72,27,2026-10-02
ENG04346,STU04346,14.19,17,89.47,2,67.91,40,2026-10-02
ENG04347,STU04347,6.54,12,63.16,7,48.22,21,2026-10-02
ENG04348,STU04348,4.1,7,50.0,7,57.11,15,2026-10-02
ENG04349,STU04349,0,6,46.15,7,64.23,19,2026-10-02
ENG04350,STU04350,7.35,8,61.54,5,75.01,7,2026-10-02
ENG04351,STU04351,3.8,9,50.0,9,64.32,12,2026-10-02
ENG04352,STU04352,12.79,14,70.0,6,65.85,26,2026-10-02
ENG04353,STU04353,6.81,12,60.0,8,69.27,26,2026-10-02
ENG04354,STU04354,8.87,15,83.33,3,63.77,31,2026-10-02
ENG04355,STU04355,14.43,12,75.0,4,71.54,23,2026-10-02
ENG04356,STU04356,17.9,11,68.75,5,59.19,25,2026-10-02
ENG04357,STU04357,3.39,9,56.25,7,62.42,8,2026-10-02
ENG04358,STU04358,8.25,5,41.67,7,54.5,14,2026-10-02
ENG04359,STU04359,5.28,9,75.0,3,50.45,11,2026-10-02
ENG04360,STU04360,4.9,17,80.95,4,51.17,10,2026-10-02
ENG04361,STU04361,3.11,11,68.75,5,46.5,12,2026-10-02
ENG04362,STU04362,6.91,6,46.15,7,53.64,21,2026-10-02
ENG04363,STU04363,2.52,13,65.0,7,50.32,13,2026-10-02
ENG04364,STU04364,10.98,16,84.21,3,69.97,21,2026-10-02
ENG04365,STU04365,0.42,9,50.0,9,52.24,2,2026-10-02
ENG04366,STU04366,8.3,7,58.33,5,65.76,15,2026-10-02
ENG04367,STU04367,11.26,22,91.67,2,76.27,20,2026-10-02
ENG04368,STU04368,8.93,9,75.0,3,77.0,26,2026-10-02
ENG04369,STU04369,17.22,20,83.33,4,82.56,32,2026-10-02
ENG04370,STU04370,14.02,8,66.67,4,81.26,34,2026-10-02
ENG04371,STU04371,9.17,15,88.24,2,69.54,25,2026-10-02
ENG04372,STU04372,5.76,7,58.33,5,41.62,16,2026-10-02
ENG04373,STU04373,1.47,12,60.0,8,51.2,17,2026-10-02
ENG04374,STU04374,11.49,12,75.0,4,81.76,26,2026-10-02
ENG04375,STU04375,10.39,8,38.1,13,63.18,21,2026-10-02
ENG04376,STU04376,8.39,16,72.73,6,77.08,23,2026-10-02
ENG04377,STU04377,3.91,17,77.27,5,58.6,27,2026-10-02
ENG04378,STU04378,22.75,14,93.33,1,94.04,43,2026-10-02
ENG04379,STU04379,11.44,14,66.67,7,50.41,29,2026-10-02
ENG04380,STU04380,8.19,16,72.73,6,51.25,25,2026-10-02
ENG04381,STU04381,8.37,10,71.43,4,71.04,13,2026-10-02
ENG04382,STU04382,9.14,12,54.55,10,66.31,18,2026-10-02
ENG04383,STU04383,0,6,50.0,6,55.71,0,2026-10-02
ENG04384,STU04384,9.01,15,83.33,3,66.48,24,2026-10-02
ENG04385,STU04385,14.94,21,91.3,2,76.74,36,2026-10-02
ENG04386,STU04386,14.1,18,85.71,3,74.05,31,2026-10-02
ENG04387,STU04387,24.19,22,100.0,0,95.51,45,2026-10-02
ENG04388,STU04388,24.23,12,100.0,0,100.0,42,2026-10-02
ENG04389,STU04389,9.52,9,52.94,8,69.47,21,2026-10-02
ENG04390,STU04390,5.08,8,44.44,10,54.69,8,2026-10-02
ENG04391,STU04391,10.52,20,95.24,1,75.64,29,2026-10-02
ENG04392,STU04392,12.32,13,68.42,6,47.05,25,2026-10-02
ENG04393,STU04393,4.11,13,65.0,7,56.29,11,2026-10-02
ENG04394,STU04394,9.9,10,71.43,4,86.75,13,2026-10-02
ENG04395,STU04395,7.59,10,62.5,6,52.18,13,2026-10-02
ENG04396,STU04396,0,9,45.0,11,30.49,6,2026-10-02
ENG04397,STU04397,8.02,9,47.37,10,61.47,19,2026-10-02
ENG04398,STU04398,12.31,22,100.0,0,79.21,28,2026-10-02
ENG04399,STU04399,0.84,9,47.37,10,55.82,8,2026-10-02
ENG04400,STU04400,0,8,33.33,16,29.4,8,2026-10-02
ENG04401,STU04401,5.04,10,76.92,3,45.66,24,2026-10-02
ENG04402,STU04402,0.88,8,34.78,15,41.06,6,2026-10-02
ENG04403,STU04403,7.27,9,60.0,6,71.24,11,2026-10-02
ENG04404,STU04404,7.16,14,60.87,9,61.31,4,2026-10-02
ENG04405,STU04405,3.75,7,58.33,5,51.38,7,2026-10-02
ENG04406,STU04406,12.91,17,94.44,1,87.21,25,2026-10-02
ENG04407,STU04407,0,11,68.75,5,42.58,4,2026-10-02
ENG04408,STU04408,13.37,14,70.0,6,56.82,31,2026-10-02
ENG04409,STU04409,16.5,18,90.0,2,77.56,32,2026-10-02
ENG04410,STU04410,0,11,50.0,11,53.44,4,2026-10-02
ENG04411,STU04411,5.19,11,78.57,3,59.55,10,2026-10-02
ENG04412,STU04412,3.9,12,75.0,4,66.3,9,2026-10-02
ENG04413,STU04413,8.57,9,45.0,11,48.02,18,2026-10-02
ENG04414,STU04414,12.27,13,81.25,3,64.43,32,2026-10-02
ENG04415,STU04415,6.51,8,66.67,4,50.48,25,2026-10-02
ENG04416,STU04416,7.41,11,57.89,8,70.76,9,2026-10-02
ENG04417,STU04417,7.21,12,60.0,8,74.37,14,2026-10-02
ENG04418,STU04418,3.76,19,79.17,5,56.94,16,2026-10-02
ENG04419,STU04419,19.37,21,87.5,3,74.3,42,2026-10-02
ENG04420,STU04420,11.65,8,66.67,4,47.96,18,2026-10-02
ENG04421,STU04421,8.45,15,62.5,9,56.39,20,2026-10-02
ENG04422,STU04422,11.23,15,78.95,4,65.87,32,2026-10-02
ENG04423,STU04423,0,10,52.63,9,59.1,9,2026-10-02
ENG04424,STU04424,4.93,9,40.91,13,36.16,13,2026-10-02
ENG04425,STU04425,9.5,11,84.62,2,59.92,29,2026-10-02
ENG04426,STU04426,6.99,11,55.0,9,47.47,15,2026-10-02
ENG04427,STU04427,5.29,7,50.0,7,66.24,11,2026-10-02
ENG04428,STU04428,4.1,16,88.89,2,60.61,17,2026-10-02
ENG04429,STU04429,13.74,12,92.31,1,76.24,27,2026-10-02
ENG04430,STU04430,12.9,12,75.0,4,65.38,11,2026-10-02
ENG04431,STU04431,4.76,17,100.0,0,58.13,16,2026-10-02
ENG04432,STU04432,6.02,9,69.23,4,46.41,12,2026-10-02
ENG04433,STU04433,11.58,13,81.25,3,83.61,28,2026-10-02
ENG04434,STU04434,11.29,11,84.62,2,69.69,26,2026-10-02
ENG04435,STU04435,7.22,15,78.95,4,65.23,21,2026-10-02
ENG04436,STU04436,4.9,11,55.0,9,56.46,23,2026-10-02
ENG04437,STU04437,13.21,15,68.18,7,60.12,24,2026-10-02
ENG04438,STU04438,7.42,11,64.71,6,59.23,10,2026-10-02
ENG04439,STU04439,4.21,12,63.16,7,64.07,14,2026-10-02
ENG04440,STU04440,7.91,10,66.67,5,68.82,17,2026-10-02
ENG04441,STU04441,7.54,15,75.0,5,61.08,11,2026-10-02
ENG04442,STU04442,12.79,16,72.73,6,69.06,25,2026-10-02
ENG04443,STU04443,8.65,14,60.87,9,79.96,22,2026-10-02
ENG04444,STU04444,0,5,35.71,9,24.77,7,2026-10-02
ENG04445,STU04445,6.92,12,92.31,1,58.34,23,2026-10-02
ENG04446,STU04446,11.3,16,88.89,2,74.19,27,2026-10-02
ENG04447,STU04447,0.71,5,33.33,10,41.36,0,2026-10-02
ENG04448,STU04448,10.2,10,66.67,5,73.42,22,2026-10-02
ENG04449,STU04449,7.91,11,52.38,10,44.07,15,2026-10-02
ENG04450,STU04450,10.61,13,72.22,5,80.98,14,2026-10-02
ENG04451,STU04451,4.14,9,50.0,9,64.92,8,2026-10-02
ENG04452,STU04452,4.98,7,46.67,8,52.37,0,2026-10-02
ENG04453,STU04453,2.23,9,52.94,8,48.76,1,2026-10-02
ENG04454,STU04454,6.56,11,68.75,5,51.49,23,2026-10-02
ENG04455,STU04455,8.32,17,77.27,5,71.31,20,2026-10-02
ENG04456,STU04456,9.41,12,60.0,8,45.02,24,2026-10-02
ENG04457,STU04457,15.28,8,66.67,4,88.23,38,2026-10-02
ENG04458,STU04458,8.67,17,70.83,7,60.89,17,2026-10-02
ENG04459,STU04459,15.38,7,58.33,5,74.98,32,2026-10-02
ENG04460,STU04460,0,9,47.37,10,45.66,10,2026-10-02
ENG04461,STU04461,0,6,46.15,7,42.99,0,2026-10-02
ENG04462,STU04462,8.73,16,84.21,3,82.19,20,2026-10-02
ENG04463,STU04463,6.04,9,47.37,10,36.44,10,2026-10-02
ENG04464,STU04464,7.02,7,31.82,15,59.61,16,2026-10-02
ENG04465,STU04465,0.65,12,63.16,7,43.16,11,2026-10-02
ENG04466,STU04466,6.87,12,63.16,7,55.76,16,2026-10-02
ENG04467,STU04467,1.86,8,50.0,8,53.69,19,2026-10-02
ENG04468,STU04468,6.55,19,79.17,5,65.87,14,2026-10-02
ENG04469,STU04469,15.51,17,73.91,6,73.82,31,2026-10-02
ENG04470,STU04470,7.04,12,70.59,5,36.94,21,2026-10-02
ENG04471,STU04471,12.61,13,56.52,10,60.91,25,2026-10-02
ENG04472,STU04472,5.68,11,73.33,4,59.94,19,2026-10-02
ENG04473,STU04473,12.99,11,84.62,2,80.81,38,2026-10-02
ENG04474,STU04474,9.43,12,80.0,3,69.95,31,2026-10-02
ENG04475,STU04475,12.91,17,100.0,0,73.38,31,2026-10-02
ENG04476,STU04476,4.38,7,38.89,11,54.41,13,2026-10-02
ENG04477,STU04477,8.18,11,68.75,5,46.37,22,2026-10-02
ENG04478,STU04478,6.77,12,60.0,8,56.6,18,2026-10-02
ENG04479,STU04479,16.03,11,91.67,1,93.94,39,2026-10-02
ENG04480,STU04480,2.89,8,40.0,12,52.28,3,2026-10-02
ENG04481,STU04481,12.16,11,78.57,3,68.11,29,2026-10-02
ENG04482,STU04482,0,3,25.0,9,43.03,8,2026-10-02
ENG04483,STU04483,1.55,10,41.67,14,35.17,6,2026-10-02
ENG04484,STU04484,10.31,14,63.64,8,60.47,22,2026-10-02
ENG04485,STU04485,0,7,43.75,9,35.42,2,2026-10-02
ENG04486,STU04486,12.02,16,72.73,6,61.36,28,2026-10-02
ENG04487,STU04487,9.27,11,73.33,4,66.43,28,2026-10-02
ENG04488,STU04488,5.0,10,62.5,6,65.48,11,2026-10-02
ENG04489,STU04489,5.8,10,52.63,9,38.7,12,2026-10-02
ENG04490,STU04490,19.46,12,85.71,2,64.68,28,2026-10-02
ENG04491,STU04491,0,8,44.44,10,42.53,10,2026-10-02
ENG04492,STU04492,7.37,8,66.67,4,53.37,10,2026-10-02
ENG04493,STU04493,2.64,8,44.44,10,31.76,14,2026-10-02
ENG04494,STU04494,5.47,8,57.14,6,34.85,13,2026-10-02
ENG04495,STU04495,2.05,10,50.0,10,42.91,6,2026-10-02
ENG04496,STU04496,2.38,14,63.64,8,46.41,3,2026-10-02
ENG04497,STU04497,6.17,11,64.71,6,73.53,15,2026-10-02
ENG04498,STU04498,0,9,60.0,6,53.86,11,2026-10-02
ENG04499,STU04499,14.91,12,75.0,4,79.96,26,2026-10-02
ENG04500,STU04500,3.97,11,78.57,3,53.85,21,2026-10-02
ENG04501,STU04501,5.74,12,80.0,3,74.33,11,2026-10-02
ENG04502,STU04502,0,7,33.33,14,32.16,14,2026-10-02
ENG04503,STU04503,18.73,12,75.0,4,95.68,36,2026-10-02
ENG04504,STU04504,4.35,9,69.23,4,68.27,21,2026-10-02
ENG04505,STU04505,3.79,11,91.67,1,52.42,12,2026-10-02
ENG04506,STU04506,11.91,14,66.67,7,75.02,29,2026-10-02
ENG04507,STU04507,11.19,13,81.25,3,86.86,27,2026-10-02
ENG04508,STU04508,10.6,11,64.71,6,57.97,30,2026-10-02
ENG04509,STU04509,11.58,12,70.59,5,71.94,21,2026-10-02
ENG04510,STU04510,10.16,16,76.19,5,65.89,24,2026-10-02
ENG04511,STU04511,5.81,7,58.33,5,54.41,23,2026-10-02
ENG04512,STU04512,12.89,12,80.0,3,62.33,25,2026-10-02
ENG04513,STU04513,9.3,14,73.68,5,65.77,18,2026-10-02
ENG04514,STU04514,3.29,7,58.33,5,63.3,17,2026-10-02
ENG04515,STU04515,3.22,10,58.82,7,39.77,9,2026-10-02
ENG04516,STU04516,5.48,12,66.67,6,69.42,12,2026-10-02
ENG04517,STU04517,0.08,11,68.75,5,55.06,4,2026-10-02
ENG04518,STU04518,9.33,9,64.29,5,67.02,18,2026-10-02
ENG04519,STU04519,4.96,13,65.0,7,47.59,16,2026-10-02
ENG04520,STU04520,20.22,16,100.0,0,87.57,38,2026-10-02
ENG04521,STU04521,19.73,19,100.0,0,91.54,38,2026-10-02
ENG04522,STU04522,13.92,17,73.91,6,67.69,21,2026-10-02
ENG04523,STU04523,18.24,11,73.33,4,82.57,33,2026-10-02
ENG04524,STU04524,12.7,12,75.0,4,73.05,23,2026-10-02
ENG04525,STU04525,0,9,52.94,8,33.72,7,2026-10-02
ENG04526,STU04526,1.19,11,61.11,7,45.67,11,2026-10-02
ENG04527,STU04527,4.41,10,66.67,5,45.07,9,2026-10-02
ENG04528,STU04528,10.53,22,100.0,0,82.82,34,2026-10-02
ENG04529,STU04529,12.33,14,82.35,3,73.68,21,2026-10-02
ENG04530,STU04530,8.04,12,80.0,3,55.77,21,2026-10-02
ENG04531,STU04531,6.83,8,57.14,6,55.5,15,2026-10-02
ENG04532,STU04532,8.58,19,82.61,4,76.95,13,2026-10-02
ENG04533,STU04533,15.14,13,76.47,4,68.3,26,2026-10-02
ENG04534,STU04534,0,8,57.14,6,32.52,4,2026-10-02
ENG04535,STU04535,8.38,11,61.11,7,49.52,24,2026-10-02
ENG04536,STU04536,4.21,12,70.59,5,51.02,24,2026-10-02
ENG04537,STU04537,10.15,13,61.9,8,63.8,23,2026-10-02
ENG04538,STU04538,10.36,13,68.42,6,60.98,20,2026-10-02
ENG04539,STU04539,23.87,24,100.0,0,86.56,43,2026-10-02
ENG04540,STU04540,0.77,8,66.67,4,52.18,9,2026-10-02
ENG04541,STU04541,6.72,17,73.91,6,65.53,23,2026-10-02
ENG04542,STU04542,9.52,10,71.43,4,58.32,21,2026-10-02
ENG04543,STU04543,8.7,16,76.19,5,69.03,25,2026-10-02
ENG04544,STU04544,4.05,17,77.27,5,56.58,18,2026-10-02
ENG04545,STU04545,4.92,9,39.13,14,32.97,6,2026-10-02
ENG04546,STU04546,4.34,13,61.9,8,66.61,14,2026-10-02
ENG04547,STU04547,8.38,8,66.67,4,66.37,12,2026-10-02
ENG04548,STU04548,8.87,13,68.42,6,51.9,21,2026-10-02
ENG04549,STU04549,7.71,13,92.86,1,55.85,17,2026-10-02
ENG04550,STU04550,1.67,8,44.44,10,55.62,6,2026-10-02
ENG04551,STU04551,8.87,15,83.33,3,69.34,24,2026-10-02
ENG04552,STU04552,6.42,17,70.83,7,64.96,15,2026-10-02
ENG04553,STU04553,3.52,11,61.11,7,49.84,8,2026-10-02
ENG04554,STU04554,13.75,15,88.24,2,77.89,33,2026-10-02
ENG04555,STU04555,13.66,15,71.43,6,60.66,27,2026-10-02
ENG04556,STU04556,5.15,9,60.0,6,53.49,10,2026-10-02
ENG04557,STU04557,14.03,15,71.43,6,65.27,26,2026-10-02
ENG04558,STU04558,8.16,15,83.33,3,57.73,23,2026-10-02
ENG04559,STU04559,11.89,19,82.61,4,58.54,22,2026-10-02
ENG04560,STU04560,8.11,10,66.67,5,54.46,17,2026-10-02
ENG04561,STU04561,8.46,12,80.0,3,74.85,27,2026-10-02
ENG04562,STU04562,10.84,13,81.25,3,72.45,31,2026-10-02
ENG04563,STU04563,18.66,17,89.47,2,74.96,40,2026-10-02
ENG04564,STU04564,5.86,11,68.75,5,54.02,13,2026-10-02
ENG04565,STU04565,7.76,13,86.67,2,75.66,19,2026-10-02
ENG04566,STU04566,15.16,15,75.0,5,71.97,28,2026-10-02
ENG04567,STU04567,11.31,12,75.0,4,52.75,28,2026-10-02
ENG04568,STU04568,0,8,42.11,11,30.45,4,2026-10-02
ENG04569,STU04569,0.36,13,65.0,7,37.65,12,2026-10-02
ENG04570,STU04570,0,7,38.89,11,50.42,15,2026-10-02
ENG04571,STU04571,3.19,9,64.29,5,39.55,11,2026-10-02
ENG04572,STU04572,7.94,8,61.54,5,53.85,15,2026-10-02
ENG04573,STU04573,6.58,15,75.0,5,71.48,13,2026-10-02
ENG04574,STU04574,4.79,11,57.89,8,48.16,19,2026-10-02
ENG04575,STU04575,4.06,12,54.55,10,32.46,0,2026-10-02
ENG04576,STU04576,14.99,11,78.57,3,80.03,25,2026-10-02
ENG04577,STU04577,6.12,10,55.56,8,48.87,10,2026-10-02
ENG04578,STU04578,5.2,17,73.91,6,55.25,8,2026-10-02
ENG04579,STU04579,8.62,8,61.54,5,60.39,16,2026-10-02
ENG04580,STU04580,8.33,13,65.0,7,59.13,16,2026-10-02
ENG04581,STU04581,5.22,12,66.67,6,69.53,13,2026-10-02
ENG04582,STU04582,8.38,12,63.16,7,58.22,15,2026-10-02
ENG04583,STU04583,12.18,14,82.35,3,53.35,19,2026-10-02
ENG04584,STU04584,6.74,11,55.0,9,59.98,7,2026-10-02
ENG04585,STU04585,10.01,15,68.18,7,63.45,26,2026-10-02
ENG04586,STU04586,6.63,13,81.25,3,53.35,22,2026-10-02
ENG04587,STU04587,0,10,62.5,6,47.11,4,2026-10-02
ENG04588,STU04588,3.81,15,62.5,9,49.56,9,2026-10-02
ENG04589,STU04589,4.99,12,52.17,11,53.51,19,2026-10-02
ENG04590,STU04590,8.52,8,61.54,5,56.62,19,2026-10-02
ENG04591,STU04591,2.17,8,44.44,10,42.06,8,2026-10-02
ENG04592,STU04592,4.29,8,61.54,5,44.67,18,2026-10-02
ENG04593,STU04593,2.81,11,61.11,7,64.69,10,2026-10-02
ENG04594,STU04594,10.31,10,83.33,2,76.26,20,2026-10-02
ENG04595,STU04595,14.33,14,77.78,4,63.8,26,2026-10-02
ENG04596,STU04596,5.89,12,60.0,8,44.08,15,2026-10-02
ENG04597,STU04597,20.89,12,100.0,0,87.99,44,2026-10-02
ENG04598,STU04598,3.76,10,58.82,7,51.13,21,2026-10-02
ENG04599,STU04599,13.31,12,66.67,6,59.0,27,2026-10-02
ENG04600,STU04600,6.87,13,68.42,6,67.33,25,2026-10-02
ENG04601,STU04601,5.56,9,60.0,6,61.7,12,2026-10-02
ENG04602,STU04602,1.33,12,75.0,4,59.77,6,2026-10-02
ENG04603,STU04603,12.27,17,85.0,3,79.5,29,2026-10-02
ENG04604,STU04604,4.06,10,43.48,13,44.76,18,2026-10-02
ENG04605,STU04605,9.96,15,65.22,8,66.42,24,2026-10-02
ENG04606,STU04606,8.06,9,64.29,5,35.27,24,2026-10-02
ENG04607,STU04607,0.83,12,54.55,10,39.86,2,2026-10-02
ENG04608,STU04608,12.68,11,91.67,1,81.83,36,2026-10-02
ENG04609,STU04609,9.41,8,53.33,7,65.99,22,2026-10-02
ENG04610,STU04610,8.92,6,42.86,8,81.33,23,2026-10-02
ENG04611,STU04611,0,7,53.85,6,39.74,6,2026-10-02
ENG04612,STU04612,11.99,9,69.23,4,75.26,31,2026-10-02
ENG04613,STU04613,9.67,15,78.95,4,63.51,27,2026-10-02
ENG04614,STU04614,4.45,7,53.85,6,50.93,9,2026-10-02
ENG04615,STU04615,11.88,18,81.82,4,81.94,27,2026-10-02
ENG04616,STU04616,12.5,12,57.14,9,64.12,22,2026-10-02
ENG04617,STU04617,7.38,11,64.71,6,49.47,6,2026-10-02
ENG04618,STU04618,5.35,15,78.95,4,59.86,14,2026-10-02
ENG04619,STU04619,0,8,50.0,8,30.83,2,2026-10-02
ENG04620,STU04620,11.41,11,73.33,4,83.47,16,2026-10-02
ENG04621,STU04621,2.84,12,63.16,7,35.22,7,2026-10-02
ENG04622,STU04622,12.94,18,75.0,6,68.21,27,2026-10-02
ENG04623,STU04623,7.12,6,46.15,7,43.05,13,2026-10-02
ENG04624,STU04624,0,15,75.0,5,56.5,10,2026-10-02
ENG04625,STU04625,6.2,9,52.94,8,58.42,13,2026-10-02
ENG04626,STU04626,12.01,15,83.33,3,55.08,22,2026-10-02
ENG04627,STU04627,16.74,14,77.78,4,78.7,42,2026-10-02
ENG04628,STU04628,6.23,10,76.92,3,65.12,16,2026-10-02
ENG04629,STU04629,21.66,13,92.86,1,56.67,39,2026-10-02
ENG04630,STU04630,7.3,10,52.63,9,48.89,16,2026-10-02
ENG04631,STU04631,0,9,50.0,9,53.84,9,2026-10-02
ENG04632,STU04632,9.12,9,52.94,8,67.96,27,2026-10-02
ENG04633,STU04633,6.51,9,60.0,6,62.11,17,2026-10-02
ENG04634,STU04634,7.15,16,69.57,7,61.13,21,2026-10-02
ENG04635,STU04635,7.08,11,64.71,6,60.79,14,2026-10-02
ENG04636,STU04636,11.44,11,68.75,5,82.42,23,2026-10-02
ENG04637,STU04637,0,12,50.0,12,27.06,4,2026-10-02
ENG04638,STU04638,3.94,9,69.23,4,67.85,11,2026-10-02
ENG04639,STU04639,6.24,14,60.87,9,52.75,22,2026-10-02
ENG04640,STU04640,3.84,12,50.0,12,45.79,11,2026-10-02
ENG04641,STU04641,8.14,12,70.59,5,68.99,16,2026-10-02
ENG04642,STU04642,17.61,19,95.0,1,82.9,37,2026-10-02
ENG04643,STU04643,9.88,14,70.0,6,69.79,23,2026-10-02
ENG04644,STU04644,5.94,11,57.89,8,65.98,7,2026-10-02
ENG04645,STU04645,9.49,10,66.67,5,48.69,20,2026-10-02
ENG04646,STU04646,7.11,16,66.67,8,50.36,14,2026-10-02
ENG04647,STU04647,12.54,17,77.27,5,86.0,33,2026-10-02
ENG04648,STU04648,3.04,14,70.0,6,49.86,11,2026-10-02
ENG04649,STU04649,2.8,9,42.86,12,53.48,11,2026-10-02
ENG04650,STU04650,4.82,10,47.62,11,45.4,15,2026-10-02
ENG04651,STU04651,9.35,9,56.25,7,45.61,22,2026-10-02
ENG04652,STU04652,1.09,5,38.46,8,37.58,8,2026-10-02
ENG04653,STU04653,0,5,35.71,9,31.71,14,2026-10-02
ENG04654,STU04654,9.73,12,66.67,6,66.72,32,2026-10-02
ENG04655,STU04655,1.98,8,57.14,6,53.68,14,2026-10-02
ENG04656,STU04656,14.14,10,71.43,4,50.97,28,2026-10-02
ENG04657,STU04657,15.26,11,91.67,1,92.24,32,2026-10-02
ENG04658,STU04658,13.54,16,84.21,3,80.62,43,2026-10-02
ENG04659,STU04659,11.86,12,75.0,4,74.48,31,2026-10-02
ENG04660,STU04660,15.96,15,78.95,4,54.91,37,2026-10-02
ENG04661,STU04661,6.83,11,61.11,7,61.84,11,2026-10-02
ENG04662,STU04662,17.25,17,94.44,1,85.39,34,2026-10-02
ENG04663,STU04663,6.97,15,68.18,7,64.15,17,2026-10-02
ENG04664,STU04664,10.27,9,69.23,4,65.0,23,2026-10-02
ENG04665,STU04665,3.85,12,66.67,6,55.87,9,2026-10-02
ENG04666,STU04666,1.98,12,63.16,7,45.4,18,2026-10-02
ENG04667,STU04667,15.31,17,80.95,4,63.1,30,2026-10-02
ENG04668,STU04668,8.57,9,75.0,3,70.74,22,2026-10-02
ENG04669,STU04669,1.1,12,57.14,9,63.12,2,2026-10-02
ENG04670,STU04670,10.48,14,77.78,4,70.5,19,2026-10-02
ENG04671,STU04671,13.26,13,68.42,6,82.88,29,2026-10-02
ENG04672,STU04672,3.35,12,63.16,7,55.87,3,2026-10-02
ENG04673,STU04673,12.31,12,63.16,7,65.34,31,2026-10-02
ENG04674,STU04674,6.18,12,60.0,8,45.87,12,2026-10-02
ENG04675,STU04675,18.96,10,76.92,3,78.46,40,2026-10-02
ENG04676,STU04676,7.31,8,66.67,4,55.2,17,2026-10-02
ENG04677,STU04677,9.34,10,71.43,4,55.02,29,2026-10-02
ENG04678,STU04678,0,5,38.46,8,48.63,14,2026-10-02
ENG04679,STU04679,11.85,21,95.45,1,82.14,21,2026-10-02
ENG04680,STU04680,9.16,9,75.0,3,63.38,24,2026-10-02
ENG04681,STU04681,8.14,16,66.67,8,29.15,25,2026-10-02
ENG04682,STU04682,2.58,10,41.67,14,60.94,10,2026-10-02
ENG04683,STU04683,8.64,16,76.19,5,65.72,16,2026-10-02
ENG04684,STU04684,18.59,10,71.43,4,80.67,31,2026-10-02
ENG04685,STU04685,9.15,12,70.59,5,52.71,26,2026-10-02
ENG04686,STU04686,5.84,19,95.0,1,79.66,27,2026-10-02
ENG04687,STU04687,10.76,17,85.0,3,76.02,21,2026-10-02
ENG04688,STU04688,0,12,57.14,9,50.67,1,2026-10-02
ENG04689,STU04689,22.82,21,100.0,0,91.08,46,2026-10-02
ENG04690,STU04690,5.48,14,87.5,2,65.05,15,2026-10-02
ENG04691,STU04691,18.37,12,75.0,4,73.05,32,2026-10-02
ENG04692,STU04692,12.48,19,79.17,5,66.09,31,2026-10-02
ENG04693,STU04693,7.14,7,58.33,5,57.23,25,2026-10-02
ENG04694,STU04694,5.75,7,58.33,5,63.34,10,2026-10-02
ENG04695,STU04695,20.62,14,100.0,0,76.65,40,2026-10-02
ENG04696,STU04696,2.85,14,82.35,3,51.88,10,2026-10-02
ENG04697,STU04697,7.84,18,78.26,5,71.29,27,2026-10-02
ENG04698,STU04698,0,9,47.37,10,43.76,0,2026-10-02
ENG04699,STU04699,9.92,13,81.25,3,94.16,23,2026-10-02
ENG04700,STU04700,13.46,17,89.47,2,81.6,31,2026-10-02
ENG04701,STU04701,0,7,35.0,13,50.69,8,2026-10-02
ENG04702,STU04702,1.34,6,50.0,6,44.06,4,2026-10-02
ENG04703,STU04703,9.96,10,76.92,3,64.5,18,2026-10-02
ENG04704,STU04704,19.21,11,84.62,2,70.11,41,2026-10-02
ENG04705,STU04705,14.9,11,78.57,3,79.63,28,2026-10-02
ENG04706,STU04706,5.8,17,70.83,7,50.04,20,2026-10-02
ENG04707,STU04707,13.47,11,73.33,4,51.5,28,2026-10-02
ENG04708,STU04708,7.99,12,63.16,7,73.01,27,2026-10-02
ENG04709,STU04709,3.65,10,76.92,3,60.32,10,2026-10-02
ENG04710,STU04710,9.04,8,57.14,6,65.36,25,2026-10-02
ENG04711,STU04711,4.96,8,61.54,5,40.16,14,2026-10-02
ENG04712,STU04712,8.07,10,71.43,4,50.27,8,2026-10-02
ENG04713,STU04713,17.53,19,79.17,5,85.2,35,2026-10-02
ENG04714,STU04714,2.69,6,40.0,9,37.75,7,2026-10-02
ENG04715,STU04715,6.08,16,69.57,7,73.7,12,2026-10-02
ENG04716,STU04716,13.69,17,73.91,6,67.37,32,2026-10-02
ENG04717,STU04717,8.93,15,62.5,9,69.35,12,2026-10-02
ENG04718,STU04718,1.24,14,58.33,10,45.33,5,2026-10-02
ENG04719,STU04719,14.1,18,81.82,4,86.4,35,2026-10-02
ENG04720,STU04720,4.21,15,71.43,6,64.05,18,2026-10-02
ENG04721,STU04721,11.22,17,77.27,5,68.16,27,2026-10-02
ENG04722,STU04722,16.6,16,84.21,3,77.37,29,2026-10-02
ENG04723,STU04723,5.74,15,62.5,9,44.99,20,2026-10-02
ENG04724,STU04724,11.71,8,66.67,4,65.24,22,2026-10-02
ENG04725,STU04725,0.66,9,60.0,6,40.47,7,2026-10-02
ENG04726,STU04726,0.4,12,54.55,10,46.49,12,2026-10-02
ENG04727,STU04727,6.5,11,50.0,11,71.59,11,2026-10-02
ENG04728,STU04728,18.08,17,100.0,0,90.24,37,2026-10-02
ENG04729,STU04729,4.53,12,54.55,10,72.08,27,2026-10-02
ENG04730,STU04730,13.3,18,100.0,0,76.72,33,2026-10-02
ENG04731,STU04731,11.53,15,68.18,7,64.9,24,2026-10-02
ENG04732,STU04732,12.09,11,68.75,5,59.99,24,2026-10-02
ENG04733,STU04733,1.21,6,50.0,6,59.34,7,2026-10-02
ENG04734,STU04734,4.6,7,53.85,6,51.27,16,2026-10-02
ENG04735,STU04735,2.08,7,58.33,5,61.05,12,2026-10-02
ENG04736,STU04736,0.04,10,62.5,6,47.76,3,2026-10-02
ENG04737,STU04737,5.46,12,57.14,9,42.36,7,2026-10-02
ENG04738,STU04738,0,13,56.52,10,66.19,11,2026-10-02
ENG04739,STU04739,17.35,21,91.3,2,89.1,29,2026-10-02
ENG04740,STU04740,9.37,13,68.42,6,41.52,18,2026-10-02
ENG04741,STU04741,4.14,9,64.29,5,63.84,7,2026-10-02
ENG04742,STU04742,7.91,9,60.0,6,42.43,30,2026-10-02
ENG04743,STU04743,0.52,9,60.0,6,54.85,4,2026-10-02
ENG04744,STU04744,7.11,8,61.54,5,60.46,19,2026-10-02
ENG04745,STU04745,2.17,8,47.06,9,30.72,6,2026-10-02
ENG04746,STU04746,16.22,22,100.0,0,92.76,37,2026-10-02
ENG04747,STU04747,15.28,11,64.71,6,63.27,31,2026-10-02
ENG04748,STU04748,11.56,17,89.47,2,74.5,27,2026-10-02
ENG04749,STU04749,12.5,16,80.0,4,52.94,24,2026-10-02
ENG04750,STU04750,0,7,50.0,7,53.01,7,2026-10-02
ENG04751,STU04751,0,9,40.91,13,53.79,4,2026-10-02
ENG04752,STU04752,5.57,9,52.94,8,59.74,14,2026-10-02
ENG04753,STU04753,16.45,13,76.47,4,67.65,40,2026-10-02
ENG04754,STU04754,4.05,13,59.09,9,56.32,3,2026-10-02
ENG04755,STU04755,12.16,11,84.62,2,75.67,22,2026-10-02
ENG04756,STU04756,5.17,9,69.23,4,59.41,22,2026-10-02
ENG04757,STU04757,10.84,9,75.0,3,74.93,11,2026-10-02
ENG04758,STU04758,10.02,9,69.23,4,64.39,23,2026-10-02
ENG04759,STU04759,0,14,63.64,8,46.55,13,2026-10-02
ENG04760,STU04760,4.3,18,90.0,2,64.98,15,2026-10-02
ENG04761,STU04761,6.34,15,83.33,3,67.92,5,2026-10-02
ENG04762,STU04762,11.11,9,69.23,4,63.2,18,2026-10-02
ENG04763,STU04763,19.91,20,95.24,1,87.26,40,2026-10-02
ENG04764,STU04764,0,6,46.15,7,28.45,8,2026-10-02
ENG04765,STU04765,13.47,21,100.0,0,82.46,22,2026-10-02
ENG04766,STU04766,14.37,9,60.0,6,68.78,36,2026-10-02
ENG04767,STU04767,5.71,14,70.0,6,63.4,25,2026-10-02
ENG04768,STU04768,14.81,14,66.67,7,51.84,27,2026-10-02
ENG04769,STU04769,2.94,12,52.17,11,46.37,8,2026-10-02
ENG04770,STU04770,7.5,11,73.33,4,53.12,9,2026-10-02
ENG04771,STU04771,0,8,50.0,8,52.01,5,2026-10-02
ENG04772,STU04772,10.04,17,94.44,1,66.66,28,2026-10-02
ENG04773,STU04773,8.56,12,85.71,2,54.25,23,2026-10-02
ENG04774,STU04774,6.85,12,92.31,1,68.81,21,2026-10-02
ENG04775,STU04775,6.87,12,52.17,11,54.19,8,2026-10-02
ENG04776,STU04776,6.05,16,84.21,3,80.07,17,2026-10-02
ENG04777,STU04777,12.21,15,75.0,5,63.3,29,2026-10-02
ENG04778,STU04778,13.13,15,83.33,3,77.97,34,2026-10-02
ENG04779,STU04779,12.17,9,69.23,4,69.49,14,2026-10-02
ENG04780,STU04780,8.34,7,58.33,5,56.25,17,2026-10-02
ENG04781,STU04781,5.07,12,85.71,2,52.82,17,2026-10-02
ENG04782,STU04782,0,6,46.15,7,44.51,1,2026-10-02
ENG04783,STU04783,1.13,9,75.0,3,42.67,6,2026-10-02
ENG04784,STU04784,4.99,10,58.82,7,39.29,10,2026-10-02
ENG04785,STU04785,10.1,11,73.33,4,66.54,20,2026-10-02
ENG04786,STU04786,6.47,8,66.67,4,47.34,20,2026-10-02
ENG04787,STU04787,16.43,12,60.0,8,58.67,22,2026-10-02
ENG04788,STU04788,0,11,47.83,12,36.45,4,2026-10-02
ENG04789,STU04789,0,17,70.83,7,66.14,12,2026-10-02
ENG04790,STU04790,6.9,20,86.96,3,60.01,20,2026-10-02
ENG04791,STU04791,0,2,15.38,11,34.32,0,2026-10-02
ENG04792,STU04792,5.73,19,82.61,4,62.55,21,2026-10-02
ENG04793,STU04793,7.01,15,68.18,7,67.15,25,2026-10-02
ENG04794,STU04794,18.85,14,100.0,0,75.92,43,2026-10-02
ENG04795,STU04795,8.56,10,71.43,4,64.95,20,2026-10-02
ENG04796,STU04796,0,6,31.58,13,29.04,0,2026-10-02
ENG04797,STU04797,13.37,19,79.17,5,81.59,30,2026-10-02
ENG04798,STU04798,0,8,50.0,8,29.42,15,2026-10-02
ENG04799,STU04799,2.31,17,70.83,7,50.35,12,2026-10-02
ENG04800,STU04800,11.67,15,71.43,6,66.83,29,2026-10-02
ENG04801,STU04801,7.12,11,52.38,10,58.09,21,2026-10-02
ENG04802,STU04802,10.86,10,66.67,5,67.91,24,2026-10-02
ENG04803,STU04803,12.43,12,80.0,3,72.88,27,2026-10-02
ENG04804,STU04804,5.17,12,52.17,11,40.13,7,2026-10-02
ENG04805,STU04805,2.16,14,60.87,9,45.4,11,2026-10-02
ENG04806,STU04806,12.84,13,65.0,7,52.09,29,2026-10-02
ENG04807,STU04807,4.58,9,60.0,6,60.56,15,2026-10-02
ENG04808,STU04808,10.76,16,80.0,4,70.64,20,2026-10-02
ENG04809,STU04809,11.83,17,70.83,7,73.8,27,2026-10-02
ENG04810,STU04810,0,12,57.14,9,52.69,12,2026-10-02
ENG04811,STU04811,17.89,13,100.0,0,90.27,34,2026-10-02
ENG04812,STU04812,5.58,9,64.29,5,65.54,3,2026-10-02
ENG04813,STU04813,6.85,15,68.18,7,66.2,26,2026-10-02
ENG04814,STU04814,7.4,9,52.94,8,50.36,20,2026-10-02
ENG04815,STU04815,5.88,7,58.33,5,56.81,11,2026-10-02
ENG04816,STU04816,0.88,7,43.75,9,35.51,0,2026-10-02
ENG04817,STU04817,15.12,16,88.89,2,74.99,30,2026-10-02
ENG04818,STU04818,4.13,9,69.23,4,77.12,13,2026-10-02
ENG04819,STU04819,20.92,12,92.31,1,72.09,40,2026-10-02
ENG04820,STU04820,18.4,12,80.0,3,85.22,42,2026-10-02
ENG04821,STU04821,0,15,75.0,5,69.62,13,2026-10-02
ENG04822,STU04822,0,4,20.0,16,18.75,12,2026-10-02
ENG04823,STU04823,7.22,13,61.9,8,46.27,20,2026-10-02
ENG04824,STU04824,13.99,16,100.0,0,80.99,37,2026-10-02
ENG04825,STU04825,3.73,10,50.0,10,40.69,5,2026-10-02
ENG04826,STU04826,0,14,70.0,6,41.58,2,2026-10-02
ENG04827,STU04827,0.78,10,55.56,8,50.39,3,2026-10-02
ENG04828,STU04828,7.81,11,61.11,7,47.2,21,2026-10-02
ENG04829,STU04829,15.94,13,81.25,3,81.49,32,2026-10-02
ENG04830,STU04830,1.76,12,66.67,6,61.71,10,2026-10-02
ENG04831,STU04831,12.24,12,75.0,4,55.0,22,2026-10-02
ENG04832,STU04832,6.56,17,70.83,7,50.37,14,2026-10-02
ENG04833,STU04833,9.24,14,73.68,5,54.51,20,2026-10-02
ENG04834,STU04834,6.33,9,40.91,13,53.16,4,2026-10-02
ENG04835,STU04835,4.35,15,62.5,9,51.96,15,2026-10-02
ENG04836,STU04836,7.78,15,65.22,8,56.7,22,2026-10-02
ENG04837,STU04837,9.87,12,80.0,3,59.88,21,2026-10-02
ENG04838,STU04838,22.24,16,100.0,0,99.51,52,2026-10-02
ENG04839,STU04839,8.61,13,61.9,8,51.45,21,2026-10-02
ENG04840,STU04840,4.75,11,55.0,9,61.8,8,2026-10-02
ENG04841,STU04841,21.59,17,85.0,3,82.82,35,2026-10-02
ENG04842,STU04842,15.98,14,82.35,3,81.67,31,2026-10-02
ENG04843,STU04843,11.78,15,88.24,2,60.59,24,2026-10-02
ENG04844,STU04844,3.94,13,72.22,5,68.89,12,2026-10-02
ENG04845,STU04845,6.61,11,73.33,4,60.59,15,2026-10-02
ENG04846,STU04846,6.18,11,55.0,9,47.01,19,2026-10-02
ENG04847,STU04847,4.12,15,88.24,2,65.88,16,2026-10-02
ENG04848,STU04848,8.27,11,73.33,4,55.19,23,2026-10-02
ENG04849,STU04849,0,11,52.38,10,48.72,11,2026-10-02
ENG04850,STU04850,5.12,11,52.38,10,53.65,9,2026-10-02
ENG04851,STU04851,8.07,12,75.0,4,48.58,21,2026-10-02
ENG04852,STU04852,8.91,20,100.0,0,81.51,32,2026-10-02
ENG04853,STU04853,6.45,9,56.25,7,47.38,23,2026-10-02
ENG04854,STU04854,2.92,14,63.64,8,72.52,9,2026-10-02
ENG04855,STU04855,0,14,60.87,9,50.15,7,2026-10-02
ENG04856,STU04856,10.55,12,63.16,7,60.4,27,2026-10-02
ENG04857,STU04857,15.94,12,75.0,4,67.3,35,2026-10-02
ENG04858,STU04858,9.81,15,65.22,8,60.8,20,2026-10-02
ENG04859,STU04859,9.32,7,50.0,7,78.49,19,2026-10-02
ENG04860,STU04860,8.87,11,52.38,10,49.16,20,2026-10-02
ENG04861,STU04861,0.43,10,47.62,11,34.65,9,2026-10-02
ENG04862,STU04862,4.52,8,53.33,7,46.57,11,2026-10-02
ENG04863,STU04863,14.27,10,71.43,4,70.67,25,2026-10-02
ENG04864,STU04864,8.43,12,54.55,10,40.43,11,2026-10-02
ENG04865,STU04865,15.04,19,95.0,1,86.89,30,2026-10-02
ENG04866,STU04866,5.16,12,70.59,5,69.82,7,2026-10-02
ENG04867,STU04867,14.3,13,86.67,2,79.01,29,2026-10-02
ENG04868,STU04868,8.86,16,66.67,8,78.71,24,2026-10-02
ENG04869,STU04869,0,0,0.0,14,24.14,6,2026-10-02
ENG04870,STU04870,8.91,11,64.71,6,59.51,25,2026-10-02
ENG04871,STU04871,0.87,8,47.06,9,34.07,4,2026-10-02
ENG04872,STU04872,10.77,14,82.35,3,67.32,18,2026-10-02
ENG04873,STU04873,9.87,14,70.0,6,66.76,21,2026-10-02
ENG04874,STU04874,0,13,56.52,10,67.38,0,2026-10-02
ENG04875,STU04875,8.75,22,91.67,2,79.56,26,2026-10-02
ENG04876,STU04876,5.23,13,61.9,8,52.07,15,2026-10-02
ENG04877,STU04877,7.91,12,85.71,2,77.7,14,2026-10-02
ENG04878,STU04878,6.65,13,56.52,10,49.17,19,2026-10-02
ENG04879,STU04879,9.63,14,63.64,8,59.37,22,2026-10-02
ENG04880,STU04880,5.96,9,56.25,7,73.25,21,2026-10-02
ENG04881,STU04881,1.49,7,53.85,6,45.52,14,2026-10-02
ENG04882,STU04882,14.91,8,66.67,4,85.02,29,2026-10-02
ENG04883,STU04883,7.76,9,64.29,5,56.51,10,2026-10-02
ENG04884,STU04884,14.51,13,86.67,2,56.81,33,2026-10-02
ENG04885,STU04885,14.44,13,72.22,5,61.25,22,2026-10-02
ENG04886,STU04886,4.04,11,47.83,12,37.26,14,2026-10-02
ENG04887,STU04887,11.66,13,65.0,7,67.43,20,2026-10-02
ENG04888,STU04888,2.86,15,78.95,4,62.57,15,2026-10-02
ENG04889,STU04889,10.57,15,75.0,5,69.2,23,2026-10-02
ENG04890,STU04890,0.88,9,56.25,7,43.26,0,2026-10-02
ENG04891,STU04891,10.61,10,50.0,10,47.11,21,2026-10-02
ENG04892,STU04892,17.92,11,68.75,5,84.38,31,2026-10-02
ENG04893,STU04893,12.73,19,82.61,4,72.0,35,2026-10-02
ENG04894,STU04894,4.5,4,33.33,8,58.55,3,2026-10-02
ENG04895,STU04895,7.08,10,47.62,11,44.44,17,2026-10-02
ENG04896,STU04896,0.38,16,66.67,8,55.02,8,2026-10-02
ENG04897,STU04897,3.91,14,63.64,8,50.11,24,2026-10-02
ENG04898,STU04898,10.36,15,68.18,7,66.33,23,2026-10-02
ENG04899,STU04899,8.59,15,68.18,7,60.53,9,2026-10-02
ENG04900,STU04900,15.27,21,91.3,2,81.9,28,2026-10-02
ENG04901,STU04901,3.58,14,66.67,7,60.08,11,2026-10-02
ENG04902,STU04902,0,10,43.48,13,43.32,10,2026-10-02
ENG04903,STU04903,15.47,19,95.0,1,66.56,31,2026-10-02
ENG04904,STU04904,7.48,9,75.0,3,53.58,22,2026-10-02
ENG04905,STU04905,7.56,9,75.0,3,65.47,20,2026-10-02
ENG04906,STU04906,0,13,61.9,8,57.6,16,2026-10-02
ENG04907,STU04907,11.19,16,80.0,4,68.47,22,2026-10-02
ENG04908,STU04908,3.65,8,61.54,5,68.06,10,2026-10-02
ENG04909,STU04909,3.29,9,60.0,6,58.99,5,2026-10-02
ENG04910,STU04910,6.93,16,76.19,5,66.18,22,2026-10-02
ENG04911,STU04911,1.71,11,78.57,3,62.2,13,2026-10-02
ENG04912,STU04912,6.52,8,66.67,4,63.26,26,2026-10-02
ENG04913,STU04913,1.43,8,38.1,13,53.97,9,2026-10-02
ENG04914,STU04914,15.49,22,95.65,1,85.51,29,2026-10-02
ENG04915,STU04915,4.96,8,61.54,5,51.07,17,2026-10-02
ENG04916,STU04916,5.21,15,83.33,3,57.53,13,2026-10-02
ENG04917,STU04917,0.59,12,66.67,6,44.88,13,2026-10-02
ENG04918,STU04918,11.08,11,57.89,8,58.06,24,2026-10-02
ENG04919,STU04919,2.29,12,57.14,9,52.05,14,2026-10-02
ENG04920,STU04920,10.25,11,73.33,4,67.56,20,2026-10-02
ENG04921,STU04921,9.44,12,80.0,3,78.93,20,2026-10-02
ENG04922,STU04922,13.98,13,86.67,2,55.23,33,2026-10-02
ENG04923,STU04923,10.35,16,76.19,5,68.86,22,2026-10-02
ENG04924,STU04924,15.66,11,64.71,6,78.68,19,2026-10-02
ENG04925,STU04925,18.52,22,100.0,0,93.6,38,2026-10-02
ENG04926,STU04926,10.68,10,52.63,9,57.06,22,2026-10-02
ENG04927,STU04927,14.21,9,64.29,5,62.97,24,2026-10-02
ENG04928,STU04928,10.76,15,88.24,2,65.66,20,2026-10-02
ENG04929,STU04929,7.28,12,80.0,3,44.42,14,2026-10-02
ENG04930,STU04930,10.57,19,82.61,4,72.38,18,2026-10-02
ENG04931,STU04931,0,14,66.67,7,41.84,7,2026-10-02
ENG04932,STU04932,7.7,11,73.33,4,65.61,12,2026-10-02
ENG04933,STU04933,4.16,7,41.18,10,43.37,5,2026-10-02
ENG04934,STU04934,12.52,11,57.89,8,46.5,26,2026-10-02
ENG04935,STU04935,6.95,15,62.5,9,54.68,16,2026-10-02
ENG04936,STU04936,7.87,16,76.19,5,67.54,6,2026-10-02
ENG04937,STU04937,6.43,10,50.0,10,36.78,15,2026-10-02
ENG04938,STU04938,2.42,6,50.0,6,44.49,10,2026-10-02
ENG04939,STU04939,11.61,12,75.0,4,67.67,26,2026-10-02
ENG04940,STU04940,1.55,5,41.67,7,59.79,19,2026-10-02
ENG04941,STU04941,3.78,15,71.43,6,46.41,7,2026-10-02
ENG04942,STU04942,11.1,14,82.35,3,64.28,30,2026-10-02
ENG04943,STU04943,10.52,10,71.43,4,74.14,13,2026-10-02
ENG04944,STU04944,3.93,7,58.33,5,57.08,8,2026-10-02
ENG04945,STU04945,7.54,13,72.22,5,62.26,15,2026-10-02
ENG04946,STU04946,0,3,25.0,9,12.9,5,2026-10-02
ENG04947,STU04947,6.82,11,57.89,8,61.0,18,2026-10-02
ENG04948,STU04948,3.61,8,47.06,9,62.99,7,2026-10-02
ENG04949,STU04949,5.83,14,70.0,6,54.48,11,2026-10-02
ENG04950,STU04950,6.07,13,81.25,3,66.5,18,2026-10-02
ENG04951,STU04951,0,5,35.71,9,53.25,9,2026-10-02
ENG04952,STU04952,13.91,16,80.0,4,57.01,31,2026-10-02
ENG04953,STU04953,6.57,7,58.33,5,33.11,11,2026-10-02
ENG04954,STU04954,12.38,10,71.43,4,69.71,26,2026-10-02
ENG04955,STU04955,10.55,18,90.0,2,71.63,14,2026-10-02
ENG04956,STU04956,0,9,50.0,9,54.17,0,2026-10-02
ENG04957,STU04957,0,8,33.33,16,44.99,4,2026-10-02
ENG04958,STU04958,16.83,13,92.86,1,71.07,36,2026-10-02
ENG04959,STU04959,11.22,18,94.74,1,67.97,31,2026-10-02
ENG04960,STU04960,5.16,9,52.94,8,48.18,8,2026-10-02
ENG04961,STU04961,6.61,17,73.91,6,57.47,25,2026-10-02
ENG04962,STU04962,3.44,7,53.85,6,59.26,13,2026-10-02
ENG04963,STU04963,4.1,16,72.73,6,57.11,11,2026-10-02
ENG04964,STU04964,4.5,14,58.33,10,44.03,12,2026-10-02
ENG04965,STU04965,12.38,12,66.67,6,65.59,31,2026-10-02
ENG04966,STU04966,19.42,13,92.86,1,75.45,39,2026-10-02
ENG04967,STU04967,17.34,17,73.91,6,64.39,31,2026-10-02
ENG04968,STU04968,0,5,26.32,14,28.67,6,2026-10-02
ENG04969,STU04969,14.33,15,88.24,2,66.49,32,2026-10-02
ENG04970,STU04970,13.89,21,87.5,3,74.12,37,2026-10-02
ENG04971,STU04971,2.38,9,69.23,4,46.76,8,2026-10-02
ENG04972,STU04972,5.97,9,60.0,6,66.98,15,2026-10-02
ENG04973,STU04973,16.82,10,71.43,4,94.38,23,2026-10-02
ENG04974,STU04974,14.17,16,88.89,2,84.84,38,2026-10-02
ENG04975,STU04975,11.74,11,73.33,4,65.84,27,2026-10-02
ENG04976,STU04976,14.37,14,82.35,3,91.68,41,2026-10-02
ENG04977,STU04977,9.53,13,59.09,9,59.24,26,2026-10-02
ENG04978,STU04978,7.96,18,85.71,3,59.02,14,2026-10-02
ENG04979,STU04979,4.73,9,45.0,11,68.16,18,2026-10-02
ENG04980,STU04980,6.31,9,60.0,6,58.62,13,2026-10-02
ENG04981,STU04981,2.06,9,64.29,5,47.75,17,2026-10-02
ENG04982,STU04982,5.9,12,80.0,3,62.52,14,2026-10-02
ENG04983,STU04983,5.16,12,70.59,5,59.11,20,2026-10-02
ENG04984,STU04984,7.55,7,53.85,6,58.3,18,2026-10-02
ENG04985,STU04985,9.45,14,82.35,3,55.4,17,2026-10-02
ENG04986,STU04986,0.09,7,46.67,8,60.01,5,2026-10-02
ENG04987,STU04987,4.17,16,66.67,8,58.69,17,2026-10-02
ENG04988,STU04988,1.51,16,72.73,6,49.79,11,2026-10-02
ENG04989,STU04989,10.84,15,71.43,6,63.64,12,2026-10-02
ENG04990,STU04990,9.87,9,56.25,7,51.58,20,2026-10-02
ENG04991,STU04991,4.27,15,75.0,5,50.89,12,2026-10-02
ENG04992,STU04992,4.79,14,58.33,10,61.72,22,2026-10-02
ENG04993,STU04993,9.25,11,57.89,8,45.94,25,2026-10-02
ENG04994,STU04994,4.62,13,65.0,7,59.88,11,2026-10-02
ENG04995,STU04995,7.51,18,78.26,5,83.71,25,2026-10-02
ENG04996,STU04996,13.33,8,61.54,5,80.44,21,2026-10-02
ENG04997,STU04997,4.98,9,56.25,7,38.99,14,2026-10-02
ENG04998,STU04998,2.84,17,70.83,7,56.59,16,2026-10-02
ENG04999,STU04999,12.22,12,80.0,3,65.16,30,2026-10-02
ENG05000,STU05000,0,10,50.0,10,39.08,1,2026-10-02
ENG05001,STU05001,5.45,12,70.59,5,47.71,16,2026-10-02
ENG05002,STU05002,7.89,9,50.0,9,63.07,16,2026-10-02
ENG05003,STU05003,7.02,11,73.33,4,80.51,18,2026-10-02
ENG05004,STU05004,10.24,11,84.62,2,67.33,21,2026-10-02
ENG05005,STU05005,12.59,20,83.33,4,75.83,31,2026-10-02
ENG05006,STU05006,0,9,39.13,14,35.39,4,2026-10-02
ENG05007,STU05007,2.05,7,58.33,5,70.36,11,2026-10-02
ENG05008,STU05008,19.28,16,72.73,6,78.38,32,2026-10-02
ENG05009,STU05009,3.69,15,75.0,5,65.1,11,2026-10-02
ENG05010,STU05010,10.42,18,78.26,5,66.99,25,2026-10-02
ENG05011,STU05011,0,8,61.54,5,53.13,11,2026-10-02
ENG05012,STU05012,9.9,9,69.23,4,72.81,39,2026-10-02
ENG05013,STU05013,6.93,14,82.35,3,50.02,5,2026-10-02
ENG05014,STU05014,17.9,13,76.47,4,66.21,34,2026-10-02
ENG05015,STU05015,2.0,8,47.06,9,40.2,0,2026-10-02
ENG05016,STU05016,3.68,10,41.67,14,65.48,10,2026-10-02
ENG05017,STU05017,6.74,13,65.0,7,70.86,20,2026-10-02
ENG05018,STU05018,14.43,11,64.71,6,69.84,25,2026-10-02
ENG05019,STU05019,13.13,22,95.65,1,54.21,33,2026-10-02
ENG05020,STU05020,2.91,15,68.18,7,76.17,18,2026-10-02
ENG05021,STU05021,3.19,6,40.0,9,62.44,0,2026-10-02
ENG05022,STU05022,17.06,15,83.33,3,69.09,43,2026-10-02
ENG05023,STU05023,11.14,11,64.71,6,78.47,24,2026-10-02
ENG05024,STU05024,5.57,14,63.64,8,65.26,15,2026-10-02
ENG05025,STU05025,2.15,6,40.0,9,50.91,3,2026-10-02
ENG05026,STU05026,10.23,15,78.95,4,68.43,18,2026-10-02
ENG05027,STU05027,17.28,16,88.89,2,79.14,29,2026-10-02
ENG05028,STU05028,5.46,12,50.0,12,52.53,3,2026-10-02
ENG05029,STU05029,1.76,8,50.0,8,60.63,4,2026-10-02
ENG05030,STU05030,0,6,46.15,7,55.77,8,2026-10-02
ENG05031,STU05031,5.35,11,64.71,6,47.23,15,2026-10-02
ENG05032,STU05032,5.52,6,42.86,8,57.75,6,2026-10-02
ENG05033,STU05033,0.68,3,25.0,9,38.74,0,2026-10-02
ENG05034,STU05034,9.74,12,70.59,5,60.13,20,2026-10-02
ENG05035,STU05035,11.75,9,56.25,7,55.87,24,2026-10-02
ENG05036,STU05036,10.45,11,84.62,2,63.34,23,2026-10-02
ENG05037,STU05037,2.89,7,43.75,9,54.2,13,2026-10-02
ENG05038,STU05038,4.82,12,57.14,9,48.47,11,2026-10-02
ENG05039,STU05039,13.71,13,81.25,3,71.91,34,2026-10-02
ENG05040,STU05040,9.05,12,50.0,12,50.68,10,2026-10-02
ENG05041,STU05041,11.71,9,69.23,4,65.21,26,2026-10-02
ENG05042,STU05042,7.11,9,69.23,4,63.48,17,2026-10-02
ENG05043,STU05043,8.73,15,62.5,9,55.99,22,2026-10-02
ENG05044,STU05044,10.05,19,79.17,5,66.42,26,2026-10-02
ENG05045,STU05045,15.3,12,66.67,6,76.7,34,2026-10-02
ENG05046,STU05046,15.38,15,88.24,2,89.49,36,2026-10-02
ENG05047,STU05047,10.24,12,80.0,3,66.68,31,2026-10-02
ENG05048,STU05048,19.05,15,100.0,0,91.78,39,2026-10-02
ENG05049,STU05049,2.51,13,68.42,6,54.99,12,2026-10-02
ENG05050,STU05050,1.98,13,68.42,6,60.03,9,2026-10-02
ENG05051,STU05051,12.08,10,58.82,7,69.44,30,2026-10-02
ENG05052,STU05052,3.91,16,66.67,8,55.3,15,2026-10-02
ENG05053,STU05053,8.15,9,42.86,12,52.11,23,2026-10-02
ENG05054,STU05054,8.55,14,66.67,7,65.38,17,2026-10-02
ENG05055,STU05055,0,8,50.0,8,40.46,6,2026-10-02
ENG05056,STU05056,12.79,13,76.47,4,78.31,26,2026-10-02
ENG05057,STU05057,6.77,16,66.67,8,67.77,13,2026-10-02
ENG05058,STU05058,12.85,13,68.42,6,81.15,22,2026-10-02
ENG05059,STU05059,2.98,14,60.87,9,45.2,4,2026-10-02
ENG05060,STU05060,0,9,40.91,13,30.58,14,2026-10-02
ENG05061,STU05061,7.27,8,61.54,5,57.31,16,2026-10-02
ENG05062,STU05062,6.81,12,70.59,5,52.57,22,2026-10-02
ENG05063,STU05063,0.49,13,61.9,8,46.87,4,2026-10-02
ENG05064,STU05064,4.86,15,65.22,8,43.19,13,2026-10-02
ENG05065,STU05065,2.98,14,58.33,10,58.81,4,2026-10-02
ENG05066,STU05066,14.86,17,70.83,7,71.1,33,2026-10-02
ENG05067,STU05067,11.98,17,73.91,6,74.18,32,2026-10-02
ENG05068,STU05068,15.63,15,65.22,8,76.3,31,2026-10-02
ENG05069,STU05069,12.17,14,82.35,3,71.13,19,2026-10-02
ENG05070,STU05070,15.5,10,71.43,4,58.69,37,2026-10-02
ENG05071,STU05071,10.39,17,73.91,6,62.76,19,2026-10-02
ENG05072,STU05072,9.4,13,72.22,5,81.62,14,2026-10-02
ENG05073,STU05073,11.52,17,73.91,6,62.63,15,2026-10-02
ENG05074,STU05074,15.81,13,92.86,1,72.73,31,2026-10-02
ENG05075,STU05075,12.41,10,58.82,7,60.72,21,2026-10-02
ENG05076,STU05076,14.07,15,75.0,5,79.56,30,2026-10-02
ENG05077,STU05077,0,9,52.94,8,52.76,17,2026-10-02
ENG05078,STU05078,23.67,21,95.45,1,94.07,48,2026-10-02
ENG05079,STU05079,4.63,13,61.9,8,65.52,13,2026-10-02
ENG05080,STU05080,0.75,4,30.77,9,58.36,5,2026-10-02
ENG05081,STU05081,16.88,11,73.33,4,68.55,37,2026-10-02
ENG05082,STU05082,10.14,7,46.67,8,57.66,26,2026-10-02
ENG05083,STU05083,4.26,6,50.0,6,63.82,11,2026-10-02
ENG05084,STU05084,6.07,11,52.38,10,56.68,19,2026-10-02
ENG05085,STU05085,6.75,14,60.87,9,60.78,23,2026-10-02
ENG05086,STU05086,0,8,44.44,10,41.63,8,2026-10-02
ENG05087,STU05087,13.42,12,80.0,3,82.71,28,2026-10-02
ENG05088,STU05088,0,14,60.87,9,54.09,6,2026-10-02
ENG05089,STU05089,3.9,6,46.15,7,43.51,18,2026-10-02
ENG05090,STU05090,2.06,8,50.0,8,44.64,8,2026-10-02
ENG05091,STU05091,17.01,9,69.23,4,79.32,34,2026-10-02
ENG05092,STU05092,10.78,17,85.0,3,61.34,28,2026-10-02
ENG05093,STU05093,15.5,14,82.35,3,76.79,34,2026-10-02
ENG05094,STU05094,12.11,16,80.0,4,82.83,18,2026-10-02
ENG05095,STU05095,14.95,18,85.71,3,72.72,37,2026-10-02
ENG05096,STU05096,11.79,15,75.0,5,80.88,28,2026-10-02
ENG05097,STU05097,6.46,7,46.67,8,66.78,18,2026-10-02
ENG05098,STU05098,4.28,9,60.0,6,80.01,8,2026-10-02
ENG05099,STU05099,1.08,17,73.91,6,56.64,17,2026-10-02
ENG05100,STU05100,14.99,11,91.67,1,73.56,36,2026-10-02
ENG05101,STU05101,19.33,21,95.45,1,79.53,36,2026-10-02
ENG05102,STU05102,4.41,15,68.18,7,56.36,22,2026-10-02
ENG05103,STU05103,0,12,50.0,12,35.87,10,2026-10-02
ENG05104,STU05104,12.13,12,75.0,4,74.53,23,2026-10-02
ENG05105,STU05105,9.01,13,81.25,3,62.51,27,2026-10-02
ENG05106,STU05106,11.31,16,80.0,4,67.82,25,2026-10-02
ENG05107,STU05107,12.58,10,76.92,3,55.28,36,2026-10-02
ENG05108,STU05108,17.89,17,73.91,6,65.87,28,2026-10-02
ENG05109,STU05109,5.43,15,75.0,5,56.03,14,2026-10-02
ENG05110,STU05110,3.72,13,72.22,5,68.39,13,2026-10-02
ENG05111,STU05111,15.68,11,84.62,2,70.86,25,2026-10-02
ENG05112,STU05112,12.37,12,66.67,6,80.08,23,2026-10-02
ENG05113,STU05113,9.17,14,73.68,5,81.23,28,2026-10-02
ENG05114,STU05114,5.39,11,52.38,10,58.87,19,2026-10-02
ENG05115,STU05115,9.07,14,82.35,3,55.48,22,2026-10-02
ENG05116,STU05116,0,6,25.0,18,24.2,0,2026-10-02
ENG05117,STU05117,14.74,17,77.27,5,80.4,32,2026-10-02
ENG05118,STU05118,24.88,13,92.86,1,90.98,42,2026-10-02
ENG05119,STU05119,12.07,18,85.71,3,84.81,32,2026-10-02
ENG05120,STU05120,7.29,10,62.5,6,68.74,20,2026-10-02
ENG05121,STU05121,7.73,13,65.0,7,80.52,18,2026-10-02
ENG05122,STU05122,15.14,18,81.82,4,69.36,36,2026-10-02
ENG05123,STU05123,0,3,21.43,11,30.31,0,2026-10-02
ENG05124,STU05124,9.43,9,64.29,5,48.64,19,2026-10-02
ENG05125,STU05125,9.29,12,75.0,4,46.27,27,2026-10-02
ENG05126,STU05126,0,8,50.0,8,46.01,12,2026-10-02
ENG05127,STU05127,5.69,15,65.22,8,41.38,15,2026-10-02
ENG05128,STU05128,16.53,14,77.78,4,70.14,31,2026-10-02
ENG05129,STU05129,6.83,7,41.18,10,37.93,15,2026-10-02
ENG05130,STU05130,10.94,18,85.71,3,83.72,21,2026-10-02
ENG05131,STU05131,10.29,15,65.22,8,64.92,27,2026-10-02
ENG05132,STU05132,7.21,13,59.09,9,70.69,28,2026-10-02
ENG05133,STU05133,0,11,57.89,8,23.04,4,2026-10-02
ENG05134,STU05134,12.02,13,76.47,4,78.13,25,2026-10-02
ENG05135,STU05135,4.08,13,59.09,9,65.54,19,2026-10-02
ENG05136,STU05136,8.29,9,75.0,3,59.18,15,2026-10-02
ENG05137,STU05137,5.98,13,56.52,10,66.73,13,2026-10-02
ENG05138,STU05138,10.8,12,85.71,2,60.28,27,2026-10-02
ENG05139,STU05139,14.75,11,78.57,3,60.68,24,2026-10-02
ENG05140,STU05140,1.32,9,75.0,3,58.79,8,2026-10-02
ENG05141,STU05141,16.85,13,92.86,1,75.07,39,2026-10-02
ENG05142,STU05142,6.2,14,63.64,8,60.57,12,2026-10-02
ENG05143,STU05143,6.74,14,70.0,6,49.67,28,2026-10-02
ENG05144,STU05144,19.4,14,73.68,5,66.94,38,2026-10-02
ENG05145,STU05145,9.19,8,61.54,5,60.41,22,2026-10-02
ENG05146,STU05146,8.19,15,88.24,2,74.75,27,2026-10-02
ENG05147,STU05147,8.94,19,79.17,5,64.33,22,2026-10-02
ENG05148,STU05148,5.67,8,57.14,6,43.62,14,2026-10-02
ENG05149,STU05149,11.8,7,58.33,5,73.16,16,2026-10-02
ENG05150,STU05150,9.32,14,87.5,2,94.25,19,2026-10-02
ENG05151,STU05151,12.32,10,83.33,2,64.85,27,2026-10-02
ENG05152,STU05152,22.17,23,100.0,0,100.0,42,2026-10-02
ENG05153,STU05153,5.78,18,75.0,6,62.74,17,2026-10-02
ENG05154,STU05154,1.18,14,60.87,9,44.45,15,2026-10-02
ENG05155,STU05155,11.18,12,60.0,8,49.15,24,2026-10-02
ENG05156,STU05156,5.37,8,61.54,5,46.84,18,2026-10-02
ENG05157,STU05157,3.94,13,61.9,8,59.37,8,2026-10-02
ENG05158,STU05158,0,10,62.5,6,44.17,10,2026-10-02
ENG05159,STU05159,18.43,13,92.86,1,89.07,40,2026-10-02
ENG05160,STU05160,18.16,14,100.0,0,88.34,44,2026-10-02
ENG05161,STU05161,0,11,52.38,10,54.95,9,2026-10-02
ENG05162,STU05162,13.13,19,82.61,4,59.74,30,2026-10-02
ENG05163,STU05163,11.67,17,94.44,1,76.1,18,2026-10-02
ENG05164,STU05164,2.28,14,66.67,7,56.0,2,2026-10-02
ENG05165,STU05165,5.6,13,68.42,6,68.09,13,2026-10-02
ENG05166,STU05166,8.38,10,66.67,5,69.19,21,2026-10-02
ENG05167,STU05167,9.66,17,70.83,7,77.44,23,2026-10-02
ENG05168,STU05168,10.11,10,66.67,5,55.93,9,2026-10-02
ENG05169,STU05169,2.03,12,80.0,3,40.02,18,2026-10-02
ENG05170,STU05170,0,8,57.14,6,35.11,3,2026-10-02
ENG05171,STU05171,4.0,8,53.33,7,37.69,11,2026-10-02
ENG05172,STU05172,6.17,10,83.33,2,65.65,20,2026-10-02
ENG05173,STU05173,20.67,15,93.75,1,85.21,35,2026-10-02
ENG05174,STU05174,6.8,15,68.18,7,60.57,26,2026-10-02
ENG05175,STU05175,12.33,16,100.0,0,66.0,32,2026-10-02
ENG05176,STU05176,14.0,22,91.67,2,56.53,31,2026-10-02
ENG05177,STU05177,9.29,12,63.16,7,68.81,21,2026-10-02
ENG05178,STU05178,10.98,20,90.91,2,70.88,20,2026-10-02
ENG05179,STU05179,7.3,13,61.9,8,48.73,13,2026-10-02
ENG05180,STU05180,4.03,10,58.82,7,55.05,20,2026-10-02
ENG05181,STU05181,7.92,12,57.14,9,48.92,12,2026-10-02
ENG05182,STU05182,11.53,11,84.62,2,60.15,30,2026-10-02
ENG05183,STU05183,1.01,10,62.5,6,53.49,15,2026-10-02
ENG05184,STU05184,6.69,14,58.33,10,57.63,18,2026-10-02
ENG05185,STU05185,7.01,9,60.0,6,64.1,20,2026-10-02
ENG05186,STU05186,7.93,14,82.35,3,50.02,7,2026-10-02
ENG05187,STU05187,5.94,16,76.19,5,67.3,24,2026-10-02
ENG05188,STU05188,6.68,10,76.92,3,69.19,9,2026-10-02
ENG05189,STU05189,14.66,12,80.0,3,77.84,30,2026-10-02
ENG05190,STU05190,2.01,13,54.17,11,37.03,10,2026-10-02
ENG05191,STU05191,10.17,16,94.12,1,82.11,20,2026-10-02
ENG05192,STU05192,0,5,35.71,9,29.26,2,2026-10-02
ENG05193,STU05193,7.15,5,41.67,7,46.1,16,2026-10-02
ENG05194,STU05194,7.54,16,76.19,5,51.72,18,2026-10-02
ENG05195,STU05195,10.07,12,63.16,7,59.22,14,2026-10-02
ENG05196,STU05196,7.66,12,80.0,3,65.25,23,2026-10-02
ENG05197,STU05197,9.34,20,86.96,3,81.18,26,2026-10-02
ENG05198,STU05198,4.78,11,57.89,8,43.07,6,2026-10-02
ENG05199,STU05199,1.35,7,58.33,5,67.48,4,2026-10-02
ENG05200,STU05200,4.73,15,75.0,5,71.85,31,2026-10-02
ENG05201,STU05201,18.5,18,100.0,0,79.33,41,2026-10-02
ENG05202,STU05202,19.7,13,100.0,0,77.55,37,2026-10-02
ENG05203,STU05203,5.17,6,50.0,6,62.75,10,2026-10-02
ENG05204,STU05204,0,5,26.32,14,16.22,0,2026-10-02
ENG05205,STU05205,18.61,23,100.0,0,100.0,42,2026-10-02
ENG05206,STU05206,0,6,42.86,8,44.4,5,2026-10-02
ENG05207,STU05207,15.4,14,82.35,3,68.96,40,2026-10-02
ENG05208,STU05208,15.83,10,76.92,3,74.91,28,2026-10-02
ENG05209,STU05209,0.14,8,61.54,5,57.78,9,2026-10-02
ENG05210,STU05210,14.35,22,91.67,2,74.76,38,2026-10-02
ENG05211,STU05211,10.5,10,58.82,7,66.78,25,2026-10-02
ENG05212,STU05212,17.01,21,95.45,1,74.97,36,2026-10-02
ENG05213,STU05213,10.95,14,77.78,4,68.92,12,2026-10-02
ENG05214,STU05214,8.79,13,76.47,4,59.27,22,2026-10-02
ENG05215,STU05215,2.6,11,47.83,12,75.44,0,2026-10-02
ENG05216,STU05216,0.01,8,33.33,16,38.42,0,2026-10-02
ENG05217,STU05217,10.26,11,91.67,1,74.59,19,2026-10-02
ENG05218,STU05218,14.17,12,75.0,4,72.58,18,2026-10-02
ENG05219,STU05219,20.07,23,100.0,0,88.99,48,2026-10-02
ENG05220,STU05220,1.98,15,68.18,7,64.41,4,2026-10-02
ENG05221,STU05221,6.7,12,85.71,2,65.56,26,2026-10-02
ENG05222,STU05222,12.95,13,65.0,7,79.28,26,2026-10-02
ENG05223,STU05223,12.94,13,59.09,9,57.4,21,2026-10-02
ENG05224,STU05224,20.14,20,95.24,1,93.19,33,2026-10-02
ENG05225,STU05225,0,3,14.29,18,22.55,8,2026-10-02
ENG05226,STU05226,12.93,12,75.0,4,66.48,24,2026-10-02
ENG05227,STU05227,6.81,9,75.0,3,67.6,23,2026-10-02
ENG05228,STU05228,1.54,9,47.37,10,47.93,5,2026-10-02
ENG05229,STU05229,12.86,18,85.71,3,69.63,27,2026-10-02
ENG05230,STU05230,16.89,17,100.0,0,87.68,39,2026-10-02
ENG05231,STU05231,4.21,10,76.92,3,67.49,17,2026-10-02
ENG05232,STU05232,11.83,15,83.33,3,77.7,16,2026-10-02
ENG05233,STU05233,4.48,9,60.0,6,30.32,16,2026-10-02
ENG05234,STU05234,7.62,14,60.87,9,45.76,8,2026-10-02
ENG05235,STU05235,7.26,18,75.0,6,48.36,17,2026-10-02
ENG05236,STU05236,27.07,21,95.45,1,90.62,44,2026-10-02
ENG05237,STU05237,6.17,14,82.35,3,68.88,16,2026-10-02
ENG05238,STU05238,13.12,13,68.42,6,68.31,18,2026-10-02
ENG05239,STU05239,5.45,9,56.25,7,51.36,24,2026-10-02
ENG05240,STU05240,0.61,9,47.37,10,36.13,11,2026-10-02
ENG05241,STU05241,14.9,20,95.24,1,71.15,23,2026-10-02
ENG05242,STU05242,20.34,13,92.86,1,76.54,43,2026-10-02
ENG05243,STU05243,12.86,19,86.36,3,77.51,39,2026-10-02
ENG05244,STU05244,0,9,42.86,12,33.28,7,2026-10-02
ENG05245,STU05245,4.11,10,83.33,2,58.72,22,2026-10-02
ENG05246,STU05246,11.6,17,73.91,6,79.26,26,2026-10-02
ENG05247,STU05247,15.79,11,84.62,2,66.07,30,2026-10-02
ENG05248,STU05248,7.08,13,65.0,7,55.39,15,2026-10-02
ENG05249,STU05249,2.67,12,54.55,10,35.36,4,2026-10-02
ENG05250,STU05250,10.42,9,60.0,6,81.44,21,2026-10-02
ENG05251,STU05251,7.24,8,61.54,5,51.27,17,2026-10-02
ENG05252,STU05252,5.23,15,75.0,5,62.61,18,2026-10-02
ENG05253,STU05253,2.41,13,61.9,8,56.82,9,2026-10-02
ENG05254,STU05254,11.66,13,68.42,6,57.46,27,2026-10-02
ENG05255,STU05255,10.04,13,61.9,8,62.96,13,2026-10-02
ENG05256,STU05256,19.49,15,83.33,3,87.98,32,2026-10-02
ENG05257,STU05257,9.0,13,68.42,6,62.08,8,2026-10-02
ENG05258,STU05258,10.33,11,61.11,7,66.94,14,2026-10-02
ENG05259,STU05259,9.76,11,84.62,2,79.71,28,2026-10-02
ENG05260,STU05260,0,7,50.0,7,63.27,15,2026-10-02
ENG05261,STU05261,4.21,6,46.15,7,53.53,12,2026-10-02
ENG05262,STU05262,10.94,20,100.0,0,82.77,29,2026-10-02
ENG05263,STU05263,11.82,9,64.29,5,63.21,18,2026-10-02
ENG05264,STU05264,11.07,18,85.71,3,70.04,16,2026-10-02
ENG05265,STU05265,16.01,17,73.91,6,68.19,30,2026-10-02
ENG05266,STU05266,10.46,18,75.0,6,65.47,23,2026-10-02
ENG05267,STU05267,4.16,12,50.0,12,44.03,5,2026-10-02
ENG05268,STU05268,7.22,13,59.09,9,61.38,17,2026-10-02
ENG05269,STU05269,4.76,7,50.0,7,55.35,9,2026-10-02
ENG05270,STU05270,3.87,14,63.64,8,46.9,11,2026-10-02
ENG05271,STU05271,3.72,8,47.06,9,30.59,6,2026-10-02
ENG05272,STU05272,22.88,20,83.33,4,72.36,43,2026-10-02
ENG05273,STU05273,14.42,16,69.57,7,94.37,26,2026-10-02
ENG05274,STU05274,7.97,14,73.68,5,62.45,35,2026-10-02
ENG05275,STU05275,3.34,7,43.75,9,34.82,10,2026-10-02
ENG05276,STU05276,7.14,12,75.0,4,71.22,20,2026-10-02
ENG05277,STU05277,22.04,20,100.0,0,100.0,47,2026-10-02
ENG05278,STU05278,4.75,16,76.19,5,61.37,16,2026-10-02
ENG05279,STU05279,17.0,11,84.62,2,100.0,45,2026-10-02
ENG05280,STU05280,7.72,13,56.52,10,47.72,20,2026-10-02
ENG05281,STU05281,11.36,12,70.59,5,67.37,24,2026-10-02
ENG05282,STU05282,14.6,13,81.25,3,91.64,27,2026-10-02
ENG05283,STU05283,0,10,47.62,11,39.99,16,2026-10-02
ENG05284,STU05284,6.23,12,75.0,4,53.85,21,2026-10-02
ENG05285,STU05285,5.3,9,64.29,5,48.67,10,2026-10-02
ENG05286,STU05286,10.63,11,78.57,3,53.77,17,2026-10-02
ENG05287,STU05287,9.83,9,64.29,5,62.27,24,2026-10-02
ENG05288,STU05288,1.0,8,50.0,8,52.57,11,2026-10-02
ENG05289,STU05289,4.46,11,47.83,12,43.53,0,2026-10-02
ENG05290,STU05290,0,5,26.32,14,30.95,9,2026-10-02
ENG05291,STU05291,10.14,11,57.89,8,62.24,22,2026-10-02
ENG05292,STU05292,13.81,17,80.95,4,72.49,26,2026-10-02
ENG05293,STU05293,3.48,7,43.75,9,33.32,6,2026-10-02
ENG05294,STU05294,13.39,19,86.36,3,73.33,34,2026-10-02
ENG05295,STU05295,6.84,14,60.87,9,64.1,11,2026-10-02
ENG05296,STU05296,9.59,18,78.26,5,73.24,28,2026-10-02
ENG05297,STU05297,14.17,14,77.78,4,70.55,25,2026-10-02
ENG05298,STU05298,6.62,11,64.71,6,56.91,21,2026-10-02
ENG05299,STU05299,10.96,10,71.43,4,63.03,21,2026-10-02
ENG05300,STU05300,10.44,14,73.68,5,65.06,39,2026-10-02
ENG05301,STU05301,5.4,9,60.0,6,61.7,9,2026-10-02
ENG05302,STU05302,12.94,14,73.68,5,76.49,16,2026-10-02
ENG05303,STU05303,11.12,10,66.67,5,59.29,13,2026-10-02
ENG05304,STU05304,10.62,8,66.67,4,72.09,16,2026-10-02
ENG05305,STU05305,5.64,9,50.0,9,47.95,4,2026-10-02
ENG05306,STU05306,3.33,13,54.17,11,23.47,18,2026-10-02
ENG05307,STU05307,8.41,12,52.17,11,56.22,15,2026-10-02
ENG05308,STU05308,4.54,10,62.5,6,66.99,8,2026-10-02
ENG05309,STU05309,8.56,16,69.57,7,59.68,21,2026-10-02
ENG05310,STU05310,4.95,10,58.82,7,48.86,17,2026-10-02
ENG05311,STU05311,1.4,8,47.06,9,34.55,7,2026-10-02
ENG05312,STU05312,0,9,42.86,12,62.73,10,2026-10-02
ENG05313,STU05313,11.3,15,88.24,2,75.76,30,2026-10-02
ENG05314,STU05314,11.61,16,76.19,5,45.22,25,2026-10-02
ENG05315,STU05315,10.56,10,58.82,7,55.88,25,2026-10-02
ENG05316,STU05316,13.17,12,92.31,1,62.9,23,2026-10-02
ENG05317,STU05317,0,13,56.52,10,43.31,1,2026-10-02
ENG05318,STU05318,13.34,12,92.31,1,79.63,31,2026-10-02
ENG05319,STU05319,10.03,8,53.33,7,59.92,22,2026-10-02
ENG05320,STU05320,13.11,17,77.27,5,69.55,23,2026-10-02
ENG05321,STU05321,21.22,13,100.0,0,91.67,38,2026-10-02
ENG05322,STU05322,8.42,16,66.67,8,50.52,20,2026-10-02
ENG05323,STU05323,15.67,13,81.25,3,59.77,32,2026-10-02
ENG05324,STU05324,11.67,13,68.42,6,80.06,25,2026-10-02
ENG05325,STU05325,15.76,19,90.48,2,87.25,25,2026-10-02
ENG05326,STU05326,6.85,7,58.33,5,71.09,13,2026-10-02
ENG05327,STU05327,11.46,14,70.0,6,67.33,20,2026-10-02
ENG05328,STU05328,4.5,18,75.0,6,77.08,15,2026-10-02
ENG05329,STU05329,12.44,12,54.55,10,57.03,22,2026-10-02
ENG05330,STU05330,12.76,20,83.33,4,73.21,26,2026-10-02
ENG05331,STU05331,9.59,12,80.0,3,71.64,17,2026-10-02
ENG05332,STU05332,7.71,14,66.67,7,59.56,17,2026-10-02
ENG05333,STU05333,1.76,10,47.62,11,31.53,14,2026-10-02
ENG05334,STU05334,0.51,8,50.0,8,44.97,7,2026-10-02
ENG05335,STU05335,2.66,13,61.9,8,48.99,6,2026-10-02
ENG05336,STU05336,6.62,11,50.0,11,49.52,12,2026-10-02
ENG05337,STU05337,1.97,7,41.18,10,36.77,11,2026-10-02
ENG05338,STU05338,0,6,37.5,10,46.59,5,2026-10-02
ENG05339,STU05339,10.88,15,88.24,2,81.65,25,2026-10-02
ENG05340,STU05340,4.11,6,37.5,10,47.47,11,2026-10-02
ENG05341,STU05341,8.59,15,71.43,6,73.45,21,2026-10-02
ENG05342,STU05342,9.81,9,60.0,6,57.47,24,2026-10-02
ENG05343,STU05343,5.62,14,66.67,7,65.15,11,2026-10-02
ENG05344,STU05344,7.39,10,71.43,4,46.35,27,2026-10-02
ENG05345,STU05345,7.49,15,83.33,3,60.38,24,2026-10-02
ENG05346,STU05346,5.67,16,84.21,3,73.09,18,2026-10-02
ENG05347,STU05347,8.06,15,78.95,4,61.89,23,2026-10-02
ENG05348,STU05348,3.13,14,73.68,5,60.49,10,2026-10-02
ENG05349,STU05349,13.91,14,87.5,2,76.89,31,2026-10-02
ENG05350,STU05350,3.91,7,58.33,5,58.69,20,2026-10-02
ENG05351,STU05351,8.81,15,65.22,8,66.8,15,2026-10-02
ENG05352,STU05352,17.23,22,91.67,2,86.41,43,2026-10-02
ENG05353,STU05353,7.39,13,56.52,10,58.74,23,2026-10-02
ENG05354,STU05354,18.33,10,83.33,2,77.62,26,2026-10-02
ENG05355,STU05355,12.64,17,70.83,7,70.85,25,2026-10-02
ENG05356,STU05356,4.44,11,84.62,2,74.62,24,2026-10-02
ENG05357,STU05357,17.54,21,100.0,0,96.72,41,2026-10-02
ENG05358,STU05358,5.44,14,66.67,7,53.16,13,2026-10-02
ENG05359,STU05359,8.74,12,80.0,3,66.41,19,2026-10-02
ENG05360,STU05360,4.5,13,61.9,8,46.02,16,2026-10-02
ENG05361,STU05361,21.31,17,94.44,1,100.0,37,2026-10-02
ENG05362,STU05362,11.74,17,77.27,5,81.41,32,2026-10-02
ENG05363,STU05363,13.82,19,90.48,2,70.87,27,2026-10-02
ENG05364,STU05364,5.1,5,41.67,7,36.74,11,2026-10-02
ENG05365,STU05365,9.65,12,63.16,7,48.07,27,2026-10-02
ENG05366,STU05366,1.33,6,35.29,11,41.39,6,2026-10-02
ENG05367,STU05367,3.78,15,62.5,9,57.21,2,2026-10-02
ENG05368,STU05368,18.21,17,100.0,0,85.31,40,2026-10-02
ENG05369,STU05369,21.67,14,82.35,3,87.81,50,2026-10-02
ENG05370,STU05370,13.93,22,91.67,2,60.47,32,2026-10-02
ENG05371,STU05371,1.77,10,52.63,9,38.26,0,2026-10-02
ENG05372,STU05372,0.88,11,55.0,9,50.93,5,2026-10-02
ENG05373,STU05373,14.01,9,52.94,8,58.57,24,2026-10-02
ENG05374,STU05374,0,4,30.77,9,17.63,12,2026-10-02
ENG05375,STU05375,13.72,16,84.21,3,74.09,28,2026-10-02
ENG05376,STU05376,15.71,15,83.33,3,89.08,24,2026-10-02
ENG05377,STU05377,6.74,9,69.23,4,56.81,20,2026-10-02
ENG05378,STU05378,7.44,14,70.0,6,71.08,27,2026-10-02
ENG05379,STU05379,3.65,10,62.5,6,43.68,12,2026-10-02
ENG05380,STU05380,7.93,14,77.78,4,79.8,21,2026-10-02
ENG05381,STU05381,22.81,22,91.67,2,100.0,49,2026-10-02
ENG05382,STU05382,3.27,13,65.0,7,46.71,14,2026-10-02
ENG05383,STU05383,4.57,14,77.78,4,61.37,19,2026-10-02
ENG05384,STU05384,8.09,12,57.14,9,71.56,9,2026-10-02
ENG05385,STU05385,12.8,10,76.92,3,68.05,36,2026-10-02
ENG05386,STU05386,0.85,15,62.5,9,48.23,14,2026-10-02
ENG05387,STU05387,10.94,18,81.82,4,62.96,34,2026-10-02
ENG05388,STU05388,2.8,10,62.5,6,56.1,14,2026-10-02
ENG05389,STU05389,9.34,10,71.43,4,70.54,18,2026-10-02
ENG05390,STU05390,9.89,17,77.27,5,64.23,16,2026-10-02
ENG05391,STU05391,11.56,19,90.48,2,76.58,28,2026-10-02
ENG05392,STU05392,16.99,20,86.96,3,73.6,30,2026-10-02
ENG05393,STU05393,8.25,9,50.0,9,50.03,19,2026-10-02
ENG05394,STU05394,4.3,16,72.73,6,57.09,20,2026-10-02
ENG05395,STU05395,3.51,10,62.5,6,60.02,20,2026-10-02
ENG05396,STU05396,0.6,12,60.0,8,45.24,2,2026-10-02
ENG05397,STU05397,8.43,17,100.0,0,71.06,16,2026-10-02
ENG05398,STU05398,5.04,8,61.54,5,53.81,20,2026-10-02
ENG05399,STU05399,4.44,19,82.61,4,69.23,24,2026-10-02
ENG05400,STU05400,0,10,83.33,2,59.7,0,2026-10-02
ENG05401,STU05401,9.54,9,75.0,3,68.44,24,2026-10-02
ENG05402,STU05402,10.55,12,66.67,6,70.12,23,2026-10-02
ENG05403,STU05403,13.49,13,72.22,5,80.48,27,2026-10-02
ENG05404,STU05404,0.34,13,56.52,10,35.76,0,2026-10-02
ENG05405,STU05405,11.43,15,83.33,3,66.65,26,2026-10-02
ENG05406,STU05406,14.81,15,88.24,2,78.59,34,2026-10-02
ENG05407,STU05407,1.18,11,55.0,9,38.75,5,2026-10-02
ENG05408,STU05408,7.55,9,52.94,8,61.66,20,2026-10-02
ENG05409,STU05409,1.43,11,45.83,13,53.6,9,2026-10-02
ENG05410,STU05410,16.31,10,71.43,4,74.37,31,2026-10-02
ENG05411,STU05411,7.12,9,56.25,7,63.01,11,2026-10-02
ENG05412,STU05412,8.79,8,57.14,6,61.26,11,2026-10-02
ENG05413,STU05413,4.62,13,65.0,7,52.78,15,2026-10-02
ENG05414,STU05414,9.09,15,65.22,8,59.95,29,2026-10-02
ENG05415,STU05415,12.99,17,89.47,2,72.45,31,2026-10-02
ENG05416,STU05416,15.81,14,100.0,0,94.72,43,2026-10-02
ENG05417,STU05417,9.88,7,58.33,5,59.7,19,2026-10-02
ENG05418,STU05418,10.54,12,92.31,1,80.09,20,2026-10-02
ENG05419,STU05419,10.91,15,93.75,1,76.51,17,2026-10-02
ENG05420,STU05420,0,7,43.75,9,46.52,4,2026-10-02
ENG05421,STU05421,10.09,10,62.5,6,62.17,20,2026-10-02
ENG05422,STU05422,11.1,13,68.42,6,82.97,34,2026-10-02
ENG05423,STU05423,9.89,7,58.33,5,46.86,22,2026-10-02
ENG05424,STU05424,16.24,11,91.67,1,70.3,41,2026-10-02
ENG05425,STU05425,3.3,12,85.71,2,68.66,5,2026-10-02
ENG05426,STU05426,9.87,13,65.0,7,47.06,24,2026-10-02
ENG05427,STU05427,0,8,53.33,7,47.39,2,2026-10-02
ENG05428,STU05428,15.05,11,73.33,4,77.59,27,2026-10-02
ENG05429,STU05429,10.72,14,63.64,8,80.45,18,2026-10-02
ENG05430,STU05430,12.75,19,95.0,1,78.66,34,2026-10-02
ENG05431,STU05431,3.41,7,46.67,8,48.89,17,2026-10-02
ENG05432,STU05432,11.56,7,58.33,5,64.26,20,2026-10-02
ENG05433,STU05433,22.27,16,100.0,0,71.47,45,2026-10-02
ENG05434,STU05434,2.89,14,60.87,9,50.45,2,2026-10-02
ENG05435,STU05435,4.78,8,57.14,6,56.04,8,2026-10-02
ENG05436,STU05436,5.59,14,70.0,6,69.21,17,2026-10-02
ENG05437,STU05437,7.69,13,59.09,9,54.14,19,2026-10-02
ENG05438,STU05438,3.1,10,76.92,3,65.65,16,2026-10-02
ENG05439,STU05439,8.38,8,57.14,6,52.11,12,2026-10-02
ENG05440,STU05440,10.54,16,84.21,3,68.26,16,2026-10-02
ENG05441,STU05441,6.96,15,78.95,4,73.49,25,2026-10-02
ENG05442,STU05442,18.15,18,85.71,3,86.3,33,2026-10-02
ENG05443,STU05443,5.31,13,54.17,11,58.63,15,2026-10-02
ENG05444,STU05444,2.81,8,40.0,12,46.67,2,2026-10-02
ENG05445,STU05445,5.7,9,69.23,4,49.06,19,2026-10-02
ENG05446,STU05446,0,8,50.0,8,51.17,0,2026-10-02
ENG05447,STU05447,23.7,13,100.0,0,95.4,46,2026-10-02
ENG05448,STU05448,12.55,16,72.73,6,67.92,32,2026-10-02
ENG05449,STU05449,9.23,16,76.19,5,78.8,16,2026-10-02
ENG05450,STU05450,0,8,47.06,9,40.51,2,2026-10-02
ENG05451,STU05451,8.92,12,52.17,11,68.45,22,2026-10-02
ENG05452,STU05452,2.31,11,52.38,10,46.09,7,2026-10-02
ENG05453,STU05453,4.63,11,73.33,4,69.83,11,2026-10-02
ENG05454,STU05454,13.54,17,85.0,3,73.56,22,2026-10-02
ENG05455,STU05455,14.98,19,86.36,3,93.43,38,2026-10-02
ENG05456,STU05456,1.67,9,56.25,7,53.39,17,2026-10-02
ENG05457,STU05457,6.14,8,66.67,4,59.16,26,2026-10-02
ENG05458,STU05458,7.4,16,80.0,4,80.44,13,2026-10-02
ENG05459,STU05459,10.99,11,84.62,2,75.1,29,2026-10-02
ENG05460,STU05460,9.85,16,80.0,4,56.8,27,2026-10-02
ENG05461,STU05461,3.86,10,76.92,3,52.56,9,2026-10-02
ENG05462,STU05462,10.33,12,63.16,7,46.25,23,2026-10-02
ENG05463,STU05463,22.29,18,90.0,2,72.38,42,2026-10-02
ENG05464,STU05464,22.24,20,95.24,1,79.07,38,2026-10-02
ENG05465,STU05465,11.11,19,82.61,4,78.0,26,2026-10-02
ENG05466,STU05466,11.15,13,76.47,4,57.56,26,2026-10-02
ENG05467,STU05467,9.18,11,57.89,8,64.93,23,2026-10-02
ENG05468,STU05468,1.19,10,52.63,9,46.13,0,2026-10-02
ENG05469,STU05469,4.68,11,61.11,7,51.3,17,2026-10-02
ENG05470,STU05470,18.02,18,85.71,3,94.23,31,2026-10-02
ENG05471,STU05471,7.79,10,62.5,6,76.54,12,2026-10-02
ENG05472,STU05472,10.32,7,53.85,6,57.34,17,2026-10-02
ENG05473,STU05473,11.12,8,66.67,4,69.9,17,2026-10-02
ENG05474,STU05474,4.03,12,52.17,11,45.8,15,2026-10-02
ENG05475,STU05475,12.91,14,60.87,9,65.97,27,2026-10-02
ENG05476,STU05476,14.28,20,86.96,3,96.05,23,2026-10-02
ENG05477,STU05477,23.49,15,93.75,1,84.71,31,2026-10-02
ENG05478,STU05478,11.06,9,60.0,6,49.94,16,2026-10-02
ENG05479,STU05479,0.41,11,55.0,9,38.59,4,2026-10-02
ENG05480,STU05480,8.26,9,56.25,7,80.69,23,2026-10-02
ENG05481,STU05481,3.78,10,58.82,7,54.9,20,2026-10-02
ENG05482,STU05482,4.4,13,65.0,7,48.44,15,2026-10-02
ENG05483,STU05483,8.36,13,81.25,3,55.79,28,2026-10-02
ENG05484,STU05484,15.61,15,75.0,5,64.86,28,2026-10-02
ENG05485,STU05485,11.5,11,57.89,8,64.43,21,2026-10-02
ENG05486,STU05486,16.21,9,69.23,4,79.28,28,2026-10-02
ENG05487,STU05487,1.91,15,65.22,8,49.64,11,2026-10-02
ENG05488,STU05488,1.64,8,61.54,5,70.39,18,2026-10-02
ENG05489,STU05489,6.29,12,63.16,7,53.36,14,2026-10-02
ENG05490,STU05490,8.94,11,68.75,5,50.93,26,2026-10-02
ENG05491,STU05491,8.18,13,86.67,2,60.66,22,2026-10-02
ENG05492,STU05492,9.61,18,81.82,4,61.59,19,2026-10-02
ENG05493,STU05493,2.38,8,50.0,8,36.32,6,2026-10-02
ENG05494,STU05494,14.17,10,83.33,2,79.65,31,2026-10-02
ENG05495,STU05495,13.69,12,85.71,2,63.7,40,2026-10-02
ENG05496,STU05496,10.05,14,82.35,3,88.35,23,2026-10-02
ENG05497,STU05497,12.14,13,72.22,5,68.94,36,2026-10-02
ENG05498,STU05498,8.29,10,71.43,4,69.22,17,2026-10-02
ENG05499,STU05499,8.31,8,61.54,5,69.85,26,2026-10-02
ENG05500,STU05500,4.39,8,44.44,10,46.84,6,2026-10-02
ENG05501,STU05501,8.77,9,60.0,6,68.07,19,2026-10-02
ENG05502,STU05502,0.44,10,66.67,5,41.14,12,2026-10-02
ENG05503,STU05503,5.73,11,78.57,3,55.94,24,2026-10-02
ENG05504,STU05504,13.68,17,80.95,4,79.87,28,2026-10-02
ENG05505,STU05505,6.25,17,73.91,6,73.02,16,2026-10-02
ENG05506,STU05506,1.25,12,57.14,9,51.49,12,2026-10-02
ENG05507,STU05507,13.29,14,66.67,7,58.73,24,2026-10-02
ENG05508,STU05508,0,9,56.25,7,47.07,2,2026-10-02
ENG05509,STU05509,4.63,9,64.29,5,70.54,14,2026-10-02
ENG05510,STU05510,3.51,10,58.82,7,48.11,11,2026-10-02
ENG05511,STU05511,13.5,22,91.67,2,62.09,30,2026-10-02
ENG05512,STU05512,0.04,8,53.33,7,36.28,24,2026-10-02
ENG05513,STU05513,4.61,11,52.38,10,69.01,16,2026-10-02
ENG05514,STU05514,15.22,14,70.0,6,54.54,28,2026-10-02
ENG05515,STU05515,14.96,7,58.33,5,72.25,27,2026-10-02
ENG05516,STU05516,8.23,11,57.89,8,56.53,20,2026-10-02
ENG05517,STU05517,15.32,18,94.74,1,91.69,40,2026-10-02
ENG05518,STU05518,10.96,16,69.57,7,58.06,18,2026-10-02
ENG05519,STU05519,7.49,7,58.33,5,46.99,17,2026-10-02
ENG05520,STU05520,10.6,13,65.0,7,55.07,31,2026-10-02
ENG05521,STU05521,8.81,12,60.0,8,58.67,24,2026-10-02
ENG05522,STU05522,9.68,17,89.47,2,72.76,31,2026-10-02
ENG05523,STU05523,17.68,13,100.0,0,94.54,36,2026-10-02
ENG05524,STU05524,0,8,38.1,13,22.77,3,2026-10-02
ENG05525,STU05525,5.01,12,54.55,10,57.39,17,2026-10-02
ENG05526,STU05526,7.79,15,75.0,5,80.86,16,2026-10-02
ENG05527,STU05527,8.12,22,95.65,1,73.02,18,2026-10-02
ENG05528,STU05528,4.85,12,54.55,10,37.6,19,2026-10-02
ENG05529,STU05529,4.04,12,52.17,11,52.78,13,2026-10-02
ENG05530,STU05530,8.54,10,62.5,6,71.57,24,2026-10-02
ENG05531,STU05531,0,5,38.46,8,42.27,9,2026-10-02
ENG05532,STU05532,8.74,14,82.35,3,84.97,28,2026-10-02
ENG05533,STU05533,8.94,8,57.14,6,67.03,24,2026-10-02
ENG05534,STU05534,13.61,14,73.68,5,72.85,24,2026-10-02
ENG05535,STU05535,8.06,12,54.55,10,61.56,13,2026-10-02
ENG05536,STU05536,4.32,9,60.0,6,53.06,30,2026-10-02
ENG05537,STU05537,14.71,10,71.43,4,52.9,32,2026-10-02
ENG05538,STU05538,1.22,9,52.94,8,66.69,19,2026-10-02
ENG05539,STU05539,13.9,17,73.91,6,55.87,14,2026-10-02
ENG05540,STU05540,6.28,13,68.42,6,66.78,10,2026-10-02
ENG05541,STU05541,0,5,21.74,18,36.12,4,2026-10-02
ENG05542,STU05542,9.61,10,66.67,5,50.65,22,2026-10-02
ENG05543,STU05543,16.04,16,84.21,3,71.75,25,2026-10-02
ENG05544,STU05544,0.31,8,50.0,8,51.15,11,2026-10-02
ENG05545,STU05545,1.75,13,72.22,5,60.28,10,2026-10-02
ENG05546,STU05546,0,8,40.0,12,34.7,0,2026-10-02
ENG05547,STU05547,4.71,9,56.25,7,56.08,15,2026-10-02
ENG05548,STU05548,6.4,15,68.18,7,49.51,24,2026-10-02
ENG05549,STU05549,7.91,12,57.14,9,74.26,18,2026-10-02
ENG05550,STU05550,16.62,11,73.33,4,78.84,30,2026-10-02
ENG05551,STU05551,0,6,37.5,10,42.11,0,2026-10-02
ENG05552,STU05552,0,5,21.74,18,33.41,10,2026-10-02
ENG05553,STU05553,0,8,40.0,12,28.57,11,2026-10-02
ENG05554,STU05554,6.46,8,50.0,8,67.62,17,2026-10-02
ENG05555,STU05555,1.83,5,38.46,8,46.76,4,2026-10-02
ENG05556,STU05556,17.36,17,73.91,6,56.8,28,2026-10-02
ENG05557,STU05557,7.5,10,52.63,9,70.79,23,2026-10-02
ENG05558,STU05558,10.3,15,83.33,3,59.03,20,2026-10-02
ENG05559,STU05559,0.83,8,50.0,8,45.19,1,2026-10-02
ENG05560,STU05560,19.36,12,100.0,0,91.56,44,2026-10-02
ENG05561,STU05561,13.03,17,70.83,7,78.19,28,2026-10-02
ENG05562,STU05562,12.56,14,70.0,6,49.86,26,2026-10-02
ENG05563,STU05563,11.67,11,91.67,1,66.09,27,2026-10-02
ENG05564,STU05564,12.83,19,79.17,5,66.06,33,2026-10-02
ENG05565,STU05565,1.26,13,56.52,10,44.11,0,2026-10-02
ENG05566,STU05566,4.41,13,76.47,4,60.68,5,2026-10-02
ENG05567,STU05567,11.77,13,81.25,3,59.95,27,2026-10-02
ENG05568,STU05568,13.14,9,50.0,9,62.53,22,2026-10-02
ENG05569,STU05569,10.54,16,69.57,7,76.45,25,2026-10-02
ENG05570,STU05570,10.95,22,91.67,2,70.2,27,2026-10-02
ENG05571,STU05571,11.45,17,73.91,6,69.71,27,2026-10-02
ENG05572,STU05572,9.54,18,78.26,5,59.01,33,2026-10-02
ENG05573,STU05573,4.19,10,66.67,5,61.08,10,2026-10-02
ENG05574,STU05574,17.57,17,70.83,7,92.02,40,2026-10-02
ENG05575,STU05575,4.86,14,70.0,6,66.54,18,2026-10-02
ENG05576,STU05576,11.07,9,64.29,5,71.9,26,2026-10-02
ENG05577,STU05577,14.12,14,82.35,3,64.72,30,2026-10-02
ENG05578,STU05578,12.13,9,69.23,4,82.41,16,2026-10-02
ENG05579,STU05579,10.62,11,73.33,4,54.15,25,2026-10-02
ENG05580,STU05580,5.25,13,59.09,9,58.51,1,2026-10-02
ENG05581,STU05581,14.46,10,83.33,2,60.01,32,2026-10-02
ENG05582,STU05582,0,5,35.71,9,49.14,2,2026-10-02
ENG05583,STU05583,10.9,20,90.91,2,66.47,25,2026-10-02
ENG05584,STU05584,0,11,47.83,12,41.01,6,2026-10-02
ENG05585,STU05585,19.2,14,77.78,4,79.74,39,2026-10-02
ENG05586,STU05586,3.86,11,57.89,8,41.98,4,2026-10-02
ENG05587,STU05587,5.93,12,70.59,5,60.2,13,2026-10-02
ENG05588,STU05588,5.62,10,76.92,3,78.8,14,2026-10-02
ENG05589,STU05589,6.17,16,66.67,8,71.24,10,2026-10-02
ENG05590,STU05590,9.18,16,72.73,6,73.0,22,2026-10-02
ENG05591,STU05591,0.07,7,50.0,7,53.05,9,2026-10-02
ENG05592,STU05592,12.28,24,100.0,0,72.54,24,2026-10-02
ENG05593,STU05593,8.92,14,63.64,8,61.28,25,2026-10-02
ENG05594,STU05594,3.6,14,58.33,10,68.77,21,2026-10-02
ENG05595,STU05595,0,12,52.17,11,41.79,9,2026-10-02
ENG05596,STU05596,4.69,11,68.75,5,62.96,14,2026-10-02
ENG05597,STU05597,19.92,13,86.67,2,86.68,44,2026-10-02
ENG05598,STU05598,16.52,19,79.17,5,83.96,33,2026-10-02
ENG05599,STU05599,12.27,9,69.23,4,67.9,22,2026-10-02
ENG05600,STU05600,4.83,9,50.0,9,48.54,13,2026-10-02
ENG05601,STU05601,9.09,12,63.16,7,57.63,27,2026-10-02
ENG05602,STU05602,4.88,10,55.56,8,44.06,17,2026-10-02
ENG05603,STU05603,10.21,12,63.16,7,54.3,17,2026-10-02
ENG05604,STU05604,0,6,46.15,7,47.93,0,2026-10-02
ENG05605,STU05605,7.19,9,64.29,5,50.16,15,2026-10-02
ENG05606,STU05606,15.82,11,73.33,4,81.74,34,2026-10-02
ENG05607,STU05607,0,8,53.33,7,67.68,6,2026-10-02
ENG05608,STU05608,14.76,15,78.95,4,78.82,34,2026-10-02
ENG05609,STU05609,0,11,47.83,12,43.35,10,2026-10-02
ENG05610,STU05610,7.91,16,94.12,1,52.04,16,2026-10-02
ENG05611,STU05611,9.21,14,58.33,10,55.72,16,2026-10-02
ENG05612,STU05612,0,11,47.83,12,42.33,12,2026-10-02
ENG05613,STU05613,14.7,13,76.47,4,80.78,29,2026-10-02
ENG05614,STU05614,7.8,16,72.73,6,55.68,23,2026-10-02
ENG05615,STU05615,6.98,17,70.83,7,65.83,23,2026-10-02
ENG05616,STU05616,13.68,15,75.0,5,75.72,32,2026-10-02
ENG05617,STU05617,13.4,16,76.19,5,77.54,33,2026-10-02
ENG05618,STU05618,8.03,21,87.5,3,70.22,12,2026-10-02
ENG05619,STU05619,11.08,9,64.29,5,52.37,27,2026-10-02
ENG05620,STU05620,6.2,8,61.54,5,53.2,13,2026-10-02
ENG05621,STU05621,3.77,6,40.0,9,64.56,11,2026-10-02
ENG05622,STU05622,1.97,7,58.33,5,59.75,14,2026-10-02
ENG05623,STU05623,0,4,25.0,12,20.98,9,2026-10-02
ENG05624,STU05624,2.21,13,72.22,5,56.91,8,2026-10-02
ENG05625,STU05625,8.69,16,84.21,3,75.63,24,2026-10-02
ENG05626,STU05626,2.88,10,41.67,14,62.57,13,2026-10-02
ENG05627,STU05627,2.84,8,53.33,7,28.66,16,2026-10-02
ENG05628,STU05628,10.65,16,80.0,4,78.46,23,2026-10-02
ENG05629,STU05629,13.42,15,75.0,5,59.11,27,2026-10-02
ENG05630,STU05630,1.72,7,50.0,7,44.52,5,2026-10-02
ENG05631,STU05631,2.08,11,57.89,8,50.19,13,2026-10-02
ENG05632,STU05632,0,6,37.5,10,56.95,9,2026-10-02
ENG05633,STU05633,12.34,14,73.68,5,77.96,21,2026-10-02
ENG05634,STU05634,6.68,12,70.59,5,72.04,14,2026-10-02
ENG05635,STU05635,11.37,16,72.73,6,73.97,20,2026-10-02
ENG05636,STU05636,8.65,11,73.33,4,64.83,20,2026-10-02
ENG05637,STU05637,16.46,11,64.71,6,55.77,34,2026-10-02
ENG05638,STU05638,2.74,13,76.47,4,46.9,14,2026-10-02
ENG05639,STU05639,5.32,12,80.0,3,51.66,29,2026-10-02
ENG05640,STU05640,6.45,15,71.43,6,60.85,26,2026-10-02
ENG05641,STU05641,0.49,7,41.18,10,34.09,2,2026-10-02
ENG05642,STU05642,4.48,12,63.16,7,53.24,24,2026-10-02
ENG05643,STU05643,22.41,22,91.67,2,85.31,46,2026-10-02
ENG05644,STU05644,0,9,42.86,12,56.88,0,2026-10-02
ENG05645,STU05645,7.38,15,75.0,5,76.23,21,2026-10-02
ENG05646,STU05646,6.91,9,52.94,8,49.0,15,2026-10-02
ENG05647,STU05647,13.54,9,75.0,3,57.51,35,2026-10-02
ENG05648,STU05648,3.59,7,43.75,9,32.77,15,2026-10-02
ENG05649,STU05649,13.03,14,77.78,4,53.72,37,2026-10-02
ENG05650,STU05650,11.23,18,75.0,6,76.52,28,2026-10-02
ENG05651,STU05651,7.49,14,87.5,2,72.81,9,2026-10-02
ENG05652,STU05652,8.99,12,100.0,0,71.78,25,2026-10-02
ENG05653,STU05653,0,6,50.0,6,34.32,2,2026-10-02
ENG05654,STU05654,2.91,14,82.35,3,60.51,19,2026-10-02
ENG05655,STU05655,3.88,7,58.33,5,55.62,14,2026-10-02
ENG05656,STU05656,4.78,6,50.0,6,51.98,11,2026-10-02
ENG05657,STU05657,6.92,16,72.73,6,48.24,19,2026-10-02
ENG05658,STU05658,15.14,11,84.62,2,78.6,25,2026-10-02
ENG05659,STU05659,18.23,10,83.33,2,72.86,40,2026-10-02
ENG05660,STU05660,0,9,52.94,8,40.72,11,2026-10-02
ENG05661,STU05661,7.67,14,66.67,7,47.29,17,2026-10-02
ENG05662,STU05662,5.51,10,62.5,6,57.6,21,2026-10-02
ENG05663,STU05663,19.52,18,100.0,0,98.44,37,2026-10-02
ENG05664,STU05664,4.34,12,54.55,10,65.26,13,2026-10-02
ENG05665,STU05665,0.39,7,41.18,10,39.36,1,2026-10-02
ENG05666,STU05666,9.3,22,91.67,2,80.73,28,2026-10-02
ENG05667,STU05667,18.65,23,100.0,0,78.18,27,2026-10-02
ENG05668,STU05668,0,8,33.33,16,34.54,8,2026-10-02
ENG05669,STU05669,7.21,12,60.0,8,56.04,15,2026-10-02
ENG05670,STU05670,7.33,19,79.17,5,52.85,23,2026-10-02
ENG05671,STU05671,0.05,9,52.94,8,44.16,13,2026-10-02
ENG05672,STU05672,7.95,11,78.57,3,53.57,22,2026-10-02
ENG05673,STU05673,3.33,14,70.0,6,63.5,14,2026-10-02
ENG05674,STU05674,12.63,10,76.92,3,65.97,24,2026-10-02
ENG05675,STU05675,8.08,14,66.67,7,49.2,20,2026-10-02
ENG05676,STU05676,6.92,13,72.22,5,52.47,14,2026-10-02
ENG05677,STU05677,10.23,12,57.14,9,60.63,17,2026-10-02
ENG05678,STU05678,12.56,10,71.43,4,66.21,27,2026-10-02
ENG05679,STU05679,5.0,7,46.67,8,56.63,16,2026-10-02
ENG05680,STU05680,12.4,11,68.75,5,69.41,25,2026-10-02
ENG05681,STU05681,0,8,33.33,16,35.19,4,2026-10-02
ENG05682,STU05682,4.36,15,65.22,8,37.05,10,2026-10-02
ENG05683,STU05683,6.96,9,69.23,4,51.61,21,2026-10-02
ENG05684,STU05684,6.93,10,50.0,10,64.78,18,2026-10-02
ENG05685,STU05685,0.8,8,66.67,4,62.75,15,2026-10-02
ENG05686,STU05686,7.53,9,75.0,3,66.31,14,2026-10-02
ENG05687,STU05687,9.94,19,86.36,3,74.5,30,2026-10-02
ENG05688,STU05688,14.9,14,70.0,6,62.94,38,2026-10-02
ENG05689,STU05689,12.69,15,68.18,7,66.86,22,2026-10-02
ENG05690,STU05690,10.27,13,76.47,4,74.92,29,2026-10-02
ENG05691,STU05691,16.32,19,79.17,5,73.79,31,2026-10-02
ENG05692,STU05692,7.63,11,64.71,6,71.14,8,2026-10-02
ENG05693,STU05693,11.94,11,91.67,1,68.55,27,2026-10-02
ENG05694,STU05694,15.95,17,94.44,1,74.65,37,2026-10-02
ENG05695,STU05695,1.05,12,63.16,7,56.33,7,2026-10-02
ENG05696,STU05696,16.8,15,83.33,3,89.57,29,2026-10-02
ENG05697,STU05697,4.26,9,39.13,14,69.31,0,2026-10-02
ENG05698,STU05698,9.24,7,53.85,6,62.57,23,2026-10-02
ENG05699,STU05699,19.45,10,83.33,2,80.78,36,2026-10-02
ENG05700,STU05700,10.05,12,80.0,3,82.13,26,2026-10-02
ENG05701,STU05701,6.1,12,70.59,5,63.85,15,2026-10-02
ENG05702,STU05702,6.92,15,65.22,8,48.35,14,2026-10-02
ENG05703,STU05703,6.01,10,62.5,6,62.62,19,2026-10-02
ENG05704,STU05704,0,6,35.29,11,36.17,7,2026-10-02
ENG05705,STU05705,6.34,9,64.29,5,43.18,21,2026-10-02
ENG05706,STU05706,13.8,12,85.71,2,80.15,31,2026-10-02
ENG05707,STU05707,7.84,18,78.26,5,68.18,28,2026-10-02
ENG05708,STU05708,6.4,8,66.67,4,38.16,12,2026-10-02
ENG05709,STU05709,11.75,17,77.27,5,58.0,25,2026-10-02
ENG05710,STU05710,2.81,11,68.75,5,49.98,22,2026-10-02
ENG05711,STU05711,0,14,70.0,6,36.15,5,2026-10-02
ENG05712,STU05712,1.49,17,70.83,7,52.91,12,2026-10-02
ENG05713,STU05713,10.31,10,55.56,8,53.66,22,2026-10-02
ENG05714,STU05714,16.07,12,70.59,5,66.46,41,2026-10-02
ENG05715,STU05715,2.86,8,40.0,12,56.15,3,2026-10-02
ENG05716,STU05716,15.76,15,93.75,1,85.32,39,2026-10-02
ENG05717,STU05717,8.01,17,80.95,4,58.6,19,2026-10-02
ENG05718,STU05718,2.03,8,40.0,12,34.76,9,2026-10-02
ENG05719,STU05719,0,10,55.56,8,28.59,10,2026-10-02
ENG05720,STU05720,5.52,8,47.06,9,45.16,16,2026-10-02
ENG05721,STU05721,1.04,8,38.1,13,48.68,4,2026-10-02
ENG05722,STU05722,13.97,18,85.71,3,65.16,32,2026-10-02
ENG05723,STU05723,15.05,11,64.71,6,75.84,34,2026-10-02
ENG05724,STU05724,7.24,11,68.75,5,81.49,5,2026-10-02
ENG05725,STU05725,6.52,10,71.43,4,60.14,23,2026-10-02
ENG05726,STU05726,21.89,16,100.0,0,88.15,36,2026-10-02
ENG05727,STU05727,26.06,18,81.82,4,83.82,39,2026-10-02
ENG05728,STU05728,10.77,12,63.16,7,63.46,12,2026-10-02
ENG05729,STU05729,9.63,12,80.0,3,55.59,23,2026-10-02
ENG05730,STU05730,10.02,12,63.16,7,54.6,18,2026-10-02
ENG05731,STU05731,9.98,13,61.9,8,63.59,13,2026-10-02
ENG05732,STU05732,6.51,12,75.0,4,56.8,11,2026-10-02
ENG05733,STU05733,11.06,15,75.0,5,66.41,22,2026-10-02
ENG05734,STU05734,9.2,12,57.14,9,45.76,26,2026-10-02
ENG05735,STU05735,13.4,9,75.0,3,65.08,29,2026-10-02
ENG05736,STU05736,5.4,16,69.57,7,76.3,15,2026-10-02
ENG05737,STU05737,6.65,12,85.71,2,52.31,25,2026-10-02
ENG05738,STU05738,14.37,16,84.21,3,81.23,39,2026-10-02
ENG05739,STU05739,5.43,11,84.62,2,55.43,19,2026-10-02
ENG05740,STU05740,6.94,10,45.45,12,59.78,13,2026-10-02
ENG05741,STU05741,14.75,22,91.67,2,86.57,38,2026-10-02
ENG05742,STU05742,8.82,12,63.16,7,58.95,13,2026-10-02
ENG05743,STU05743,0,6,35.29,11,52.37,1,2026-10-02
ENG05744,STU05744,6.45,17,77.27,5,48.4,20,2026-10-02
ENG05745,STU05745,12.53,18,90.0,2,81.44,27,2026-10-02
ENG05746,STU05746,13.71,14,82.35,3,87.85,31,2026-10-02
ENG05747,STU05747,10.92,13,81.25,3,75.7,36,2026-10-02
ENG05748,STU05748,11.86,20,83.33,4,81.05,27,2026-10-02
ENG05749,STU05749,6.17,9,75.0,3,47.19,22,2026-10-02
ENG05750,STU05750,0,11,57.89,8,31.85,9,2026-10-02
ENG05751,STU05751,13.05,20,90.91,2,74.96,21,2026-10-02
ENG05752,STU05752,7.13,13,86.67,2,64.09,30,2026-10-02
ENG05753,STU05753,5.73,10,55.56,8,48.66,21,2026-10-02
ENG05754,STU05754,5.08,10,55.56,8,47.45,17,2026-10-02
ENG05755,STU05755,10.61,14,87.5,2,68.11,18,2026-10-02
ENG05756,STU05756,11.73,11,91.67,1,80.91,36,2026-10-02
ENG05757,STU05757,12.64,8,61.54,5,63.33,29,2026-10-02
ENG05758,STU05758,4.82,15,68.18,7,58.05,12,2026-10-02
ENG05759,STU05759,4.22,7,53.85,6,34.48,10,2026-10-02
ENG05760,STU05760,5.54,11,61.11,7,54.61,16,2026-10-02
ENG05761,STU05761,5.09,16,72.73,6,55.94,11,2026-10-02
ENG05762,STU05762,15.21,15,83.33,3,82.37,28,2026-10-02
ENG05763,STU05763,7.74,10,71.43,4,63.04,8,2026-10-02
ENG05764,STU05764,11.52,18,78.26,5,73.9,35,2026-10-02
ENG05765,STU05765,9.07,9,60.0,6,61.71,23,2026-10-02
ENG05766,STU05766,8.3,13,81.25,3,70.02,21,2026-10-02
ENG05767,STU05767,10.14,16,76.19,5,57.38,31,2026-10-02
ENG05768,STU05768,5.34,7,46.67,8,39.26,6,2026-10-02
ENG05769,STU05769,11.34,10,76.92,3,72.01,21,2026-10-02
ENG05770,STU05770,0,11,61.11,7,40.1,12,2026-10-02
ENG05771,STU05771,2.67,15,62.5,9,46.25,13,2026-10-02
ENG05772,STU05772,2.87,7,58.33,5,62.11,8,2026-10-02
ENG05773,STU05773,6.53,11,68.75,5,54.28,22,2026-10-02
ENG05774,STU05774,2.35,9,47.37,10,42.91,5,2026-10-02
ENG05775,STU05775,18.34,13,100.0,0,96.45,39,2026-10-02
ENG05776,STU05776,0,6,37.5,10,26.86,3,2026-10-02
ENG05777,STU05777,9.18,14,70.0,6,67.78,14,2026-10-02
ENG05778,STU05778,0,10,58.82,7,39.96,10,2026-10-02
ENG05779,STU05779,4.09,8,47.06,9,55.42,17,2026-10-02
ENG05780,STU05780,10.6,19,86.36,3,68.33,31,2026-10-02
ENG05781,STU05781,7.87,15,71.43,6,63.69,18,2026-10-02
ENG05782,STU05782,4.64,11,50.0,11,56.95,4,2026-10-02
ENG05783,STU05783,0.53,9,42.86,12,65.07,0,2026-10-02
ENG05784,STU05784,10.29,10,62.5,6,71.68,18,2026-10-02
ENG05785,STU05785,12.81,10,83.33,2,74.36,23,2026-10-02
ENG05786,STU05786,1.41,8,66.67,4,60.29,3,2026-10-02
ENG05787,STU05787,15.76,13,86.67,2,79.85,22,2026-10-02
ENG05788,STU05788,0,8,40.0,12,42.69,13,2026-10-02
ENG05789,STU05789,14.79,12,100.0,0,87.05,33,2026-10-02
ENG05790,STU05790,6.16,9,60.0,6,48.22,15,2026-10-02
ENG05791,STU05791,14.28,15,83.33,3,44.83,28,2026-10-02
ENG05792,STU05792,12.64,9,75.0,3,70.26,31,2026-10-02
ENG05793,STU05793,0,7,31.82,15,37.4,5,2026-10-02
ENG05794,STU05794,7.54,13,81.25,3,68.64,24,2026-10-02
ENG05795,STU05795,4.52,13,72.22,5,50.8,4,2026-10-02
ENG05796,STU05796,5.62,8,61.54,5,60.81,12,2026-10-02
ENG05797,STU05797,13.56,11,78.57,3,79.75,18,2026-10-02
ENG05798,STU05798,4.44,6,42.86,8,38.88,19,2026-10-02
ENG05799,STU05799,11.48,16,72.73,6,63.57,26,2026-10-02
ENG05800,STU05800,11.44,14,66.67,7,75.11,23,2026-10-02
ENG05801,STU05801,10.31,8,66.67,4,60.74,23,2026-10-02
ENG05802,STU05802,17.56,14,73.68,5,66.24,31,2026-10-02
ENG05803,STU05803,17.15,16,69.57,7,60.47,42,2026-10-02
ENG05804,STU05804,10.02,9,64.29,5,47.77,14,2026-10-02
ENG05805,STU05805,10.0,12,70.59,5,71.15,29,2026-10-02
ENG05806,STU05806,12.67,10,71.43,4,69.95,34,2026-10-02
ENG05807,STU05807,17.05,17,85.0,3,73.95,33,2026-10-02
ENG05808,STU05808,16.53,18,90.0,2,83.5,45,2026-10-02
ENG05809,STU05809,12.54,13,54.17,11,63.2,15,2026-10-02
ENG05810,STU05810,0,8,50.0,8,34.31,0,2026-10-02
ENG05811,STU05811,9.25,14,66.67,7,59.75,15,2026-10-02
ENG05812,STU05812,14.65,19,79.17,5,77.89,21,2026-10-02
ENG05813,STU05813,1.98,12,52.17,11,38.65,4,2026-10-02
ENG05814,STU05814,9.88,11,68.75,5,67.13,23,2026-10-02
ENG05815,STU05815,4.47,13,81.25,3,63.38,15,2026-10-02
ENG05816,STU05816,8.37,15,71.43,6,51.33,19,2026-10-02
ENG05817,STU05817,8.87,15,78.95,4,63.0,23,2026-10-02
ENG05818,STU05818,4.33,10,71.43,4,53.0,15,2026-10-02
ENG05819,STU05819,5.72,8,61.54,5,50.2,13,2026-10-02
ENG05820,STU05820,4.18,13,59.09,9,55.81,8,2026-10-02
ENG05821,STU05821,4.44,16,72.73,6,63.63,11,2026-10-02
ENG05822,STU05822,0,8,40.0,12,39.16,0,2026-10-02
ENG05823,STU05823,11.49,10,76.92,3,63.93,17,2026-10-02
ENG05824,STU05824,9.84,17,85.0,3,86.16,26,2026-10-02
ENG05825,STU05825,2.46,13,59.09,9,46.47,12,2026-10-02
ENG05826,STU05826,0,7,38.89,11,48.69,5,2026-10-02
ENG05827,STU05827,4.59,13,76.47,4,52.54,16,2026-10-02
ENG05828,STU05828,8.52,11,68.75,5,74.33,16,2026-10-02
ENG05829,STU05829,20.51,19,95.0,1,84.57,48,2026-10-02
ENG05830,STU05830,6.37,13,56.52,10,71.21,21,2026-10-02
ENG05831,STU05831,11.99,12,100.0,0,91.43,22,2026-10-02
ENG05832,STU05832,23.03,10,83.33,2,89.95,41,2026-10-02
ENG05833,STU05833,4.98,10,47.62,11,66.5,23,2026-10-02
ENG05834,STU05834,19.21,19,100.0,0,79.14,29,2026-10-02
ENG05835,STU05835,3.14,8,66.67,4,54.59,16,2026-10-02
ENG05836,STU05836,13.48,14,87.5,2,78.63,23,2026-10-02
ENG05837,STU05837,5.41,15,68.18,7,50.13,18,2026-10-02
ENG05838,STU05838,15.36,21,87.5,3,69.09,29,2026-10-02
ENG05839,STU05839,0,12,52.17,11,34.49,10,2026-10-02
ENG05840,STU05840,9.32,9,64.29,5,68.46,29,2026-10-02
ENG05841,STU05841,14.08,12,57.14,9,63.79,20,2026-10-02
ENG05842,STU05842,1.72,8,61.54,5,53.05,9,2026-10-02
ENG05843,STU05843,9.29,16,69.57,7,60.56,16,2026-10-02
ENG05844,STU05844,14.96,16,88.89,2,76.57,28,2026-10-02
ENG05845,STU05845,0,5,38.46,8,34.74,4,2026-10-02
ENG05846,STU05846,6.13,12,75.0,4,62.03,4,2026-10-02
ENG05847,STU05847,9.39,13,81.25,3,62.34,17,2026-10-02
ENG05848,STU05848,0,12,57.14,9,40.84,4,2026-10-02
ENG05849,STU05849,14.62,14,82.35,3,69.22,31,2026-10-02
ENG05850,STU05850,0.65,8,42.11,11,36.3,0,2026-10-02
ENG05851,STU05851,8.75,7,46.67,8,52.59,17,2026-10-02
ENG05852,STU05852,2.7,12,63.16,7,62.96,12,2026-10-02
ENG05853,STU05853,8.53,13,72.22,5,63.58,20,2026-10-02
ENG05854,STU05854,0.55,8,50.0,8,65.79,6,2026-10-02
ENG05855,STU05855,0,9,60.0,6,57.2,8,2026-10-02
ENG05856,STU05856,10.09,16,72.73,6,69.83,28,2026-10-02
ENG05857,STU05857,5.37,15,83.33,3,64.18,10,2026-10-02
ENG05858,STU05858,7.17,13,65.0,7,42.77,22,2026-10-02
ENG05859,STU05859,12.85,22,91.67,2,63.91,32,2026-10-02
ENG05860,STU05860,10.72,15,68.18,7,42.0,15,2026-10-02
ENG05861,STU05861,11.36,13,72.22,5,79.7,23,2026-10-02
ENG05862,STU05862,5.77,17,80.95,4,62.07,21,2026-10-02
ENG05863,STU05863,13.42,11,64.71,6,72.51,30,2026-10-02
ENG05864,STU05864,5.04,15,65.22,8,65.16,15,2026-10-02
ENG05865,STU05865,8.21,17,73.91,6,62.11,23,2026-10-02
ENG05866,STU05866,18.69,12,100.0,0,92.69,41,2026-10-02
ENG05867,STU05867,6.81,11,57.89,8,36.49,13,2026-10-02
ENG05868,STU05868,0,6,40.0,9,22.44,4,2026-10-02
ENG05869,STU05869,8.33,12,75.0,4,73.38,14,2026-10-02
ENG05870,STU05870,13.69,17,85.0,3,65.48,39,2026-10-02
ENG05871,STU05871,0,8,38.1,13,30.62,0,2026-10-02
ENG05872,STU05872,4.03,10,55.56,8,50.85,8,2026-10-02
ENG05873,STU05873,20.22,22,91.67,2,96.99,43,2026-10-02
ENG05874,STU05874,2.87,12,70.59,5,50.16,9,2026-10-02
ENG05875,STU05875,0,12,54.55,10,48.91,3,2026-10-02
ENG05876,STU05876,0.19,12,52.17,11,34.28,3,2026-10-02
ENG05877,STU05877,12.02,18,75.0,6,51.7,27,2026-10-02
ENG05878,STU05878,12.87,9,75.0,3,60.55,13,2026-10-02
ENG05879,STU05879,13.95,18,85.71,3,72.3,32,2026-10-02
ENG05880,STU05880,10.57,9,69.23,4,51.93,19,2026-10-02
ENG05881,STU05881,0,7,41.18,10,43.01,11,2026-10-02
ENG05882,STU05882,6.2,15,62.5,9,64.5,13,2026-10-02
ENG05883,STU05883,17.88,19,86.36,3,82.25,29,2026-10-02
ENG05884,STU05884,10.53,16,66.67,8,72.87,26,2026-10-02
ENG05885,STU05885,9.42,8,66.67,4,53.67,23,2026-10-02
ENG05886,STU05886,1.38,5,35.71,9,45.2,10,2026-10-02
ENG05887,STU05887,6.17,8,66.67,4,46.55,12,2026-10-02
ENG05888,STU05888,12.06,12,80.0,3,68.51,31,2026-10-02
ENG05889,STU05889,2.1,5,35.71,9,44.22,4,2026-10-02
ENG05890,STU05890,6.17,11,73.33,4,67.66,27,2026-10-02
ENG05891,STU05891,8.08,7,53.85,6,69.23,14,2026-10-02
ENG05892,STU05892,6.36,16,84.21,3,48.98,23,2026-10-02
ENG05893,STU05893,7.75,4,28.57,10,40.18,20,2026-10-02
ENG05894,STU05894,3.74,8,66.67,4,59.05,12,2026-10-02
ENG05895,STU05895,5.2,13,54.17,11,35.87,19,2026-10-02
ENG05896,STU05896,4.02,13,59.09,9,38.27,10,2026-10-02
ENG05897,STU05897,13.1,18,78.26,5,81.15,22,2026-10-02
ENG05898,STU05898,0,7,53.85,6,61.85,8,2026-10-02
ENG05899,STU05899,0,4,25.0,12,38.29,2,2026-10-02
ENG05900,STU05900,5.83,9,56.25,7,49.18,10,2026-10-02
ENG05901,STU05901,20.97,15,100.0,0,65.08,45,2026-10-02
ENG05902,STU05902,12.7,17,85.0,3,81.98,23,2026-10-02
ENG05903,STU05903,9.5,7,58.33,5,76.11,20,2026-10-02
ENG05904,STU05904,2.77,9,69.23,4,58.69,4,2026-10-02
ENG05905,STU05905,13.83,16,80.0,4,75.25,26,2026-10-02
ENG05906,STU05906,4.51,10,83.33,2,65.74,19,2026-10-02
ENG05907,STU05907,11.15,12,75.0,4,58.0,25,2026-10-02
ENG05908,STU05908,10.92,18,81.82,4,69.53,24,2026-10-02
ENG05909,STU05909,12.51,8,61.54,5,69.5,21,2026-10-02
ENG05910,STU05910,7.55,9,52.94,8,60.01,22,2026-10-02
ENG05911,STU05911,8.65,15,83.33,3,63.48,33,2026-10-02
ENG05912,STU05912,5.27,12,52.17,11,66.91,9,2026-10-02
ENG05913,STU05913,3.66,10,71.43,4,59.74,14,2026-10-02
ENG05914,STU05914,7.02,12,54.55,10,46.55,15,2026-10-02
ENG05915,STU05915,4.81,7,43.75,9,67.09,20,2026-10-02
ENG05916,STU05916,8.75,18,100.0,0,78.75,18,2026-10-02
ENG05917,STU05917,3.41,16,72.73,6,73.41,17,2026-10-02
ENG05918,STU05918,11.72,12,75.0,4,72.73,29,2026-10-02
ENG05919,STU05919,6.21,14,77.78,4,53.11,18,2026-10-02
ENG05920,STU05920,17.98,20,100.0,0,89.06,39,2026-10-02
ENG05921,STU05921,4.96,8,61.54,5,60.9,10,2026-10-02
ENG05922,STU05922,9.99,10,55.56,8,55.87,18,2026-10-02
ENG05923,STU05923,7.17,14,70.0,6,64.89,22,2026-10-02
ENG05924,STU05924,14.24,16,88.89,2,79.83,28,2026-10-02
ENG05925,STU05925,25.89,21,95.45,1,100.0,54,2026-10-02
ENG05926,STU05926,8.68,8,50.0,8,45.38,6,2026-10-02
ENG05927,STU05927,2.55,15,71.43,6,61.38,12,2026-10-02
ENG05928,STU05928,13.92,11,78.57,3,72.11,22,2026-10-02
ENG05929,STU05929,8.7,18,90.0,2,53.43,27,2026-10-02
ENG05930,STU05930,9.94,13,68.42,6,54.26,23,2026-10-02
ENG05931,STU05931,4.13,6,46.15,7,58.96,17,2026-10-02
ENG05932,STU05932,18.7,15,100.0,0,97.87,44,2026-10-02
ENG05933,STU05933,7.21,13,54.17,11,65.77,30,2026-10-02
ENG05934,STU05934,6.33,7,58.33,5,56.64,20,2026-10-02
ENG05935,STU05935,10.06,11,68.75,5,64.02,19,2026-10-02
ENG05936,STU05936,2.91,7,41.18,10,38.22,1,2026-10-02
ENG05937,STU05937,12.06,12,75.0,4,64.76,33,2026-10-02
ENG05938,STU05938,8.45,20,90.91,2,69.75,34,2026-10-02
ENG05939,STU05939,10.82,8,66.67,4,56.77,26,2026-10-02
ENG05940,STU05940,12.01,15,65.22,8,49.57,36,2026-10-02
ENG05941,STU05941,7.47,13,59.09,9,72.33,15,2026-10-02
ENG05942,STU05942,5.16,8,53.33,7,51.55,12,2026-10-02
ENG05943,STU05943,0,7,43.75,9,52.86,3,2026-10-02
ENG05944,STU05944,3.77,11,50.0,11,43.04,14,2026-10-02
ENG05945,STU05945,4.02,9,64.29,5,52.5,17,2026-10-02
ENG05946,STU05946,7.77,12,80.0,3,55.47,27,2026-10-02
ENG05947,STU05947,6.27,15,75.0,5,58.71,17,2026-10-02
ENG05948,STU05948,13.34,12,70.59,5,76.33,24,2026-10-02
ENG05949,STU05949,4.29,7,58.33,5,63.52,8,2026-10-02
ENG05950,STU05950,7.23,12,57.14,9,67.06,16,2026-10-02
ENG05951,STU05951,5.4,12,60.0,8,56.96,20,2026-10-02
ENG05952,STU05952,8.91,18,75.0,6,65.12,18,2026-10-02
ENG05953,STU05953,15.57,18,85.71,3,81.88,40,2026-10-02
ENG05954,STU05954,14.39,17,77.27,5,65.2,33,2026-10-02
ENG05955,STU05955,0,6,50.0,6,63.83,8,2026-10-02
ENG05956,STU05956,7.56,8,57.14,6,46.98,12,2026-10-02
ENG05957,STU05957,8.19,11,73.33,4,56.47,28,2026-10-02
ENG05958,STU05958,0,11,50.0,11,48.55,0,2026-10-02
ENG05959,STU05959,10.78,15,65.22,8,71.69,30,2026-10-02
ENG05960,STU05960,0.18,7,58.33,5,54.39,2,2026-10-02
ENG05961,STU05961,10.12,12,54.55,10,52.88,22,2026-10-02
ENG05962,STU05962,4.56,13,56.52,10,47.73,19,2026-10-02
ENG05963,STU05963,4.36,12,66.67,6,51.23,11,2026-10-02
ENG05964,STU05964,5.51,15,78.95,4,73.43,23,2026-10-02
ENG05965,STU05965,1.19,10,58.82,7,37.83,9,2026-10-02
ENG05966,STU05966,9.09,8,53.33,7,58.16,7,2026-10-02
ENG05967,STU05967,8.33,11,68.75,5,59.3,15,2026-10-02
ENG05968,STU05968,6.96,13,59.09,9,54.91,16,2026-10-02
ENG05969,STU05969,0.99,9,47.37,10,56.91,5,2026-10-02
ENG05970,STU05970,9.12,19,79.17,5,53.95,25,2026-10-02
ENG05971,STU05971,10.76,18,81.82,4,70.84,33,2026-10-02
ENG05972,STU05972,3.48,8,53.33,7,63.72,4,2026-10-02
ENG05973,STU05973,11.05,15,65.22,8,53.45,28,2026-10-02
ENG05974,STU05974,0,8,33.33,16,42.76,0,2026-10-02
ENG05975,STU05975,3.16,17,73.91,6,69.78,0,2026-10-02
ENG05976,STU05976,4.44,10,76.92,3,65.73,14,2026-10-02
ENG05977,STU05977,7.73,15,78.95,4,68.48,23,2026-10-02
ENG05978,STU05978,12.87,12,100.0,0,82.38,29,2026-10-02
ENG05979,STU05979,21.11,16,100.0,0,100.0,38,2026-10-02
ENG05980,STU05980,13.77,9,75.0,3,57.94,31,2026-10-02
ENG05981,STU05981,9.99,9,69.23,4,57.5,25,2026-10-02
ENG05982,STU05982,4.38,6,46.15,7,52.91,14,2026-10-02
ENG05983,STU05983,7.91,10,50.0,10,52.77,10,2026-10-02
ENG05984,STU05984,9.51,17,77.27,5,72.98,19,2026-10-02
ENG05985,STU05985,7.05,10,66.67,5,66.74,23,2026-10-02
ENG05986,STU05986,0.98,11,61.11,7,72.73,12,2026-10-02
ENG05987,STU05987,15.08,8,57.14,6,75.15,28,2026-10-02
ENG05988,STU05988,3.59,13,68.42,6,47.83,5,2026-10-02
ENG05989,STU05989,21.2,13,92.86,1,77.63,48,2026-10-02
ENG05990,STU05990,15.37,11,91.67,1,74.79,27,2026-10-02
ENG05991,STU05991,3.56,11,61.11,7,57.0,10,2026-10-02
ENG05992,STU05992,2.59,6,50.0,6,61.05,12,2026-10-02
ENG05993,STU05993,11.5,13,72.22,5,81.78,19,2026-10-02
ENG05994,STU05994,7.71,11,61.11,7,58.81,11,2026-10-02
ENG05995,STU05995,8.95,17,89.47,2,83.8,23,2026-10-02
ENG05996,STU05996,11.59,16,80.0,4,75.82,30,2026-10-02
ENG05997,STU05997,0.67,10,43.48,13,29.72,7,2026-10-02
ENG05998,STU05998,7.68,12,85.71,2,75.25,22,2026-10-02
ENG05999,STU05999,8.65,9,56.25,7,47.04,19,2026-10-02
ENG06000,STU06000,0,8,34.78,15,28.14,0,2026-10-02
ENG06001,STU06001,3.97,9,60.0,6,49.7,15,2026-10-02
ENG06002,STU06002,6.06,16,66.67,8,49.78,19,2026-10-02
ENG06003,STU06003,9.64,16,69.57,7,63.89,14,2026-10-02
ENG06004,STU06004,10.86,13,54.17,11,42.62,21,2026-10-02
ENG06005,STU06005,11.94,13,76.47,4,59.86,32,2026-10-02
ENG06006,STU06006,9.97,9,52.94,8,67.04,15,2026-10-02
ENG06007,STU06007,6.28,11,50.0,11,45.91,13,2026-10-02
ENG06008,STU06008,2.32,7,50.0,7,39.08,12,2026-10-02
ENG06009,STU06009,12.64,19,79.17,5,75.31,28,2026-10-02
ENG06010,STU06010,7.35,12,80.0,3,68.15,17,2026-10-02
ENG06011,STU06011,9.76,14,63.64,8,49.75,26,2026-10-02
ENG06012,STU06012,2.9,11,78.57,3,62.04,14,2026-10-02
ENG06013,STU06013,12.2,12,60.0,8,59.46,26,2026-10-02
ENG06014,STU06014,10.86,11,68.75,5,59.95,28,2026-10-02
ENG06015,STU06015,7.86,10,66.67,5,43.06,23,2026-10-02
ENG06016,STU06016,6.17,11,68.75,5,48.57,7,2026-10-02
ENG06017,STU06017,0.04,8,47.06,9,47.01,10,2026-10-02
ENG06018,STU06018,0.59,8,57.14,6,46.22,12,2026-10-02
ENG06019,STU06019,12.4,8,66.67,4,66.71,27,2026-10-02
ENG06020,STU06020,7.84,15,78.95,4,66.39,23,2026-10-02
ENG06021,STU06021,18.27,10,66.67,5,85.61,34,2026-10-02
ENG06022,STU06022,17.53,8,66.67,4,75.05,33,2026-10-02
ENG06023,STU06023,13.96,15,83.33,3,88.91,23,2026-10-02
ENG06024,STU06024,6.24,12,60.0,8,59.43,20,2026-10-02
ENG06025,STU06025,0,7,31.82,15,39.18,8,2026-10-02
ENG06026,STU06026,9.56,22,95.65,1,78.55,22,2026-10-02
ENG06027,STU06027,14.87,10,66.67,5,71.8,32,2026-10-02
ENG06028,STU06028,20.56,15,75.0,5,93.19,27,2026-10-02
ENG06029,STU06029,9.13,18,75.0,6,82.4,21,2026-10-02
ENG06030,STU06030,5.13,17,80.95,4,75.47,19,2026-10-02
ENG06031,STU06031,10.44,13,68.42,6,59.98,27,2026-10-02
ENG06032,STU06032,12.54,14,66.67,7,73.96,15,2026-10-02
ENG06033,STU06033,6.8,11,55.0,9,61.98,22,2026-10-02
ENG06034,STU06034,0,9,45.0,11,58.54,15,2026-10-02
ENG06035,STU06035,8.99,14,58.33,10,60.18,23,2026-10-02
ENG06036,STU06036,7.96,12,92.31,1,63.43,17,2026-10-02
ENG06037,STU06037,3.11,11,50.0,11,40.39,11,2026-10-02
ENG06038,STU06038,17.85,22,95.65,1,76.81,49,2026-10-02
ENG06039,STU06039,8.3,7,58.33,5,69.67,16,2026-10-02
ENG06040,STU06040,9.51,16,88.89,2,69.78,15,2026-10-02
ENG06041,STU06041,12.05,11,73.33,4,75.05,37,2026-10-02
ENG06042,STU06042,0.19,8,61.54,5,36.98,3,2026-10-02
ENG06043,STU06043,8.9,18,78.26,5,54.89,16,2026-10-02
ENG06044,STU06044,10.9,9,75.0,3,69.56,21,2026-10-02
ENG06045,STU06045,6.35,12,66.67,6,51.32,13,2026-10-02
ENG06046,STU06046,14.39,16,84.21,3,59.63,27,2026-10-02
ENG06047,STU06047,7.68,16,66.67,8,58.41,20,2026-10-02
ENG06048,STU06048,6.58,7,58.33,5,60.68,22,2026-10-02
ENG06049,STU06049,0.04,9,52.94,8,61.51,9,2026-10-02
ENG06050,STU06050,7.31,17,70.83,7,53.39,17,2026-10-02
ENG06051,STU06051,12.51,15,75.0,5,66.16,30,2026-10-02
ENG06052,STU06052,13.93,21,91.3,2,66.88,26,2026-10-02
ENG06053,STU06053,6.89,10,76.92,3,76.18,16,2026-10-02
ENG06054,STU06054,13.63,17,73.91,6,74.79,23,2026-10-02
ENG06055,STU06055,10.58,21,87.5,3,80.76,28,2026-10-02
ENG06056,STU06056,7.76,11,64.71,6,61.0,17,2026-10-02
ENG06057,STU06057,2.31,10,66.67,5,65.38,3,2026-10-02
ENG06058,STU06058,0.29,9,50.0,9,49.94,11,2026-10-02
ENG06059,STU06059,5.71,11,52.38,10,54.34,9,2026-10-02
ENG06060,STU06060,7.72,16,76.19,5,76.69,28,2026-10-02
ENG06061,STU06061,4.47,7,50.0,7,43.93,7,2026-10-02
ENG06062,STU06062,9.82,22,95.65,1,83.96,28,2026-10-02
ENG06063,STU06063,6.3,7,58.33,5,65.65,13,2026-10-02
ENG06064,STU06064,9.11,10,71.43,4,50.79,26,2026-10-02
ENG06065,STU06065,4.11,13,54.17,11,63.11,4,2026-10-02
ENG06066,STU06066,4.92,15,75.0,5,68.66,17,2026-10-02
ENG06067,STU06067,11.11,12,100.0,0,87.7,23,2026-10-02
ENG06068,STU06068,8.27,12,60.0,8,62.21,15,2026-10-02
ENG06069,STU06069,6.23,12,70.59,5,64.37,10,2026-10-02
ENG06070,STU06070,11.83,12,66.67,6,63.9,18,2026-10-02
ENG06071,STU06071,5.31,11,57.89,8,62.86,13,2026-10-02
ENG06072,STU06072,2.63,11,52.38,10,44.45,11,2026-10-02
ENG06073,STU06073,20.56,13,100.0,0,87.12,36,2026-10-02
ENG06074,STU06074,17.7,19,100.0,0,84.64,40,2026-10-02
ENG06075,STU06075,5.87,11,52.38,10,71.14,16,2026-10-02
ENG06076,STU06076,4.65,9,69.23,4,55.52,11,2026-10-02
ENG06077,STU06077,21.25,22,95.65,1,83.73,40,2026-10-02
ENG06078,STU06078,12.79,18,75.0,6,54.11,29,2026-10-02
ENG06079,STU06079,2.85,14,70.0,6,57.8,10,2026-10-02
ENG06080,STU06080,8.14,13,72.22,5,58.97,16,2026-10-02
ENG06081,STU06081,6.27,9,56.25,7,71.83,9,2026-10-02
ENG06082,STU06082,13.69,12,66.67,6,65.83,33,2026-10-02
ENG06083,STU06083,6.48,11,50.0,11,63.29,21,2026-10-02
ENG06084,STU06084,11.47,23,95.83,1,95.27,32,2026-10-02
ENG06085,STU06085,1.06,5,41.67,7,35.18,13,2026-10-02
ENG06086,STU06086,10.93,13,68.42,6,51.08,34,2026-10-02
ENG06087,STU06087,17.65,20,86.96,3,90.65,30,2026-10-02
ENG06088,STU06088,7.34,14,60.87,9,53.36,15,2026-10-02
ENG06089,STU06089,2.65,7,53.85,6,69.34,12,2026-10-02
ENG06090,STU06090,5.09,14,77.78,4,71.82,13,2026-10-02
ENG06091,STU06091,17.11,19,86.36,3,89.51,35,2026-10-02
ENG06092,STU06092,3.3,13,59.09,9,44.5,11,2026-10-02
ENG06093,STU06093,7.26,11,73.33,4,77.66,18,2026-10-02
ENG06094,STU06094,10.94,14,73.68,5,67.72,27,2026-10-02
ENG06095,STU06095,7.25,22,100.0,0,68.51,30,2026-10-02
ENG06096,STU06096,0,6,31.58,13,30.27,0,2026-10-02
ENG06097,STU06097,11.66,21,87.5,3,81.98,31,2026-10-02
ENG06098,STU06098,13.74,13,65.0,7,58.32,32,2026-10-02
ENG06099,STU06099,13.13,18,75.0,6,74.14,24,2026-10-02
ENG06100,STU06100,9.57,8,61.54,5,70.56,17,2026-10-02
ENG06101,STU06101,6.31,17,80.95,4,72.04,17,2026-10-02
ENG06102,STU06102,10.53,9,64.29,5,79.5,15,2026-10-02
ENG06103,STU06103,16.65,11,91.67,1,73.55,33,2026-10-02
ENG06104,STU06104,1.65,9,47.37,10,49.01,12,2026-10-02
ENG06105,STU06105,14.41,13,81.25,3,72.36,25,2026-10-02
ENG06106,STU06106,5.57,9,45.0,11,48.2,8,2026-10-02
ENG06107,STU06107,24.11,15,100.0,0,98.4,54,2026-10-02
ENG06108,STU06108,0.31,9,50.0,9,39.61,7,2026-10-02
ENG06109,STU06109,0.31,8,57.14,6,46.12,6,2026-10-02
ENG06110,STU06110,12.52,14,87.5,2,55.39,31,2026-10-02
ENG06111,STU06111,7.97,15,78.95,4,57.06,13,2026-10-02
ENG06112,STU06112,0,10,50.0,10,47.14,3,2026-10-02
ENG06113,STU06113,6.0,13,65.0,7,63.15,13,2026-10-02
ENG06114,STU06114,0.88,7,31.82,15,39.43,0,2026-10-02
ENG06115,STU06115,8.93,14,66.67,7,61.41,14,2026-10-02
ENG06116,STU06116,18.8,15,100.0,0,90.21,39,2026-10-02
ENG06117,STU06117,7.97,11,64.71,6,66.36,30,2026-10-02
ENG06118,STU06118,6.25,10,47.62,11,64.34,9,2026-10-02
ENG06119,STU06119,5.6,13,86.67,2,62.99,20,2026-10-02
ENG06120,STU06120,7.57,9,69.23,4,48.13,6,2026-10-02
ENG06121,STU06121,11.82,14,60.87,9,57.86,20,2026-10-02
ENG06122,STU06122,17.01,21,95.45,1,81.52,42,2026-10-02
ENG06123,STU06123,8.9,10,76.92,3,57.38,23,2026-10-02
ENG06124,STU06124,4.22,12,75.0,4,58.64,21,2026-10-02
ENG06125,STU06125,9.37,19,82.61,4,60.46,22,2026-10-02
ENG06126,STU06126,10.16,10,47.62,11,62.73,15,2026-10-02
ENG06127,STU06127,10.45,11,73.33,4,61.58,16,2026-10-02
ENG06128,STU06128,13.05,18,94.74,1,87.21,32,2026-10-02
ENG06129,STU06129,0,10,52.63,9,52.58,6,2026-10-02
ENG06130,STU06130,2.82,7,41.18,10,36.19,16,2026-10-02
ENG06131,STU06131,7.85,14,63.64,8,55.57,21,2026-10-02
ENG06132,STU06132,7.82,16,80.0,4,66.04,13,2026-10-02
ENG06133,STU06133,6.92,13,59.09,9,48.48,25,2026-10-02
ENG06134,STU06134,13.64,17,77.27,5,90.94,27,2026-10-02
ENG06135,STU06135,22.47,21,91.3,2,88.98,52,2026-10-02
ENG06136,STU06136,3.6,16,66.67,8,70.77,0,2026-10-02
ENG06137,STU06137,9.2,15,75.0,5,74.59,23,2026-10-02
ENG06138,STU06138,0,9,39.13,14,37.87,8,2026-10-02
ENG06139,STU06139,9.74,11,61.11,7,56.18,14,2026-10-02
ENG06140,STU06140,3.24,6,50.0,6,48.4,8,2026-10-02
ENG06141,STU06141,10.66,8,57.14,6,61.23,17,2026-10-02
ENG06142,STU06142,2.63,13,56.52,10,48.77,11,2026-10-02
ENG06143,STU06143,14.77,12,85.71,2,70.85,28,2026-10-02
ENG06144,STU06144,4.76,10,66.67,5,72.55,9,2026-10-02
ENG06145,STU06145,10.21,12,63.16,7,54.13,28,2026-10-02
ENG06146,STU06146,10.93,13,76.47,4,63.27,26,2026-10-02
ENG06147,STU06147,6.5,14,70.0,6,68.45,24,2026-10-02
ENG06148,STU06148,15.45,14,100.0,0,65.46,37,2026-10-02
ENG06149,STU06149,2.55,9,52.94,8,73.01,17,2026-10-02
ENG06150,STU06150,5.39,14,66.67,7,60.21,20,2026-10-02
ENG06151,STU06151,3.44,7,50.0,7,59.83,15,2026-10-02
ENG06152,STU06152,14.48,23,100.0,0,78.24,39,2026-10-02
ENG06153,STU06153,9.73,16,100.0,0,81.69,35,2026-10-02
ENG06154,STU06154,13.41,11,68.75,5,82.1,30,2026-10-02
ENG06155,STU06155,15.45,15,88.24,2,69.67,34,2026-10-02
ENG06156,STU06156,11.81,8,66.67,4,65.73,23,2026-10-02
ENG06157,STU06157,12.69,9,64.29,5,60.02,32,2026-10-02
ENG06158,STU06158,0.75,6,50.0,6,39.67,4,2026-10-02
ENG06159,STU06159,8.28,17,80.95,4,70.01,21,2026-10-02
ENG06160,STU06160,18.67,20,83.33,4,81.44,37,2026-10-02
ENG06161,STU06161,6.7,12,57.14,9,62.45,5,2026-10-02
ENG06162,STU06162,9.05,13,65.0,7,59.06,25,2026-10-02
ENG06163,STU06163,8.26,10,83.33,2,79.85,25,2026-10-02
ENG06164,STU06164,4.87,8,61.54,5,68.21,13,2026-10-02
ENG06165,STU06165,0.01,13,59.09,9,46.22,5,2026-10-02
ENG06166,STU06166,12.02,18,90.0,2,65.27,26,2026-10-02
ENG06167,STU06167,10.98,11,68.75,5,65.68,28,2026-10-02
ENG06168,STU06168,9.45,20,83.33,4,75.95,10,2026-10-02
ENG06169,STU06169,0,7,38.89,11,29.84,1,2026-10-02
ENG06170,STU06170,12.33,16,72.73,6,81.86,31,2026-10-02
ENG06171,STU06171,11.6,18,78.26,5,56.71,29,2026-10-02
ENG06172,STU06172,8.07,16,72.73,6,62.58,9,2026-10-02
ENG06173,STU06173,4.53,9,60.0,6,60.35,14,2026-10-02
ENG06174,STU06174,12.02,13,65.0,7,71.13,21,2026-10-02
ENG06175,STU06175,8.33,18,75.0,6,94.16,25,2026-10-02
ENG06176,STU06176,8.99,9,69.23,4,58.22,24,2026-10-02
ENG06177,STU06177,16.81,17,85.0,3,86.46,36,2026-10-02
ENG06178,STU06178,11.25,21,91.3,2,77.88,27,2026-10-02
ENG06179,STU06179,6.91,13,76.47,4,58.46,15,2026-10-02
ENG06180,STU06180,5.59,15,75.0,5,52.68,17,2026-10-02
ENG06181,STU06181,6.05,14,70.0,6,57.4,14,2026-10-02
ENG06182,STU06182,9.95,18,78.26,5,65.25,12,2026-10-02
ENG06183,STU06183,7.02,12,70.59,5,50.92,23,2026-10-02
ENG06184,STU06184,9.16,14,73.68,5,62.1,21,2026-10-02
ENG06185,STU06185,4.89,6,37.5,10,43.88,8,2026-10-02
ENG06186,STU06186,11.21,13,76.47,4,72.2,17,2026-10-02
ENG06187,STU06187,3.11,12,52.17,11,44.05,2,2026-10-02
ENG06188,STU06188,20.15,8,66.67,4,62.04,26,2026-10-02
ENG06189,STU06189,8.84,9,56.25,7,68.7,28,2026-10-02
ENG06190,STU06190,19.24,12,85.71,2,86.68,39,2026-10-02
ENG06191,STU06191,0.79,10,62.5,6,56.45,6,2026-10-02
ENG06192,STU06192,20.53,19,100.0,0,88.39,44,2026-10-02
ENG06193,STU06193,10.8,14,58.33,10,52.89,24,2026-10-02
ENG06194,STU06194,0,6,37.5,10,37.35,9,2026-10-02
ENG06195,STU06195,0.69,16,66.67,8,70.67,6,2026-10-02
ENG06196,STU06196,6.27,19,82.61,4,47.08,9,2026-10-02
ENG06197,STU06197,11.02,11,91.67,1,84.33,25,2026-10-02
ENG06198,STU06198,7.92,6,50.0,6,43.23,11,2026-10-02
ENG06199,STU06199,14.39,16,69.57,7,76.5,31,2026-10-02
ENG06200,STU06200,15.71,17,80.95,4,80.51,25,2026-10-02
ENG06201,STU06201,10.57,19,79.17,5,55.87,30,2026-10-02
ENG06202,STU06202,19.2,22,91.67,2,90.88,34,2026-10-02
ENG06203,STU06203,12.27,15,75.0,5,62.55,26,2026-10-02
ENG06204,STU06204,9.0,10,62.5,6,66.06,11,2026-10-02
ENG06205,STU06205,4.94,14,70.0,6,68.59,10,2026-10-02
ENG06206,STU06206,10.15,9,75.0,3,68.22,20,2026-10-02
ENG06207,STU06207,5.85,18,81.82,4,54.08,17,2026-10-02
ENG06208,STU06208,20.04,13,100.0,0,74.81,51,2026-10-02
ENG06209,STU06209,8.27,10,62.5,6,52.45,15,2026-10-02
ENG06210,STU06210,15.8,9,69.23,4,68.61,16,2026-10-02
ENG06211,STU06211,10.8,16,69.57,7,75.52,22,2026-10-02
ENG06212,STU06212,14.36,10,83.33,2,84.07,31,2026-10-02
ENG06213,STU06213,4.12,8,47.06,9,46.51,6,2026-10-02
ENG06214,STU06214,4.89,9,37.5,15,61.66,11,2026-10-02
ENG06215,STU06215,14.4,16,88.89,2,59.59,28,2026-10-02
ENG06216,STU06216,5.36,15,78.95,4,55.66,8,2026-10-02
ENG06217,STU06217,3.86,13,76.47,4,78.93,14,2026-10-02
ENG06218,STU06218,3.91,14,66.67,7,49.16,17,2026-10-02
ENG06219,STU06219,0,10,52.63,9,20.44,6,2026-10-02
ENG06220,STU06220,9.81,11,73.33,4,70.06,14,2026-10-02
ENG06221,STU06221,6.64,16,66.67,8,43.12,21,2026-10-02
ENG06222,STU06222,4.46,16,66.67,8,63.01,12,2026-10-02
ENG06223,STU06223,17.83,18,94.74,1,96.05,40,2026-10-02
ENG06224,STU06224,9.16,15,65.22,8,59.8,17,2026-10-02
ENG06225,STU06225,11.53,15,78.95,4,69.41,25,2026-10-02
ENG06226,STU06226,0.17,6,42.86,8,29.47,11,2026-10-02
ENG06227,STU06227,15.72,14,77.78,4,81.01,30,2026-10-02
ENG06228,STU06228,13.04,12,85.71,2,66.59,28,2026-10-02
ENG06229,STU06229,15.14,15,75.0,5,64.8,36,2026-10-02
ENG06230,STU06230,14.85,16,100.0,0,93.43,27,2026-10-02
ENG06231,STU06231,9.64,10,52.63,9,67.25,20,2026-10-02
ENG06232,STU06232,8.91,18,78.26,5,70.63,21,2026-10-02
ENG06233,STU06233,15.64,17,80.95,4,86.92,36,2026-10-02
ENG06234,STU06234,2.23,11,45.83,13,52.96,2,2026-10-02
ENG06235,STU06235,8.23,18,78.26,5,66.63,14,2026-10-02
ENG06236,STU06236,4.74,7,41.18,10,36.54,14,2026-10-02
ENG06237,STU06237,6.22,8,57.14,6,47.76,20,2026-10-02
ENG06238,STU06238,18.32,22,100.0,0,88.84,40,2026-10-02
ENG06239,STU06239,10.21,12,80.0,3,57.8,16,2026-10-02
ENG06240,STU06240,13.84,19,86.36,3,70.45,30,2026-10-02
ENG06241,STU06241,16.05,10,76.92,3,79.2,34,2026-10-02
ENG06242,STU06242,20.15,16,76.19,5,87.77,44,2026-10-02
ENG06243,STU06243,0,5,31.25,11,26.68,9,2026-10-02
ENG06244,STU06244,10.06,15,75.0,5,61.12,32,2026-10-02
ENG06245,STU06245,2.91,12,66.67,6,53.2,16,2026-10-02
ENG06246,STU06246,8.14,13,54.17,11,54.11,15,2026-10-02
ENG06247,STU06247,9.36,15,71.43,6,60.25,21,2026-10-02
ENG06248,STU06248,14.18,13,68.42,6,62.21,44,2026-10-02
ENG06249,STU06249,4.9,14,87.5,2,74.61,13,2026-10-02
ENG06250,STU06250,5.68,10,66.67,5,54.01,17,2026-10-02
ENG06251,STU06251,16.74,10,76.92,3,79.01,33,2026-10-02
ENG06252,STU06252,11.74,19,86.36,3,72.92,33,2026-10-02
ENG06253,STU06253,17.72,14,73.68,5,82.39,26,2026-10-02
ENG06254,STU06254,0.88,9,42.86,12,40.68,8,2026-10-02
ENG06255,STU06255,13.1,11,91.67,1,79.92,24,2026-10-02
ENG06256,STU06256,9.55,9,56.25,7,48.61,15,2026-10-02
ENG06257,STU06257,2.31,12,54.55,10,49.26,8,2026-10-02
ENG06258,STU06258,12.85,10,76.92,3,69.49,26,2026-10-02
ENG06259,STU06259,0,7,38.89,11,34.39,0,2026-10-02
ENG06260,STU06260,9.01,8,61.54,5,64.81,17,2026-10-02
ENG06261,STU06261,11.0,12,100.0,0,67.57,15,2026-10-02
ENG06262,STU06262,13.06,11,68.75,5,68.28,31,2026-10-02
ENG06263,STU06263,11.07,11,64.71,6,63.12,13,2026-10-02
ENG06264,STU06264,11.16,11,64.71,6,52.52,24,2026-10-02
ENG06265,STU06265,12.69,17,89.47,2,77.36,22,2026-10-02
ENG06266,STU06266,4.06,13,72.22,5,73.34,6,2026-10-02
ENG06267,STU06267,0,13,61.9,8,37.88,8,2026-10-02
ENG06268,STU06268,5.87,15,65.22,8,68.71,20,2026-10-02
ENG06269,STU06269,1.8,5,41.67,7,53.14,14,2026-10-02
ENG06270,STU06270,11.79,17,70.83,7,70.96,19,2026-10-02
ENG06271,STU06271,2.22,9,50.0,9,36.79,10,2026-10-02
ENG06272,STU06272,14.15,13,72.22,5,67.2,34,2026-10-02
ENG06273,STU06273,11.51,16,72.73,6,77.55,32,2026-10-02
ENG06274,STU06274,12.4,17,70.83,7,76.79,20,2026-10-02
ENG06275,STU06275,7.87,12,70.59,5,56.07,13,2026-10-02
ENG06276,STU06276,17.62,15,88.24,2,69.07,33,2026-10-02
ENG06277,STU06277,10.82,10,66.67,5,57.63,25,2026-10-02
ENG06278,STU06278,3.88,14,73.68,5,55.59,10,2026-10-02
ENG06279,STU06279,6.85,8,61.54,5,42.89,18,2026-10-02
ENG06280,STU06280,8.07,12,75.0,4,73.48,15,2026-10-02
ENG06281,STU06281,14.38,13,65.0,7,72.77,43,2026-10-02
ENG06282,STU06282,4.29,9,60.0,6,34.2,19,2026-10-02
ENG06283,STU06283,5.6,12,70.59,5,79.64,17,2026-10-02
ENG06284,STU06284,5.02,14,63.64,8,68.32,8,2026-10-02
ENG06285,STU06285,12.38,16,76.19,5,77.49,25,2026-10-02
ENG06286,STU06286,15.3,19,79.17,5,91.71,32,2026-10-02
ENG06287,STU06287,9.35,15,93.75,1,97.92,32,2026-10-02
ENG06288,STU06288,0,10,47.62,11,44.56,1,2026-10-02
ENG06289,STU06289,1.85,15,62.5,9,63.06,16,2026-10-02
ENG06290,STU06290,0,9,39.13,14,32.49,9,2026-10-02
ENG06291,STU06291,0,13,54.17,11,57.29,0,2026-10-02
ENG06292,STU06292,10.24,15,62.5,9,59.14,26,2026-10-02
ENG06293,STU06293,2.24,13,56.52,10,39.17,0,2026-10-02
ENG06294,STU06294,11.67,13,59.09,9,60.1,33,2026-10-02
ENG06295,STU06295,23.2,18,100.0,0,100.0,58,2026-10-02
ENG06296,STU06296,6.74,13,68.42,6,65.73,26,2026-10-02
ENG06297,STU06297,10.17,14,73.68,5,85.43,28,2026-10-02
ENG06298,STU06298,16.82,14,70.0,6,56.01,32,2026-10-02
ENG06299,STU06299,11.46,7,58.33,5,50.02,34,2026-10-02
ENG06300,STU06300,9.99,16,72.73,6,65.45,24,2026-10-02
ENG06301,STU06301,2.32,14,66.67,7,54.74,8,2026-10-02
ENG06302,STU06302,6.44,11,55.0,9,48.29,9,2026-10-02
ENG06303,STU06303,9.85,10,66.67,5,65.22,22,2026-10-02
ENG06304,STU06304,17.04,9,75.0,3,83.85,28,2026-10-02
ENG06305,STU06305,5.94,11,64.71,6,60.75,16,2026-10-02
ENG06306,STU06306,11.16,14,100.0,0,90.94,30,2026-10-02
ENG06307,STU06307,10.93,17,73.91,6,61.18,25,2026-10-02
ENG06308,STU06308,19.99,20,100.0,0,89.18,40,2026-10-02
ENG06309,STU06309,20.9,20,95.24,1,80.1,45,2026-10-02
ENG06310,STU06310,7.15,9,50.0,9,51.16,9,2026-10-02
ENG06311,STU06311,6.1,12,80.0,3,76.33,19,2026-10-02
ENG06312,STU06312,8.94,10,71.43,4,67.64,17,2026-10-02
ENG06313,STU06313,8.01,13,59.09,9,43.43,12,2026-10-02
ENG06314,STU06314,5.29,12,52.17,11,46.63,8,2026-10-02
ENG06315,STU06315,0,10,50.0,10,37.65,2,2026-10-02
ENG06316,STU06316,13.69,11,78.57,3,78.21,22,2026-10-02
ENG06317,STU06317,14.34,11,73.33,4,70.29,25,2026-10-02
ENG06318,STU06318,4.27,9,37.5,15,40.94,13,2026-10-02
ENG06319,STU06319,4.48,13,56.52,10,67.69,18,2026-10-02
ENG06320,STU06320,11.79,12,70.59,5,81.56,25,2026-10-02
ENG06321,STU06321,10.39,14,70.0,6,61.25,19,2026-10-02
ENG06322,STU06322,6.78,16,69.57,7,57.38,20,2026-10-02
ENG06323,STU06323,14.85,19,79.17,5,63.61,29,2026-10-02
ENG06324,STU06324,8.36,15,68.18,7,46.39,26,2026-10-02
ENG06325,STU06325,17.3,11,91.67,1,73.16,36,2026-10-02
ENG06326,STU06326,12.06,22,91.67,2,70.15,27,2026-10-02
ENG06327,STU06327,12.88,14,73.68,5,69.29,31,2026-10-02
ENG06328,STU06328,7.51,9,64.29,5,53.43,21,2026-10-02
ENG06329,STU06329,11.07,17,85.0,3,57.64,27,2026-10-02
ENG06330,STU06330,14.46,17,80.95,4,76.72,28,2026-10-02
ENG06331,STU06331,2.37,13,61.9,8,47.5,14,2026-10-02
ENG06332,STU06332,9.98,9,75.0,3,68.63,25,2026-10-02
ENG06333,STU06333,10.05,15,71.43,6,77.38,28,2026-10-02
ENG06334,STU06334,13.88,19,79.17,5,75.53,32,2026-10-02
ENG06335,STU06335,12.96,15,65.22,8,56.55,21,2026-10-02
ENG06336,STU06336,12.69,12,80.0,3,84.82,33,2026-10-02
ENG06337,STU06337,9.42,9,56.25,7,60.42,24,2026-10-02
ENG06338,STU06338,4.37,8,53.33,7,60.92,9,2026-10-02
ENG06339,STU06339,11.17,9,60.0,6,58.07,22,2026-10-02
ENG06340,STU06340,1.87,7,58.33,5,53.78,13,2026-10-02
ENG06341,STU06341,4.95,15,71.43,6,73.87,17,2026-10-02
ENG06342,STU06342,5.73,17,73.91,6,53.24,20,2026-10-02
ENG06343,STU06343,10.96,7,43.75,9,77.77,21,2026-10-02
ENG06344,STU06344,0,8,44.44,10,44.06,4,2026-10-02
ENG06345,STU06345,10.72,12,75.0,4,66.25,29,2026-10-02
ENG06346,STU06346,8.73,14,58.33,10,52.46,23,2026-10-02
ENG06347,STU06347,13.54,11,61.11,7,63.44,19,2026-10-02
ENG06348,STU06348,5.42,7,43.75,9,43.17,19,2026-10-02
ENG06349,STU06349,5.72,9,69.23,4,67.74,16,2026-10-02
ENG06350,STU06350,1.41,11,84.62,2,65.53,13,2026-10-02
ENG06351,STU06351,9.43,12,50.0,12,74.35,14,2026-10-02
ENG06352,STU06352,0,5,41.67,7,36.96,4,2026-10-02
ENG06353,STU06353,4.06,8,61.54,5,60.59,4,2026-10-02
ENG06354,STU06354,0,8,44.44,10,36.62,5,2026-10-02
ENG06355,STU06355,4.07,12,66.67,6,61.93,17,2026-10-02
ENG06356,STU06356,6.45,8,57.14,6,60.83,13,2026-10-02
ENG06357,STU06357,16.39,13,76.47,4,72.38,30,2026-10-02
ENG06358,STU06358,11.16,6,50.0,6,55.52,21,2026-10-02
ENG06359,STU06359,17.33,20,86.96,3,92.61,38,2026-10-02
ENG06360,STU06360,8.6,10,66.67,5,47.03,29,2026-10-02
ENG06361,STU06361,20.61,15,93.75,1,81.64,37,2026-10-02
ENG06362,STU06362,0,8,50.0,8,52.36,6,2026-10-02
ENG06363,STU06363,5.62,11,64.71,6,60.45,10,2026-10-02
ENG06364,STU06364,15.13,13,86.67,2,91.54,33,2026-10-02
ENG06365,STU06365,1.06,7,46.67,8,29.1,3,2026-10-02
ENG06366,STU06366,10.18,16,66.67,8,76.43,16,2026-10-02
ENG06367,STU06367,7.04,15,71.43,6,45.06,19,2026-10-02
ENG06368,STU06368,3.35,13,56.52,10,61.41,5,2026-10-02
ENG06369,STU06369,9.03,8,50.0,8,52.24,32,2026-10-02
ENG06370,STU06370,5.74,17,85.0,3,73.59,10,2026-10-02
ENG06371,STU06371,10.17,10,83.33,2,64.15,27,2026-10-02
ENG06372,STU06372,7.69,9,60.0,6,47.09,28,2026-10-02
ENG06373,STU06373,5.4,14,66.67,7,65.25,20,2026-10-02
ENG06374,STU06374,14.75,16,84.21,3,76.86,29,2026-10-02
ENG06375,STU06375,14.08,18,75.0,6,74.79,27,2026-10-02
ENG06376,STU06376,2.53,11,64.71,6,58.47,0,2026-10-02
ENG06377,STU06377,10.67,16,72.73,6,71.08,19,2026-10-02
ENG06378,STU06378,8.05,8,57.14,6,59.66,26,2026-10-02
ENG06379,STU06379,14.04,11,68.75,5,57.28,26,2026-10-02
ENG06380,STU06380,0,11,45.83,13,66.8,5,2026-10-02
ENG06381,STU06381,11.23,8,66.67,4,77.45,36,2026-10-02
ENG06382,STU06382,12.89,9,64.29,5,63.62,24,2026-10-02
ENG06383,STU06383,2.55,11,57.89,8,49.21,15,2026-10-02
ENG06384,STU06384,4.05,11,78.57,3,69.34,15,2026-10-02
ENG06385,STU06385,18.02,21,87.5,3,89.17,33,2026-10-02
ENG06386,STU06386,6.04,13,72.22,5,60.06,10,2026-10-02
ENG06387,STU06387,3.96,12,70.59,5,59.61,12,2026-10-02
ENG06388,STU06388,1.82,8,57.14,6,51.92,12,2026-10-02
ENG06389,STU06389,18.26,19,79.17,5,70.28,41,2026-10-02
ENG06390,STU06390,0,11,61.11,7,66.2,10,2026-10-02
ENG06391,STU06391,12.64,14,63.64,8,69.42,21,2026-10-02
ENG06392,STU06392,9.44,15,65.22,8,66.23,11,2026-10-02
ENG06393,STU06393,2.51,7,53.85,6,45.76,9,2026-10-02
ENG06394,STU06394,13.93,9,64.29,5,78.08,21,2026-10-02
ENG06395,STU06395,11.28,11,57.89,8,70.06,25,2026-10-02
ENG06396,STU06396,0.49,8,47.06,9,46.59,3,2026-10-02
ENG06397,STU06397,10.29,17,85.0,3,77.65,28,2026-10-02
ENG06398,STU06398,10.12,12,80.0,3,67.44,13,2026-10-02
ENG06399,STU06399,12.3,9,75.0,3,75.09,32,2026-10-02
ENG06400,STU06400,7.95,11,84.62,2,66.49,21,2026-10-02
ENG06401,STU06401,11.22,16,100.0,0,88.28,35,2026-10-02
ENG06402,STU06402,14.59,19,95.0,1,79.34,39,2026-10-02
ENG06403,STU06403,14.36,13,76.47,4,83.81,39,2026-10-02
ENG06404,STU06404,15.56,21,95.45,1,75.37,37,2026-10-02
ENG06405,STU06405,7.63,13,68.42,6,59.69,18,2026-10-02
ENG06406,STU06406,5.8,13,81.25,3,52.87,28,2026-10-02
ENG06407,STU06407,3.51,15,65.22,8,46.37,18,2026-10-02
ENG06408,STU06408,10.45,12,70.59,5,59.68,21,2026-10-02
ENG06409,STU06409,29.48,15,100.0,0,100.0,51,2026-10-02
ENG06410,STU06410,8.0,16,88.89,2,77.2,27,2026-10-02
ENG06411,STU06411,9.95,8,61.54,5,74.09,21,2026-10-02
ENG06412,STU06412,10.57,12,70.59,5,78.25,18,2026-10-02
ENG06413,STU06413,10.13,12,63.16,7,66.02,20,2026-10-02
ENG06414,STU06414,10.55,12,70.59,5,74.04,23,2026-10-02
ENG06415,STU06415,2.02,8,40.0,12,73.1,8,2026-10-02
ENG06416,STU06416,2.82,10,55.56,8,56.83,5,2026-10-02
ENG06417,STU06417,15.64,10,83.33,2,89.75,32,2026-10-02
ENG06418,STU06418,7.01,12,66.67,6,65.61,10,2026-10-02
ENG06419,STU06419,4.3,8,66.67,4,63.33,16,2026-10-02
ENG06420,STU06420,13.28,16,76.19,5,82.3,21,2026-10-02
ENG06421,STU06421,12.35,16,84.21,3,71.3,29,2026-10-02
ENG06422,STU06422,9.56,15,62.5,9,60.94,22,2026-10-02
ENG06423,STU06423,2.68,7,50.0,7,52.65,8,2026-10-02
ENG06424,STU06424,20.16,17,85.0,3,94.18,42,2026-10-02
ENG06425,STU06425,2.51,14,63.64,8,57.93,4,2026-10-02
ENG06426,STU06426,13.48,14,77.78,4,64.05,20,2026-10-02
ENG06427,STU06427,0,6,40.0,9,51.9,9,2026-10-02
ENG06428,STU06428,8.04,10,58.82,7,56.62,22,2026-10-02
ENG06429,STU06429,1.4,7,31.82,15,33.6,7,2026-10-02
ENG06430,STU06430,11.27,10,55.56,8,53.16,23,2026-10-02
ENG06431,STU06431,10.47,16,80.0,4,69.56,24,2026-10-02
ENG06432,STU06432,14.66,18,75.0,6,78.61,34,2026-10-02
ENG06433,STU06433,9.51,10,58.82,7,66.17,30,2026-10-02
ENG06434,STU06434,13.89,9,60.0,6,73.32,30,2026-10-02
ENG06435,STU06435,1.11,15,62.5,9,51.8,13,2026-10-02
ENG06436,STU06436,9.1,10,71.43,4,60.85,19,2026-10-02
ENG06437,STU06437,14.35,17,80.95,4,91.77,31,2026-10-02
ENG06438,STU06438,2.5,10,71.43,4,57.66,7,2026-10-02
ENG06439,STU06439,6.92,8,53.33,7,48.95,12,2026-10-02
ENG06440,STU06440,11.31,10,62.5,6,94.13,15,2026-10-02
ENG06441,STU06441,9.52,12,75.0,4,67.4,20,2026-10-02
ENG06442,STU06442,7.39,8,57.14,6,47.68,20,2026-10-02
ENG06443,STU06443,4.9,11,64.71,6,54.88,16,2026-10-02
ENG06444,STU06444,21.88,19,100.0,0,80.27,48,2026-10-02
ENG06445,STU06445,11.75,19,79.17,5,56.74,25,2026-10-02
ENG06446,STU06446,6.25,13,72.22,5,54.22,12,2026-10-02
ENG06447,STU06447,20.27,10,76.92,3,88.85,32,2026-10-02
ENG06448,STU06448,15.75,22,91.67,2,75.13,40,2026-10-02
ENG06449,STU06449,0,12,50.0,12,36.23,0,2026-10-02
ENG06450,STU06450,13.27,16,88.89,2,59.1,28,2026-10-02
ENG06451,STU06451,3.49,7,58.33,5,51.91,13,2026-10-02
ENG06452,STU06452,5.33,12,75.0,4,49.61,16,2026-10-02
ENG06453,STU06453,11.2,11,50.0,11,55.11,28,2026-10-02
ENG06454,STU06454,0.83,12,50.0,12,52.71,7,2026-10-02
ENG06455,STU06455,8.52,17,70.83,7,65.4,26,2026-10-02
ENG06456,STU06456,28.37,18,100.0,0,100.0,43,2026-10-02
ENG06457,STU06457,15.84,12,100.0,0,84.96,33,2026-10-02
ENG06458,STU06458,10.55,12,66.67,6,66.16,31,2026-10-02
ENG06459,STU06459,4.07,14,60.87,9,65.68,10,2026-10-02
ENG06460,STU06460,3.19,7,50.0,7,65.56,20,2026-10-02
ENG06461,STU06461,14.08,16,76.19,5,60.46,34,2026-10-02
ENG06462,STU06462,1.78,5,41.67,7,53.45,17,2026-10-02
ENG06463,STU06463,10.47,17,77.27,5,59.43,11,2026-10-02
ENG06464,STU06464,0.12,10,76.92,3,59.97,10,2026-10-02
ENG06465,STU06465,0,9,45.0,11,40.43,0,2026-10-02
ENG06466,STU06466,10.66,12,92.31,1,66.18,25,2026-10-02
ENG06467,STU06467,8.57,11,68.75,5,65.01,23,2026-10-02
ENG06468,STU06468,6.64,10,83.33,2,60.3,23,2026-10-02
ENG06469,STU06469,0,7,53.85,6,61.32,10,2026-10-02
ENG06470,STU06470,12.59,18,78.26,5,73.74,28,2026-10-02
ENG06471,STU06471,6.63,16,69.57,7,61.65,15,2026-10-02
ENG06472,STU06472,11.65,17,77.27,5,56.72,30,2026-10-02
ENG06473,STU06473,0,10,58.82,7,36.05,5,2026-10-02
ENG06474,STU06474,0,8,66.67,4,54.01,12,2026-10-02
ENG06475,STU06475,0.99,6,28.57,15,34.89,2,2026-10-02
ENG06476,STU06476,0.93,10,58.82,7,60.62,10,2026-10-02
ENG06477,STU06477,15.06,16,72.73,6,58.52,30,2026-10-02
ENG06478,STU06478,5.92,21,87.5,3,62.76,17,2026-10-02
ENG06479,STU06479,4.69,6,40.0,9,37.13,4,2026-10-02
ENG06480,STU06480,0,6,40.0,9,30.91,0,2026-10-02
ENG06481,STU06481,6.32,15,65.22,8,60.64,11,2026-10-02
ENG06482,STU06482,1.79,18,81.82,4,73.0,17,2026-10-02
ENG06483,STU06483,7.5,15,75.0,5,57.61,27,2026-10-02
ENG06484,STU06484,6.8,11,64.71,6,47.54,21,2026-10-02
ENG06485,STU06485,12.46,14,77.78,4,68.81,25,2026-10-02
ENG06486,STU06486,15.35,14,63.64,8,80.68,19,2026-10-02
ENG06487,STU06487,5.25,17,70.83,7,38.24,18,2026-10-02
ENG06488,STU06488,19.04,17,94.44,1,67.82,40,2026-10-02
ENG06489,STU06489,13.74,12,66.67,6,80.26,21,2026-10-02
ENG06490,STU06490,3.35,18,78.26,5,59.76,13,2026-10-02
ENG06491,STU06491,11.39,14,58.33,10,68.66,17,2026-10-02
ENG06492,STU06492,0.45,7,43.75,9,32.61,3,2026-10-02
ENG06493,STU06493,5.0,15,65.22,8,51.92,14,2026-10-02
ENG06494,STU06494,18.31,18,85.71,3,75.23,42,2026-10-02
ENG06495,STU06495,0,7,29.17,17,32.16,0,2026-10-02
ENG06496,STU06496,0,6,50.0,6,30.14,11,2026-10-02
ENG06497,STU06497,7.88,15,65.22,8,66.68,14,2026-10-02
ENG06498,STU06498,7.64,13,76.47,4,56.96,23,2026-10-02
ENG06499,STU06499,4.8,12,63.16,7,54.43,10,2026-10-02
ENG06500,STU06500,3.57,8,53.33,7,36.9,9,2026-10-02
ENG06501,STU06501,13.67,12,70.59,5,70.49,30,2026-10-02
ENG06502,STU06502,2.23,8,61.54,5,58.41,10,2026-10-02
ENG06503,STU06503,12.37,19,82.61,4,83.98,29,2026-10-02
ENG06504,STU06504,11.43,16,80.0,4,87.93,34,2026-10-02
ENG06505,STU06505,8.88,11,68.75,5,59.49,23,2026-10-02
ENG06506,STU06506,2.96,17,73.91,6,51.39,10,2026-10-02
ENG06507,STU06507,10.8,12,80.0,3,73.93,19,2026-10-02
ENG06508,STU06508,0.94,10,55.56,8,52.6,14,2026-10-02
ENG06509,STU06509,5.9,12,66.67,6,69.88,22,2026-10-02
ENG06510,STU06510,10.42,16,80.0,4,64.76,32,2026-10-02
ENG06511,STU06511,6.12,10,62.5,6,66.83,25,2026-10-02
ENG06512,STU06512,5.32,14,60.87,9,50.47,14,2026-10-02
ENG06513,STU06513,13.83,14,93.33,1,83.42,32,2026-10-02
ENG06514,STU06514,7.85,14,60.87,9,64.45,21,2026-10-02
ENG06515,STU06515,4.18,7,53.85,6,57.92,12,2026-10-02
ENG06516,STU06516,10.63,16,72.73,6,56.2,14,2026-10-02
ENG06517,STU06517,18.02,20,100.0,0,98.06,42,2026-10-02
ENG06518,STU06518,2.04,7,53.85,6,52.82,6,2026-10-02
ENG06519,STU06519,5.26,9,60.0,6,56.12,17,2026-10-02
ENG06520,STU06520,12.39,11,64.71,6,65.26,31,2026-10-02
ENG06521,STU06521,5.31,13,65.0,7,69.36,24,2026-10-02
ENG06522,STU06522,9.27,10,55.56,8,67.48,19,2026-10-02
ENG06523,STU06523,6.69,13,54.17,11,47.63,19,2026-10-02
ENG06524,STU06524,9.75,18,78.26,5,71.71,28,2026-10-02
ENG06525,STU06525,11.09,13,65.0,7,56.41,14,2026-10-02
ENG06526,STU06526,3.14,9,60.0,6,67.86,13,2026-10-02
ENG06527,STU06527,22.49,17,94.44,1,85.72,42,2026-10-02
ENG06528,STU06528,11.96,20,90.91,2,55.88,26,2026-10-02
ENG06529,STU06529,13.9,12,85.71,2,65.31,37,2026-10-02
ENG06530,STU06530,10.85,11,61.11,7,82.93,29,2026-10-02
ENG06531,STU06531,15.83,13,72.22,5,81.31,24,2026-10-02
ENG06532,STU06532,0,6,37.5,10,19.39,3,2026-10-02
ENG06533,STU06533,0.04,10,52.63,9,56.29,13,2026-10-02
ENG06534,STU06534,13.28,14,63.64,8,75.35,34,2026-10-02
ENG06535,STU06535,7.33,8,53.33,7,52.03,17,2026-10-02
ENG06536,STU06536,0,13,65.0,7,60.45,8,2026-10-02
ENG06537,STU06537,6.74,13,54.17,11,44.7,15,2026-10-02
ENG06538,STU06538,2.4,6,50.0,6,48.62,7,2026-10-02
ENG06539,STU06539,0,11,50.0,11,53.06,6,2026-10-02
ENG06540,STU06540,2.42,12,66.67,6,62.95,8,2026-10-02
ENG06541,STU06541,13.81,19,86.36,3,79.66,37,2026-10-02
ENG06542,STU06542,0.58,7,50.0,7,44.71,5,2026-10-02
ENG06543,STU06543,0,8,33.33,16,27.12,0,2026-10-02
ENG06544,STU06544,8.65,12,70.59,5,64.37,16,2026-10-02
ENG06545,STU06545,6.33,9,69.23,4,63.27,13,2026-10-02
ENG06546,STU06546,16.35,19,90.48,2,83.24,29,2026-10-02
ENG06547,STU06547,12.75,17,73.91,6,61.94,23,2026-10-02
ENG06548,STU06548,3.07,14,70.0,6,64.3,12,2026-10-02
ENG06549,STU06549,11.65,13,68.42,6,66.05,29,2026-10-02
ENG06550,STU06550,6.32,10,41.67,14,48.32,18,2026-10-02
ENG06551,STU06551,5.05,14,73.68,5,58.85,18,2026-10-02
ENG06552,STU06552,13.16,14,77.78,4,76.1,25,2026-10-02
ENG06553,STU06553,12.75,13,72.22,5,60.15,32,2026-10-02
ENG06554,STU06554,6.78,7,58.33,5,31.9,15,2026-10-02
ENG06555,STU06555,22.15,19,86.36,3,88.25,37,2026-10-02
ENG06556,STU06556,2.82,8,47.06,9,34.45,6,2026-10-02
ENG06557,STU06557,8.26,13,81.25,3,49.41,18,2026-10-02
ENG06558,STU06558,5.48,9,52.94,8,50.01,15,2026-10-02
ENG06559,STU06559,14.46,11,68.75,5,50.55,19,2026-10-02
ENG06560,STU06560,10.31,9,64.29,5,64.09,18,2026-10-02
ENG06561,STU06561,6.55,9,69.23,4,49.03,27,2026-10-02
ENG06562,STU06562,9.98,15,71.43,6,67.11,19,2026-10-02
ENG06563,STU06563,0,4,25.0,12,39.05,8,2026-10-02
ENG06564,STU06564,0,14,77.78,4,45.02,9,2026-10-02
ENG06565,STU06565,13.5,15,100.0,0,76.65,28,2026-10-02
ENG06566,STU06566,16.74,16,94.12,1,83.24,38,2026-10-02
ENG06567,STU06567,21.89,13,86.67,2,100.0,48,2026-10-02
ENG06568,STU06568,5.56,9,50.0,9,74.63,10,2026-10-02
ENG06569,STU06569,4.05,10,41.67,14,55.1,25,2026-10-02
ENG06570,STU06570,15.7,20,83.33,4,92.66,42,2026-10-02
ENG06571,STU06571,4.05,11,73.33,4,74.91,11,2026-10-02
ENG06572,STU06572,0,9,56.25,7,40.71,1,2026-10-02
ENG06573,STU06573,13.15,12,75.0,4,68.69,31,2026-10-02
ENG06574,STU06574,2.26,17,70.83,7,48.91,8,2026-10-02
ENG06575,STU06575,5.62,13,76.47,4,68.37,29,2026-10-02
ENG06576,STU06576,7.15,19,82.61,4,88.69,28,2026-10-02
ENG06577,STU06577,10.68,8,61.54,5,72.07,13,2026-10-02
ENG06578,STU06578,11.5,11,91.67,1,69.88,28,2026-10-02
ENG06579,STU06579,21.32,21,91.3,2,74.46,34,2026-10-02
ENG06580,STU06580,15.46,13,76.47,4,76.82,32,2026-10-02
ENG06581,STU06581,19.62,16,100.0,0,85.69,40,2026-10-02
ENG06582,STU06582,5.7,10,62.5,6,51.44,22,2026-10-02
ENG06583,STU06583,0.12,11,55.0,9,55.06,6,2026-10-02
ENG06584,STU06584,5.56,10,71.43,4,75.18,15,2026-10-02
ENG06585,STU06585,14.31,20,86.96,3,68.58,27,2026-10-02
ENG06586,STU06586,15.83,12,85.71,2,75.32,32,2026-10-02
ENG06587,STU06587,8.51,9,75.0,3,79.14,24,2026-10-02
ENG06588,STU06588,14.71,10,66.67,5,60.15,21,2026-10-02
ENG06589,STU06589,13.18,14,66.67,7,84.79,29,2026-10-02
ENG06590,STU06590,6.11,16,88.89,2,66.67,17,2026-10-02
ENG06591,STU06591,12.73,13,72.22,5,86.21,40,2026-10-02
ENG06592,STU06592,11.81,11,68.75,5,80.56,30,2026-10-02
ENG06593,STU06593,13.65,20,86.96,3,54.98,35,2026-10-02
ENG06594,STU06594,10.21,11,68.75,5,51.02,27,2026-10-02
ENG06595,STU06595,0.66,10,52.63,9,65.81,6,2026-10-02
ENG06596,STU06596,7.23,14,60.87,9,43.4,21,2026-10-02
ENG06597,STU06597,4.51,9,64.29,5,62.04,25,2026-10-02
ENG06598,STU06598,6.31,12,75.0,4,72.17,17,2026-10-02
ENG06599,STU06599,10.39,17,77.27,5,57.76,12,2026-10-02
ENG06600,STU06600,1.88,12,50.0,12,34.96,6,2026-10-02
ENG06601,STU06601,0,8,61.54,5,44.66,9,2026-10-02
ENG06602,STU06602,14.86,10,71.43,4,81.14,39,2026-10-02
ENG06603,STU06603,12.74,14,82.35,3,78.91,38,2026-10-02
ENG06604,STU06604,7.49,12,80.0,3,80.12,18,2026-10-02
ENG06605,STU06605,1.56,7,50.0,7,56.78,1,2026-10-02
ENG06606,STU06606,5.65,5,41.67,7,35.52,11,2026-10-02
ENG06607,STU06607,6.08,12,60.0,8,36.52,13,2026-10-02
ENG06608,STU06608,12.19,20,90.91,2,78.92,30,2026-10-02
ENG06609,STU06609,14.89,14,82.35,3,86.53,33,2026-10-02
ENG06610,STU06610,15.06,14,93.33,1,86.76,33,2026-10-02
ENG06611,STU06611,8.36,11,78.57,3,70.53,25,2026-10-02
ENG06612,STU06612,12.68,18,75.0,6,76.83,30,2026-10-02
ENG06613,STU06613,10.56,11,52.38,10,59.43,17,2026-10-02
ENG06614,STU06614,9.83,7,58.33,5,63.29,21,2026-10-02
ENG06615,STU06615,12.25,16,72.73,6,81.17,33,2026-10-02
ENG06616,STU06616,4.82,9,69.23,4,49.59,22,2026-10-02
ENG06617,STU06617,11.96,11,73.33,4,54.39,30,2026-10-02
ENG06618,STU06618,9.27,16,94.12,1,82.55,15,2026-10-02
ENG06619,STU06619,9.28,8,61.54,5,71.51,19,2026-10-02
ENG06620,STU06620,8.46,10,62.5,6,57.78,21,2026-10-02
ENG06621,STU06621,8.82,12,70.59,5,49.58,17,2026-10-02
ENG06622,STU06622,18.74,13,86.67,2,76.66,38,2026-10-02
ENG06623,STU06623,15.91,14,77.78,4,62.42,31,2026-10-02
ENG06624,STU06624,14.26,13,86.67,2,54.12,33,2026-10-02
ENG06625,STU06625,5.67,10,52.63,9,47.13,27,2026-10-02
ENG06626,STU06626,5.28,8,66.67,4,57.15,13,2026-10-02
ENG06627,STU06627,7.69,14,73.68,5,64.51,20,2026-10-02
ENG06628,STU06628,0.47,14,58.33,10,53.38,5,2026-10-02
ENG06629,STU06629,11.13,12,70.59,5,77.82,32,2026-10-02
ENG06630,STU06630,5.59,13,56.52,10,46.91,12,2026-10-02
ENG06631,STU06631,12.82,16,88.89,2,70.14,26,2026-10-02
ENG06632,STU06632,4.47,13,61.9,8,54.38,7,2026-10-02
ENG06633,STU06633,11.6,17,85.0,3,62.14,25,2026-10-02
ENG06634,STU06634,7.07,12,66.67,6,60.99,15,2026-10-02
ENG06635,STU06635,20.52,20,95.24,1,83.5,40,2026-10-02
ENG06636,STU06636,8.69,13,68.42,6,88.69,21,2026-10-02
ENG06637,STU06637,5.88,9,64.29,5,53.64,10,2026-10-02
ENG06638,STU06638,6.18,11,73.33,4,62.25,14,2026-10-02
ENG06639,STU06639,10.21,8,61.54,5,56.26,13,2026-10-02
ENG06640,STU06640,11.26,15,83.33,3,85.17,17,2026-10-02
ENG06641,STU06641,9.6,13,59.09,9,44.2,25,2026-10-02
ENG06642,STU06642,10.62,12,54.55,10,39.24,25,2026-10-02
ENG06643,STU06643,6.53,11,78.57,3,59.55,20,2026-10-02
ENG06644,STU06644,5.76,18,81.82,4,62.07,11,2026-10-02
ENG06645,STU06645,9.07,9,75.0,3,64.33,25,2026-10-02
ENG06646,STU06646,4.72,12,66.67,6,55.85,13,2026-10-02
ENG06647,STU06647,11.58,10,66.67,5,60.53,25,2026-10-02
ENG06648,STU06648,10.81,15,62.5,9,74.49,16,2026-10-02
ENG06649,STU06649,8.84,8,50.0,8,58.83,6,2026-10-02
ENG06650,STU06650,0,9,56.25,7,55.55,0,2026-10-02
ENG06651,STU06651,11.48,19,82.61,4,77.07,22,2026-10-02
ENG06652,STU06652,5.69,14,66.67,7,58.86,12,2026-10-02
ENG06653,STU06653,9.79,11,64.71,6,70.28,25,2026-10-02
ENG06654,STU06654,16.61,11,78.57,3,81.75,32,2026-10-02
ENG06655,STU06655,12.75,16,84.21,3,71.92,27,2026-10-02
ENG06656,STU06656,5.87,11,61.11,7,62.32,15,2026-10-02
ENG06657,STU06657,6.11,7,43.75,9,36.09,21,2026-10-02
ENG06658,STU06658,4.09,13,59.09,9,48.74,9,2026-10-02
ENG06659,STU06659,7.68,13,61.9,8,40.63,18,2026-10-02
ENG06660,STU06660,0,7,31.82,15,26.6,0,2026-10-02
ENG06661,STU06661,13.12,12,75.0,4,62.85,24,2026-10-02
ENG06662,STU06662,9.31,8,61.54,5,64.26,17,2026-10-02
ENG06663,STU06663,5.66,13,61.9,8,38.4,11,2026-10-02
ENG06664,STU06664,13.49,14,73.68,5,61.94,28,2026-10-02
ENG06665,STU06665,23.81,20,95.24,1,96.24,40,2026-10-02
ENG06666,STU06666,8.75,7,50.0,7,46.18,19,2026-10-02
ENG06667,STU06667,11.0,17,85.0,3,66.27,23,2026-10-02
ENG06668,STU06668,6.19,13,81.25,3,61.44,15,2026-10-02
ENG06669,STU06669,12.18,14,60.87,9,63.25,23,2026-10-02
ENG06670,STU06670,4.3,13,76.47,4,67.17,15,2026-10-02
ENG06671,STU06671,8.57,16,66.67,8,60.9,17,2026-10-02
ENG06672,STU06672,0.5,5,38.46,8,46.88,6,2026-10-02
ENG06673,STU06673,9.78,15,75.0,5,55.63,27,2026-10-02
ENG06674,STU06674,10.44,13,92.86,1,80.25,22,2026-10-02
ENG06675,STU06675,7.14,10,76.92,3,61.5,23,2026-10-02
ENG06676,STU06676,1.71,14,66.67,7,51.57,10,2026-10-02
ENG06677,STU06677,3.55,14,60.87,9,53.34,4,2026-10-02
ENG06678,STU06678,1.52,11,64.71,6,55.92,12,2026-10-02
ENG06679,STU06679,0,11,55.0,9,44.34,18,2026-10-02
ENG06680,STU06680,6.23,14,66.67,7,55.01,24,2026-10-02
ENG06681,STU06681,3.39,16,69.57,7,86.85,10,2026-10-02
ENG06682,STU06682,5.08,5,35.71,9,44.97,8,2026-10-02
ENG06683,STU06683,5.31,16,69.57,7,49.55,16,2026-10-02
ENG06684,STU06684,13.49,10,71.43,4,89.48,23,2026-10-02
ENG06685,STU06685,12.55,17,77.27,5,79.74,26,2026-10-02
ENG06686,STU06686,4.21,12,66.67,6,52.2,12,2026-10-02
ENG06687,STU06687,4.24,13,65.0,7,41.93,14,2026-10-02
ENG06688,STU06688,11.89,21,87.5,3,59.17,32,2026-10-02
ENG06689,STU06689,2.99,10,66.67,5,53.83,6,2026-10-02
ENG06690,STU06690,2.46,6,50.0,6,58.77,11,2026-10-02
ENG06691,STU06691,6.26,10,66.67,5,58.78,13,2026-10-02
ENG06692,STU06692,8.06,9,60.0,6,74.04,24,2026-10-02
ENG06693,STU06693,3.5,10,52.63,9,45.33,10,2026-10-02
ENG06694,STU06694,8.72,14,87.5,2,60.67,20,2026-10-02
ENG06695,STU06695,8.52,9,64.29,5,62.13,22,2026-10-02
ENG06696,STU06696,9.03,16,69.57,7,60.46,26,2026-10-02
ENG06697,STU06697,0,5,29.41,12,39.37,0,2026-10-02
ENG06698,STU06698,13.26,16,72.73,6,68.74,29,2026-10-02
ENG06699,STU06699,3.97,16,72.73,6,61.68,22,2026-10-02
ENG06700,STU06700,17.36,12,80.0,3,82.16,31,2026-10-02
ENG06701,STU06701,12.0,13,76.47,4,76.31,30,2026-10-02
ENG06702,STU06702,0,6,50.0,6,29.55,15,2026-10-02
ENG06703,STU06703,8.04,17,80.95,4,80.33,24,2026-10-02
ENG06704,STU06704,7.37,14,87.5,2,84.28,17,2026-10-02
ENG06705,STU06705,12.51,20,86.96,3,78.37,29,2026-10-02
ENG06706,STU06706,5.74,17,73.91,6,57.31,24,2026-10-02
ENG06707,STU06707,8.78,15,65.22,8,63.9,11,2026-10-02
ENG06708,STU06708,20.27,12,100.0,0,95.75,39,2026-10-02
ENG06709,STU06709,10.53,13,56.52,10,61.77,24,2026-10-02
ENG06710,STU06710,0,9,47.37,10,34.71,0,2026-10-02
ENG06711,STU06711,9.36,10,62.5,6,62.38,17,2026-10-02
ENG06712,STU06712,6.16,9,47.37,10,50.06,18,2026-10-02
ENG06713,STU06713,10.56,23,100.0,0,77.59,30,2026-10-02
ENG06714,STU06714,11.56,15,78.95,4,70.45,29,2026-10-02
ENG06715,STU06715,13.1,10,71.43,4,78.24,24,2026-10-02
ENG06716,STU06716,6.59,10,76.92,3,51.29,13,2026-10-02
ENG06717,STU06717,4.76,10,71.43,4,66.87,12,2026-10-02
ENG06718,STU06718,7.32,17,70.83,7,58.95,26,2026-10-02
ENG06719,STU06719,4.62,10,45.45,12,38.58,19,2026-10-02
ENG06720,STU06720,9.98,16,72.73,6,71.82,29,2026-10-02
ENG06721,STU06721,0,10,43.48,13,29.28,0,2026-10-02
ENG06722,STU06722,12.52,17,80.95,4,69.52,22,2026-10-02
ENG06723,STU06723,10.78,11,73.33,4,75.27,37,2026-10-02
ENG06724,STU06724,7.67,11,73.33,4,66.03,23,2026-10-02
ENG06725,STU06725,4.96,14,60.87,9,62.0,12,2026-10-02
ENG06726,STU06726,5.32,18,78.26,5,52.23,24,2026-10-02
ENG06727,STU06727,11.82,10,76.92,3,84.08,28,2026-10-02
ENG06728,STU06728,6.06,10,47.62,11,55.1,15,2026-10-02
ENG06729,STU06729,10.72,11,57.89,8,64.81,15,2026-10-02
ENG06730,STU06730,13.45,9,69.23,4,64.29,36,2026-10-02
ENG06731,STU06731,8.43,17,89.47,2,71.28,21,2026-10-02
ENG06732,STU06732,11.92,10,58.82,7,49.44,29,2026-10-02
ENG06733,STU06733,6.17,8,57.14,6,52.39,11,2026-10-02
ENG06734,STU06734,5.12,13,59.09,9,50.83,10,2026-10-02
ENG06735,STU06735,15.01,18,90.0,2,78.12,30,2026-10-02
ENG06736,STU06736,2.92,19,82.61,4,58.27,9,2026-10-02
ENG06737,STU06737,6.84,13,72.22,5,60.52,12,2026-10-02
ENG06738,STU06738,19.43,14,82.35,3,75.79,37,2026-10-02
ENG06739,STU06739,8.34,10,66.67,5,69.05,15,2026-10-02
ENG06740,STU06740,5.25,9,45.0,11,47.04,14,2026-10-02
ENG06741,STU06741,10.73,13,65.0,7,75.92,26,2026-10-02
ENG06742,STU06742,6.11,10,71.43,4,56.7,21,2026-10-02
ENG06743,STU06743,9.64,15,100.0,0,65.84,21,2026-10-02
ENG06744,STU06744,0.42,8,42.11,11,52.81,8,2026-10-02
ENG06745,STU06745,4.89,11,68.75,5,46.55,15,2026-10-02
ENG06746,STU06746,10.1,13,68.42,6,67.2,18,2026-10-02
ENG06747,STU06747,1.49,9,52.94,8,48.52,7,2026-10-02
ENG06748,STU06748,16.97,19,82.61,4,72.18,32,2026-10-02
ENG06749,STU06749,10.29,14,73.68,5,60.03,23,2026-10-02
ENG06750,STU06750,13.71,17,89.47,2,69.74,24,2026-10-02
ENG06751,STU06751,11.52,11,78.57,3,73.08,24,2026-10-02
ENG06752,STU06752,6.79,10,66.67,5,60.84,20,2026-10-02
ENG06753,STU06753,5.13,6,50.0,6,52.45,15,2026-10-02
ENG06754,STU06754,11.27,10,71.43,4,73.31,33,2026-10-02
ENG06755,STU06755,6.82,18,81.82,4,51.74,15,2026-10-02
ENG06756,STU06756,12.06,13,68.42,6,55.88,23,2026-10-02
ENG06757,STU06757,8.86,11,61.11,7,59.0,14,2026-10-02
ENG06758,STU06758,11.87,9,45.0,11,53.41,20,2026-10-02
ENG06759,STU06759,11.56,8,61.54,5,73.64,24,2026-10-02
ENG06760,STU06760,22.02,19,100.0,0,86.69,45,2026-10-02
ENG06761,STU06761,0,5,33.33,10,34.21,10,2026-10-02
ENG06762,STU06762,6.72,13,61.9,8,50.19,14,2026-10-02
ENG06763,STU06763,14.3,9,75.0,3,72.42,34,2026-10-02
ENG06764,STU06764,0.37,9,60.0,6,56.36,7,2026-10-02
ENG06765,STU06765,3.4,15,68.18,7,73.5,23,2026-10-02
ENG06766,STU06766,8.15,9,60.0,6,52.32,20,2026-10-02
ENG06767,STU06767,11.6,14,60.87,9,70.84,19,2026-10-02
ENG06768,STU06768,7.76,19,86.36,3,71.14,14,2026-10-02
ENG06769,STU06769,18.96,12,92.31,1,78.66,38,2026-10-02
ENG06770,STU06770,2.5,8,53.33,7,46.4,13,2026-10-02
ENG06771,STU06771,7.41,7,50.0,7,58.53,13,2026-10-02
ENG06772,STU06772,15.09,10,76.92,3,75.11,32,2026-10-02
ENG06773,STU06773,15.62,19,82.61,4,73.8,30,2026-10-02
ENG06774,STU06774,5.65,9,50.0,9,61.15,10,2026-10-02
ENG06775,STU06775,10.98,10,83.33,2,69.47,24,2026-10-02
ENG06776,STU06776,0,12,63.16,7,50.27,6,2026-10-02
ENG06777,STU06777,1.95,6,46.15,7,30.17,13,2026-10-02
ENG06778,STU06778,12.84,13,68.42,6,72.3,21,2026-10-02
ENG06779,STU06779,10.42,23,95.83,1,67.26,29,2026-10-02
ENG06780,STU06780,17.05,16,72.73,6,71.04,32,2026-10-02
ENG06781,STU06781,1.07,11,57.89,8,48.5,4,2026-10-02
ENG06782,STU06782,5.98,13,59.09,9,59.82,13,2026-10-02
ENG06783,STU06783,10.74,19,86.36,3,66.84,25,2026-10-02
ENG06784,STU06784,0,10,43.48,13,36.32,4,2026-10-02
ENG06785,STU06785,10.82,11,57.89,8,69.27,19,2026-10-02
ENG06786,STU06786,3.5,11,64.71,6,43.91,10,2026-10-02
ENG06787,STU06787,8.19,14,77.78,4,56.39,18,2026-10-02
ENG06788,STU06788,10.55,20,86.96,3,86.01,22,2026-10-02
ENG06789,STU06789,15.61,9,75.0,3,72.55,37,2026-10-02
ENG06790,STU06790,13.16,17,94.44,1,84.31,36,2026-10-02
ENG06791,STU06791,7.6,12,80.0,3,71.59,22,2026-10-02
ENG06792,STU06792,11.04,13,65.0,7,62.89,17,2026-10-02
ENG06793,STU06793,14.89,13,72.22,5,71.19,24,2026-10-02
ENG06794,STU06794,0,9,60.0,6,42.4,6,2026-10-02
ENG06795,STU06795,0,5,23.81,16,22.58,8,2026-10-02
ENG06796,STU06796,17.52,18,75.0,6,78.83,39,2026-10-02
ENG06797,STU06797,13.51,12,92.31,1,81.79,43,2026-10-02
ENG06798,STU06798,3.75,11,68.75,5,68.93,8,2026-10-02
ENG06799,STU06799,3.47,11,57.89,8,55.31,5,2026-10-02
ENG06800,STU06800,11.29,18,94.74,1,57.93,35,2026-10-02
ENG06801,STU06801,9.75,14,82.35,3,80.41,33,2026-10-02
ENG06802,STU06802,0,8,42.11,11,32.02,4,2026-10-02
ENG06803,STU06803,10.18,7,58.33,5,64.34,23,2026-10-02
ENG06804,STU06804,7.01,17,70.83,7,55.45,12,2026-10-02
ENG06805,STU06805,19.07,13,86.67,2,95.4,37,2026-10-02
ENG06806,STU06806,1.61,6,40.0,9,51.61,16,2026-10-02
ENG06807,STU06807,2.08,10,55.56,8,51.14,10,2026-10-02
ENG06808,STU06808,3.13,17,77.27,5,52.55,15,2026-10-02
ENG06809,STU06809,9.7,9,69.23,4,62.81,24,2026-10-02
ENG06810,STU06810,11.53,17,70.83,7,70.69,20,2026-10-02
ENG06811,STU06811,12.03,11,73.33,4,72.52,32,2026-10-02
ENG06812,STU06812,13.89,16,94.12,1,70.98,28,2026-10-02
ENG06813,STU06813,4.6,12,60.0,8,64.65,8,2026-10-02
ENG06814,STU06814,9.05,10,76.92,3,63.77,29,2026-10-02
ENG06815,STU06815,5.37,8,61.54,5,54.65,17,2026-10-02
ENG06816,STU06816,4.35,12,63.16,7,69.27,24,2026-10-02
ENG06817,STU06817,7.26,8,61.54,5,65.74,15,2026-10-02
ENG06818,STU06818,6.86,11,73.33,4,66.17,14,2026-10-02
ENG06819,STU06819,14.17,9,69.23,4,73.59,37,2026-10-02
ENG06820,STU06820,8.61,15,75.0,5,52.91,25,2026-10-02
ENG06821,STU06821,7.5,16,84.21,3,65.6,18,2026-10-02
ENG06822,STU06822,8.04,12,85.71,2,98.32,23,2026-10-02
ENG06823,STU06823,10.29,14,82.35,3,64.36,15,2026-10-02
ENG06824,STU06824,8.1,16,72.73,6,53.24,24,2026-10-02
ENG06825,STU06825,17.21,13,86.67,2,72.18,30,2026-10-02
ENG06826,STU06826,2.85,11,61.11,7,58.67,10,2026-10-02
ENG06827,STU06827,1.4,9,45.0,11,47.76,2,2026-10-02
ENG06828,STU06828,3.66,6,42.86,8,55.28,15,2026-10-02
ENG06829,STU06829,11.53,16,100.0,0,67.09,30,2026-10-02
ENG06830,STU06830,11.03,9,75.0,3,58.26,21,2026-10-02
ENG06831,STU06831,14.62,11,91.67,1,65.89,28,2026-10-02
ENG06832,STU06832,0,11,64.71,6,57.19,9,2026-10-02
ENG06833,STU06833,3.1,7,50.0,7,63.88,8,2026-10-02
ENG06834,STU06834,10.84,16,66.67,8,52.21,16,2026-10-02
ENG06835,STU06835,4.32,12,66.67,6,62.6,20,2026-10-02
ENG06836,STU06836,10.16,14,87.5,2,72.71,16,2026-10-02
ENG06837,STU06837,16.23,16,94.12,1,76.89,34,2026-10-02
ENG06838,STU06838,5.32,12,66.67,6,54.95,19,2026-10-02
ENG06839,STU06839,13.59,15,93.75,1,95.39,38,2026-10-02
ENG06840,STU06840,2.03,7,35.0,13,54.38,0,2026-10-02
ENG06841,STU06841,7.9,13,54.17,11,66.26,18,2026-10-02
ENG06842,STU06842,5.33,11,57.89,8,73.47,10,2026-10-02
ENG06843,STU06843,12.59,21,95.45,1,71.68,31,2026-10-02
ENG06844,STU06844,9.94,15,88.24,2,79.86,26,2026-10-02
ENG06845,STU06845,6.59,11,73.33,4,55.58,22,2026-10-02
ENG06846,STU06846,9.76,9,75.0,3,69.12,25,2026-10-02
ENG06847,STU06847,0,11,47.83,12,48.21,8,2026-10-02
ENG06848,STU06848,6.56,7,58.33,5,52.65,9,2026-10-02
ENG06849,STU06849,15.18,15,78.95,4,55.91,38,2026-10-02
ENG06850,STU06850,11.12,16,88.89,2,74.49,23,2026-10-02
ENG06851,STU06851,2.09,13,56.52,10,56.07,11,2026-10-02
ENG06852,STU06852,4.27,13,76.47,4,52.83,11,2026-10-02
ENG06853,STU06853,7.78,8,66.67,4,48.77,19,2026-10-02
ENG06854,STU06854,6.61,16,72.73,6,68.12,29,2026-10-02
ENG06855,STU06855,8.07,20,95.24,1,73.47,24,2026-10-02
ENG06856,STU06856,2.67,7,53.85,6,45.02,3,2026-10-02
ENG06857,STU06857,14.94,11,78.57,3,83.12,24,2026-10-02
ENG06858,STU06858,13.11,11,84.62,2,75.79,24,2026-10-02
ENG06859,STU06859,2.56,11,57.89,8,66.81,16,2026-10-02
ENG06860,STU06860,8.45,13,61.9,8,68.44,32,2026-10-02
ENG06861,STU06861,8.45,7,53.85,6,60.05,15,2026-10-02
ENG06862,STU06862,9.84,20,83.33,4,72.54,23,2026-10-02
ENG06863,STU06863,8.4,11,78.57,3,89.44,23,2026-10-02
ENG06864,STU06864,11.68,17,70.83,7,74.95,27,2026-10-02
ENG06865,STU06865,4.38,15,62.5,9,66.44,22,2026-10-02
ENG06866,STU06866,1.17,9,69.23,4,57.74,0,2026-10-02
ENG06867,STU06867,0,8,38.1,13,43.69,10,2026-10-02
ENG06868,STU06868,4.98,10,55.56,8,56.67,13,2026-10-02
ENG06869,STU06869,9.98,13,76.47,4,60.82,19,2026-10-02
ENG06870,STU06870,1.67,5,41.67,7,32.1,10,2026-10-02
ENG06871,STU06871,13.87,18,85.71,3,75.1,29,2026-10-02
ENG06872,STU06872,3.23,9,40.91,13,51.71,12,2026-10-02
ENG06873,STU06873,2.61,6,27.27,16,53.52,7,2026-10-02
ENG06874,STU06874,7.38,9,52.94,8,60.47,13,2026-10-02
ENG06875,STU06875,6.51,12,70.59,5,66.11,14,2026-10-02
ENG06876,STU06876,2.86,8,42.11,11,48.6,6,2026-10-02
ENG06877,STU06877,2.8,10,47.62,11,43.69,14,2026-10-02
ENG06878,STU06878,16.36,15,88.24,2,73.33,30,2026-10-02
ENG06879,STU06879,2.43,12,66.67,6,47.47,3,2026-10-02
ENG06880,STU06880,6.07,20,90.91,2,70.94,22,2026-10-02
ENG06881,STU06881,10.36,11,61.11,7,65.49,7,2026-10-02
ENG06882,STU06882,0,12,57.14,9,43.83,12,2026-10-02
ENG06883,STU06883,14.73,10,76.92,3,54.21,23,2026-10-02
ENG06884,STU06884,8.6,6,50.0,6,56.78,17,2026-10-02
ENG06885,STU06885,4.52,12,57.14,9,61.08,10,2026-10-02
ENG06886,STU06886,3.25,12,66.67,6,67.5,18,2026-10-02
ENG06887,STU06887,0,3,15.0,17,36.21,6,2026-10-02
ENG06888,STU06888,3.74,17,77.27,5,55.81,20,2026-10-02
ENG06889,STU06889,8.57,13,68.42,6,72.72,26,2026-10-02
ENG06890,STU06890,8.16,11,68.75,5,59.44,15,2026-10-02
ENG06891,STU06891,3.99,12,85.71,2,64.12,15,2026-10-02
ENG06892,STU06892,12.95,11,73.33,4,66.37,34,2026-10-02
ENG06893,STU06893,13.83,8,61.54,5,66.26,29,2026-10-02
ENG06894,STU06894,6.55,12,80.0,3,68.86,16,2026-10-02
ENG06895,STU06895,0,8,34.78,15,49.86,0,2026-10-02
ENG06896,STU06896,9.03,15,75.0,5,50.76,17,2026-10-02
ENG06897,STU06897,11.61,10,76.92,3,63.39,26,2026-10-02
ENG06898,STU06898,0,8,50.0,8,43.02,0,2026-10-02
ENG06899,STU06899,18.36,10,76.92,3,85.44,31,2026-10-02
ENG06900,STU06900,6.35,9,69.23,4,76.57,30,2026-10-02
ENG06901,STU06901,19.47,12,100.0,0,84.17,40,2026-10-02
ENG06902,STU06902,1.92,6,42.86,8,55.15,15,2026-10-02
ENG06903,STU06903,6.2,8,40.0,12,51.98,15,2026-10-02
ENG06904,STU06904,0.58,7,53.85,6,52.47,3,2026-10-02
ENG06905,STU06905,10.51,9,75.0,3,76.29,20,2026-10-02
ENG06906,STU06906,0.44,9,60.0,6,50.54,9,2026-10-02
ENG06907,STU06907,13.58,9,64.29,5,55.47,26,2026-10-02
ENG06908,STU06908,11.46,12,70.59,5,73.07,25,2026-10-02
ENG06909,STU06909,0,9,40.91,13,37.25,19,2026-10-02
ENG06910,STU06910,12.84,11,78.57,3,67.0,32,2026-10-02
ENG06911,STU06911,15.37,12,85.71,2,76.91,33,2026-10-02
ENG06912,STU06912,14.1,15,65.22,8,78.62,22,2026-10-02
ENG06913,STU06913,7.59,9,69.23,4,62.69,16,2026-10-02
ENG06914,STU06914,18.09,17,77.27,5,69.18,32,2026-10-02
ENG06915,STU06915,6.85,19,79.17,5,65.93,17,2026-10-02
ENG06916,STU06916,5.6,10,62.5,6,49.69,14,2026-10-02
ENG06917,STU06917,1.87,8,66.67,4,60.44,8,2026-10-02
ENG06918,STU06918,3.44,6,37.5,10,44.01,10,2026-10-02
ENG06919,STU06919,9.71,14,66.67,7,50.85,24,2026-10-02
ENG06920,STU06920,8.81,9,75.0,3,57.86,17,2026-10-02
ENG06921,STU06921,2.95,9,64.29,5,54.41,10,2026-10-02
ENG06922,STU06922,5.81,9,69.23,4,69.91,22,2026-10-02
ENG06923,STU06923,11.19,17,70.83,7,75.14,28,2026-10-02
ENG06924,STU06924,6.24,18,81.82,4,58.97,15,2026-10-02
ENG06925,STU06925,3.39,14,60.87,9,62.26,18,2026-10-02
ENG06926,STU06926,11.53,18,78.26,5,68.94,27,2026-10-02
ENG06927,STU06927,1.16,9,45.0,11,37.19,13,2026-10-02
ENG06928,STU06928,18.06,18,94.74,1,97.59,30,2026-10-02
ENG06929,STU06929,13.24,16,69.57,7,61.61,16,2026-10-02
ENG06930,STU06930,1.98,9,75.0,3,58.13,12,2026-10-02
ENG06931,STU06931,12.08,12,92.31,1,84.9,30,2026-10-02
ENG06932,STU06932,10.07,10,66.67,5,63.9,28,2026-10-02
ENG06933,STU06933,1.71,11,47.83,12,45.48,11,2026-10-02
ENG06934,STU06934,2.31,12,50.0,12,54.69,12,2026-10-02
ENG06935,STU06935,8.61,13,81.25,3,48.24,22,2026-10-02
ENG06936,STU06936,10.6,13,86.67,2,72.83,33,2026-10-02
ENG06937,STU06937,10.97,14,73.68,5,79.09,15,2026-10-02
ENG06938,STU06938,11.6,12,75.0,4,75.9,29,2026-10-02
ENG06939,STU06939,0,11,45.83,13,40.16,0,2026-10-02
ENG06940,STU06940,1.11,9,37.5,15,48.71,5,2026-10-02
ENG06941,STU06941,6.49,14,60.87,9,52.22,14,2026-10-02
ENG06942,STU06942,9.6,17,85.0,3,74.79,13,2026-10-02
ENG06943,STU06943,8.69,14,60.87,9,70.17,29,2026-10-02
ENG06944,STU06944,11.68,10,66.67,5,61.75,18,2026-10-02
ENG06945,STU06945,15.45,22,95.65,1,92.47,33,2026-10-02
ENG06946,STU06946,0,8,47.06,9,49.31,14,2026-10-02
ENG06947,STU06947,0,7,33.33,14,43.7,4,2026-10-02
ENG06948,STU06948,5.5,8,57.14,6,65.51,20,2026-10-02
ENG06949,STU06949,0,13,56.52,10,59.21,17,2026-10-02
ENG06950,STU06950,6.15,7,38.89,11,54.01,8,2026-10-02
ENG06951,STU06951,9.15,11,91.67,1,67.88,20,2026-10-02
ENG06952,STU06952,10.52,7,53.85,6,61.03,19,2026-10-02
ENG06953,STU06953,13.26,15,83.33,3,66.86,25,2026-10-02
ENG06954,STU06954,0,14,60.87,9,47.99,3,2026-10-02
ENG06955,STU06955,9.98,8,66.67,4,62.76,21,2026-10-02
ENG06956,STU06956,8.65,9,56.25,7,50.07,26,2026-10-02
ENG06957,STU06957,0.71,11,78.57,3,62.9,5,2026-10-02
ENG06958,STU06958,7.01,15,68.18,7,38.46,14,2026-10-02
ENG06959,STU06959,6.82,10,71.43,4,45.94,12,2026-10-02
ENG06960,STU06960,0,2,15.38,11,31.12,0,2026-10-02
ENG06961,STU06961,2.26,13,61.9,8,54.99,14,2026-10-02
ENG06962,STU06962,3.91,12,63.16,7,45.66,20,2026-10-02
ENG06963,STU06963,12.67,15,88.24,2,72.82,27,2026-10-02
ENG06964,STU06964,4.43,12,85.71,2,62.73,8,2026-10-02
ENG06965,STU06965,2.15,12,60.0,8,56.64,11,2026-10-02
ENG06966,STU06966,8.34,17,89.47,2,64.57,17,2026-10-02
ENG06967,STU06967,17.56,15,88.24,2,74.92,33,2026-10-02
ENG06968,STU06968,17.09,14,77.78,4,95.23,38,2026-10-02
ENG06969,STU06969,3.86,11,52.38,10,61.24,14,2026-10-02
ENG06970,STU06970,3.81,9,64.29,5,54.33,12,2026-10-02
ENG06971,STU06971,13.06,12,54.55,10,55.98,29,2026-10-02
ENG06972,STU06972,0.68,10,47.62,11,34.79,9,2026-10-02
ENG06973,STU06973,4.35,11,57.89,8,52.2,16,2026-10-02
ENG06974,STU06974,18.62,22,95.65,1,80.55,29,2026-10-02
ENG06975,STU06975,9.79,19,82.61,4,78.91,25,2026-10-02
ENG06976,STU06976,0.93,7,43.75,9,42.36,0,2026-10-02
ENG06977,STU06977,0,8,40.0,12,33.88,12,2026-10-02
ENG06978,STU06978,2.09,6,35.29,11,48.44,11,2026-10-02
ENG06979,STU06979,12.29,9,69.23,4,71.36,21,2026-10-02
ENG06980,STU06980,5.89,13,76.47,4,62.47,15,2026-10-02
ENG06981,STU06981,4.49,15,71.43,6,56.12,18,2026-10-02
ENG06982,STU06982,10.89,12,75.0,4,69.97,21,2026-10-02
ENG06983,STU06983,8.64,14,93.33,1,66.68,25,2026-10-02
ENG06984,STU06984,3.9,15,68.18,7,44.44,13,2026-10-02
ENG06985,STU06985,11.08,8,66.67,4,70.36,27,2026-10-02
ENG06986,STU06986,10.41,10,62.5,6,63.5,24,2026-10-02
ENG06987,STU06987,6.76,8,66.67,4,52.56,19,2026-10-02
ENG06988,STU06988,8.11,13,59.09,9,73.61,22,2026-10-02
ENG06989,STU06989,12.17,16,69.57,7,69.66,18,2026-10-02
ENG06990,STU06990,1.01,12,66.67,6,46.9,10,2026-10-02
ENG06991,STU06991,8.4,15,65.22,8,75.92,21,2026-10-02
ENG06992,STU06992,8.9,11,61.11,7,53.93,16,2026-10-02
ENG06993,STU06993,6.91,11,78.57,3,80.58,13,2026-10-02
ENG06994,STU06994,4.24,9,60.0,6,61.64,14,2026-10-02
ENG06995,STU06995,0,13,68.42,6,54.27,14,2026-10-02
ENG06996,STU06996,4.61,9,75.0,3,65.93,9,2026-10-02
ENG06997,STU06997,0,6,25.0,18,50.76,0,2026-10-02
ENG06998,STU06998,10.67,19,82.61,4,73.73,25,2026-10-02
ENG06999,STU06999,13.27,14,70.0,6,63.79,23,2026-10-02
ENG07000,STU07000,16.49,12,100.0,0,70.7,32,2026-10-02
ENG07001,STU07001,5.24,16,72.73,6,54.43,15,2026-10-02
ENG07002,STU07002,5.38,13,59.09,9,65.63,17,2026-10-02
ENG07003,STU07003,4.77,15,71.43,6,55.63,18,2026-10-02
ENG07004,STU07004,7.9,13,81.25,3,79.02,25,2026-10-02
ENG07005,STU07005,16.38,21,87.5,3,71.95,32,2026-10-02
ENG07006,STU07006,0,7,36.84,12,58.11,5,2026-10-02
ENG07007,STU07007,15.74,15,71.43,6,79.35,28,2026-10-02
ENG07008,STU07008,2.73,12,80.0,3,57.69,11,2026-10-02
ENG07009,STU07009,13.52,16,76.19,5,71.0,28,2026-10-02
ENG07010,STU07010,5.54,12,70.59,5,61.14,17,2026-10-02
ENG07011,STU07011,1.33,16,69.57,7,48.08,13,2026-10-02
ENG07012,STU07012,9.44,12,52.17,11,52.71,16,2026-10-02
ENG07013,STU07013,12.03,19,79.17,5,63.83,18,2026-10-02
ENG07014,STU07014,5.84,16,66.67,8,68.66,22,2026-10-02
ENG07015,STU07015,0.61,7,43.75,9,65.83,0,2026-10-02
ENG07016,STU07016,4.36,15,62.5,9,57.86,13,2026-10-02
ENG07017,STU07017,10.31,15,75.0,5,69.36,24,2026-10-02
ENG07018,STU07018,3.07,7,41.18,10,58.97,10,2026-10-02
ENG07019,STU07019,6.99,16,76.19,5,57.49,19,2026-10-02
ENG07020,STU07020,5.53,7,46.67,8,35.18,9,2026-10-02
ENG07021,STU07021,3.96,10,52.63,9,53.98,10,2026-10-02
ENG07022,STU07022,3.4,12,52.17,11,52.0,15,2026-10-02
ENG07023,STU07023,11.46,13,68.42,6,77.59,16,2026-10-02
ENG07024,STU07024,12.91,21,91.3,2,71.96,30,2026-10-02
ENG07025,STU07025,5.63,16,76.19,5,57.08,18,2026-10-02
ENG07026,STU07026,8.38,13,65.0,7,58.2,22,2026-10-02
ENG07027,STU07027,3.28,12,52.17,11,55.75,16,2026-10-02
ENG07028,STU07028,8.21,18,75.0,6,79.83,19,2026-10-02
ENG07029,STU07029,7.67,11,45.83,13,64.38,23,2026-10-02
ENG07030,STU07030,4.78,10,83.33,2,66.44,12,2026-10-02
ENG07031,STU07031,6.23,13,68.42,6,50.37,5,2026-10-02
ENG07032,STU07032,2.29,12,52.17,11,52.04,9,2026-10-02
ENG07033,STU07033,8.57,9,69.23,4,68.75,22,2026-10-02
ENG07034,STU07034,8.8,8,66.67,4,57.39,22,2026-10-02
ENG07035,STU07035,15.36,12,85.71,2,69.89,32,2026-10-02
ENG07036,STU07036,3.16,12,75.0,4,57.52,11,2026-10-02
ENG07037,STU07037,8.99,14,66.67,7,68.89,19,2026-10-02
ENG07038,STU07038,0,8,61.54,5,35.84,4,2026-10-02
ENG07039,STU07039,3.36,12,66.67,6,75.59,13,2026-10-02
ENG07040,STU07040,0,10,52.63,9,59.04,11,2026-10-02
ENG07041,STU07041,0,11,47.83,12,32.14,4,2026-10-02
ENG07042,STU07042,6.77,13,56.52,10,54.13,13,2026-10-02
ENG07043,STU07043,5.69,9,60.0,6,53.79,19,2026-10-02
ENG07044,STU07044,10.27,15,71.43,6,80.43,20,2026-10-02
ENG07045,STU07045,9.31,9,69.23,4,75.82,24,2026-10-02
ENG07046,STU07046,11.43,14,73.68,5,69.68,24,2026-10-02
ENG07047,STU07047,12.24,10,58.82,7,51.11,24,2026-10-02
ENG07048,STU07048,10.66,14,60.87,9,63.51,19,2026-10-02
ENG07049,STU07049,10.93,10,76.92,3,61.85,24,2026-10-02
ENG07050,STU07050,11.17,8,57.14,6,63.67,15,2026-10-02
ENG07051,STU07051,4.13,10,55.56,8,55.38,7,2026-10-02
ENG07052,STU07052,5.84,11,84.62,2,78.95,23,2026-10-02
ENG07053,STU07053,6.36,9,69.23,4,63.12,24,2026-10-02
ENG07054,STU07054,2.94,9,47.37,10,53.05,5,2026-10-02
ENG07055,STU07055,4.57,13,81.25,3,63.08,21,2026-10-02
ENG07056,STU07056,10.5,17,70.83,7,67.91,22,2026-10-02
ENG07057,STU07057,8.99,18,81.82,4,80.75,21,2026-10-02
ENG07058,STU07058,2.15,10,71.43,4,64.82,8,2026-10-02
ENG07059,STU07059,5.26,20,86.96,3,71.23,18,2026-10-02
ENG07060,STU07060,5.57,9,69.23,4,61.58,23,2026-10-02
ENG07061,STU07061,12.22,12,66.67,6,70.01,20,2026-10-02
ENG07062,STU07062,9.88,16,88.89,2,70.11,21,2026-10-02
ENG07063,STU07063,31.32,18,94.74,1,100.0,58,2026-10-02
ENG07064,STU07064,9.78,15,65.22,8,85.93,25,2026-10-02
ENG07065,STU07065,7.58,9,45.0,11,63.96,25,2026-10-02
ENG07066,STU07066,7.53,12,70.59,5,64.84,20,2026-10-02
ENG07067,STU07067,2.15,11,68.75,5,61.37,5,2026-10-02
ENG07068,STU07068,3.66,8,47.06,9,49.07,10,2026-10-02
ENG07069,STU07069,16.52,10,83.33,2,77.1,31,2026-10-02
ENG07070,STU07070,3.36,14,70.0,6,68.9,17,2026-10-02
ENG07071,STU07071,10.88,12,85.71,2,72.34,28,2026-10-02
ENG07072,STU07072,5.99,10,55.56,8,67.11,5,2026-10-02
ENG07073,STU07073,13.46,9,75.0,3,69.16,29,2026-10-02
ENG07074,STU07074,7.6,11,78.57,3,69.5,18,2026-10-02
ENG07075,STU07075,10.54,9,64.29,5,89.55,17,2026-10-02
ENG07076,STU07076,3.98,9,37.5,15,46.8,3,2026-10-02
ENG07077,STU07077,7.79,16,72.73,6,64.49,23,2026-10-02
ENG07078,STU07078,8.55,6,50.0,6,44.47,15,2026-10-02
ENG07079,STU07079,0,4,25.0,12,32.08,2,2026-10-02
ENG07080,STU07080,13.81,13,72.22,5,65.42,34,2026-10-02
ENG07081,STU07081,11.87,11,52.38,10,76.76,27,2026-10-02
ENG07082,STU07082,5.22,8,50.0,8,52.13,10,2026-10-02
ENG07083,STU07083,1.01,8,66.67,4,62.62,11,2026-10-02
ENG07084,STU07084,2.99,12,80.0,3,53.18,11,2026-10-02
ENG07085,STU07085,22.35,15,100.0,0,88.52,41,2026-10-02
ENG07086,STU07086,4.74,9,75.0,3,67.33,20,2026-10-02
ENG07087,STU07087,18.56,10,83.33,2,72.17,35,2026-10-02
ENG07088,STU07088,15.81,15,83.33,3,70.95,33,2026-10-02
ENG07089,STU07089,0,9,52.94,8,41.92,12,2026-10-02
ENG07090,STU07090,11.62,9,69.23,4,50.2,21,2026-10-02
ENG07091,STU07091,1.83,12,50.0,12,44.49,15,2026-10-02
ENG07092,STU07092,7.32,14,60.87,9,47.81,14,2026-10-02
ENG07093,STU07093,2.06,13,65.0,7,45.47,11,2026-10-02
ENG07094,STU07094,10.86,9,69.23,4,47.54,19,2026-10-02
ENG07095,STU07095,3.25,9,47.37,10,64.67,11,2026-10-02
ENG07096,STU07096,0,6,26.09,17,32.81,0,2026-10-02
ENG07097,STU07097,7.13,9,64.29,5,69.07,8,2026-10-02
ENG07098,STU07098,6.11,15,88.24,2,68.52,20,2026-10-02
ENG07099,STU07099,12.84,13,81.25,3,80.95,26,2026-10-02
ENG07100,STU07100,5.65,11,50.0,11,41.99,9,2026-10-02
ENG07101,STU07101,9.09,17,73.91,6,64.51,29,2026-10-02
ENG07102,STU07102,10.56,12,63.16,7,58.68,26,2026-10-02
ENG07103,STU07103,8.09,10,76.92,3,67.61,15,2026-10-02
ENG07104,STU07104,2.25,5,41.67,7,54.15,13,2026-10-02
ENG07105,STU07105,0,11,52.38,10,62.03,5,2026-10-02
ENG07106,STU07106,9.43,18,78.26,5,77.21,16,2026-10-02
ENG07107,STU07107,12.27,11,91.67,1,89.41,30,2026-10-02
ENG07108,STU07108,17.23,24,100.0,0,85.5,35,2026-10-02
ENG07109,STU07109,9.17,12,66.67,6,81.94,23,2026-10-02
ENG07110,STU07110,7.8,13,65.0,7,72.62,18,2026-10-02
ENG07111,STU07111,2.96,13,61.9,8,55.36,14,2026-10-02
ENG07112,STU07112,9.92,8,66.67,4,66.45,38,2026-10-02
ENG07113,STU07113,3.77,13,61.9,8,82.83,3,2026-10-02
ENG07114,STU07114,5.64,14,73.68,5,53.1,16,2026-10-02
ENG07115,STU07115,19.25,12,92.31,1,87.68,37,2026-10-02
ENG07116,STU07116,15.1,17,85.0,3,66.26,36,2026-10-02
ENG07117,STU07117,2.11,16,69.57,7,53.04,16,2026-10-02
ENG07118,STU07118,12.89,19,79.17,5,57.81,32,2026-10-02
ENG07119,STU07119,13.45,11,91.67,1,85.4,18,2026-10-02
ENG07120,STU07120,10.09,14,70.0,6,65.22,27,2026-10-02
ENG07121,STU07121,10.71,10,71.43,4,60.94,28,2026-10-02
ENG07122,STU07122,5.66,14,70.0,6,46.88,16,2026-10-02
ENG07123,STU07123,0.94,12,52.17,11,46.84,8,2026-10-02
ENG07124,STU07124,13.71,21,87.5,3,80.02,30,2026-10-02
ENG07125,STU07125,21.55,21,100.0,0,95.95,43,2026-10-02
ENG07126,STU07126,5.27,16,69.57,7,53.24,12,2026-10-02
ENG07127,STU07127,0,10,66.67,5,43.95,12,2026-10-02
ENG07128,STU07128,15.28,14,87.5,2,76.32,24,2026-10-02
ENG07129,STU07129,13.98,18,78.26,5,82.84,25,2026-10-02
ENG07130,STU07130,17.61,12,85.71,2,92.74,39,2026-10-02
ENG07131,STU07131,7.98,8,61.54,5,59.98,19,2026-10-02
ENG07132,STU07132,13.0,17,89.47,2,66.17,33,2026-10-02
ENG07133,STU07133,6.11,10,76.92,3,69.77,12,2026-10-02
ENG07134,STU07134,11.91,14,87.5,2,88.07,30,2026-10-02
ENG07135,STU07135,14.14,22,91.67,2,80.69,39,2026-10-02
ENG07136,STU07136,0,8,53.33,7,30.76,0,2026-10-02
ENG07137,STU07137,7.3,13,100.0,0,82.69,23,2026-10-02
ENG07138,STU07138,4.88,5,41.67,7,41.23,17,2026-10-02
ENG07139,STU07139,0,12,54.55,10,53.42,3,2026-10-02
ENG07140,STU07140,10.67,14,60.87,9,64.54,27,2026-10-02
ENG07141,STU07141,0.1,13,65.0,7,60.67,1,2026-10-02
ENG07142,STU07142,15.88,13,65.0,7,62.72,36,2026-10-02
ENG07143,STU07143,3.26,6,50.0,6,35.38,5,2026-10-02
ENG07144,STU07144,9.26,10,83.33,2,68.47,18,2026-10-02
ENG07145,STU07145,11.33,9,50.0,9,55.44,12,2026-10-02
ENG07146,STU07146,12.54,9,56.25,7,60.55,19,2026-10-02
ENG07147,STU07147,8.46,10,83.33,2,77.85,27,2026-10-02
ENG07148,STU07148,0,8,50.0,8,38.45,8,2026-10-02
ENG07149,STU07149,8.11,17,73.91,6,66.75,19,2026-10-02
ENG07150,STU07150,13.26,17,94.44,1,56.23,33,2026-10-02
ENG07151,STU07151,4.42,14,77.78,4,66.24,24,2026-10-02
ENG07152,STU07152,13.77,11,84.62,2,66.12,22,2026-10-02
ENG07153,STU07153,14.27,14,82.35,3,72.1,32,2026-10-02
ENG07154,STU07154,13.11,20,90.91,2,66.25,29,2026-10-02
ENG07155,STU07155,12.97,14,70.0,6,68.93,19,2026-10-02
ENG07156,STU07156,16.45,14,100.0,0,76.14,35,2026-10-02
ENG07157,STU07157,9.5,15,65.22,8,56.85,16,2026-10-02
ENG07158,STU07158,3.33,11,61.11,7,57.34,20,2026-10-02
ENG07159,STU07159,5.45,11,64.71,6,56.64,23,2026-10-02
ENG07160,STU07160,0.41,4,33.33,8,37.05,0,2026-10-02
ENG07161,STU07161,14.17,17,77.27,5,59.28,31,2026-10-02
ENG07162,STU07162,11.82,14,82.35,3,76.25,33,2026-10-02
ENG07163,STU07163,3.23,9,45.0,11,59.68,11,2026-10-02
ENG07164,STU07164,3.14,13,59.09,9,43.34,17,2026-10-02
ENG07165,STU07165,5.25,13,61.9,8,60.19,21,2026-10-02
ENG07166,STU07166,20.58,19,79.17,5,100.0,42,2026-10-02
ENG07167,STU07167,8.44,11,57.89,8,76.0,26,2026-10-02
ENG07168,STU07168,7.73,11,50.0,11,49.19,14,2026-10-02
ENG07169,STU07169,11.78,12,80.0,3,48.86,29,2026-10-02
ENG07170,STU07170,6.24,17,77.27,5,53.58,18,2026-10-02
ENG07171,STU07171,7.08,10,45.45,12,47.33,18,2026-10-02
ENG07172,STU07172,11.98,13,76.47,4,59.23,17,2026-10-02
ENG07173,STU07173,12.48,12,80.0,3,62.95,29,2026-10-02
ENG07174,STU07174,1.94,9,50.0,9,50.49,11,2026-10-02
ENG07175,STU07175,1.29,13,56.52,10,47.2,6,2026-10-02
ENG07176,STU07176,8.71,21,87.5,3,57.35,18,2026-10-02
ENG07177,STU07177,6.57,11,55.0,9,59.85,18,2026-10-02
ENG07178,STU07178,7.93,13,59.09,9,72.06,24,2026-10-02
ENG07179,STU07179,9.58,15,71.43,6,79.59,23,2026-10-02
ENG07180,STU07180,14.63,14,63.64,8,55.82,18,2026-10-02
ENG07181,STU07181,0,11,64.71,6,46.65,9,2026-10-02
ENG07182,STU07182,3.66,12,60.0,8,52.53,13,2026-10-02
ENG07183,STU07183,10.39,16,66.67,8,82.99,32,2026-10-02
ENG07184,STU07184,6.68,9,69.23,4,57.51,27,2026-10-02
ENG07185,STU07185,23.12,11,84.62,2,93.54,43,2026-10-02
ENG07186,STU07186,5.85,13,76.47,4,53.81,13,2026-10-02
ENG07187,STU07187,5.77,14,60.87,9,65.42,18,2026-10-02
ENG07188,STU07188,10.35,16,69.57,7,67.22,32,2026-10-02
ENG07189,STU07189,3.71,12,54.55,10,50.52,20,2026-10-02
ENG07190,STU07190,8.6,14,70.0,6,46.9,18,2026-10-02
ENG07191,STU07191,5.71,11,64.71,6,58.1,12,2026-10-02
ENG07192,STU07192,1.74,13,61.9,8,48.49,7,2026-10-02
ENG07193,STU07193,5.5,8,33.33,16,54.25,14,2026-10-02
ENG07194,STU07194,5.88,9,50.0,9,59.31,9,2026-10-02
ENG07195,STU07195,0,12,52.17,11,30.93,2,2026-10-02
ENG07196,STU07196,4.47,14,66.67,7,65.38,25,2026-10-02
ENG07197,STU07197,8.56,8,61.54,5,67.91,29,2026-10-02
ENG07198,STU07198,6.75,11,61.11,7,48.78,17,2026-10-02
ENG07199,STU07199,0,8,47.06,9,52.26,7,2026-10-02
ENG07200,STU07200,3.89,9,60.0,6,56.77,18,2026-10-02
ENG07201,STU07201,8.61,11,84.62,2,82.89,19,2026-10-02
ENG07202,STU07202,7.88,10,76.92,3,64.46,18,2026-10-02
ENG07203,STU07203,1.43,15,68.18,7,62.05,16,2026-10-02
ENG07204,STU07204,10.88,9,64.29,5,66.37,31,2026-10-02
ENG07205,STU07205,11.68,13,68.42,6,74.22,25,2026-10-02
ENG07206,STU07206,6.67,19,82.61,4,74.29,23,2026-10-02
ENG07207,STU07207,2.33,7,43.75,9,40.91,6,2026-10-02
ENG07208,STU07208,7.63,5,31.25,11,54.62,14,2026-10-02
ENG07209,STU07209,7.18,9,50.0,9,56.46,24,2026-10-02
ENG07210,STU07210,15.74,11,78.57,3,79.9,31,2026-10-02
ENG07211,STU07211,12.89,16,76.19,5,66.88,28,2026-10-02
ENG07212,STU07212,12.32,15,93.75,1,73.3,23,2026-10-02
ENG07213,STU07213,0.53,6,46.15,7,51.06,8,2026-10-02
ENG07214,STU07214,19.87,18,94.74,1,100.0,40,2026-10-02
ENG07215,STU07215,3.44,12,63.16,7,61.61,16,2026-10-02
ENG07216,STU07216,14.28,15,68.18,7,47.75,17,2026-10-02
ENG07217,STU07217,9.66,17,70.83,7,62.46,22,2026-10-02
ENG07218,STU07218,9.14,14,66.67,7,63.58,19,2026-10-02
ENG07219,STU07219,0.84,10,41.67,14,50.25,6,2026-10-02
ENG07220,STU07220,15.6,18,90.0,2,87.39,36,2026-10-02
ENG07221,STU07221,19.41,17,77.27,5,81.29,30,2026-10-02
ENG07222,STU07222,9.26,10,66.67,5,66.82,14,2026-10-02
ENG07223,STU07223,6.87,11,61.11,7,59.5,19,2026-10-02
ENG07224,STU07224,0,6,40.0,9,33.58,0,2026-10-02
ENG07225,STU07225,3.3,4,30.77,9,55.28,13,2026-10-02
ENG07226,STU07226,5.39,6,50.0,6,52.38,20,2026-10-02
ENG07227,STU07227,13.46,19,82.61,4,61.42,40,2026-10-02
ENG07228,STU07228,19.28,14,100.0,0,69.74,42,2026-10-02
ENG07229,STU07229,12.81,9,60.0,6,59.21,31,2026-10-02
ENG07230,STU07230,18.07,17,80.95,4,75.01,33,2026-10-02
ENG07231,STU07231,9.71,15,65.22,8,57.6,31,2026-10-02
ENG07232,STU07232,6.33,14,70.0,6,59.76,25,2026-10-02
ENG07233,STU07233,9.99,7,53.85,6,53.04,29,2026-10-02
ENG07234,STU07234,0.67,11,55.0,9,38.16,0,2026-10-02
ENG07235,STU07235,11.04,12,66.67,6,52.71,20,2026-10-02
ENG07236,STU07236,5.91,11,45.83,13,62.54,12,2026-10-02
ENG07237,STU07237,0,9,40.91,13,40.56,2,2026-10-02
ENG07238,STU07238,6.69,10,62.5,6,52.08,18,2026-10-02
ENG07239,STU07239,7.37,12,66.67,6,44.63,13,2026-10-02
ENG07240,STU07240,0,9,39.13,14,56.32,7,2026-10-02
ENG07241,STU07241,7.07,8,57.14,6,66.0,12,2026-10-02
ENG07242,STU07242,10.51,17,89.47,2,66.53,28,2026-10-02
ENG07243,STU07243,11.7,19,82.61,4,78.34,29,2026-10-02
ENG07244,STU07244,0,6,50.0,6,53.59,0,2026-10-02
ENG07245,STU07245,7.06,18,85.71,3,66.34,30,2026-10-02
ENG07246,STU07246,16.41,14,87.5,2,80.96,34,2026-10-02
ENG07247,STU07247,3.97,15,62.5,9,34.75,9,2026-10-02
ENG07248,STU07248,10.74,17,85.0,3,65.0,33,2026-10-02
ENG07249,STU07249,11.66,12,66.67,6,54.12,31,2026-10-02
ENG07250,STU07250,1.36,16,69.57,7,60.21,14,2026-10-02
ENG07251,STU07251,18.49,11,84.62,2,89.41,32,2026-10-02
ENG07252,STU07252,12.73,12,92.31,1,97.52,30,2026-10-02
ENG07253,STU07253,7.56,11,61.11,7,68.0,19,2026-10-02
ENG07254,STU07254,5.67,11,91.67,1,68.12,17,2026-10-02
ENG07255,STU07255,10.6,11,64.71,6,65.37,30,2026-10-02
ENG07256,STU07256,0,9,42.86,12,54.6,0,2026-10-02
ENG07257,STU07257,7.52,19,86.36,3,64.84,29,2026-10-02
ENG07258,STU07258,17.94,19,100.0,0,74.88,33,2026-10-02
ENG07259,STU07259,7.81,11,57.89,8,67.33,19,2026-10-02
ENG07260,STU07260,6.42,14,58.33,10,44.67,18,2026-10-02
ENG07261,STU07261,5.71,11,78.57,3,59.69,25,2026-10-02
ENG07262,STU07262,4.59,6,37.5,10,56.1,0,2026-10-02
ENG07263,STU07263,6.59,15,68.18,7,55.87,15,2026-10-02
ENG07264,STU07264,8.37,13,68.42,6,75.25,21,2026-10-02
ENG07265,STU07265,6.12,11,47.83,12,68.32,21,2026-10-02
ENG07266,STU07266,0,11,52.38,10,30.56,2,2026-10-02
ENG07267,STU07267,8.79,18,81.82,4,75.75,22,2026-10-02
ENG07268,STU07268,9.98,12,75.0,4,69.7,11,2026-10-02
ENG07269,STU07269,1.88,8,50.0,8,55.53,12,2026-10-02
ENG07270,STU07270,10.94,9,75.0,3,69.58,21,2026-10-02
ENG07271,STU07271,0.69,13,65.0,7,50.5,10,2026-10-02
ENG07272,STU07272,6.96,9,69.23,4,57.22,11,2026-10-02
ENG07273,STU07273,10.07,7,58.33,5,73.56,21,2026-10-02
ENG07274,STU07274,10.22,10,83.33,2,95.66,27,2026-10-02
ENG07275,STU07275,3.76,13,56.52,10,40.78,10,2026-10-02
ENG07276,STU07276,11.74,13,76.47,4,62.23,35,2026-10-02
ENG07277,STU07277,0,7,46.67,8,50.12,4,2026-10-02
ENG07278,STU07278,11.92,20,86.96,3,91.83,40,2026-10-02
ENG07279,STU07279,9.27,9,52.94,8,53.9,19,2026-10-02
ENG07280,STU07280,5.02,7,50.0,7,50.44,4,2026-10-02
ENG07281,STU07281,8.66,13,65.0,7,63.02,22,2026-10-02
ENG07282,STU07282,11.83,16,72.73,6,60.54,29,2026-10-02
ENG07283,STU07283,9.99,9,64.29,5,44.15,21,2026-10-02
ENG07284,STU07284,9.92,9,64.29,5,71.44,28,2026-10-02
ENG07285,STU07285,0,7,46.67,8,18.18,0,2026-10-02
ENG07286,STU07286,13.69,14,73.68,5,84.31,32,2026-10-02
ENG07287,STU07287,20.21,19,95.0,1,85.06,35,2026-10-02
ENG07288,STU07288,9.37,11,84.62,2,78.13,22,2026-10-02
ENG07289,STU07289,5.45,10,58.82,7,46.09,19,2026-10-02
ENG07290,STU07290,13.18,14,66.67,7,68.89,32,2026-10-02
ENG07291,STU07291,8.7,11,84.62,2,62.41,24,2026-10-02
ENG07292,STU07292,2.47,15,62.5,9,56.0,9,2026-10-02
ENG07293,STU07293,0,6,37.5,10,40.99,7,2026-10-02
ENG07294,STU07294,13.13,8,66.67,4,58.43,27,2026-10-02
ENG07295,STU07295,10.36,9,64.29,5,47.87,27,2026-10-02
ENG07296,STU07296,3.08,7,50.0,7,46.21,7,2026-10-02
ENG07297,STU07297,9.32,12,85.71,2,60.7,28,2026-10-02
ENG07298,STU07298,0,5,41.67,7,42.78,12,2026-10-02
ENG07299,STU07299,1.78,15,75.0,5,71.0,10,2026-10-02
ENG07300,STU07300,9.74,11,78.57,3,79.36,24,2026-10-02
ENG07301,STU07301,0,12,63.16,7,65.19,7,2026-10-02
ENG07302,STU07302,8.27,13,76.47,4,67.9,26,2026-10-02
ENG07303,STU07303,11.63,7,53.85,6,60.89,25,2026-10-02
ENG07304,STU07304,4.63,8,61.54,5,49.97,19,2026-10-02
ENG07305,STU07305,9.72,18,78.26,5,73.2,15,2026-10-02
ENG07306,STU07306,0,6,42.86,8,44.92,1,2026-10-02
ENG07307,STU07307,6.86,10,55.56,8,60.44,20,2026-10-02
ENG07308,STU07308,0,11,61.11,7,51.26,2,2026-10-02
ENG07309,STU07309,2.87,7,50.0,7,39.42,10,2026-10-02
ENG07310,STU07310,7.51,16,66.67,8,62.89,26,2026-10-02
ENG07311,STU07311,0,5,31.25,11,16.97,0,2026-10-02
ENG07312,STU07312,8.14,9,60.0,6,62.53,17,2026-10-02
ENG07313,STU07313,1.69,6,42.86,8,34.85,1,2026-10-02
ENG07314,STU07314,8.96,12,75.0,4,64.42,33,2026-10-02
ENG07315,STU07315,9.47,14,77.78,4,62.34,17,2026-10-02
ENG07316,STU07316,0,7,50.0,7,31.3,4,2026-10-02
ENG07317,STU07317,16.3,20,83.33,4,83.0,30,2026-10-02
ENG07318,STU07318,4.04,15,75.0,5,59.21,16,2026-10-02
ENG07319,STU07319,17.58,19,86.36,3,90.83,35,2026-10-02
ENG07320,STU07320,12.76,15,75.0,5,72.76,35,2026-10-02
ENG07321,STU07321,12.68,13,61.9,8,47.93,18,2026-10-02
ENG07322,STU07322,3.72,10,58.82,7,62.51,7,2026-10-02
ENG07323,STU07323,4.22,17,70.83,7,59.81,15,2026-10-02
ENG07324,STU07324,1.89,8,66.67,4,35.01,3,2026-10-02
ENG07325,STU07325,4.05,8,53.33,7,43.22,16,2026-10-02
ENG07326,STU07326,7.94,8,61.54,5,44.61,22,2026-10-02
ENG07327,STU07327,9.6,9,64.29,5,57.68,18,2026-10-02
ENG07328,STU07328,17.17,21,91.3,2,90.42,36,2026-10-02
ENG07329,STU07329,1.77,8,57.14,6,57.76,12,2026-10-02
ENG07330,STU07330,0,8,47.06,9,35.93,10,2026-10-02
ENG07331,STU07331,8.39,16,76.19,5,72.49,20,2026-10-02
ENG07332,STU07332,0,5,35.71,9,38.6,0,2026-10-02
ENG07333,STU07333,6.43,8,66.67,4,64.12,14,2026-10-02
ENG07334,STU07334,1.04,9,64.29,5,68.25,1,2026-10-02
ENG07335,STU07335,9.23,14,70.0,6,65.44,23,2026-10-02
ENG07336,STU07336,8.94,14,82.35,3,73.57,34,2026-10-02
ENG07337,STU07337,1.72,14,66.67,7,58.95,6,2026-10-02
ENG07338,STU07338,11.25,17,77.27,5,65.68,27,2026-10-02
ENG07339,STU07339,3.46,8,66.67,4,47.56,6,2026-10-02
ENG07340,STU07340,0.64,7,33.33,14,20.42,10,2026-10-02
ENG07341,STU07341,10.75,17,85.0,3,64.52,25,2026-10-02
ENG07342,STU07342,6.61,10,71.43,4,63.82,20,2026-10-02
ENG07343,STU07343,12.62,13,76.47,4,82.38,23,2026-10-02
ENG07344,STU07344,20.5,24,100.0,0,95.42,35,2026-10-02
ENG07345,STU07345,5.84,11,78.57,3,49.96,13,2026-10-02
ENG07346,STU07346,9.45,10,62.5,6,54.62,14,2026-10-02
ENG07347,STU07347,3.88,8,53.33,7,63.12,17,2026-10-02
ENG07348,STU07348,0,11,47.83,12,52.29,13,2026-10-02
ENG07349,STU07349,0.66,8,36.36,14,34.91,0,2026-10-02
ENG07350,STU07350,3.59,14,60.87,9,60.23,17,2026-10-02
ENG07351,STU07351,1.92,8,47.06,9,52.37,9,2026-10-02
ENG07352,STU07352,4.26,6,42.86,8,57.42,10,2026-10-02
ENG07353,STU07353,6.2,11,78.57,3,62.47,14,2026-10-02
ENG07354,STU07354,3.14,5,41.67,7,53.92,2,2026-10-02
ENG07355,STU07355,0,9,39.13,14,37.17,3,2026-10-02
ENG07356,STU07356,5.07,6,50.0,6,37.58,10,2026-10-02
ENG07357,STU07357,4.83,17,89.47,2,63.85,15,2026-10-02
ENG07358,STU07358,12.07,8,61.54,5,49.67,33,2026-10-02
ENG07359,STU07359,14.09,15,78.95,4,79.61,32,2026-10-02
ENG07360,STU07360,7.59,19,79.17,5,53.41,21,2026-10-02
ENG07361,STU07361,12.38,13,86.67,2,69.64,18,2026-10-02
ENG07362,STU07362,8.43,9,52.94,8,54.24,14,2026-10-02
ENG07363,STU07363,5.39,10,50.0,10,41.29,6,2026-10-02
ENG07364,STU07364,7.26,14,63.64,8,47.72,13,2026-10-02
ENG07365,STU07365,22.09,13,100.0,0,89.46,45,2026-10-02
ENG07366,STU07366,10.9,19,79.17,5,72.45,23,2026-10-02
ENG07367,STU07367,11.39,12,100.0,0,62.7,35,2026-10-02
ENG07368,STU07368,12.71,16,80.0,4,83.01,26,2026-10-02
ENG07369,STU07369,9.92,13,92.86,1,72.52,24,2026-10-02
ENG07370,STU07370,8.62,13,68.42,6,71.19,23,2026-10-02
ENG07371,STU07371,6.81,15,62.5,9,72.46,19,2026-10-02
ENG07372,STU07372,4.25,15,78.95,4,55.6,23,2026-10-02
ENG07373,STU07373,0,7,29.17,17,36.53,9,2026-10-02
ENG07374,STU07374,10.18,14,70.0,6,56.59,20,2026-10-02
ENG07375,STU07375,6.7,11,91.67,1,75.17,22,2026-10-02
ENG07376,STU07376,5.83,14,73.68,5,63.22,12,2026-10-02
ENG07377,STU07377,11.23,16,84.21,3,85.97,24,2026-10-02
ENG07378,STU07378,16.19,12,92.31,1,80.95,44,2026-10-02
ENG07379,STU07379,9.87,13,76.47,4,59.51,23,2026-10-02
ENG07380,STU07380,0.96,9,60.0,6,47.22,10,2026-10-02
ENG07381,STU07381,0,17,89.47,2,70.48,19,2026-10-02
ENG07382,STU07382,8.95,10,58.82,7,72.25,16,2026-10-02
ENG07383,STU07383,13.75,15,78.95,4,70.74,32,2026-10-02
ENG07384,STU07384,0.82,10,52.63,9,42.42,5,2026-10-02
ENG07385,STU07385,8.55,10,83.33,2,51.45,20,2026-10-02
ENG07386,STU07386,18.29,21,100.0,0,80.77,35,2026-10-02
ENG07387,STU07387,3.82,12,57.14,9,49.3,14,2026-10-02
ENG07388,STU07388,5.5,10,71.43,4,61.71,18,2026-10-02
ENG07389,STU07389,9.24,14,63.64,8,46.71,25,2026-10-02
ENG07390,STU07390,7.09,12,70.59,5,50.84,18,2026-10-02
ENG07391,STU07391,0,5,35.71,9,50.91,0,2026-10-02
ENG07392,STU07392,13.68,11,78.57,3,67.65,20,2026-10-02
ENG07393,STU07393,4.11,12,80.0,3,81.09,17,2026-10-02
ENG07394,STU07394,12.28,10,76.92,3,64.94,22,2026-10-02
ENG07395,STU07395,9.86,8,66.67,4,61.2,27,2026-10-02
ENG07396,STU07396,3.14,14,73.68,5,71.35,16,2026-10-02
ENG07397,STU07397,7.27,7,53.85,6,45.59,0,2026-10-02
ENG07398,STU07398,12.96,18,85.71,3,69.17,34,2026-10-02
ENG07399,STU07399,12.22,10,62.5,6,67.74,17,2026-10-02
ENG07400,STU07400,13.38,15,62.5,9,83.23,31,2026-10-02
ENG07401,STU07401,11.51,9,75.0,3,55.69,9,2026-10-02
ENG07402,STU07402,0,7,50.0,7,15.63,7,2026-10-02
ENG07403,STU07403,19.01,11,91.67,1,84.17,44,2026-10-02
ENG07404,STU07404,12.69,16,80.0,4,77.85,26,2026-10-02
ENG07405,STU07405,7.0,13,72.22,5,71.9,27,2026-10-02
ENG07406,STU07406,9.92,11,64.71,6,58.44,27,2026-10-02
ENG07407,STU07407,0.93,9,52.94,8,33.3,14,2026-10-02
ENG07408,STU07408,5.17,7,58.33,5,60.81,13,2026-10-02
ENG07409,STU07409,8.95,16,69.57,7,63.84,11,2026-10-02
ENG07410,STU07410,16.59,17,89.47,2,80.42,41,2026-10-02
ENG07411,STU07411,0.61,16,80.0,4,60.6,12,2026-10-02
ENG07412,STU07412,10.11,5,35.71,9,37.15,13,2026-10-02
ENG07413,STU07413,15.15,16,69.57,7,71.72,28,2026-10-02
ENG07414,STU07414,5.82,19,79.17,5,65.89,21,2026-10-02
ENG07415,STU07415,6.21,21,87.5,3,82.23,14,2026-10-02
ENG07416,STU07416,13.68,14,77.78,4,60.03,32,2026-10-02
ENG07417,STU07417,16.02,18,90.0,2,86.07,29,2026-10-02
ENG07418,STU07418,1.11,9,50.0,9,61.55,6,2026-10-02
ENG07419,STU07419,6.97,12,63.16,7,49.78,13,2026-10-02
ENG07420,STU07420,0,13,61.9,8,40.35,12,2026-10-02
ENG07421,STU07421,5.74,13,59.09,9,54.88,15,2026-10-02
ENG07422,STU07422,0,4,33.33,8,57.59,2,2026-10-02
ENG07423,STU07423,9.78,16,69.57,7,45.01,22,2026-10-02
ENG07424,STU07424,2.61,10,43.48,13,38.28,11,2026-10-02
ENG07425,STU07425,22.59,16,94.12,1,83.03,38,2026-10-02
ENG07426,STU07426,8.25,9,52.94,8,62.73,19,2026-10-02
ENG07427,STU07427,1.04,9,64.29,5,47.16,12,2026-10-02
ENG07428,STU07428,0,5,27.78,13,31.92,0,2026-10-02
ENG07429,STU07429,3.78,11,47.83,12,42.2,6,2026-10-02
ENG07430,STU07430,1.25,17,77.27,5,75.51,6,2026-10-02
ENG07431,STU07431,9.28,7,58.33,5,70.47,21,2026-10-02
ENG07432,STU07432,1.09,5,38.46,8,49.58,5,2026-10-02
ENG07433,STU07433,4.35,19,86.36,3,70.93,13,2026-10-02
ENG07434,STU07434,8.96,11,68.75,5,59.95,24,2026-10-02
ENG07435,STU07435,13.49,12,92.31,1,77.09,34,2026-10-02
ENG07436,STU07436,7.66,13,72.22,5,66.53,23,2026-10-02
ENG07437,STU07437,13.44,11,73.33,4,88.68,26,2026-10-02
ENG07438,STU07438,2.21,14,63.64,8,68.73,15,2026-10-02
ENG07439,STU07439,4.29,6,46.15,7,39.95,18,2026-10-02
ENG07440,STU07440,5.02,7,53.85,6,47.76,12,2026-10-02
ENG07441,STU07441,2.01,10,58.82,7,64.11,16,2026-10-02
ENG07442,STU07442,11.21,16,72.73,6,70.4,18,2026-10-02
ENG07443,STU07443,4.35,10,52.63,9,52.5,17,2026-10-02
ENG07444,STU07444,4.9,14,73.68,5,56.58,8,2026-10-02
ENG07445,STU07445,5.85,12,63.16,7,54.89,19,2026-10-02
ENG07446,STU07446,16.15,9,60.0,6,74.66,29,2026-10-02
ENG07447,STU07447,0,6,50.0,6,47.05,17,2026-10-02
ENG07448,STU07448,8.19,18,78.26,5,65.17,26,2026-10-02
ENG07449,STU07449,4.69,17,85.0,3,78.03,26,2026-10-02
ENG07450,STU07450,4.21,10,66.67,5,51.14,19,2026-10-02
ENG07451,STU07451,15.44,13,86.67,2,57.41,26,2026-10-02
ENG07452,STU07452,12.64,18,78.26,5,69.57,22,2026-10-02
ENG07453,STU07453,8.54,14,77.78,4,85.63,26,2026-10-02
ENG07454,STU07454,4.07,9,37.5,15,44.43,10,2026-10-02
ENG07455,STU07455,18.88,12,100.0,0,74.24,44,2026-10-02
ENG07456,STU07456,3.61,9,69.23,4,73.23,16,2026-10-02
ENG07457,STU07457,0,7,43.75,9,36.88,8,2026-10-02
ENG07458,STU07458,1.32,10,52.63,9,61.7,0,2026-10-02
ENG07459,STU07459,13.02,10,66.67,5,53.96,17,2026-10-02
ENG07460,STU07460,17.3,19,86.36,3,73.77,35,2026-10-02
ENG07461,STU07461,6.66,12,60.0,8,51.9,5,2026-10-02
ENG07462,STU07462,9.14,10,76.92,3,78.22,16,2026-10-02
ENG07463,STU07463,1.92,8,57.14,6,45.46,5,2026-10-02
ENG07464,STU07464,12.81,17,73.91,6,67.28,27,2026-10-02
ENG07465,STU07465,7.26,16,94.12,1,65.7,23,2026-10-02
ENG07466,STU07466,9.68,11,64.71,6,59.27,32,2026-10-02
ENG07467,STU07467,2.35,8,57.14,6,50.8,13,2026-10-02
ENG07468,STU07468,16.55,16,72.73,6,82.1,36,2026-10-02
ENG07469,STU07469,1.99,4,33.33,8,36.9,11,2026-10-02
ENG07470,STU07470,6.07,14,58.33,10,50.8,10,2026-10-02
ENG07471,STU07471,13.38,11,73.33,4,79.48,24,2026-10-02
ENG07472,STU07472,16.46,16,100.0,0,81.53,31,2026-10-02
ENG07473,STU07473,6.47,9,64.29,5,50.21,24,2026-10-02
ENG07474,STU07474,11.79,15,88.24,2,95.11,27,2026-10-02
ENG07475,STU07475,9.12,13,76.47,4,68.14,22,2026-10-02
ENG07476,STU07476,12.79,15,78.95,4,49.87,29,2026-10-02
ENG07477,STU07477,5.73,8,53.33,7,63.25,12,2026-10-02
ENG07478,STU07478,3.21,12,66.67,6,51.55,12,2026-10-02
ENG07479,STU07479,2.99,9,75.0,3,54.09,18,2026-10-02
ENG07480,STU07480,3.85,14,73.68,5,65.98,15,2026-10-02
ENG07481,STU07481,4.26,11,52.38,10,60.45,17,2026-10-02
ENG07482,STU07482,5.64,19,79.17,5,54.32,28,2026-10-02
ENG07483,STU07483,3.33,9,47.37,10,53.43,20,2026-10-02
ENG07484,STU07484,7.96,9,69.23,4,63.15,14,2026-10-02
ENG07485,STU07485,17.24,11,61.11,7,80.28,20,2026-10-02
ENG07486,STU07486,2.97,9,47.37,10,42.62,7,2026-10-02
ENG07487,STU07487,3.04,8,53.33,7,41.38,21,2026-10-02
ENG07488,STU07488,8.41,10,58.82,7,60.55,19,2026-10-02
ENG07489,STU07489,11.25,10,55.56,8,54.93,31,2026-10-02
ENG07490,STU07490,6.71,14,70.0,6,55.04,14,2026-10-02
ENG07491,STU07491,7.15,11,84.62,2,54.62,20,2026-10-02
ENG07492,STU07492,11.37,15,83.33,3,72.5,26,2026-10-02
ENG07493,STU07493,16.29,20,86.96,3,59.76,30,2026-10-02
ENG07494,STU07494,11.8,15,78.95,4,52.62,30,2026-10-02
ENG07495,STU07495,3.17,12,66.67,6,48.62,7,2026-10-02
ENG07496,STU07496,15.68,13,81.25,3,73.19,35,2026-10-02
ENG07497,STU07497,8.96,11,68.75,5,63.65,17,2026-10-02
ENG07498,STU07498,10.89,9,60.0,6,55.25,23,2026-10-02
ENG07499,STU07499,0.77,12,66.67,6,55.04,12,2026-10-02
ENG07500,STU07500,4.72,10,66.67,5,61.42,11,2026-10-02
ENG07501,STU07501,0,9,47.37,10,35.67,8,2026-10-02
ENG07502,STU07502,0,8,38.1,13,36.87,5,2026-10-02
ENG07503,STU07503,12.6,18,78.26,5,77.67,18,2026-10-02
ENG07504,STU07504,10.52,11,78.57,3,76.57,32,2026-10-02
ENG07505,STU07505,14.2,17,80.95,4,65.5,25,2026-10-02
ENG07506,STU07506,3.35,8,33.33,16,41.23,4,2026-10-02
ENG07507,STU07507,6.99,8,61.54,5,46.8,18,2026-10-02
ENG07508,STU07508,18.74,14,100.0,0,100.0,38,2026-10-02
ENG07509,STU07509,9.22,10,62.5,6,67.17,23,2026-10-02
ENG07510,STU07510,16.64,23,100.0,0,85.49,30,2026-10-02
ENG07511,STU07511,12.24,11,55.0,9,49.56,14,2026-10-02
ENG07512,STU07512,8.92,12,66.67,6,71.77,18,2026-10-02
ENG07513,STU07513,5.89,8,50.0,8,58.15,11,2026-10-02
ENG07514,STU07514,10.74,14,93.33,1,70.29,44,2026-10-02
ENG07515,STU07515,1.36,16,66.67,8,57.8,4,2026-10-02
ENG07516,STU07516,7.85,11,68.75,5,65.38,21,2026-10-02
ENG07517,STU07517,4.88,13,56.52,10,60.09,6,2026-10-02
ENG07518,STU07518,10.86,13,68.42,6,54.91,21,2026-10-02
ENG07519,STU07519,3.4,10,47.62,11,63.26,18,2026-10-02
ENG07520,STU07520,9.76,13,86.67,2,64.48,10,2026-10-02
ENG07521,STU07521,18.73,18,94.74,1,100.0,36,2026-10-02
ENG07522,STU07522,9.42,9,75.0,3,59.84,26,2026-10-02
ENG07523,STU07523,5.3,14,58.33,10,63.81,12,2026-10-02
ENG07524,STU07524,3.55,13,72.22,5,63.3,10,2026-10-02
ENG07525,STU07525,3.02,7,58.33,5,68.24,20,2026-10-02
ENG07526,STU07526,12.06,14,100.0,0,80.59,33,2026-10-02
ENG07527,STU07527,1.93,14,63.64,8,41.48,5,2026-10-02
ENG07528,STU07528,2.49,8,44.44,10,50.88,8,2026-10-02
ENG07529,STU07529,12.61,14,73.68,5,63.5,28,2026-10-02
ENG07530,STU07530,3.81,7,53.85,6,58.33,6,2026-10-02
ENG07531,STU07531,2.65,6,42.86,8,40.52,9,2026-10-02
ENG07532,STU07532,7.01,13,81.25,3,58.65,14,2026-10-02
ENG07533,STU07533,18.66,19,100.0,0,95.33,47,2026-10-02
ENG07534,STU07534,5.58,9,56.25,7,62.45,12,2026-10-02
ENG07535,STU07535,6.5,11,52.38,10,65.7,14,2026-10-02
ENG07536,STU07536,11.04,11,64.71,6,61.76,19,2026-10-02
ENG07537,STU07537,8.16,11,73.33,4,56.03,26,2026-10-02
ENG07538,STU07538,0,8,42.11,11,52.21,12,2026-10-02
ENG07539,STU07539,14.05,20,83.33,4,68.15,28,2026-10-02
ENG07540,STU07540,6.17,12,63.16,7,64.2,16,2026-10-02
ENG07541,STU07541,0,6,37.5,10,34.18,13,2026-10-02
ENG07542,STU07542,19.87,20,95.24,1,77.11,38,2026-10-02
ENG07543,STU07543,4.76,12,52.17,11,68.52,19,2026-10-02
ENG07544,STU07544,15.9,22,91.67,2,87.66,35,2026-10-02
ENG07545,STU07545,11.18,15,88.24,2,61.47,17,2026-10-02
ENG07546,STU07546,14.14,17,89.47,2,79.42,31,2026-10-02
ENG07547,STU07547,12.16,15,62.5,9,58.24,30,2026-10-02
ENG07548,STU07548,7.19,9,64.29,5,67.15,11,2026-10-02
ENG07549,STU07549,9.12,13,68.42,6,45.73,15,2026-10-02
ENG07550,STU07550,14.96,16,84.21,3,73.56,43,2026-10-02
ENG07551,STU07551,6.16,13,65.0,7,51.83,10,2026-10-02
ENG07552,STU07552,9.55,12,70.59,5,73.03,30,2026-10-02
ENG07553,STU07553,12.57,15,75.0,5,72.4,23,2026-10-02
ENG07554,STU07554,16.91,13,72.22,5,66.49,30,2026-10-02
ENG07555,STU07555,13.13,13,68.42,6,73.29,22,2026-10-02
ENG07556,STU07556,4.04,10,58.82,7,62.49,15,2026-10-02
ENG07557,STU07557,9.78,15,83.33,3,92.03,34,2026-10-02
ENG07558,STU07558,8.46,11,61.11,7,58.22,18,2026-10-02
ENG07559,STU07559,6.54,8,66.67,4,66.5,17,2026-10-02
ENG07560,STU07560,9.38,11,68.75,5,65.33,19,2026-10-02
ENG07561,STU07561,16.67,13,81.25,3,82.46,39,2026-10-02
ENG07562,STU07562,0,13,65.0,7,52.12,11,2026-10-02
ENG07563,STU07563,13.14,11,57.89,8,65.32,31,2026-10-02
ENG07564,STU07564,10.04,10,71.43,4,73.95,37,2026-10-02
ENG07565,STU07565,18.54,15,88.24,2,87.25,29,2026-10-02
ENG07566,STU07566,9.66,13,61.9,8,67.72,18,2026-10-02
ENG07567,STU07567,5.45,9,45.0,11,42.23,20,2026-10-02
ENG07568,STU07568,2.54,13,68.42,6,61.9,11,2026-10-02
ENG07569,STU07569,0,14,66.67,7,39.49,16,2026-10-02
ENG07570,STU07570,12.9,16,66.67,8,63.58,25,2026-10-02
ENG07571,STU07571,10.29,17,73.91,6,76.88,31,2026-10-02
ENG07572,STU07572,16.69,11,91.67,1,85.15,40,2026-10-02
ENG07573,STU07573,1.75,10,58.82,7,63.64,2,2026-10-02
ENG07574,STU07574,11.08,11,78.57,3,70.02,23,2026-10-02
ENG07575,STU07575,13.27,16,66.67,8,63.87,22,2026-10-02
ENG07576,STU07576,6.0,11,68.75,5,35.95,18,2026-10-02
ENG07577,STU07577,3.53,7,43.75,9,59.75,9,2026-10-02
ENG07578,STU07578,12.7,10,71.43,4,66.56,24,2026-10-02
ENG07579,STU07579,7.29,8,57.14,6,53.32,17,2026-10-02
ENG07580,STU07580,8.2,14,70.0,6,68.74,14,2026-10-02
ENG07581,STU07581,4.98,14,63.64,8,58.01,18,2026-10-02
ENG07582,STU07582,0,9,45.0,11,42.95,10,2026-10-02
ENG07583,STU07583,1.68,8,53.33,7,40.62,11,2026-10-02
ENG07584,STU07584,9.74,14,87.5,2,71.42,26,2026-10-02
ENG07585,STU07585,13.03,10,76.92,3,73.2,21,2026-10-02
ENG07586,STU07586,0,14,58.33,10,55.75,9,2026-10-02
ENG07587,STU07587,0,9,56.25,7,62.32,1,2026-10-02
ENG07588,STU07588,5.34,10,83.33,2,45.99,18,2026-10-02
ENG07589,STU07589,15.75,10,83.33,2,90.75,35,2026-10-02
ENG07590,STU07590,13.84,15,75.0,5,79.65,29,2026-10-02
ENG07591,STU07591,15.1,12,92.31,1,85.06,39,2026-10-02
ENG07592,STU07592,2.12,14,60.87,9,61.29,6,2026-10-02
ENG07593,STU07593,8.14,10,71.43,4,35.46,25,2026-10-02
ENG07594,STU07594,5.97,8,66.67,4,40.15,8,2026-10-02
ENG07595,STU07595,0,13,68.42,6,48.18,14,2026-10-02
ENG07596,STU07596,3.25,14,58.33,10,52.42,10,2026-10-02
ENG07597,STU07597,11.77,17,73.91,6,57.58,20,2026-10-02
ENG07598,STU07598,8.66,13,61.9,8,60.85,20,2026-10-02
ENG07599,STU07599,3.6,10,62.5,6,77.15,11,2026-10-02
ENG07600,STU07600,4.28,15,78.95,4,56.06,20,2026-10-02
ENG07601,STU07601,13.74,22,95.65,1,87.15,25,2026-10-02
ENG07602,STU07602,0,11,45.83,13,33.21,5,2026-10-02
ENG07603,STU07603,10.29,11,57.89,8,51.33,18,2026-10-02
ENG07604,STU07604,6.62,10,58.82,7,55.12,7,2026-10-02
ENG07605,STU07605,2.85,12,50.0,12,53.66,7,2026-10-02
ENG07606,STU07606,0,9,56.25,7,52.87,9,2026-10-02
ENG07607,STU07607,1.55,11,45.83,13,48.9,7,2026-10-02
ENG07608,STU07608,11.8,20,90.91,2,64.11,35,2026-10-02
ENG07609,STU07609,14.65,15,78.95,4,79.45,25,2026-10-02
ENG07610,STU07610,7.62,14,60.87,9,66.19,0,2026-10-02
ENG07611,STU07611,11.59,13,72.22,5,69.28,25,2026-10-02
ENG07612,STU07612,14.29,10,83.33,2,78.51,27,2026-10-02
ENG07613,STU07613,6.39,15,68.18,7,49.85,28,2026-10-02
ENG07614,STU07614,0,10,55.56,8,40.14,11,2026-10-02
ENG07615,STU07615,7.08,10,58.82,7,51.21,22,2026-10-02
ENG07616,STU07616,3.04,13,81.25,3,58.46,6,2026-10-02
ENG07617,STU07617,20.94,13,92.86,1,97.5,42,2026-10-02
ENG07618,STU07618,0.21,13,54.17,11,59.3,12,2026-10-02
ENG07619,STU07619,5.75,12,60.0,8,60.9,25,2026-10-02
ENG07620,STU07620,5.03,10,50.0,10,60.66,7,2026-10-02
ENG07621,STU07621,5.45,13,54.17,11,55.25,18,2026-10-02
ENG07622,STU07622,20.07,19,100.0,0,87.15,32,2026-10-02
ENG07623,STU07623,9.28,12,63.16,7,48.14,21,2026-10-02
ENG07624,STU07624,1.64,14,66.67,7,47.94,4,2026-10-02
ENG07625,STU07625,17.51,19,82.61,4,82.96,39,2026-10-02
ENG07626,STU07626,14.19,10,83.33,2,71.48,23,2026-10-02
ENG07627,STU07627,2.94,9,64.29,5,55.65,9,2026-10-02
ENG07628,STU07628,6.28,7,50.0,7,64.02,22,2026-10-02
ENG07629,STU07629,12.16,14,73.68,5,57.73,26,2026-10-02
ENG07630,STU07630,0.82,9,64.29,5,68.62,15,2026-10-02
ENG07631,STU07631,10.7,18,81.82,4,63.3,32,2026-10-02
ENG07632,STU07632,5.18,11,73.33,4,52.73,8,2026-10-02
ENG07633,STU07633,14.17,14,100.0,0,81.67,28,2026-10-02
ENG07634,STU07634,10.83,13,59.09,9,53.38,18,2026-10-02
ENG07635,STU07635,16.17,15,88.24,2,83.53,33,2026-10-02
ENG07636,STU07636,7.13,22,91.67,2,68.28,21,2026-10-02
ENG07637,STU07637,2.38,7,36.84,12,55.59,7,2026-10-02
ENG07638,STU07638,8.93,14,73.68,5,70.41,27,2026-10-02
ENG07639,STU07639,15.48,15,88.24,2,92.03,38,2026-10-02
ENG07640,STU07640,12.41,16,84.21,3,73.11,32,2026-10-02
ENG07641,STU07641,1.97,9,64.29,5,78.29,15,2026-10-02
ENG07642,STU07642,7.04,10,58.82,7,56.6,12,2026-10-02
ENG07643,STU07643,12.19,10,71.43,4,63.9,31,2026-10-02
ENG07644,STU07644,8.66,13,59.09,9,68.16,10,2026-10-02
ENG07645,STU07645,7.43,9,75.0,3,59.51,22,2026-10-02
ENG07646,STU07646,1.32,8,57.14,6,51.3,11,2026-10-02
ENG07647,STU07647,7.29,14,70.0,6,48.67,14,2026-10-02
ENG07648,STU07648,12.8,17,73.91,6,63.13,20,2026-10-02
ENG07649,STU07649,5.55,11,78.57,3,75.08,8,2026-10-02
ENG07650,STU07650,6.11,15,62.5,9,60.56,17,2026-10-02
ENG07651,STU07651,13.4,8,66.67,4,65.73,17,2026-10-02
ENG07652,STU07652,7.77,7,53.85,6,62.9,19,2026-10-02
ENG07653,STU07653,3.61,11,64.71,6,68.92,9,2026-10-02
ENG07654,STU07654,9.48,9,69.23,4,65.27,27,2026-10-02
ENG07655,STU07655,7.05,14,63.64,8,53.96,9,2026-10-02
ENG07656,STU07656,5.62,12,57.14,9,73.76,18,2026-10-02
ENG07657,STU07657,23.61,16,76.19,5,86.55,33,2026-10-02
ENG07658,STU07658,9.2,14,58.33,10,56.72,17,2026-10-02
ENG07659,STU07659,16.67,19,100.0,0,97.21,37,2026-10-02
ENG07660,STU07660,13.26,15,100.0,0,74.99,36,2026-10-02
ENG07661,STU07661,5.97,7,58.33,5,61.56,12,2026-10-02
ENG07662,STU07662,4.39,16,72.73,6,71.12,21,2026-10-02
ENG07663,STU07663,20.89,15,93.75,1,93.13,36,2026-10-02
ENG07664,STU07664,6.48,11,52.38,10,34.42,19,2026-10-02
ENG07665,STU07665,9.26,16,76.19,5,58.08,26,2026-10-02
ENG07666,STU07666,7.37,8,50.0,8,59.86,19,2026-10-02
ENG07667,STU07667,8.59,20,83.33,4,73.16,22,2026-10-02
ENG07668,STU07668,2.49,6,40.0,9,60.58,12,2026-10-02
ENG07669,STU07669,7.32,19,90.48,2,73.86,29,2026-10-02
ENG07670,STU07670,11.63,9,75.0,3,55.5,27,2026-10-02
ENG07671,STU07671,6.08,11,78.57,3,77.3,16,2026-10-02
ENG07672,STU07672,17.74,8,61.54,5,81.55,36,2026-10-02
ENG07673,STU07673,4.03,12,50.0,12,69.6,13,2026-10-02
ENG07674,STU07674,5.25,15,68.18,7,57.36,20,2026-10-02
ENG07675,STU07675,10.58,13,59.09,9,43.28,19,2026-10-02
ENG07676,STU07676,4.58,15,65.22,8,43.28,12,2026-10-02
ENG07677,STU07677,3.93,9,60.0,6,59.73,11,2026-10-02
ENG07678,STU07678,16.1,12,92.31,1,67.64,38,2026-10-02
ENG07679,STU07679,25.94,14,100.0,0,93.6,60,2026-10-02
ENG07680,STU07680,0.91,5,41.67,7,50.36,12,2026-10-02
ENG07681,STU07681,10.35,24,100.0,0,67.83,21,2026-10-02
ENG07682,STU07682,5.01,10,62.5,6,49.88,17,2026-10-02
ENG07683,STU07683,6.54,14,63.64,8,49.19,12,2026-10-02
ENG07684,STU07684,10.75,13,59.09,9,60.8,27,2026-10-02
ENG07685,STU07685,17.57,16,72.73,6,68.32,35,2026-10-02
ENG07686,STU07686,5.19,9,52.94,8,38.53,17,2026-10-02
ENG07687,STU07687,9.62,8,57.14,6,58.45,23,2026-10-02
ENG07688,STU07688,6.02,9,75.0,3,67.48,26,2026-10-02
ENG07689,STU07689,1.23,12,66.67,6,53.52,15,2026-10-02
ENG07690,STU07690,8.73,8,61.54,5,60.8,12,2026-10-02
ENG07691,STU07691,3.67,9,42.86,12,31.68,11,2026-10-02
ENG07692,STU07692,13.24,15,65.22,8,81.18,26,2026-10-02
ENG07693,STU07693,4.48,12,66.67,6,54.01,15,2026-10-02
ENG07694,STU07694,7.2,11,64.71,6,49.4,16,2026-10-02
ENG07695,STU07695,18.66,15,100.0,0,83.83,35,2026-10-02
ENG07696,STU07696,18.19,12,80.0,3,76.55,39,2026-10-02
ENG07697,STU07697,10.21,10,83.33,2,59.98,19,2026-10-02
ENG07698,STU07698,19.23,20,90.91,2,81.57,35,2026-10-02
ENG07699,STU07699,14.96,11,78.57,3,78.46,23,2026-10-02
ENG07700,STU07700,15.41,16,69.57,7,81.76,30,2026-10-02
ENG07701,STU07701,9.44,8,66.67,4,58.2,31,2026-10-02
ENG07702,STU07702,5.77,14,70.0,6,44.37,9,2026-10-02
ENG07703,STU07703,8.37,13,56.52,10,53.82,22,2026-10-02
ENG07704,STU07704,12.91,23,100.0,0,97.61,40,2026-10-02
ENG07705,STU07705,17.54,9,75.0,3,83.02,36,2026-10-02
ENG07706,STU07706,11.05,19,79.17,5,63.35,30,2026-10-02
ENG07707,STU07707,7.28,12,70.59,5,67.45,10,2026-10-02
ENG07708,STU07708,10.35,14,73.68,5,74.41,24,2026-10-02
ENG07709,STU07709,10.39,14,87.5,2,75.32,25,2026-10-02
ENG07710,STU07710,3.11,6,42.86,8,46.61,5,2026-10-02
ENG07711,STU07711,9.78,14,77.78,4,68.95,25,2026-10-02
ENG07712,STU07712,5.02,9,64.29,5,67.67,21,2026-10-02
ENG07713,STU07713,7.78,12,57.14,9,50.48,7,2026-10-02
ENG07714,STU07714,5.8,6,40.0,9,44.67,8,2026-10-02
ENG07715,STU07715,9.59,14,77.78,4,65.69,18,2026-10-02
ENG07716,STU07716,4.85,11,50.0,11,40.01,4,2026-10-02
ENG07717,STU07717,8.09,10,58.82,7,50.91,15,2026-10-02
ENG07718,STU07718,6.27,9,69.23,4,60.8,12,2026-10-02
ENG07719,STU07719,0.09,9,42.86,12,43.0,5,2026-10-02
ENG07720,STU07720,17.43,18,85.71,3,82.87,38,2026-10-02
ENG07721,STU07721,21.26,19,100.0,0,76.75,35,2026-10-02
ENG07722,STU07722,7.25,7,53.85,6,42.15,22,2026-10-02
ENG07723,STU07723,6.71,12,60.0,8,67.74,12,2026-10-02
ENG07724,STU07724,11.48,11,64.71,6,64.11,27,2026-10-02
ENG07725,STU07725,4.47,9,50.0,9,49.2,9,2026-10-02
ENG07726,STU07726,0,11,52.38,10,36.78,0,2026-10-02
ENG07727,STU07727,3.79,14,63.64,8,57.3,13,2026-10-02
ENG07728,STU07728,3.88,14,63.64,8,54.61,17,2026-10-02
ENG07729,STU07729,6.78,10,66.67,5,71.74,23,2026-10-02
ENG07730,STU07730,7.59,8,42.11,11,37.99,14,2026-10-02
ENG07731,STU07731,6.65,12,57.14,9,71.05,1,2026-10-02
ENG07732,STU07732,1.25,14,58.33,10,61.17,10,2026-10-02
ENG07733,STU07733,4.35,9,42.86,12,48.48,15,2026-10-02
ENG07734,STU07734,13.44,17,70.83,7,79.8,33,2026-10-02
ENG07735,STU07735,10.21,8,61.54,5,74.51,22,2026-10-02
ENG07736,STU07736,5.53,11,64.71,6,61.14,13,2026-10-02
ENG07737,STU07737,13.57,14,93.33,1,77.54,28,2026-10-02
ENG07738,STU07738,14.77,13,72.22,5,82.44,23,2026-10-02
ENG07739,STU07739,4.36,9,39.13,14,55.48,0,2026-10-02
ENG07740,STU07740,8.6,19,90.48,2,64.76,21,2026-10-02
ENG07741,STU07741,5.75,8,66.67,4,79.36,22,2026-10-02
ENG07742,STU07742,13.64,11,68.75,5,75.49,33,2026-10-02
ENG07743,STU07743,8.54,7,58.33,5,49.35,20,2026-10-02
ENG07744,STU07744,10.27,9,64.29,5,57.83,27,2026-10-02
ENG07745,STU07745,11.52,11,78.57,3,61.15,29,2026-10-02
ENG07746,STU07746,0,8,57.14,6,58.61,9,2026-10-02
ENG07747,STU07747,2.98,11,55.0,9,65.0,8,2026-10-02
ENG07748,STU07748,6.79,11,78.57,3,72.52,20,2026-10-02
ENG07749,STU07749,13.23,9,75.0,3,66.62,29,2026-10-02
ENG07750,STU07750,15.94,12,75.0,4,59.64,30,2026-10-02
ENG07751,STU07751,11.63,10,66.67,5,71.71,31,2026-10-02
ENG07752,STU07752,13.13,11,68.75,5,66.28,28,2026-10-02
ENG07753,STU07753,0,13,54.17,11,42.91,12,2026-10-02
ENG07754,STU07754,0,10,43.48,13,37.28,13,2026-10-02
ENG07755,STU07755,15.59,18,85.71,3,90.52,36,2026-10-02
ENG07756,STU07756,7.11,10,58.82,7,55.8,15,2026-10-02
ENG07757,STU07757,10.59,16,80.0,4,61.62,23,2026-10-02
ENG07758,STU07758,12.2,18,75.0,6,66.13,25,2026-10-02
ENG07759,STU07759,7.74,8,53.33,7,42.18,10,2026-10-02
ENG07760,STU07760,4.65,11,64.71,6,57.76,10,2026-10-02
ENG07761,STU07761,11.75,11,73.33,4,69.56,24,2026-10-02
ENG07762,STU07762,9.35,13,72.22,5,74.87,15,2026-10-02
ENG07763,STU07763,12.54,14,87.5,2,92.78,27,2026-10-02
ENG07764,STU07764,13.84,12,66.67,6,62.46,20,2026-10-02
ENG07765,STU07765,0,6,46.15,7,51.82,7,2026-10-02
ENG07766,STU07766,4.27,13,59.09,9,55.74,17,2026-10-02
ENG07767,STU07767,6.93,10,62.5,6,68.67,19,2026-10-02
ENG07768,STU07768,7.69,9,60.0,6,78.86,34,2026-10-02
ENG07769,STU07769,9.69,11,73.33,4,58.84,17,2026-10-02
ENG07770,STU07770,6.96,11,55.0,9,58.35,20,2026-10-02
ENG07771,STU07771,17.92,15,100.0,0,91.09,44,2026-10-02
ENG07772,STU07772,5.46,14,60.87,9,70.07,18,2026-10-02
ENG07773,STU07773,8.52,17,77.27,5,73.63,24,2026-10-02
ENG07774,STU07774,5.95,14,66.67,7,72.52,20,2026-10-02
ENG07775,STU07775,11.36,14,63.64,8,54.89,28,2026-10-02
ENG07776,STU07776,3.32,13,61.9,8,58.25,11,2026-10-02
ENG07777,STU07777,4.6,15,65.22,8,76.53,21,2026-10-02
ENG07778,STU07778,4.88,12,66.67,6,72.56,14,2026-10-02
ENG07779,STU07779,14.65,17,80.95,4,85.12,32,2026-10-02
ENG07780,STU07780,14.39,12,85.71,2,86.58,31,2026-10-02
ENG07781,STU07781,8.06,12,60.0,8,61.62,13,2026-10-02
ENG07782,STU07782,9.74,14,66.67,7,54.7,14,2026-10-02
ENG07783,STU07783,7.23,10,71.43,4,61.84,21,2026-10-02
ENG07784,STU07784,5.92,7,58.33,5,54.31,15,2026-10-02
ENG07785,STU07785,3.61,7,46.67,8,29.48,21,2026-10-02
ENG07786,STU07786,17.79,17,80.95,4,78.93,35,2026-10-02
ENG07787,STU07787,12.69,19,86.36,3,67.98,33,2026-10-02
ENG07788,STU07788,1.13,7,43.75,9,44.75,13,2026-10-02
ENG07789,STU07789,6.87,14,73.68,5,63.02,18,2026-10-02
ENG07790,STU07790,1.7,15,75.0,5,62.03,18,2026-10-02
ENG07791,STU07791,15.38,11,73.33,4,65.95,33,2026-10-02
ENG07792,STU07792,27.11,12,100.0,0,100.0,51,2026-10-02
ENG07793,STU07793,7.88,18,81.82,4,76.55,20,2026-10-02
ENG07794,STU07794,5.43,15,68.18,7,55.8,12,2026-10-02
ENG07795,STU07795,6.27,11,45.83,13,41.87,1,2026-10-02
ENG07796,STU07796,2.83,11,64.71,6,49.36,15,2026-10-02
ENG07797,STU07797,0,8,57.14,6,46.88,9,2026-10-02
ENG07798,STU07798,13.61,12,75.0,4,63.77,27,2026-10-02
ENG07799,STU07799,6.75,10,55.56,8,63.3,3,2026-10-02
ENG07800,STU07800,4.42,9,45.0,11,50.36,0,2026-10-02
ENG07801,STU07801,9.2,14,60.87,9,77.44,22,2026-10-02
ENG07802,STU07802,14.29,14,77.78,4,78.12,29,2026-10-02
ENG07803,STU07803,4.34,10,41.67,14,52.5,16,2026-10-02
ENG07804,STU07804,6.39,15,68.18,7,66.48,17,2026-10-02
ENG07805,STU07805,5.42,11,55.0,9,52.29,6,2026-10-02
ENG07806,STU07806,5.53,8,50.0,8,50.98,19,2026-10-02
ENG07807,STU07807,11.93,11,84.62,2,83.39,21,2026-10-02
ENG07808,STU07808,0,6,30.0,14,24.27,0,2026-10-02
ENG07809,STU07809,12.11,10,71.43,4,79.26,36,2026-10-02
ENG07810,STU07810,17.27,18,100.0,0,98.38,41,2026-10-02
ENG07811,STU07811,6.0,8,57.14,6,50.9,11,2026-10-02
ENG07812,STU07812,10.78,16,84.21,3,68.06,36,2026-10-02
ENG07813,STU07813,11.53,11,84.62,2,51.1,21,2026-10-02
ENG07814,STU07814,6.63,9,50.0,9,54.67,13,2026-10-02
ENG07815,STU07815,10.62,16,69.57,7,57.89,28,2026-10-02
ENG07816,STU07816,7.79,8,61.54,5,54.37,29,2026-10-02
ENG07817,STU07817,14.79,16,76.19,5,85.79,38,2026-10-02
ENG07818,STU07818,11.35,16,76.19,5,72.45,25,2026-10-02
ENG07819,STU07819,16.43,13,81.25,3,97.64,42,2026-10-02
ENG07820,STU07820,12.86,14,73.68,5,71.57,22,2026-10-02
ENG07821,STU07821,3.11,15,75.0,5,61.81,15,2026-10-02
ENG07822,STU07822,12.71,10,66.67,5,82.46,34,2026-10-02
ENG07823,STU07823,0,5,41.67,7,33.1,0,2026-10-02
ENG07824,STU07824,6.44,9,47.37,10,45.54,21,2026-10-02
ENG07825,STU07825,4.47,14,66.67,7,61.27,13,2026-10-02
ENG07826,STU07826,11.82,11,73.33,4,60.75,26,2026-10-02
ENG07827,STU07827,15.17,17,89.47,2,58.33,44,2026-10-02
ENG07828,STU07828,12.57,24,100.0,0,75.77,29,2026-10-02
ENG07829,STU07829,6.08,13,54.17,11,63.15,9,2026-10-02
ENG07830,STU07830,13.99,19,79.17,5,76.77,26,2026-10-02
ENG07831,STU07831,13.62,16,100.0,0,68.38,28,2026-10-02
ENG07832,STU07832,9.45,9,47.37,10,57.83,16,2026-10-02
ENG07833,STU07833,11.51,11,73.33,4,74.95,25,2026-10-02
ENG07834,STU07834,12.03,15,68.18,7,55.33,28,2026-10-02
ENG07835,STU07835,7.28,13,61.9,8,48.88,25,2026-10-02
ENG07836,STU07836,4.17,12,52.17,11,55.78,7,2026-10-02
ENG07837,STU07837,5.67,9,75.0,3,86.51,12,2026-10-02
ENG07838,STU07838,10.85,10,66.67,5,71.98,25,2026-10-02
ENG07839,STU07839,9.87,12,66.67,6,55.66,34,2026-10-02
ENG07840,STU07840,6.21,10,50.0,10,59.09,13,2026-10-02
ENG07841,STU07841,12.84,18,85.71,3,69.81,20,2026-10-02
ENG07842,STU07842,10.8,12,70.59,5,54.11,30,2026-10-02
ENG07843,STU07843,9.97,17,89.47,2,62.75,26,2026-10-02
ENG07844,STU07844,9.31,16,66.67,8,77.02,25,2026-10-02
ENG07845,STU07845,19.84,14,87.5,2,89.38,34,2026-10-02
ENG07846,STU07846,8.63,9,60.0,6,61.79,17,2026-10-02
ENG07847,STU07847,5.11,14,60.87,9,49.48,12,2026-10-02
ENG07848,STU07848,13.72,19,79.17,5,97.04,39,2026-10-02
ENG07849,STU07849,8.64,9,64.29,5,58.78,13,2026-10-02
ENG07850,STU07850,3.81,9,69.23,4,46.73,16,2026-10-02
ENG07851,STU07851,1.29,15,68.18,7,66.9,12,2026-10-02
ENG07852,STU07852,10.27,14,87.5,2,62.85,26,2026-10-02
ENG07853,STU07853,6.74,19,82.61,4,69.95,17,2026-10-02
ENG07854,STU07854,4.84,5,41.67,7,53.18,19,2026-10-02
ENG07855,STU07855,10.36,16,76.19,5,80.84,19,2026-10-02
ENG07856,STU07856,15.6,11,78.57,3,75.35,27,2026-10-02
ENG07857,STU07857,15.44,21,87.5,3,70.14,32,2026-10-02
ENG07858,STU07858,0,7,46.67,8,36.13,6,2026-10-02
ENG07859,STU07859,13.37,17,85.0,3,81.38,18,2026-10-02
ENG07860,STU07860,5.61,8,50.0,8,48.48,27,2026-10-02
ENG07861,STU07861,12.29,23,95.83,1,60.3,24,2026-10-02
ENG07862,STU07862,2.12,11,64.71,6,42.32,10,2026-10-02
ENG07863,STU07863,0,9,75.0,3,51.91,12,2026-10-02
ENG07864,STU07864,19.79,22,100.0,0,74.56,44,2026-10-02
ENG07865,STU07865,10.81,17,70.83,7,67.19,29,2026-10-02
ENG07866,STU07866,8.45,17,73.91,6,54.71,18,2026-10-02
ENG07867,STU07867,16.75,13,76.47,4,58.03,39,2026-10-02
ENG07868,STU07868,5.61,10,66.67,5,55.52,30,2026-10-02
ENG07869,STU07869,18.34,15,93.75,1,97.78,35,2026-10-02
ENG07870,STU07870,3.46,7,58.33,5,52.27,10,2026-10-02
ENG07871,STU07871,17.14,14,73.68,5,87.29,43,2026-10-02
ENG07872,STU07872,5.69,7,58.33,5,51.35,10,2026-10-02
ENG07873,STU07873,5.8,11,68.75,5,59.86,13,2026-10-02
ENG07874,STU07874,5.08,17,80.95,4,70.35,9,2026-10-02
ENG07875,STU07875,11.91,11,73.33,4,74.96,33,2026-10-02
ENG07876,STU07876,12.7,13,76.47,4,74.7,25,2026-10-02
ENG07877,STU07877,12.87,15,68.18,7,59.12,23,2026-10-02
ENG07878,STU07878,4.89,11,61.11,7,55.82,19,2026-10-02
ENG07879,STU07879,9.7,10,43.48,13,37.59,28,2026-10-02
ENG07880,STU07880,14.1,16,88.89,2,73.34,26,2026-10-02
ENG07881,STU07881,17.76,13,72.22,5,62.93,31,2026-10-02
ENG07882,STU07882,2.21,17,73.91,6,66.74,16,2026-10-02
ENG07883,STU07883,3.34,10,62.5,6,57.16,18,2026-10-02
ENG07884,STU07884,3.44,8,57.14,6,31.86,21,2026-10-02
ENG07885,STU07885,10.54,9,52.94,8,68.61,23,2026-10-02
ENG07886,STU07886,13.6,10,83.33,2,59.03,38,2026-10-02
ENG07887,STU07887,5.03,8,61.54,5,63.29,16,2026-10-02
ENG07888,STU07888,8.97,18,90.0,2,71.27,30,2026-10-02
ENG07889,STU07889,7.68,8,66.67,4,58.75,25,2026-10-02
ENG07890,STU07890,0,8,50.0,8,50.17,1,2026-10-02
ENG07891,STU07891,9.77,14,87.5,2,70.39,21,2026-10-02
ENG07892,STU07892,11.58,12,85.71,2,65.14,31,2026-10-02
ENG07893,STU07893,7.44,11,57.89,8,55.81,30,2026-10-02
ENG07894,STU07894,6.65,14,82.35,3,55.94,18,2026-10-02
ENG07895,STU07895,4.85,18,75.0,6,37.53,23,2026-10-02
ENG07896,STU07896,17.02,20,95.24,1,76.75,32,2026-10-02
ENG07897,STU07897,13.2,11,84.62,2,85.84,30,2026-10-02
ENG07898,STU07898,11.3,16,80.0,4,78.34,21,2026-10-02
ENG07899,STU07899,9.29,10,58.82,7,57.26,24,2026-10-02
ENG07900,STU07900,8.44,16,76.19,5,75.63,18,2026-10-02
ENG07901,STU07901,7.64,17,77.27,5,54.48,18,2026-10-02
ENG07902,STU07902,2.99,10,62.5,6,53.28,13,2026-10-02
ENG07903,STU07903,14.7,19,100.0,0,79.26,32,2026-10-02
ENG07904,STU07904,4.85,12,60.0,8,60.38,7,2026-10-02
ENG07905,STU07905,5.55,11,52.38,10,44.41,8,2026-10-02
ENG07906,STU07906,0,10,58.82,7,42.77,0,2026-10-02
ENG07907,STU07907,6.65,14,60.87,9,61.09,22,2026-10-02
ENG07908,STU07908,11.34,23,95.83,1,72.68,32,2026-10-02
ENG07909,STU07909,15.31,9,69.23,4,78.2,23,2026-10-02
ENG07910,STU07910,15.12,12,70.59,5,77.01,32,2026-10-02
ENG07911,STU07911,12.48,11,78.57,3,84.15,30,2026-10-02
ENG07912,STU07912,8.84,17,77.27,5,62.79,24,2026-10-02
ENG07913,STU07913,11.17,15,68.18,7,57.63,19,2026-10-02
ENG07914,STU07914,5.87,13,68.42,6,52.76,17,2026-10-02
ENG07915,STU07915,3.78,8,57.14,6,40.46,10,2026-10-02
ENG07916,STU07916,11.82,9,64.29,5,47.16,13,2026-10-02
ENG07917,STU07917,9.45,13,54.17,11,54.21,22,2026-10-02
ENG07918,STU07918,10.38,13,81.25,3,75.75,29,2026-10-02
ENG07919,STU07919,14.96,14,82.35,3,90.15,31,2026-10-02
ENG07920,STU07920,5.35,8,40.0,12,50.37,9,2026-10-02
ENG07921,STU07921,0.22,7,58.33,5,41.56,5,2026-10-02
ENG07922,STU07922,5.46,6,50.0,6,48.63,12,2026-10-02
ENG07923,STU07923,6.35,10,66.67,5,62.31,12,2026-10-02
ENG07924,STU07924,0,10,58.82,7,41.47,10,2026-10-02
ENG07925,STU07925,7.66,10,83.33,2,72.68,16,2026-10-02
ENG07926,STU07926,10.09,15,78.95,4,71.74,23,2026-10-02
ENG07927,STU07927,8.75,17,80.95,4,61.42,30,2026-10-02
ENG07928,STU07928,17.34,19,90.48,2,85.61,33,2026-10-02
ENG07929,STU07929,0.26,11,52.38,10,57.21,9,2026-10-02
ENG07930,STU07930,5.03,12,70.59,5,63.68,13,2026-10-02
ENG07931,STU07931,13.42,14,66.67,7,69.1,36,2026-10-02
ENG07932,STU07932,9.36,12,60.0,8,72.35,13,2026-10-02
ENG07933,STU07933,8.04,12,75.0,4,61.2,23,2026-10-02
ENG07934,STU07934,15.59,15,68.18,7,69.87,30,2026-10-02
ENG07935,STU07935,8.55,15,78.95,4,77.81,19,2026-10-02
ENG07936,STU07936,9.64,8,61.54,5,76.49,12,2026-10-02
ENG07937,STU07937,10.76,11,78.57,3,75.11,13,2026-10-02
ENG07938,STU07938,7.66,14,66.67,7,55.42,12,2026-10-02
ENG07939,STU07939,5.37,6,46.15,7,39.57,20,2026-10-02
ENG07940,STU07940,11.27,14,66.67,7,62.84,18,2026-10-02
ENG07941,STU07941,14.1,20,86.96,3,82.69,30,2026-10-02
ENG07942,STU07942,6.75,15,68.18,7,57.87,13,2026-10-02
ENG07943,STU07943,8.69,13,59.09,9,51.13,23,2026-10-02
ENG07944,STU07944,5.05,10,55.56,8,41.53,16,2026-10-02
ENG07945,STU07945,12.09,12,60.0,8,61.16,15,2026-10-02
ENG07946,STU07946,12.33,10,71.43,4,55.25,31,2026-10-02
ENG07947,STU07947,9.85,10,71.43,4,83.63,20,2026-10-02
ENG07948,STU07948,16.75,21,100.0,0,86.43,40,2026-10-02
ENG07949,STU07949,13.95,20,95.24,1,99.8,32,2026-10-02
ENG07950,STU07950,0.7,10,62.5,6,58.47,8,2026-10-02
ENG07951,STU07951,6.93,10,52.63,9,36.33,14,2026-10-02
ENG07952,STU07952,12.01,15,83.33,3,69.28,23,2026-10-02
ENG07953,STU07953,4.6,11,73.33,4,70.66,16,2026-10-02
ENG07954,STU07954,15.47,11,78.57,3,61.95,31,2026-10-02
ENG07955,STU07955,5.7,10,71.43,4,69.94,8,2026-10-02
ENG07956,STU07956,10.35,10,62.5,6,57.21,31,2026-10-02
ENG07957,STU07957,1.19,15,65.22,8,68.32,6,2026-10-02
ENG07958,STU07958,1.44,18,81.82,4,65.04,20,2026-10-02
ENG07959,STU07959,9.85,13,86.67,2,76.01,25,2026-10-02
ENG07960,STU07960,15.67,8,66.67,4,62.75,34,2026-10-02
ENG07961,STU07961,0,8,42.11,11,52.96,15,2026-10-02
ENG07962,STU07962,11.85,15,65.22,8,62.98,26,2026-10-02
ENG07963,STU07963,3.2,7,58.33,5,69.99,11,2026-10-02
ENG07964,STU07964,1.89,8,47.06,9,46.98,17,2026-10-02
ENG07965,STU07965,7.91,19,79.17,5,63.52,19,2026-10-02
ENG07966,STU07966,2.8,6,37.5,10,50.57,1,2026-10-02
ENG07967,STU07967,10.61,11,61.11,7,62.25,27,2026-10-02
ENG07968,STU07968,10.32,14,73.68,5,58.73,21,2026-10-02
ENG07969,STU07969,17.18,21,100.0,0,88.23,33,2026-10-02
ENG07970,STU07970,13.24,17,77.27,5,74.66,26,2026-10-02
ENG07971,STU07971,9.11,10,83.33,2,61.21,16,2026-10-02
ENG07972,STU07972,4.93,12,63.16,7,55.48,21,2026-10-02
ENG07973,STU07973,13.48,14,73.68,5,57.42,17,2026-10-02
ENG07974,STU07974,0,5,41.67,7,14.16,1,2026-10-02
ENG07975,STU07975,12.27,15,100.0,0,80.01,34,2026-10-02
ENG07976,STU07976,5.63,16,69.57,7,48.13,21,2026-10-02
ENG07977,STU07977,4.42,6,35.29,11,62.67,8,2026-10-02
ENG07978,STU07978,11.55,16,66.67,8,73.12,17,2026-10-02
ENG07979,STU07979,16.39,15,75.0,5,71.07,34,2026-10-02
ENG07980,STU07980,6.44,10,52.63,9,57.96,14,2026-10-02
ENG07981,STU07981,0,12,54.55,10,44.83,8,2026-10-02
ENG07982,STU07982,7.67,14,66.67,7,45.96,20,2026-10-02
ENG07983,STU07983,4.46,14,70.0,6,62.96,18,2026-10-02
ENG07984,STU07984,5.71,11,78.57,3,72.27,19,2026-10-02
ENG07985,STU07985,0,7,50.0,7,52.45,0,2026-10-02
ENG07986,STU07986,10.45,19,79.17,5,73.27,25,2026-10-02
ENG07987,STU07987,5.21,12,60.0,8,45.09,22,2026-10-02
ENG07988,STU07988,12.92,20,86.96,3,78.99,14,2026-10-02
ENG07989,STU07989,0,8,57.14,6,54.85,5,2026-10-02
ENG07990,STU07990,0,12,63.16,7,53.32,8,2026-10-02
ENG07991,STU07991,10.64,13,68.42,6,52.43,25,2026-10-02
ENG07992,STU07992,4.07,8,50.0,8,60.92,18,2026-10-02
ENG07993,STU07993,3.27,12,66.67,6,61.4,12,2026-10-02
ENG07994,STU07994,0,11,57.89,8,45.96,8,2026-10-02
ENG07995,STU07995,11.56,8,66.67,4,67.54,21,2026-10-02
ENG07996,STU07996,18.25,16,94.12,1,90.99,29,2026-10-02
ENG07997,STU07997,14.81,17,100.0,0,94.44,24,2026-10-02
ENG07998,STU07998,12.23,14,100.0,0,85.48,30,2026-10-02
ENG07999,STU07999,18.72,12,100.0,0,82.74,35,2026-10-02
ENG08000,STU08000,0,8,47.06,9,35.16,9,2026-10-02
ENG08001,STU08001,4.45,10,55.56,8,53.38,9,2026-10-02
ENG08002,STU08002,1.28,7,41.18,10,58.07,11,2026-10-02
ENG08003,STU08003,7.47,12,66.67,6,53.98,30,2026-10-02
ENG08004,STU08004,15.93,18,75.0,6,70.02,33,2026-10-02
ENG08005,STU08005,10.62,18,75.0,6,75.07,27,2026-10-02
ENG08006,STU08006,13.45,12,100.0,0,69.42,32,2026-10-02
ENG08007,STU08007,10.52,13,65.0,7,56.7,21,2026-10-02
ENG08008,STU08008,7.49,14,63.64,8,56.83,29,2026-10-02
ENG08009,STU08009,19.92,14,77.78,4,83.14,31,2026-10-02
ENG08010,STU08010,2.29,12,52.17,11,47.61,12,2026-10-02
ENG08011,STU08011,2.85,7,50.0,7,36.96,13,2026-10-02
ENG08012,STU08012,7.06,15,65.22,8,39.45,27,2026-10-02
ENG08013,STU08013,14.86,12,63.16,7,85.17,37,2026-10-02
ENG08014,STU08014,13.29,14,77.78,4,63.5,32,2026-10-02
ENG08015,STU08015,11.38,11,64.71,6,55.67,25,2026-10-02
ENG08016,STU08016,0.94,9,50.0,9,41.9,9,2026-10-02
ENG08017,STU08017,12.49,19,95.0,1,78.06,36,2026-10-02
ENG08018,STU08018,14.43,14,60.87,9,73.2,25,2026-10-02
ENG08019,STU08019,8.36,9,64.29,5,48.34,18,2026-10-02
ENG08020,STU08020,0,8,50.0,8,28.69,0,2026-10-02
ENG08021,STU08021,18.31,13,92.86,1,91.41,32,2026-10-02
ENG08022,STU08022,3.34,10,58.82,7,56.77,13,2026-10-02
ENG08023,STU08023,6.33,8,66.67,4,52.61,12,2026-10-02
ENG08024,STU08024,6.8,18,78.26,5,61.8,13,2026-10-02
ENG08025,STU08025,5.47,10,43.48,13,37.91,3,2026-10-02
ENG08026,STU08026,10.51,14,82.35,3,78.81,26,2026-10-02
ENG08027,STU08027,9.34,14,70.0,6,67.09,13,2026-10-02
ENG08028,STU08028,13.76,16,100.0,0,63.75,25,2026-10-02
ENG08029,STU08029,10.66,8,61.54,5,69.72,19,2026-10-02
ENG08030,STU08030,12.12,15,78.95,4,77.61,20,2026-10-02
ENG08031,STU08031,19.43,19,100.0,0,89.12,42,2026-10-02
ENG08032,STU08032,4.93,12,54.55,10,55.31,14,2026-10-02
ENG08033,STU08033,2.35,11,78.57,3,55.87,17,2026-10-02
ENG08034,STU08034,7.07,18,75.0,6,63.88,8,2026-10-02
ENG08035,STU08035,4.13,13,65.0,7,55.37,15,2026-10-02
ENG08036,STU08036,6.12,10,58.82,7,61.55,10,2026-10-02
ENG08037,STU08037,1.92,14,58.33,10,25.15,17,2026-10-02
ENG08038,STU08038,4.51,12,60.0,8,48.68,19,2026-10-02
ENG08039,STU08039,6.44,15,65.22,8,63.74,9,2026-10-02
ENG08040,STU08040,4.54,17,77.27,5,57.67,18,2026-10-02
ENG08041,STU08041,11.89,17,89.47,2,77.3,35,2026-10-02
ENG08042,STU08042,12.69,24,100.0,0,70.82,26,2026-10-02
ENG08043,STU08043,0,8,57.14,6,37.72,3,2026-10-02
ENG08044,STU08044,0,13,68.42,6,47.05,12,2026-10-02
ENG08045,STU08045,10.37,17,73.91,6,78.39,13,2026-10-02
ENG08046,STU08046,2.38,15,68.18,7,58.48,20,2026-10-02
ENG08047,STU08047,4.18,9,52.94,8,53.34,0,2026-10-02
ENG08048,STU08048,0,8,47.06,9,44.28,14,2026-10-02
ENG08049,STU08049,6.44,13,59.09,9,69.73,13,2026-10-02
ENG08050,STU08050,1.78,13,68.42,6,47.31,14,2026-10-02
ENG08051,STU08051,18.28,16,100.0,0,91.26,36,2026-10-02
ENG08052,STU08052,14.83,12,75.0,4,62.74,26,2026-10-02
ENG08053,STU08053,10.67,13,76.47,4,72.46,23,2026-10-02
ENG08054,STU08054,5.03,15,62.5,9,60.78,16,2026-10-02
ENG08055,STU08055,6.9,10,62.5,6,52.26,13,2026-10-02
ENG08056,STU08056,10.46,15,71.43,6,82.3,29,2026-10-02
ENG08057,STU08057,8.62,10,47.62,11,53.95,10,2026-10-02
ENG08058,STU08058,8.61,20,90.91,2,61.06,25,2026-10-02
ENG08059,STU08059,14.16,14,100.0,0,66.17,38,2026-10-02
ENG08060,STU08060,3.45,7,58.33,5,52.47,6,2026-10-02
ENG08061,STU08061,7.31,15,75.0,5,74.21,21,2026-10-02
ENG08062,STU08062,6.26,8,61.54,5,56.66,19,2026-10-02
ENG08063,STU08063,3.14,9,69.23,4,60.15,14,2026-10-02
ENG08064,STU08064,4.08,11,52.38,10,46.49,9,2026-10-02
ENG08065,STU08065,4.57,10,55.56,8,42.04,8,2026-10-02
ENG08066,STU08066,15.73,17,77.27,5,77.09,33,2026-10-02
ENG08067,STU08067,12.02,10,83.33,2,82.92,21,2026-10-02
ENG08068,STU08068,0,8,38.1,13,29.31,5,2026-10-02
ENG08069,STU08069,3.65,12,66.67,6,44.06,10,2026-10-02
ENG08070,STU08070,16.13,16,84.21,3,86.96,35,2026-10-02
ENG08071,STU08071,4.61,8,50.0,8,55.91,10,2026-10-02
ENG08072,STU08072,8.74,16,88.89,2,59.28,24,2026-10-02
ENG08073,STU08073,13.64,19,82.61,4,82.37,36,2026-10-02
ENG08074,STU08074,5.87,15,71.43,6,76.53,17,2026-10-02
ENG08075,STU08075,6.51,12,66.67,6,51.27,17,2026-10-02
ENG08076,STU08076,7.45,9,64.29,5,62.16,20,2026-10-02
ENG08077,STU08077,5.55,11,73.33,4,52.36,15,2026-10-02
ENG08078,STU08078,21.85,17,100.0,0,86.84,37,2026-10-02
ENG08079,STU08079,20.06,13,100.0,0,98.93,44,2026-10-02
ENG08080,STU08080,10.65,15,65.22,8,66.79,19,2026-10-02
ENG08081,STU08081,12.33,14,82.35,3,65.04,19,2026-10-02
ENG08082,STU08082,17.86,13,92.86,1,80.64,25,2026-10-02
ENG08083,STU08083,0.4,11,55.0,9,45.21,9,2026-10-02
ENG08084,STU08084,7.07,14,58.33,10,54.68,17,2026-10-02
ENG08085,STU08085,10.49,19,79.17,5,61.19,21,2026-10-02
ENG08086,STU08086,11.33,14,82.35,3,75.09,23,2026-10-02
ENG08087,STU08087,4.17,11,61.11,7,56.11,22,2026-10-02
ENG08088,STU08088,2.82,13,65.0,7,48.77,14,2026-10-02
ENG08089,STU08089,8.97,10,66.67,5,63.97,12,2026-10-02
ENG08090,STU08090,12.83,11,55.0,9,65.56,12,2026-10-02
ENG08091,STU08091,4.02,10,58.82,7,50.26,22,2026-10-02
ENG08092,STU08092,2.86,10,62.5,6,50.3,13,2026-10-02
ENG08093,STU08093,9.5,13,68.42,6,63.49,24,2026-10-02
ENG08094,STU08094,9.09,10,76.92,3,66.17,19,2026-10-02
ENG08095,STU08095,15.87,10,83.33,2,68.73,34,2026-10-02
ENG08096,STU08096,15.53,8,66.67,4,70.13,19,2026-10-02
ENG08097,STU08097,11.51,11,78.57,3,70.54,23,2026-10-02
ENG08098,STU08098,5.31,6,50.0,6,48.54,19,2026-10-02
ENG08099,STU08099,16.43,16,84.21,3,76.92,35,2026-10-02
ENG08100,STU08100,16.84,16,94.12,1,86.42,30,2026-10-02
ENG08101,STU08101,0.3,8,44.44,10,52.14,9,2026-10-02
ENG08102,STU08102,7.33,9,69.23,4,58.43,17,2026-10-02
ENG08103,STU08103,8.8,14,58.33,10,49.35,20,2026-10-02
ENG08104,STU08104,2.83,11,52.38,10,30.01,13,2026-10-02
ENG08105,STU08105,14.11,12,92.31,1,80.37,30,2026-10-02
ENG08106,STU08106,3.71,9,64.29,5,52.02,12,2026-10-02
ENG08107,STU08107,8.23,9,56.25,7,43.52,26,2026-10-02
ENG08108,STU08108,0.74,11,64.71,6,67.65,19,2026-10-02
ENG08109,STU08109,16.74,18,100.0,0,82.28,37,2026-10-02
ENG08110,STU08110,13.83,17,80.95,4,60.24,30,2026-10-02
ENG08111,STU08111,3.76,13,72.22,5,58.75,17,2026-10-02
ENG08112,STU08112,2.53,14,73.68,5,59.99,13,2026-10-02
ENG08113,STU08113,0,10,62.5,6,29.71,7,2026-10-02
ENG08114,STU08114,7.87,6,42.86,8,73.2,16,2026-10-02
ENG08115,STU08115,11.59,12,70.59,5,79.86,34,2026-10-02
ENG08116,STU08116,11.64,10,45.45,12,43.44,14,2026-10-02
ENG08117,STU08117,4.91,7,58.33,5,54.14,15,2026-10-02
ENG08118,STU08118,0,13,56.52,10,44.17,4,2026-10-02
ENG08119,STU08119,8.44,16,72.73,6,66.07,33,2026-10-02
ENG08120,STU08120,13.06,8,66.67,4,50.41,27,2026-10-02
ENG08121,STU08121,14.31,11,55.0,9,73.34,32,2026-10-02
ENG08122,STU08122,9.55,14,77.78,4,51.56,28,2026-10-02
ENG08123,STU08123,11.26,8,53.33,7,79.81,21,2026-10-02
ENG08124,STU08124,3.56,10,47.62,11,48.26,12,2026-10-02
ENG08125,STU08125,10.33,16,69.57,7,44.34,19,2026-10-02
ENG08126,STU08126,3.9,10,55.56,8,53.44,11,2026-10-02
ENG08127,STU08127,13.39,17,85.0,3,64.22,29,2026-10-02
ENG08128,STU08128,2.12,11,64.71,6,45.04,5,2026-10-02
ENG08129,STU08129,10.34,9,47.37,10,66.03,26,2026-10-02
ENG08130,STU08130,10.91,10,66.67,5,60.26,25,2026-10-02
ENG08131,STU08131,1.94,7,50.0,7,41.81,6,2026-10-02
ENG08132,STU08132,6.43,17,70.83,7,60.98,20,2026-10-02
ENG08133,STU08133,4.13,9,56.25,7,60.86,9,2026-10-02
ENG08134,STU08134,2.19,12,52.17,11,47.03,19,2026-10-02
ENG08135,STU08135,5.15,13,61.9,8,44.66,16,2026-10-02
ENG08136,STU08136,12.88,14,63.64,8,62.88,26,2026-10-02
ENG08137,STU08137,8.05,18,78.26,5,67.4,15,2026-10-02
ENG08138,STU08138,2.0,13,68.42,6,59.78,5,2026-10-02
ENG08139,STU08139,6.56,16,69.57,7,52.05,18,2026-10-02
ENG08140,STU08140,7.74,13,72.22,5,59.14,29,2026-10-02
ENG08141,STU08141,14.44,10,66.67,5,74.86,19,2026-10-02
ENG08142,STU08142,7.95,12,66.67,6,66.79,22,2026-10-02
ENG08143,STU08143,11.09,15,71.43,6,47.48,19,2026-10-02
ENG08144,STU08144,6.07,15,71.43,6,52.29,11,2026-10-02
ENG08145,STU08145,9.28,16,88.89,2,72.07,11,2026-10-02
ENG08146,STU08146,3.18,10,47.62,11,44.89,4,2026-10-02
ENG08147,STU08147,12.23,14,60.87,9,55.94,28,2026-10-02
ENG08148,STU08148,12.89,16,88.89,2,75.51,27,2026-10-02
ENG08149,STU08149,12.44,13,72.22,5,67.19,21,2026-10-02
ENG08150,STU08150,10.9,13,72.22,5,65.6,36,2026-10-02
ENG08151,STU08151,21.61,14,82.35,3,88.0,35,2026-10-02
ENG08152,STU08152,0,8,44.44,10,42.93,3,2026-10-02
ENG08153,STU08153,0.4,8,40.0,12,28.5,0,2026-10-02
ENG08154,STU08154,8.29,8,47.06,9,55.51,20,2026-10-02
ENG08155,STU08155,6.74,11,73.33,4,67.67,28,2026-10-02
ENG08156,STU08156,10.7,11,73.33,4,70.38,28,2026-10-02
ENG08157,STU08157,2.54,7,41.18,10,23.45,9,2026-10-02
ENG08158,STU08158,4.81,13,65.0,7,59.87,16,2026-10-02
ENG08159,STU08159,8.51,13,56.52,10,57.32,14,2026-10-02
ENG08160,STU08160,10.81,7,53.85,6,63.43,23,2026-10-02
ENG08161,STU08161,4.25,9,45.0,11,63.79,12,2026-10-02
ENG08162,STU08162,14.01,20,90.91,2,86.13,28,2026-10-02
ENG08163,STU08163,8.19,14,58.33,10,68.84,19,2026-10-02
ENG08164,STU08164,14.62,11,68.75,5,79.01,32,2026-10-02
ENG08165,STU08165,8.36,15,71.43,6,62.73,24,2026-10-02
ENG08166,STU08166,9.54,14,60.87,9,79.23,26,2026-10-02
ENG08167,STU08167,3.23,8,53.33,7,43.63,4,2026-10-02
ENG08168,STU08168,9.83,13,81.25,3,69.06,15,2026-10-02
ENG08169,STU08169,9.92,13,72.22,5,69.54,27,2026-10-02
ENG08170,STU08170,12.59,18,75.0,6,70.69,33,2026-10-02
ENG08171,STU08171,7.45,10,66.67,5,47.19,16,2026-10-02
ENG08172,STU08172,7.19,14,66.67,7,62.64,20,2026-10-02
ENG08173,STU08173,19.54,14,100.0,0,100.0,47,2026-10-02
ENG08174,STU08174,10.62,10,76.92,3,70.15,18,2026-10-02
ENG08175,STU08175,2.62,12,50.0,12,62.85,5,2026-10-02
ENG08176,STU08176,15.13,18,78.26,5,81.36,35,2026-10-02
ENG08177,STU08177,16.09,16,94.12,1,66.36,43,2026-10-02
ENG08178,STU08178,7.68,15,62.5,9,59.55,20,2026-10-02
ENG08179,STU08179,20.89,19,90.48,2,99.82,43,2026-10-02
ENG08180,STU08180,3.27,9,75.0,3,60.93,17,2026-10-02
ENG08181,STU08181,16.81,15,88.24,2,76.58,32,2026-10-02
ENG08182,STU08182,9.61,11,91.67,1,63.59,28,2026-10-02
ENG08183,STU08183,0,3,25.0,9,30.19,1,2026-10-02
ENG08184,STU08184,9.61,10,83.33,2,74.93,21,2026-10-02
ENG08185,STU08185,21.0,15,83.33,3,82.56,33,2026-10-02
ENG08186,STU08186,3.55,7,50.0,7,58.67,12,2026-10-02
ENG08187,STU08187,4.11,14,63.64,8,60.26,8,2026-10-02
ENG08188,STU08188,3.84,12,63.16,7,60.44,10,2026-10-02
ENG08189,STU08189,2.17,8,53.33,7,55.76,15,2026-10-02
ENG08190,STU08190,13.77,15,71.43,6,86.04,22,2026-10-02
ENG08191,STU08191,12.02,16,80.0,4,49.84,28,2026-10-02
ENG08192,STU08192,12.65,16,94.12,1,91.37,31,2026-10-02
ENG08193,STU08193,20.58,16,100.0,0,97.27,51,2026-10-02
ENG08194,STU08194,9.24,18,94.74,1,78.54,28,2026-10-02
ENG08195,STU08195,0,3,23.08,10,26.27,10,2026-10-02
ENG08196,STU08196,1.01,10,45.45,12,55.82,4,2026-10-02
ENG08197,STU08197,3.04,13,65.0,7,36.44,22,2026-10-02
ENG08198,STU08198,7.57,18,85.71,3,69.57,24,2026-10-02
ENG08199,STU08199,13.41,14,73.68,5,73.92,32,2026-10-02
ENG08200,STU08200,6.66,7,58.33,5,55.0,15,2026-10-02
ENG08201,STU08201,10.79,7,58.33,5,68.91,25,2026-10-02
ENG08202,STU08202,11.48,11,61.11,7,80.23,21,2026-10-02
ENG08203,STU08203,7.63,12,75.0,4,56.62,14,2026-10-02
ENG08204,STU08204,3.47,13,65.0,7,55.16,22,2026-10-02
ENG08205,STU08205,12.7,16,84.21,3,84.35,28,2026-10-02
ENG08206,STU08206,0,7,43.75,9,40.36,4,2026-10-02
ENG08207,STU08207,14.04,10,83.33,2,74.68,22,2026-10-02
ENG08208,STU08208,0,6,50.0,6,17.48,10,2026-10-02
ENG08209,STU08209,8.25,17,85.0,3,56.13,21,2026-10-02
ENG08210,STU08210,8.21,13,56.52,10,51.36,16,2026-10-02
ENG08211,STU08211,6.63,16,76.19,5,69.47,26,2026-10-02
ENG08212,STU08212,15.47,20,90.91,2,70.64,25,2026-10-02
ENG08213,STU08213,3.02,7,46.67,8,50.72,9,2026-10-02
ENG08214,STU08214,1.43,7,43.75,9,40.5,6,2026-10-02
ENG08215,STU08215,5.84,7,58.33,5,40.64,23,2026-10-02
ENG08216,STU08216,6.72,13,56.52,10,54.03,25,2026-10-02
ENG08217,STU08217,24.47,17,100.0,0,93.4,48,2026-10-02
ENG08218,STU08218,5.81,9,60.0,6,55.76,7,2026-10-02
ENG08219,STU08219,8.73,17,70.83,7,64.49,16,2026-10-02
ENG08220,STU08220,5.87,14,60.87,9,38.23,16,2026-10-02
ENG08221,STU08221,19.95,17,100.0,0,98.48,46,2026-10-02
ENG08222,STU08222,6.01,12,66.67,6,44.98,15,2026-10-02
ENG08223,STU08223,0,9,39.13,14,43.55,6,2026-10-02
ENG08224,STU08224,5.95,19,79.17,5,66.82,18,2026-10-02
ENG08225,STU08225,22.48,22,100.0,0,98.27,36,2026-10-02
ENG08226,STU08226,10.34,12,70.59,5,54.6,22,2026-10-02
ENG08227,STU08227,12.75,13,65.0,7,63.86,27,2026-10-02
ENG08228,STU08228,3.29,12,85.71,2,54.37,20,2026-10-02
ENG08229,STU08229,5.9,18,78.26,5,57.32,15,2026-10-02
ENG08230,STU08230,5.65,20,83.33,4,58.55,21,2026-10-02
ENG08231,STU08231,2.0,11,52.38,10,56.0,8,2026-10-02
ENG08232,STU08232,9.41,9,69.23,4,63.41,26,2026-10-02
ENG08233,STU08233,5.41,18,75.0,6,77.89,13,2026-10-02
ENG08234,STU08234,7.72,14,63.64,8,74.58,18,2026-10-02
ENG08235,STU08235,0,7,38.89,11,53.39,3,2026-10-02
ENG08236,STU08236,6.8,12,80.0,3,70.04,15,2026-10-02
ENG08237,STU08237,4.52,9,45.0,11,44.22,18,2026-10-02
ENG08238,STU08238,3.37,14,73.68,5,50.87,15,2026-10-02
ENG08239,STU08239,0,11,52.38,10,36.74,6,2026-10-02
ENG08240,STU08240,14.31,9,56.25,7,61.62,21,2026-10-02
ENG08241,STU08241,9.68,17,77.27,5,65.02,30,2026-10-02
ENG08242,STU08242,8.43,12,75.0,4,51.35,19,2026-10-02
ENG08243,STU08243,0,13,59.09,9,43.44,0,2026-10-02
ENG08244,STU08244,7.5,13,59.09,9,53.14,18,2026-10-02
ENG08245,STU08245,3.25,11,52.38,10,43.52,15,2026-10-02
ENG08246,STU08246,4.84,8,57.14,6,54.35,11,2026-10-02
ENG08247,STU08247,6.78,9,75.0,3,66.93,12,2026-10-02
ENG08248,STU08248,10.15,14,60.87,9,45.25,16,2026-10-02
ENG08249,STU08249,0,9,45.0,11,38.43,0,2026-10-02
ENG08250,STU08250,14.13,16,84.21,3,58.39,36,2026-10-02
ENG08251,STU08251,13.77,7,58.33,5,66.3,30,2026-10-02
ENG08252,STU08252,9.46,9,69.23,4,79.43,26,2026-10-02
ENG08253,STU08253,3.38,20,83.33,4,64.83,24,2026-10-02
ENG08254,STU08254,1.56,12,75.0,4,42.84,2,2026-10-02
ENG08255,STU08255,0,12,60.0,8,54.15,1,2026-10-02
ENG08256,STU08256,7.03,12,66.67,6,48.41,33,2026-10-02
ENG08257,STU08257,1.7,12,54.55,10,30.28,9,2026-10-02
ENG08258,STU08258,14.82,15,68.18,7,63.75,31,2026-10-02
ENG08259,STU08259,19.19,11,84.62,2,63.29,37,2026-10-02
ENG08260,STU08260,8.01,14,66.67,7,66.95,22,2026-10-02
ENG08261,STU08261,10.37,8,50.0,8,57.17,37,2026-10-02
ENG08262,STU08262,14.12,17,70.83,7,63.3,28,2026-10-02
ENG08263,STU08263,17.24,12,92.31,1,90.4,43,2026-10-02
ENG08264,STU08264,1.11,6,46.15,7,40.09,5,2026-10-02
ENG08265,STU08265,5.69,8,61.54,5,67.35,11,2026-10-02
ENG08266,STU08266,0.33,12,63.16,7,43.84,3,2026-10-02
ENG08267,STU08267,10.78,13,72.22,5,74.93,19,2026-10-02
ENG08268,STU08268,3.49,17,80.95,4,59.67,10,2026-10-02
ENG08269,STU08269,1.85,12,57.14,9,49.64,13,2026-10-02
ENG08270,STU08270,7.79,16,72.73,6,61.55,18,2026-10-02
ENG08271,STU08271,2.46,13,65.0,7,68.38,6,2026-10-02
ENG08272,STU08272,3.54,15,62.5,9,54.12,9,2026-10-02
ENG08273,STU08273,9.43,17,77.27,5,72.46,16,2026-10-02
ENG08274,STU08274,7.55,13,61.9,8,62.49,17,2026-10-02
ENG08275,STU08275,9.03,10,83.33,2,84.0,25,2026-10-02
ENG08276,STU08276,16.34,8,66.67,4,79.92,34,2026-10-02
ENG08277,STU08277,13.73,15,83.33,3,58.67,31,2026-10-02
ENG08278,STU08278,0,10,47.62,11,46.74,5,2026-10-02
ENG08279,STU08279,10.03,8,66.67,4,66.89,29,2026-10-02
ENG08280,STU08280,4.03,12,57.14,9,62.96,15,2026-10-02
ENG08281,STU08281,7.21,14,66.67,7,64.35,11,2026-10-02
ENG08282,STU08282,8.68,17,77.27,5,74.72,22,2026-10-02
ENG08283,STU08283,9.43,14,66.67,7,54.97,20,2026-10-02
ENG08284,STU08284,18.65,21,91.3,2,86.85,39,2026-10-02
ENG08285,STU08285,14.6,17,73.91,6,64.76,40,2026-10-02
ENG08286,STU08286,3.71,7,58.33,5,60.29,11,2026-10-02
ENG08287,STU08287,9.04,14,73.68,5,53.05,30,2026-10-02
ENG08288,STU08288,9.09,15,75.0,5,78.06,27,2026-10-02
ENG08289,STU08289,7.71,14,63.64,8,52.53,32,2026-10-02
ENG08290,STU08290,0,9,42.86,12,41.58,7,2026-10-02
ENG08291,STU08291,12.93,19,79.17,5,80.77,31,2026-10-02
ENG08292,STU08292,1.74,13,56.52,10,60.84,15,2026-10-02
ENG08293,STU08293,2.86,7,53.85,6,65.16,7,2026-10-02
ENG08294,STU08294,5.18,11,45.83,13,45.23,22,2026-10-02
ENG08295,STU08295,15.06,13,76.47,4,93.53,28,2026-10-02
ENG08296,STU08296,0,10,66.67,5,47.07,3,2026-10-02
ENG08297,STU08297,11.39,14,60.87,9,72.13,23,2026-10-02
ENG08298,STU08298,13.97,17,73.91,6,75.28,35,2026-10-02
ENG08299,STU08299,2.99,16,72.73,6,47.66,8,2026-10-02
ENG08300,STU08300,15.25,11,91.67,1,100.0,31,2026-10-02
ENG08301,STU08301,1.88,11,47.83,12,46.31,9,2026-10-02
ENG08302,STU08302,10.54,18,81.82,4,66.64,21,2026-10-02
ENG08303,STU08303,10.44,11,57.89,8,65.71,25,2026-10-02
ENG08304,STU08304,17.68,15,65.22,8,76.95,29,2026-10-02
ENG08305,STU08305,8.56,11,84.62,2,75.97,27,2026-10-02
ENG08306,STU08306,0,6,35.29,11,34.13,6,2026-10-02
ENG08307,STU08307,12.53,16,80.0,4,58.91,24,2026-10-02
ENG08308,STU08308,8.4,13,68.42,6,71.03,19,2026-10-02
ENG08309,STU08309,7.47,9,56.25,7,62.97,19,2026-10-02
ENG08310,STU08310,16.46,15,100.0,0,80.35,41,2026-10-02
ENG08311,STU08311,2.39,6,50.0,6,41.71,8,2026-10-02
ENG08312,STU08312,16.87,17,89.47,2,79.68,32,2026-10-02
ENG08313,STU08313,11.79,9,64.29,5,65.3,20,2026-10-02
ENG08314,STU08314,12.67,10,76.92,3,72.96,36,2026-10-02
ENG08315,STU08315,4.68,6,37.5,10,60.76,0,2026-10-02
ENG08316,STU08316,5.51,10,83.33,2,45.26,7,2026-10-02
ENG08317,STU08317,14.65,8,66.67,4,63.21,37,2026-10-02
ENG08318,STU08318,9.65,10,62.5,6,64.82,20,2026-10-02
ENG08319,STU08319,23.82,16,100.0,0,76.49,44,2026-10-02
ENG08320,STU08320,0,11,45.83,13,34.43,6,2026-10-02
ENG08321,STU08321,9.92,13,72.22,5,59.29,18,2026-10-02
ENG08322,STU08322,10.27,10,83.33,2,88.08,32,2026-10-02
ENG08323,STU08323,10.41,15,83.33,3,67.26,25,2026-10-02
ENG08324,STU08324,18.46,11,78.57,3,78.16,27,2026-10-02
ENG08325,STU08325,3.93,11,50.0,11,59.19,17,2026-10-02
ENG08326,STU08326,8.74,9,64.29,5,67.06,25,2026-10-02
ENG08327,STU08327,4.79,12,66.67,6,61.52,8,2026-10-02
ENG08328,STU08328,10.88,15,78.95,4,56.39,19,2026-10-02
ENG08329,STU08329,6.39,11,64.71,6,53.77,8,2026-10-02
ENG08330,STU08330,11.85,13,81.25,3,82.19,19,2026-10-02
ENG08331,STU08331,2.75,13,56.52,10,49.17,19,2026-10-02
ENG08332,STU08332,24.17,19,100.0,0,100.0,43,2026-10-02
ENG08333,STU08333,8.05,12,70.59,5,66.04,13,2026-10-02
ENG08334,STU08334,15.8,14,87.5,2,70.05,26,2026-10-02
ENG08335,STU08335,9.43,13,54.17,11,64.1,29,2026-10-02
ENG08336,STU08336,9.79,15,65.22,8,78.38,26,2026-10-02
ENG08337,STU08337,5.58,11,61.11,7,51.74,14,2026-10-02
ENG08338,STU08338,10.87,13,68.42,6,61.16,27,2026-10-02
ENG08339,STU08339,8.04,13,68.42,6,60.73,16,2026-10-02
ENG08340,STU08340,7.5,13,81.25,3,72.72,18,2026-10-02
ENG08341,STU08341,0,6,42.86,8,34.1,16,2026-10-02
ENG08342,STU08342,8.3,13,61.9,8,56.98,22,2026-10-02
ENG08343,STU08343,9.03,9,64.29,5,52.17,20,2026-10-02
ENG08344,STU08344,16.59,16,80.0,4,89.22,35,2026-10-02
ENG08345,STU08345,7.38,9,75.0,3,68.77,24,2026-10-02
ENG08346,STU08346,3.53,13,56.52,10,51.42,4,2026-10-02
ENG08347,STU08347,5.8,11,57.89,8,62.8,11,2026-10-02
ENG08348,STU08348,14.45,14,77.78,4,83.28,34,2026-10-02
ENG08349,STU08349,0.32,6,28.57,15,40.66,0,2026-10-02
ENG08350,STU08350,8.65,13,65.0,7,72.18,25,2026-10-02
ENG08351,STU08351,14.04,15,83.33,3,63.19,35,2026-10-02
ENG08352,STU08352,8.44,14,66.67,7,59.71,15,2026-10-02
ENG08353,STU08353,12.46,16,80.0,4,87.44,29,2026-10-02
ENG08354,STU08354,2.36,14,66.67,7,59.59,13,2026-10-02
ENG08355,STU08355,10.84,9,75.0,3,48.45,23,2026-10-02
ENG08356,STU08356,13.29,10,71.43,4,67.06,33,2026-10-02
ENG08357,STU08357,18.66,15,88.24,2,92.97,32,2026-10-02
ENG08358,STU08358,4.12,9,69.23,4,63.41,15,2026-10-02
ENG08359,STU08359,6.88,10,55.56,8,68.97,14,2026-10-02
ENG08360,STU08360,18.24,8,66.67,4,78.33,42,2026-10-02
ENG08361,STU08361,9.27,8,36.36,14,43.17,13,2026-10-02
ENG08362,STU08362,8.37,10,76.92,3,64.79,20,2026-10-02
ENG08363,STU08363,0.64,5,35.71,9,39.2,2,2026-10-02
ENG08364,STU08364,18.44,13,81.25,3,79.51,39,2026-10-02
ENG08365,STU08365,6.8,8,50.0,8,66.8,12,2026-10-02
ENG08366,STU08366,6.59,5,38.46,8,48.3,10,2026-10-02
ENG08367,STU08367,0,10,43.48,13,41.04,1,2026-10-02
ENG08368,STU08368,10.16,12,63.16,7,74.21,14,2026-10-02
ENG08369,STU08369,3.56,17,80.95,4,62.56,15,2026-10-02
ENG08370,STU08370,9.41,13,65.0,7,42.64,23,2026-10-02
ENG08371,STU08371,6.24,17,77.27,5,52.81,24,2026-10-02
ENG08372,STU08372,9.59,11,78.57,3,58.87,18,2026-10-02
ENG08373,STU08373,8.81,10,58.82,7,51.69,19,2026-10-02
ENG08374,STU08374,10.37,16,69.57,7,76.55,25,2026-10-02
ENG08375,STU08375,5.44,16,88.89,2,66.06,19,2026-10-02
ENG08376,STU08376,3.67,9,60.0,6,57.39,12,2026-10-02
ENG08377,STU08377,12.69,15,71.43,6,57.68,30,2026-10-02
ENG08378,STU08378,0,4,26.67,11,27.98,2,2026-10-02
ENG08379,STU08379,9.96,14,87.5,2,69.41,28,2026-10-02
ENG08380,STU08380,0,7,29.17,17,24.81,14,2026-10-02
ENG08381,STU08381,7.98,14,82.35,3,78.11,16,2026-10-02
ENG08382,STU08382,6.46,8,47.06,9,61.35,11,2026-10-02
ENG08383,STU08383,9.15,12,92.31,1,67.49,24,2026-10-02
ENG08384,STU08384,14.57,19,82.61,4,86.23,30,2026-10-02
ENG08385,STU08385,17.9,13,92.86,1,96.69,38,2026-10-02
ENG08386,STU08386,1.75,10,58.82,7,74.11,16,2026-10-02
ENG08387,STU08387,12.87,18,85.71,3,74.7,24,2026-10-02
ENG08388,STU08388,15.4,10,71.43,4,57.56,27,2026-10-02
ENG08389,STU08389,0,4,33.33,8,18.38,9,2026-10-02
ENG08390,STU08390,4.7,15,71.43,6,54.59,19,2026-10-02
ENG08391,STU08391,0,11,47.83,12,26.88,0,2026-10-02
ENG08392,STU08392,7.76,10,55.56,8,85.36,15,2026-10-02
ENG08393,STU08393,8.47,12,80.0,3,79.41,21,2026-10-02
ENG08394,STU08394,5.07,12,70.59,5,50.12,15,2026-10-02
ENG08395,STU08395,10.9,12,70.59,5,57.49,31,2026-10-02
ENG08396,STU08396,0,9,56.25,7,46.74,10,2026-10-02
ENG08397,STU08397,12.76,11,84.62,2,77.85,31,2026-10-02
ENG08398,STU08398,3.07,12,63.16,7,51.56,9,2026-10-02
ENG08399,STU08399,0,8,33.33,16,36.62,0,2026-10-02
ENG08400,STU08400,17.96,15,93.75,1,73.55,46,2026-10-02
ENG08401,STU08401,0,10,52.63,9,58.88,0,2026-10-02
ENG08402,STU08402,16.03,20,83.33,4,71.96,20,2026-10-02
ENG08403,STU08403,1.66,12,60.0,8,54.39,11,2026-10-02
ENG08404,STU08404,0,8,57.14,6,35.96,14,2026-10-02
ENG08405,STU08405,13.16,19,79.17,5,73.51,28,2026-10-02
ENG08406,STU08406,14.26,11,84.62,2,73.14,31,2026-10-02
ENG08407,STU08407,10.01,12,66.67,6,69.38,22,2026-10-02
ENG08408,STU08408,1.65,11,68.75,5,61.97,6,2026-10-02
ENG08409,STU08409,10.75,18,90.0,2,86.45,24,2026-10-02
ENG08410,STU08410,10.73,20,95.24,1,72.62,26,2026-10-02
ENG08411,STU08411,0,6,46.15,7,28.6,15,2026-10-02
ENG08412,STU08412,18.99,16,94.12,1,97.42,38,2026-10-02
ENG08413,STU08413,0,11,50.0,11,38.2,13,2026-10-02
ENG08414,STU08414,10.74,14,82.35,3,54.13,24,2026-10-02
ENG08415,STU08415,8.89,11,57.89,8,58.0,12,2026-10-02
ENG08416,STU08416,12.57,16,80.0,4,68.35,23,2026-10-02
ENG08417,STU08417,0.18,8,57.14,6,43.53,9,2026-10-02
ENG08418,STU08418,2.65,10,47.62,11,48.32,12,2026-10-02
ENG08419,STU08419,7.96,12,70.59,5,60.75,23,2026-10-02
ENG08420,STU08420,1.26,6,50.0,6,59.75,6,2026-10-02
ENG08421,STU08421,3.23,9,52.94,8,63.67,16,2026-10-02
ENG08422,STU08422,13.13,11,84.62,2,85.93,31,2026-10-02
ENG08423,STU08423,11.98,10,83.33,2,82.74,33,2026-10-02
ENG08424,STU08424,6.07,12,52.17,11,63.92,19,2026-10-02
ENG08425,STU08425,8.09,14,70.0,6,60.27,21,2026-10-02
ENG08426,STU08426,5.61,13,81.25,3,53.23,21,2026-10-02
ENG08427,STU08427,6.28,8,42.11,11,49.05,10,2026-10-02
ENG08428,STU08428,17.59,13,92.86,1,78.82,31,2026-10-02
ENG08429,STU08429,4.65,11,61.11,7,58.6,16,2026-10-02
ENG08430,STU08430,7.39,18,85.71,3,95.86,20,2026-10-02
ENG08431,STU08431,11.78,17,73.91,6,63.53,20,2026-10-02
ENG08432,STU08432,3.26,18,78.26,5,50.2,19,2026-10-02
ENG08433,STU08433,4.87,8,57.14,6,52.44,10,2026-10-02
ENG08434,STU08434,8.47,17,89.47,2,80.02,15,2026-10-02
ENG08435,STU08435,4.71,8,57.14,6,68.77,16,2026-10-02
ENG08436,STU08436,4.56,14,70.0,6,60.37,18,2026-10-02
ENG08437,STU08437,3.94,15,62.5,9,67.75,21,2026-10-02
ENG08438,STU08438,9.13,12,66.67,6,69.91,18,2026-10-02
ENG08439,STU08439,9.94,12,60.0,8,64.27,23,2026-10-02
ENG08440,STU08440,7.29,9,75.0,3,50.05,21,2026-10-02
ENG08441,STU08441,10.32,13,86.67,2,69.82,25,2026-10-02
ENG08442,STU08442,0.74,6,50.0,6,34.92,6,2026-10-02
ENG08443,STU08443,17.23,23,100.0,0,90.77,35,2026-10-02
ENG08444,STU08444,8.14,14,60.87,9,51.43,23,2026-10-02
ENG08445,STU08445,6.28,9,47.37,10,61.39,16,2026-10-02
ENG08446,STU08446,13.45,11,78.57,3,71.92,30,2026-10-02
ENG08447,STU08447,10.5,16,84.21,3,76.93,30,2026-10-02
ENG08448,STU08448,3.42,10,55.56,8,52.73,15,2026-10-02
ENG08449,STU08449,11.16,14,87.5,2,63.46,21,2026-10-02
ENG08450,STU08450,15.38,17,100.0,0,81.9,38,2026-10-02
ENG08451,STU08451,8.31,14,60.87,9,64.13,15,2026-10-02
ENG08452,STU08452,0.7,14,66.67,7,55.01,17,2026-10-02
ENG08453,STU08453,4.23,13,68.42,6,56.65,19,2026-10-02
ENG08454,STU08454,0,14,73.68,5,42.18,3,2026-10-02
ENG08455,STU08455,9.61,14,77.78,4,56.66,23,2026-10-02
ENG08456,STU08456,8.81,16,76.19,5,54.42,25,2026-10-02
ENG08457,STU08457,4.79,11,64.71,6,61.1,27,2026-10-02
ENG08458,STU08458,14.38,11,68.75,5,62.24,29,2026-10-02
ENG08459,STU08459,0.9,8,57.14,6,57.26,4,2026-10-02
ENG08460,STU08460,20.33,23,100.0,0,100.0,46,2026-10-02
ENG08461,STU08461,11.94,11,84.62,2,59.76,22,2026-10-02
ENG08462,STU08462,16.23,17,89.47,2,82.13,35,2026-10-02
ENG08463,STU08463,12.1,15,62.5,9,80.81,29,2026-10-02
ENG08464,STU08464,16.02,12,92.31,1,73.31,28,2026-10-02
ENG08465,STU08465,8.78,14,60.87,9,68.23,22,2026-10-02
ENG08466,STU08466,1.22,10,45.45,12,37.17,10,2026-10-02
ENG08467,STU08467,3.66,10,58.82,7,52.82,23,2026-10-02
ENG08468,STU08468,11.95,12,75.0,4,73.85,31,2026-10-02
ENG08469,STU08469,10.67,12,63.16,7,69.64,30,2026-10-02
ENG08470,STU08470,6.54,10,58.82,7,40.65,18,2026-10-02
ENG08471,STU08471,4.71,15,68.18,7,63.0,10,2026-10-02
ENG08472,STU08472,15.42,16,88.89,2,72.71,41,2026-10-02
ENG08473,STU08473,7.38,12,70.59,5,71.94,22,2026-10-02
ENG08474,STU08474,11.8,12,63.16,7,51.47,23,2026-10-02
ENG08475,STU08475,15.75,14,70.0,6,80.38,35,2026-10-02
ENG08476,STU08476,11.64,6,50.0,6,84.5,27,2026-10-02
ENG08477,STU08477,13.2,17,73.91,6,56.5,32,2026-10-02
ENG08478,STU08478,8.87,17,73.91,6,58.12,16,2026-10-02
ENG08479,STU08479,10.42,15,71.43,6,75.23,16,2026-10-02
ENG08480,STU08480,6.87,13,76.47,4,52.26,19,2026-10-02
ENG08481,STU08481,15.48,17,85.0,3,76.46,26,2026-10-02
ENG08482,STU08482,10.87,17,77.27,5,59.12,23,2026-10-02
ENG08483,STU08483,15.63,17,77.27,5,68.85,31,2026-10-02
ENG08484,STU08484,16.34,21,91.3,2,90.45,38,2026-10-02
ENG08485,STU08485,0,8,40.0,12,37.95,0,2026-10-02
ENG08486,STU08486,16.81,12,85.71,2,76.34,32,2026-10-02
ENG08487,STU08487,13.5,10,83.33,2,69.95,37,2026-10-02
ENG08488,STU08488,8.63,18,78.26,5,66.01,18,2026-10-02
ENG08489,STU08489,6.72,16,76.19,5,75.12,7,2026-10-02
ENG08490,STU08490,9.17,10,71.43,4,59.15,14,2026-10-02
ENG08491,STU08491,4.51,11,64.71,6,62.79,12,2026-10-02
ENG08492,STU08492,2.5,10,58.82,7,31.57,11,2026-10-02
ENG08493,STU08493,9.49,15,71.43,6,75.85,28,2026-10-02
ENG08494,STU08494,7.83,8,50.0,8,52.35,9,2026-10-02
ENG08495,STU08495,4.06,9,60.0,6,53.35,10,2026-10-02
ENG08496,STU08496,5.8,14,66.67,7,52.4,11,2026-10-02
ENG08497,STU08497,7.49,7,58.33,5,54.09,19,2026-10-02
ENG08498,STU08498,9.14,10,66.67,5,53.06,23,2026-10-02
ENG08499,STU08499,20.34,20,86.96,3,88.17,40,2026-10-02
ENG08500,STU08500,16.9,14,66.67,7,65.82,34,2026-10-02
ENG08501,STU08501,11.13,10,45.45,12,60.43,21,2026-10-02
ENG08502,STU08502,4.49,17,70.83,7,80.42,13,2026-10-02
ENG08503,STU08503,3.85,7,50.0,7,54.97,0,2026-10-02
ENG08504,STU08504,4.96,7,38.89,11,54.93,8,2026-10-02
ENG08505,STU08505,13.38,14,70.0,6,50.27,7,2026-10-02
ENG08506,STU08506,11.44,11,78.57,3,70.66,20,2026-10-02
ENG08507,STU08507,11.77,7,53.85,6,69.36,27,2026-10-02
ENG08508,STU08508,13.51,12,75.0,4,63.55,25,2026-10-02
ENG08509,STU08509,3.44,7,53.85,6,52.21,5,2026-10-02
ENG08510,STU08510,7.91,15,68.18,7,70.16,33,2026-10-02
ENG08511,STU08511,16.74,11,84.62,2,77.52,31,2026-10-02
ENG08512,STU08512,3.91,9,52.94,8,70.85,13,2026-10-02
ENG08513,STU08513,13.04,17,77.27,5,67.96,24,2026-10-02
ENG08514,STU08514,2.85,13,56.52,10,45.42,15,2026-10-02
ENG08515,STU08515,0.01,11,73.33,4,37.57,15,2026-10-02
ENG08516,STU08516,6.97,15,62.5,9,54.38,19,2026-10-02
ENG08517,STU08517,0,7,50.0,7,54.09,11,2026-10-02
ENG08518,STU08518,11.65,13,81.25,3,73.15,31,2026-10-02
ENG08519,STU08519,1.2,6,40.0,9,37.18,5,2026-10-02
ENG08520,STU08520,2.33,13,61.9,8,56.93,8,2026-10-02
ENG08521,STU08521,7.88,9,60.0,6,51.0,21,2026-10-02
ENG08522,STU08522,20.52,15,100.0,0,100.0,48,2026-10-02
ENG08523,STU08523,16.01,12,70.59,5,87.81,22,2026-10-02
ENG08524,STU08524,10.0,15,88.24,2,65.95,28,2026-10-02
ENG08525,STU08525,14.01,14,73.68,5,86.89,21,2026-10-02
ENG08526,STU08526,13.04,16,80.0,4,81.19,31,2026-10-02
ENG08527,STU08527,14.31,14,77.78,4,57.64,34,2026-10-02
ENG08528,STU08528,24.32,21,87.5,3,86.41,48,2026-10-02
ENG08529,STU08529,4.34,9,69.23,4,51.54,18,2026-10-02
ENG08530,STU08530,10.98,16,76.19,5,67.64,18,2026-10-02
ENG08531,STU08531,9.44,16,72.73,6,64.14,24,2026-10-02
ENG08532,STU08532,17.48,20,100.0,0,98.1,43,2026-10-02
ENG08533,STU08533,15.77,15,100.0,0,80.85,34,2026-10-02
ENG08534,STU08534,6.62,14,60.87,9,50.16,14,2026-10-02
ENG08535,STU08535,10.91,10,66.67,5,48.31,22,2026-10-02
ENG08536,STU08536,0,8,44.44,10,37.78,0,2026-10-02
ENG08537,STU08537,16.16,12,85.71,2,85.21,38,2026-10-02
ENG08538,STU08538,15.79,10,71.43,4,52.74,27,2026-10-02
ENG08539,STU08539,5.19,16,66.67,8,43.58,12,2026-10-02
ENG08540,STU08540,8.31,12,66.67,6,69.03,13,2026-10-02
ENG08541,STU08541,4.31,11,61.11,7,65.01,10,2026-10-02
ENG08542,STU08542,7.74,7,41.18,10,38.89,18,2026-10-02
ENG08543,STU08543,9.32,9,75.0,3,77.36,23,2026-10-02
ENG08544,STU08544,8.8,12,70.59,5,66.63,22,2026-10-02
ENG08545,STU08545,8.87,16,72.73,6,60.96,26,2026-10-02
ENG08546,STU08546,10.25,10,76.92,3,45.62,19,2026-10-02
ENG08547,STU08547,5.1,8,47.06,9,37.61,0,2026-10-02
ENG08548,STU08548,2.3,12,50.0,12,46.92,10,2026-10-02
ENG08549,STU08549,3.94,10,71.43,4,74.59,14,2026-10-02
ENG08550,STU08550,0,5,38.46,8,38.69,7,2026-10-02
ENG08551,STU08551,0,5,25.0,15,27.11,1,2026-10-02
ENG08552,STU08552,2.6,12,75.0,4,62.27,6,2026-10-02
ENG08553,STU08553,10.84,14,82.35,3,98.78,28,2026-10-02
ENG08554,STU08554,4.73,13,54.17,11,61.6,10,2026-10-02
ENG08555,STU08555,0,8,44.44,10,26.27,2,2026-10-02
ENG08556,STU08556,0,7,35.0,13,38.48,3,2026-10-02
ENG08557,STU08557,15.69,13,86.67,2,77.98,43,2026-10-02
ENG08558,STU08558,8.54,14,77.78,4,71.03,25,2026-10-02
ENG08559,STU08559,0,11,68.75,5,49.29,3,2026-10-02
ENG08560,STU08560,7.85,13,72.22,5,43.9,25,2026-10-02
ENG08561,STU08561,14.2,12,80.0,3,65.8,22,2026-10-02
ENG08562,STU08562,16.7,15,62.5,9,90.88,26,2026-10-02
ENG08563,STU08563,4.42,7,50.0,7,35.74,10,2026-10-02
ENG08564,STU08564,20.2,9,69.23,4,76.2,35,2026-10-02
ENG08565,STU08565,13.67,15,62.5,9,40.99,23,2026-10-02
ENG08566,STU08566,1.91,11,50.0,11,30.22,14,2026-10-02
ENG08567,STU08567,20.57,12,92.31,1,84.42,39,2026-10-02
ENG08568,STU08568,19.89,12,92.31,1,74.16,30,2026-10-02
ENG08569,STU08569,14.86,12,92.31,1,69.86,19,2026-10-02
ENG08570,STU08570,0.33,11,61.11,7,42.24,2,2026-10-02
ENG08571,STU08571,15.18,13,76.47,4,60.13,20,2026-10-02
ENG08572,STU08572,17.49,14,87.5,2,75.57,32,2026-10-02
ENG08573,STU08573,0,13,56.52,10,46.76,0,2026-10-02
ENG08574,STU08574,3.75,16,69.57,7,48.04,16,2026-10-02
ENG08575,STU08575,0.56,12,52.17,11,46.45,5,2026-10-02
ENG08576,STU08576,12.92,17,73.91,6,67.33,32,2026-10-02
ENG08577,STU08577,13.91,12,52.17,11,59.1,18,2026-10-02
ENG08578,STU08578,2.14,11,57.89,8,49.86,7,2026-10-02
ENG08579,STU08579,8.47,7,58.33,5,58.84,19,2026-10-02
ENG08580,STU08580,1.57,12,57.14,9,47.19,5,2026-10-02
ENG08581,STU08581,10.25,13,72.22,5,68.94,28,2026-10-02
ENG08582,STU08582,16.68,19,95.0,1,77.71,42,2026-10-02
ENG08583,STU08583,6.74,11,52.38,10,65.88,17,2026-10-02
ENG08584,STU08584,0,12,70.59,5,27.79,0,2026-10-02
ENG08585,STU08585,6.24,9,56.25,7,42.54,23,2026-10-02
ENG08586,STU08586,9.17,16,84.21,3,82.81,19,2026-10-02
ENG08587,STU08587,6.34,9,56.25,7,56.77,17,2026-10-02
ENG08588,STU08588,0,10,52.63,9,38.95,10,2026-10-02
ENG08589,STU08589,2.67,16,80.0,4,53.42,11,2026-10-02
ENG08590,STU08590,1.12,8,36.36,14,28.57,3,2026-10-02
ENG08591,STU08591,5.51,9,56.25,7,43.02,8,2026-10-02
ENG08592,STU08592,2.15,9,56.25,7,51.6,21,2026-10-02
ENG08593,STU08593,9.86,11,91.67,1,43.12,28,2026-10-02
ENG08594,STU08594,5.22,7,58.33,5,57.49,15,2026-10-02
ENG08595,STU08595,18.4,20,100.0,0,76.21,40,2026-10-02
ENG08596,STU08596,7.45,10,71.43,4,77.6,19,2026-10-02
ENG08597,STU08597,16.24,12,80.0,3,88.16,33,2026-10-02
ENG08598,STU08598,14.45,17,70.83,7,67.31,37,2026-10-02
ENG08599,STU08599,0,3,17.65,14,34.12,14,2026-10-02
ENG08600,STU08600,6.89,16,69.57,7,46.11,17,2026-10-02
ENG08601,STU08601,0.39,12,54.55,10,60.31,3,2026-10-02
ENG08602,STU08602,0,14,66.67,7,46.7,6,2026-10-02
ENG08603,STU08603,5.1,13,81.25,3,51.96,19,2026-10-02
ENG08604,STU08604,9.44,13,72.22,5,49.8,26,2026-10-02
ENG08605,STU08605,15.4,21,95.45,1,100.0,43,2026-10-02
ENG08606,STU08606,11.67,14,70.0,6,70.99,18,2026-10-02
ENG08607,STU08607,0,9,45.0,11,46.01,6,2026-10-02
ENG08608,STU08608,5.64,4,33.33,8,47.34,16,2026-10-02
ENG08609,STU08609,8.31,11,61.11,7,68.24,31,2026-10-02
ENG08610,STU08610,6.6,9,75.0,3,62.87,15,2026-10-02
ENG08611,STU08611,14.87,10,71.43,4,54.2,24,2026-10-02
ENG08612,STU08612,9.47,9,56.25,7,53.03,21,2026-10-02
ENG08613,STU08613,10.27,12,80.0,3,66.69,25,2026-10-02
ENG08614,STU08614,8.32,10,58.82,7,70.27,12,2026-10-02
ENG08615,STU08615,2.69,15,71.43,6,72.1,8,2026-10-02
ENG08616,STU08616,6.33,13,65.0,7,77.32,11,2026-10-02
ENG08617,STU08617,0.4,11,61.11,7,58.37,4,2026-10-02
ENG08618,STU08618,8.79,18,81.82,4,65.46,22,2026-10-02
ENG08619,STU08619,9.32,21,87.5,3,70.41,17,2026-10-02
ENG08620,STU08620,10.76,11,61.11,7,80.81,21,2026-10-02
ENG08621,STU08621,20.8,19,95.0,1,89.12,40,2026-10-02
ENG08622,STU08622,7.46,10,83.33,2,71.13,21,2026-10-02
ENG08623,STU08623,2.26,7,50.0,7,44.57,22,2026-10-02
ENG08624,STU08624,18.15,10,83.33,2,89.87,28,2026-10-02
ENG08625,STU08625,19.83,23,100.0,0,71.88,37,2026-10-02
ENG08626,STU08626,6.95,10,55.56,8,52.44,8,2026-10-02
ENG08627,STU08627,0,7,50.0,7,36.04,6,2026-10-02
ENG08628,STU08628,19.03,24,100.0,0,98.05,36,2026-10-02
ENG08629,STU08629,5.72,10,71.43,4,54.8,19,2026-10-02
ENG08630,STU08630,9.7,10,71.43,4,68.62,27,2026-10-02
ENG08631,STU08631,10.99,13,54.17,11,59.88,18,2026-10-02
ENG08632,STU08632,8.84,9,64.29,5,47.17,15,2026-10-02
ENG08633,STU08633,8.7,11,73.33,4,48.54,11,2026-10-02
ENG08634,STU08634,7.53,10,71.43,4,51.44,22,2026-10-02
ENG08635,STU08635,6.19,14,73.68,5,50.2,28,2026-10-02
ENG08636,STU08636,15.61,17,89.47,2,75.2,27,2026-10-02
ENG08637,STU08637,13.08,16,69.57,7,68.71,36,2026-10-02
ENG08638,STU08638,5.26,15,71.43,6,68.94,9,2026-10-02
ENG08639,STU08639,7.56,13,92.86,1,82.13,27,2026-10-02
ENG08640,STU08640,4.44,13,59.09,9,47.35,18,2026-10-02
ENG08641,STU08641,14.17,10,66.67,5,61.49,23,2026-10-02
ENG08642,STU08642,7.5,13,59.09,9,67.94,17,2026-10-02
ENG08643,STU08643,7.62,15,62.5,9,46.64,28,2026-10-02
ENG08644,STU08644,3.52,9,45.0,11,34.68,4,2026-10-02
ENG08645,STU08645,16.92,12,75.0,4,66.61,28,2026-10-02
ENG08646,STU08646,8.07,11,73.33,4,53.83,15,2026-10-02
ENG08647,STU08647,2.38,12,66.67,6,60.04,15,2026-10-02
ENG08648,STU08648,12.73,14,70.0,6,72.99,30,2026-10-02
ENG08649,STU08649,4.33,7,50.0,7,64.02,11,2026-10-02
ENG08650,STU08650,0,8,53.33,7,40.46,4,2026-10-02
ENG08651,STU08651,6.47,14,73.68,5,62.43,15,2026-10-02
ENG08652,STU08652,0,9,50.0,9,59.06,1,2026-10-02
ENG08653,STU08653,8.8,19,82.61,4,87.36,17,2026-10-02
ENG08654,STU08654,9.88,10,83.33,2,79.96,32,2026-10-02
ENG08655,STU08655,16.72,14,77.78,4,83.98,26,2026-10-02
ENG08656,STU08656,12.17,13,68.42,6,70.7,27,2026-10-02
ENG08657,STU08657,12.36,16,69.57,7,55.56,19,2026-10-02
ENG08658,STU08658,5.0,10,55.56,8,34.32,13,2026-10-02
ENG08659,STU08659,3.74,11,64.71,6,43.47,7,2026-10-02
ENG08660,STU08660,12.26,10,76.92,3,77.73,32,2026-10-02
ENG08661,STU08661,0,4,17.39,19,25.82,1,2026-10-02
ENG08662,STU08662,9.01,13,92.86,1,76.28,30,2026-10-02
ENG08663,STU08663,9.65,17,77.27,5,67.9,20,2026-10-02
ENG08664,STU08664,5.54,18,75.0,6,50.83,13,2026-10-02
ENG08665,STU08665,24.95,22,100.0,0,100.0,42,2026-10-02
ENG08666,STU08666,2.84,12,50.0,12,38.66,12,2026-10-02
ENG08667,STU08667,15.77,12,70.59,5,62.93,37,2026-10-02
ENG08668,STU08668,3.66,9,56.25,7,54.18,16,2026-10-02
ENG08669,STU08669,9.52,14,66.67,7,71.9,34,2026-10-02
ENG08670,STU08670,10.66,14,70.0,6,42.96,18,2026-10-02
ENG08671,STU08671,5.66,10,76.92,3,55.63,19,2026-10-02
ENG08672,STU08672,14.79,19,79.17,5,62.45,28,2026-10-02
ENG08673,STU08673,2.89,7,50.0,7,39.61,15,2026-10-02
ENG08674,STU08674,10.75,14,77.78,4,54.4,28,2026-10-02
ENG08675,STU08675,6.18,10,58.82,7,64.95,20,2026-10-02
ENG08676,STU08676,13.81,11,64.71,6,66.21,28,2026-10-02
ENG08677,STU08677,6.23,19,79.17,5,64.39,27,2026-10-02
ENG08678,STU08678,10.3,17,85.0,3,80.72,24,2026-10-02
ENG08679,STU08679,3.53,13,54.17,11,44.84,10,2026-10-02
ENG08680,STU08680,8.59,10,66.67,5,85.14,24,2026-10-02
ENG08681,STU08681,15.6,18,94.74,1,75.43,29,2026-10-02
ENG08682,STU08682,11.84,15,83.33,3,68.08,22,2026-10-02
ENG08683,STU08683,10.15,8,66.67,4,68.47,29,2026-10-02
ENG08684,STU08684,15.69,22,95.65,1,100.0,26,2026-10-02
ENG08685,STU08685,17.09,10,76.92,3,86.88,26,2026-10-02
ENG08686,STU08686,2.08,13,59.09,9,46.07,14,2026-10-02
ENG08687,STU08687,0,3,25.0,9,27.77,9,2026-10-02
ENG08688,STU08688,10.69,15,62.5,9,74.53,23,2026-10-02
ENG08689,STU08689,13.92,21,100.0,0,79.56,24,2026-10-02
ENG08690,STU08690,6.84,10,71.43,4,57.11,10,2026-10-02
ENG08691,STU08691,11.17,12,70.59,5,79.87,31,2026-10-02
ENG08692,STU08692,11.72,20,90.91,2,66.75,20,2026-10-02
ENG08693,STU08693,21.03,19,100.0,0,100.0,44,2026-10-02
ENG08694,STU08694,9.22,18,75.0,6,79.9,28,2026-10-02
ENG08695,STU08695,12.86,12,66.67,6,61.2,16,2026-10-02
ENG08696,STU08696,5.37,12,63.16,7,52.56,15,2026-10-02
ENG08697,STU08697,13.13,10,58.82,7,69.27,30,2026-10-02
ENG08698,STU08698,4.65,6,42.86,8,43.86,4,2026-10-02
ENG08699,STU08699,11.7,12,85.71,2,68.27,25,2026-10-02
ENG08700,STU08700,0,7,38.89,11,22.77,10,2026-10-02
ENG08701,STU08701,7.69,9,56.25,7,58.26,18,2026-10-02
ENG08702,STU08702,17.33,17,89.47,2,69.77,40,2026-10-02
ENG08703,STU08703,9.13,15,68.18,7,61.93,30,2026-10-02
ENG08704,STU08704,12.32,12,75.0,4,70.66,26,2026-10-02
ENG08705,STU08705,13.09,12,80.0,3,68.32,21,2026-10-02
ENG08706,STU08706,9.21,14,70.0,6,61.95,26,2026-10-02
ENG08707,STU08707,6.74,11,50.0,11,53.85,16,2026-10-02
ENG08708,STU08708,14.66,11,68.75,5,76.05,31,2026-10-02
ENG08709,STU08709,4.7,13,65.0,7,54.99,18,2026-10-02
ENG08710,STU08710,7.98,14,60.87,9,46.3,18,2026-10-02
ENG08711,STU08711,18.75,12,80.0,3,71.29,37,2026-10-02
ENG08712,STU08712,13.75,17,73.91,6,64.92,34,2026-10-02
ENG08713,STU08713,0,10,58.82,7,44.06,2,2026-10-02
ENG08714,STU08714,15.16,14,82.35,3,68.44,32,2026-10-02
ENG08715,STU08715,13.41,18,78.26,5,85.66,25,2026-10-02
ENG08716,STU08716,13.32,11,64.71,6,67.63,28,2026-10-02
ENG08717,STU08717,16.11,13,86.67,2,91.71,31,2026-10-02
ENG08718,STU08718,8.43,9,50.0,9,49.67,11,2026-10-02
ENG08719,STU08719,0,6,40.0,9,39.13,8,2026-10-02
ENG08720,STU08720,8.86,8,66.67,4,60.91,21,2026-10-02
ENG08721,STU08721,7.65,9,47.37,10,48.82,16,2026-10-02
ENG08722,STU08722,0,5,38.46,8,34.25,10,2026-10-02
ENG08723,STU08723,13.71,10,83.33,2,75.56,34,2026-10-02
ENG08724,STU08724,7.76,7,53.85,6,66.68,22,2026-10-02
ENG08725,STU08725,8.53,15,78.95,4,57.42,16,2026-10-02
ENG08726,STU08726,7.09,13,68.42,6,65.83,7,2026-10-02
ENG08727,STU08727,14.79,18,100.0,0,89.96,36,2026-10-02
ENG08728,STU08728,11.14,15,68.18,7,68.61,25,2026-10-02
ENG08729,STU08729,6.27,9,50.0,9,46.18,8,2026-10-02
ENG08730,STU08730,16.88,13,92.86,1,89.58,35,2026-10-02
ENG08731,STU08731,5.04,8,57.14,6,49.6,15,2026-10-02
ENG08732,STU08732,4.23,14,66.67,7,66.44,17,2026-10-02
ENG08733,STU08733,11.78,9,60.0,6,76.94,27,2026-10-02
ENG08734,STU08734,8.74,15,78.95,4,63.87,21,2026-10-02
ENG08735,STU08735,6.97,8,47.06,9,40.98,9,2026-10-02
ENG08736,STU08736,7.27,7,58.33,5,56.3,5,2026-10-02
ENG08737,STU08737,7.8,8,50.0,8,76.87,22,2026-10-02
ENG08738,STU08738,3.29,14,60.87,9,55.62,20,2026-10-02
ENG08739,STU08739,6.78,12,75.0,4,62.64,19,2026-10-02
ENG08740,STU08740,9.96,10,71.43,4,64.92,19,2026-10-02
ENG08741,STU08741,12.47,12,57.14,9,75.53,22,2026-10-02
ENG08742,STU08742,11.97,13,72.22,5,84.36,31,2026-10-02
ENG08743,STU08743,10.09,10,71.43,4,73.72,20,2026-10-02
ENG08744,STU08744,7.06,10,66.67,5,56.98,20,2026-10-02
ENG08745,STU08745,9.36,10,66.67,5,65.02,21,2026-10-02
ENG08746,STU08746,4.58,8,66.67,4,63.67,12,2026-10-02
ENG08747,STU08747,12.1,12,63.16,7,61.38,23,2026-10-02
ENG08748,STU08748,10.55,9,69.23,4,66.18,19,2026-10-02
ENG08749,STU08749,10.48,13,76.47,4,60.42,20,2026-10-02
ENG08750,STU08750,13.4,12,80.0,3,87.37,26,2026-10-02
ENG08751,STU08751,13.54,20,86.96,3,57.4,30,2026-10-02
ENG08752,STU08752,9.14,13,54.17,11,45.82,22,2026-10-02
ENG08753,STU08753,9.02,12,52.17,11,52.34,18,2026-10-02
ENG08754,STU08754,9.68,10,45.45,12,45.15,22,2026-10-02
ENG08755,STU08755,5.47,17,70.83,7,65.26,27,2026-10-02
ENG08756,STU08756,0,10,43.48,13,25.05,9,2026-10-02
ENG08757,STU08757,3.07,6,50.0,6,60.31,13,2026-10-02
ENG08758,STU08758,11.05,17,77.27,5,68.85,27,2026-10-02
ENG08759,STU08759,11.64,10,66.67,5,84.9,36,2026-10-02
ENG08760,STU08760,5.91,10,62.5,6,49.73,8,2026-10-02
ENG08761,STU08761,14.75,15,75.0,5,87.63,29,2026-10-02
ENG08762,STU08762,9.74,10,58.82,7,67.87,23,2026-10-02
ENG08763,STU08763,8.46,18,75.0,6,66.08,20,2026-10-02
ENG08764,STU08764,18.95,20,95.24,1,75.07,34,2026-10-02
ENG08765,STU08765,11.97,14,58.33,10,62.98,22,2026-10-02
ENG08766,STU08766,13.63,22,95.65,1,85.04,41,2026-10-02
ENG08767,STU08767,8.1,13,68.42,6,54.54,25,2026-10-02
ENG08768,STU08768,9.6,15,62.5,9,59.71,24,2026-10-02
ENG08769,STU08769,7.8,12,66.67,6,65.16,20,2026-10-02
ENG08770,STU08770,14.45,14,73.68,5,68.73,36,2026-10-02
ENG08771,STU08771,3.96,7,58.33,5,71.6,15,2026-10-02
ENG08772,STU08772,15.44,13,76.47,4,87.24,32,2026-10-02
ENG08773,STU08773,15.08,20,90.91,2,75.93,30,2026-10-02
ENG08774,STU08774,2.66,6,50.0,6,48.67,4,2026-10-02
ENG08775,STU08775,20.25,17,94.44,1,96.3,42,2026-10-02
ENG08776,STU08776,4.77,13,56.52,10,65.47,18,2026-10-02
ENG08777,STU08777,14.34,15,65.22,8,83.73,29,2026-10-02
ENG08778,STU08778,10.75,18,90.0,2,74.89,29,2026-10-02
ENG08779,STU08779,6.09,16,66.67,8,44.79,12,2026-10-02
ENG08780,STU08780,6.47,11,61.11,7,52.46,22,2026-10-02
ENG08781,STU08781,9.42,18,85.71,3,67.53,21,2026-10-02
ENG08782,STU08782,8.81,15,71.43,6,58.77,15,2026-10-02
ENG08783,STU08783,10.85,10,55.56,8,66.06,21,2026-10-02
ENG08784,STU08784,9.65,12,80.0,3,60.95,25,2026-10-02
ENG08785,STU08785,0,5,26.32,14,20.0,7,2026-10-02
ENG08786,STU08786,0,4,28.57,10,38.57,4,2026-10-02
ENG08787,STU08787,21.13,14,100.0,0,93.89,42,2026-10-02
ENG08788,STU08788,6.28,12,75.0,4,57.5,22,2026-10-02
ENG08789,STU08789,15.58,20,100.0,0,67.08,32,2026-10-02
ENG08790,STU08790,16.04,18,94.74,1,93.06,36,2026-10-02
ENG08791,STU08791,9.88,9,75.0,3,82.19,33,2026-10-02
ENG08792,STU08792,10.61,9,52.94,8,60.57,17,2026-10-02
ENG08793,STU08793,4.72,10,71.43,4,54.96,7,2026-10-02
ENG08794,STU08794,6.92,7,58.33,5,59.67,13,2026-10-02
ENG08795,STU08795,0,7,58.33,5,53.92,8,2026-10-02
ENG08796,STU08796,8.05,12,50.0,12,71.19,21,2026-10-02
ENG08797,STU08797,13.99,13,81.25,3,62.74,34,2026-10-02
ENG08798,STU08798,12.67,14,70.0,6,64.53,25,2026-10-02
ENG08799,STU08799,0.1,7,53.85,6,33.67,5,2026-10-02
ENG08800,STU08800,3.63,13,54.17,11,77.18,18,2026-10-02
ENG08801,STU08801,5.7,12,50.0,12,63.88,12,2026-10-02
ENG08802,STU08802,10.07,11,68.75,5,50.7,31,2026-10-02
ENG08803,STU08803,11.35,9,50.0,9,65.05,17,2026-10-02
ENG08804,STU08804,7.1,13,59.09,9,48.08,9,2026-10-02
ENG08805,STU08805,5.72,9,69.23,4,65.72,24,2026-10-02
ENG08806,STU08806,11.26,13,54.17,11,64.16,20,2026-10-02
ENG08807,STU08807,13.04,16,84.21,3,62.48,18,2026-10-02
ENG08808,STU08808,0,7,41.18,10,37.9,14,2026-10-02
ENG08809,STU08809,14.51,16,76.19,5,73.02,34,2026-10-02
ENG08810,STU08810,4.85,13,56.52,10,53.98,15,2026-10-02
ENG08811,STU08811,1.78,9,50.0,9,50.78,2,2026-10-02
ENG08812,STU08812,13.55,16,88.89,2,72.88,23,2026-10-02
ENG08813,STU08813,10.55,17,77.27,5,59.76,25,2026-10-02
ENG08814,STU08814,15.56,13,100.0,0,80.61,33,2026-10-02
ENG08815,STU08815,2.68,10,43.48,13,40.54,17,2026-10-02
ENG08816,STU08816,10.47,17,73.91,6,68.65,25,2026-10-02
ENG08817,STU08817,13.03,17,70.83,7,69.29,25,2026-10-02
ENG08818,STU08818,9.89,17,85.0,3,71.52,14,2026-10-02
ENG08819,STU08819,13.39,16,88.89,2,73.58,30,2026-10-02
ENG08820,STU08820,7.45,16,84.21,3,84.35,22,2026-10-02
ENG08821,STU08821,12.4,20,86.96,3,68.54,28,2026-10-02
ENG08822,STU08822,10.13,17,100.0,0,80.5,30,2026-10-02
ENG08823,STU08823,13.21,11,64.71,6,63.81,20,2026-10-02
ENG08824,STU08824,8.44,13,59.09,9,54.56,19,2026-10-02
ENG08825,STU08825,5.96,17,80.95,4,67.7,26,2026-10-02
ENG08826,STU08826,10.37,14,77.78,4,66.48,26,2026-10-02
ENG08827,STU08827,15.56,14,87.5,2,69.84,29,2026-10-02
ENG08828,STU08828,9.78,16,80.0,4,65.73,25,2026-10-02
ENG08829,STU08829,9.52,14,70.0,6,59.43,25,2026-10-02
ENG08830,STU08830,3.9,9,64.29,5,46.62,12,2026-10-02
ENG08831,STU08831,9.48,15,71.43,6,49.57,23,2026-10-02
ENG08832,STU08832,20.95,19,100.0,0,86.94,40,2026-10-02
ENG08833,STU08833,9.36,9,69.23,4,64.74,16,2026-10-02
ENG08834,STU08834,0,7,53.85,6,38.32,12,2026-10-02
ENG08835,STU08835,4.33,14,66.67,7,61.09,18,2026-10-02
ENG08836,STU08836,5.48,16,66.67,8,58.01,10,2026-10-02
ENG08837,STU08837,8.61,15,78.95,4,69.2,24,2026-10-02
ENG08838,STU08838,9.72,9,64.29,5,70.22,22,2026-10-02
ENG08839,STU08839,3.01,16,76.19,5,79.34,13,2026-10-02
ENG08840,STU08840,7.0,18,75.0,6,85.56,18,2026-10-02
ENG08841,STU08841,6.25,14,58.33,10,65.14,11,2026-10-02
ENG08842,STU08842,9.25,12,60.0,8,59.31,17,2026-10-02
ENG08843,STU08843,2.46,15,68.18,7,64.66,2,2026-10-02
ENG08844,STU08844,0,10,43.48,13,41.8,14,2026-10-02
ENG08845,STU08845,9.74,12,66.67,6,57.38,22,2026-10-02
ENG08846,STU08846,9.85,9,60.0,6,64.51,28,2026-10-02
ENG08847,STU08847,10.09,10,71.43,4,69.0,21,2026-10-02
ENG08848,STU08848,13.62,17,73.91,6,60.45,23,2026-10-02
ENG08849,STU08849,8.28,15,83.33,3,75.33,19,2026-10-02
ENG08850,STU08850,10.75,11,61.11,7,54.95,15,2026-10-02
ENG08851,STU08851,18.62,9,75.0,3,86.04,43,2026-10-02
ENG08852,STU08852,10.27,22,100.0,0,76.41,22,2026-10-02
ENG08853,STU08853,12.68,12,80.0,3,62.47,15,2026-10-02
ENG08854,STU08854,8.32,15,71.43,6,65.5,22,2026-10-02
ENG08855,STU08855,4.01,16,66.67,8,64.77,8,2026-10-02
ENG08856,STU08856,6.99,11,52.38,10,44.12,10,2026-10-02
ENG08857,STU08857,6.03,9,69.23,4,71.34,8,2026-10-02
ENG08858,STU08858,9.57,15,75.0,5,67.83,24,2026-10-02
ENG08859,STU08859,12.37,11,78.57,3,53.12,24,2026-10-02
ENG08860,STU08860,10.4,11,64.71,6,68.5,14,2026-10-02
ENG08861,STU08861,15.66,19,79.17,5,80.07,33,2026-10-02
ENG08862,STU08862,10.22,10,76.92,3,56.75,30,2026-10-02
ENG08863,STU08863,6.15,10,62.5,6,50.17,14,2026-10-02
ENG08864,STU08864,10.21,10,76.92,3,65.11,21,2026-10-02
ENG08865,STU08865,12.12,14,63.64,8,63.6,25,2026-10-02
ENG08866,STU08866,17.23,20,90.91,2,69.95,31,2026-10-02
ENG08867,STU08867,12.06,12,85.71,2,62.51,27,2026-10-02
ENG08868,STU08868,7.85,11,64.71,6,66.12,19,2026-10-02
ENG08869,STU08869,13.29,11,68.75,5,79.99,25,2026-10-02
ENG08870,STU08870,2.0,9,60.0,6,50.35,9,2026-10-02
ENG08871,STU08871,13.76,20,86.96,3,86.22,30,2026-10-02
ENG08872,STU08872,12.16,15,83.33,3,76.96,30,2026-10-02
ENG08873,STU08873,9.64,8,66.67,4,85.28,13,2026-10-02
ENG08874,STU08874,11.63,10,71.43,4,63.92,19,2026-10-02
ENG08875,STU08875,9.83,17,85.0,3,63.2,16,2026-10-02
ENG08876,STU08876,0,10,52.63,9,50.39,11,2026-10-02
ENG08877,STU08877,0,14,63.64,8,66.18,1,2026-10-02
ENG08878,STU08878,9.39,9,69.23,4,50.28,16,2026-10-02
ENG08879,STU08879,8.21,11,68.75,5,51.33,24,2026-10-02
ENG08880,STU08880,7.59,13,68.42,6,61.69,17,2026-10-02
ENG08881,STU08881,16.04,19,100.0,0,100.0,37,2026-10-02
ENG08882,STU08882,6.74,9,52.94,8,50.24,25,2026-10-02
ENG08883,STU08883,7.54,10,41.67,14,34.09,12,2026-10-02
ENG08884,STU08884,11.2,10,83.33,2,53.54,28,2026-10-02
ENG08885,STU08885,13.06,20,86.96,3,70.78,29,2026-10-02
ENG08886,STU08886,12.56,21,91.3,2,82.02,34,2026-10-02
ENG08887,STU08887,17.06,16,84.21,3,54.82,22,2026-10-02
ENG08888,STU08888,4.02,17,70.83,7,41.09,18,2026-10-02
ENG08889,STU08889,11.66,15,65.22,8,64.16,18,2026-10-02
ENG08890,STU08890,4.32,15,71.43,6,71.56,15,2026-10-02
ENG08891,STU08891,0.23,8,53.33,7,55.63,10,2026-10-02
ENG08892,STU08892,12.33,12,100.0,0,77.78,16,2026-10-02
ENG08893,STU08893,3.3,11,47.83,12,35.15,0,2026-10-02
ENG08894,STU08894,8.12,10,66.67,5,70.41,18,2026-10-02
ENG08895,STU08895,8.61,8,61.54,5,76.73,9,2026-10-02
ENG08896,STU08896,7.38,11,47.83,12,62.14,15,2026-10-02
ENG08897,STU08897,7.7,15,68.18,7,56.38,23,2026-10-02
ENG08898,STU08898,5.25,6,50.0,6,63.02,0,2026-10-02
ENG08899,STU08899,8.18,9,64.29,5,67.11,17,2026-10-02
ENG08900,STU08900,9.84,16,88.89,2,42.49,27,2026-10-02
ENG08901,STU08901,7.46,10,47.62,11,63.91,17,2026-10-02
ENG08902,STU08902,12.4,11,91.67,1,64.22,34,2026-10-02
ENG08903,STU08903,4.46,9,60.0,6,55.9,5,2026-10-02
ENG08904,STU08904,15.15,18,85.71,3,71.62,33,2026-10-02
ENG08905,STU08905,0,6,50.0,6,43.02,16,2026-10-02
ENG08906,STU08906,18.48,16,94.12,1,82.62,46,2026-10-02
ENG08907,STU08907,10.14,10,62.5,6,47.77,22,2026-10-02
ENG08908,STU08908,14.84,16,94.12,1,76.68,33,2026-10-02
ENG08909,STU08909,7.39,9,69.23,4,57.24,15,2026-10-02
ENG08910,STU08910,14.21,10,83.33,2,78.14,29,2026-10-02
ENG08911,STU08911,14.92,13,72.22,5,83.08,27,2026-10-02
ENG08912,STU08912,7.35,11,61.11,7,48.02,18,2026-10-02
ENG08913,STU08913,21.88,16,94.12,1,91.64,44,2026-10-02
ENG08914,STU08914,5.23,12,60.0,8,55.75,12,2026-10-02
ENG08915,STU08915,13.16,13,86.67,2,89.04,31,2026-10-02
ENG08916,STU08916,8.95,10,76.92,3,80.16,27,2026-10-02
ENG08917,STU08917,7.23,10,66.67,5,45.07,21,2026-10-02
ENG08918,STU08918,0,9,56.25,7,45.35,6,2026-10-02
ENG08919,STU08919,4.06,12,50.0,12,68.66,10,2026-10-02
ENG08920,STU08920,8.05,14,73.68,5,60.44,21,2026-10-02
ENG08921,STU08921,20.47,23,95.83,1,91.65,37,2026-10-02
ENG08922,STU08922,8.54,7,58.33,5,65.23,24,2026-10-02
ENG08923,STU08923,9.79,11,91.67,1,69.38,24,2026-10-02
ENG08924,STU08924,11.31,16,88.89,2,71.82,29,2026-10-02
ENG08925,STU08925,3.75,11,61.11,7,54.47,13,2026-10-02
ENG08926,STU08926,11.28,19,90.48,2,70.77,30,2026-10-02
ENG08927,STU08927,4.42,12,75.0,4,46.9,15,2026-10-02
ENG08928,STU08928,5.12,14,70.0,6,64.77,11,2026-10-02
ENG08929,STU08929,17.83,22,100.0,0,74.98,44,2026-10-02
ENG08930,STU08930,11.68,15,83.33,3,82.88,33,2026-10-02
ENG08931,STU08931,4.84,13,65.0,7,57.34,19,2026-10-02
ENG08932,STU08932,3.55,13,59.09,9,53.59,16,2026-10-02
ENG08933,STU08933,19.58,16,94.12,1,77.1,41,2026-10-02
ENG08934,STU08934,6.75,17,80.95,4,67.47,23,2026-10-02
ENG08935,STU08935,5.74,13,56.52,10,64.44,10,2026-10-02
ENG08936,STU08936,3.98,10,62.5,6,46.02,14,2026-10-02
ENG08937,STU08937,0,12,60.0,8,47.97,7,2026-10-02
ENG08938,STU08938,13.84,11,68.75,5,65.72,31,2026-10-02
ENG08939,STU08939,10.96,14,87.5,2,77.14,23,2026-10-02
ENG08940,STU08940,13.49,13,72.22,5,78.44,28,2026-10-02
ENG08941,STU08941,0,7,46.67,8,34.63,0,2026-10-02
ENG08942,STU08942,4.44,8,66.67,4,63.9,11,2026-10-02
ENG08943,STU08943,4.5,8,50.0,8,57.54,22,2026-10-02
ENG08944,STU08944,4.03,8,66.67,4,55.66,18,2026-10-02
ENG08945,STU08945,6.59,10,71.43,4,53.88,21,2026-10-02
ENG08946,STU08946,2.53,18,78.26,5,66.72,17,2026-10-02
ENG08947,STU08947,4.46,9,52.94,8,57.55,14,2026-10-02
ENG08948,STU08948,9.99,15,83.33,3,79.44,16,2026-10-02
ENG08949,STU08949,16.66,13,72.22,5,76.33,26,2026-10-02
ENG08950,STU08950,9.94,8,57.14,6,65.45,17,2026-10-02
ENG08951,STU08951,9.74,11,84.62,2,66.79,29,2026-10-02
ENG08952,STU08952,0,12,50.0,12,32.87,9,2026-10-02
ENG08953,STU08953,7.74,11,55.0,9,79.05,13,2026-10-02
ENG08954,STU08954,8.55,11,52.38,10,60.7,27,2026-10-02
ENG08955,STU08955,7.42,13,56.52,10,54.91,24,2026-10-02
ENG08956,STU08956,0.91,11,64.71,6,41.44,13,2026-10-02
ENG08957,STU08957,12.83,14,77.78,4,80.28,27,2026-10-02
ENG08958,STU08958,8.55,12,57.14,9,54.57,20,2026-10-02
ENG08959,STU08959,20.11,24,100.0,0,77.1,48,2026-10-02
ENG08960,STU08960,16.5,17,77.27,5,75.74,31,2026-10-02
ENG08961,STU08961,11.89,21,95.45,1,75.84,31,2026-10-02
ENG08962,STU08962,0,12,52.17,11,30.68,0,2026-10-02
ENG08963,STU08963,1.95,14,58.33,10,68.5,10,2026-10-02
ENG08964,STU08964,7.08,10,71.43,4,54.93,17,2026-10-02
ENG08965,STU08965,2.88,12,60.0,8,53.72,16,2026-10-02
ENG08966,STU08966,6.08,9,69.23,4,64.0,18,2026-10-02
ENG08967,STU08967,3.9,8,57.14,6,57.61,17,2026-10-02
ENG08968,STU08968,2.7,14,58.33,10,59.09,16,2026-10-02
ENG08969,STU08969,0,10,55.56,8,34.5,13,2026-10-02
ENG08970,STU08970,14.13,10,71.43,4,80.46,27,2026-10-02
ENG08971,STU08971,14.89,16,76.19,5,57.81,31,2026-10-02
ENG08972,STU08972,3.01,7,58.33,5,60.44,21,2026-10-02
ENG08973,STU08973,11.47,14,82.35,3,83.78,15,2026-10-02
ENG08974,STU08974,8.08,10,62.5,6,63.12,23,2026-10-02
ENG08975,STU08975,11.85,11,91.67,1,67.62,29,2026-10-02
ENG08976,STU08976,2.93,6,42.86,8,47.55,12,2026-10-02
ENG08977,STU08977,2.46,8,47.06,9,46.42,12,2026-10-02
ENG08978,STU08978,16.27,10,71.43,4,68.11,40,2026-10-02
ENG08979,STU08979,9.3,20,95.24,1,61.55,21,2026-10-02
ENG08980,STU08980,11.33,12,63.16,7,64.59,23,2026-10-02
ENG08981,STU08981,7.29,9,75.0,3,77.53,23,2026-10-02
ENG08982,STU08982,6.26,10,62.5,6,64.68,16,2026-10-02
ENG08983,STU08983,8.07,13,72.22,5,69.03,19,2026-10-02
ENG08984,STU08984,10.94,8,61.54,5,69.92,29,2026-10-02
ENG08985,STU08985,4.07,11,45.83,13,45.82,7,2026-10-02
ENG08986,STU08986,12.91,12,75.0,4,76.78,32,2026-10-02
ENG08987,STU08987,17.0,14,82.35,3,66.27,36,2026-10-02
ENG08988,STU08988,12.46,6,50.0,6,75.16,21,2026-10-02
ENG08989,STU08989,17.63,13,76.47,4,55.92,24,2026-10-02
ENG08990,STU08990,2.79,10,45.45,12,53.96,19,2026-10-02
ENG08991,STU08991,6.35,15,68.18,7,52.01,13,2026-10-02
ENG08992,STU08992,1.22,8,50.0,8,43.8,9,2026-10-02
ENG08993,STU08993,8.96,19,95.0,1,62.02,25,2026-10-02
ENG08994,STU08994,6.17,15,62.5,9,53.4,15,2026-10-02
ENG08995,STU08995,10.25,11,73.33,4,70.62,23,2026-10-02
ENG08996,STU08996,6.64,6,37.5,10,47.63,7,2026-10-02
ENG08997,STU08997,2.2,7,38.89,11,32.3,12,2026-10-02
ENG08998,STU08998,16.64,21,91.3,2,92.99,37,2026-10-02
ENG08999,STU08999,0.37,13,56.52,10,61.05,7,2026-10-02
ENG09000,STU09000,12.07,12,70.59,5,71.93,30,2026-10-02
ENG09001,STU09001,15.43,12,66.67,6,67.76,32,2026-10-02
ENG09002,STU09002,17.5,14,93.33,1,100.0,30,2026-10-02
ENG09003,STU09003,12.9,11,68.75,5,77.4,28,2026-10-02
ENG09004,STU09004,0.99,6,40.0,9,50.32,8,2026-10-02
ENG09005,STU09005,0,13,54.17,11,59.35,3,2026-10-02
ENG09006,STU09006,2.77,7,38.89,11,59.94,9,2026-10-02
ENG09007,STU09007,9.42,12,66.67,6,61.13,27,2026-10-02
ENG09008,STU09008,7.86,8,66.67,4,73.2,9,2026-10-02
ENG09009,STU09009,6.2,8,53.33,7,54.66,13,2026-10-02
ENG09010,STU09010,0.55,9,56.25,7,40.15,3,2026-10-02
ENG09011,STU09011,12.38,15,62.5,9,64.94,28,2026-10-02
ENG09012,STU09012,4.47,11,68.75,5,76.46,15,2026-10-02
ENG09013,STU09013,10.01,10,66.67,5,65.12,25,2026-10-02
ENG09014,STU09014,1.42,8,42.11,11,37.94,4,2026-10-02
ENG09015,STU09015,0.59,11,47.83,12,46.9,2,2026-10-02
ENG09016,STU09016,0,4,25.0,12,52.97,0,2026-10-02
ENG09017,STU09017,10.01,10,58.82,7,62.41,26,2026-10-02
ENG09018,STU09018,0.64,13,59.09,9,40.65,10,2026-10-02
ENG09019,STU09019,12.38,12,70.59,5,53.72,21,2026-10-02
ENG09020,STU09020,7.92,8,66.67,4,70.39,20,2026-10-02
ENG09021,STU09021,11.64,9,75.0,3,65.12,21,2026-10-02
ENG09022,STU09022,10.37,9,60.0,6,78.69,25,2026-10-02
ENG09023,STU09023,8.35,15,83.33,3,69.11,20,2026-10-02
ENG09024,STU09024,7.99,9,75.0,3,61.74,21,2026-10-02
ENG09025,STU09025,6.1,8,57.14,6,69.45,22,2026-10-02
ENG09026,STU09026,7.14,15,62.5,9,72.59,8,2026-10-02
ENG09027,STU09027,11.79,10,66.67,5,55.82,18,2026-10-02
ENG09028,STU09028,9.55,11,64.71,6,61.71,24,2026-10-02
ENG09029,STU09029,11.12,16,76.19,5,69.6,26,2026-10-02
ENG09030,STU09030,5.69,6,50.0,6,43.68,11,2026-10-02
ENG09031,STU09031,5.62,12,70.59,5,69.75,9,2026-10-02
ENG09032,STU09032,9.13,13,59.09,9,50.9,17,2026-10-02
ENG09033,STU09033,0,9,47.37,10,51.59,0,2026-10-02
ENG09034,STU09034,8.46,8,66.67,4,50.58,30,2026-10-02
ENG09035,STU09035,14.66,18,78.26,5,85.47,29,2026-10-02
ENG09036,STU09036,7.36,14,70.0,6,76.38,13,2026-10-02
ENG09037,STU09037,10.82,10,76.92,3,69.01,27,2026-10-02
ENG09038,STU09038,9.73,13,68.42,6,53.67,31,2026-10-02
ENG09039,STU09039,9.29,14,87.5,2,63.34,17,2026-10-02
ENG09040,STU09040,1.6,10,55.56,8,43.91,4,2026-10-02
ENG09041,STU09041,3.16,15,65.22,8,50.56,10,2026-10-02
ENG09042,STU09042,1.68,12,57.14,9,57.49,3,2026-10-02
ENG09043,STU09043,17.11,14,63.64,8,72.42,31,2026-10-02
ENG09044,STU09044,20.78,15,83.33,3,65.89,45,2026-10-02
ENG09045,STU09045,7.12,14,63.64,8,60.34,17,2026-10-02
ENG09046,STU09046,8.08,15,83.33,3,64.5,17,2026-10-02
ENG09047,STU09047,15.81,16,88.89,2,86.47,32,2026-10-02
ENG09048,STU09048,11.77,11,78.57,3,86.43,23,2026-10-02
ENG09049,STU09049,9.67,16,72.73,6,77.63,24,2026-10-02
ENG09050,STU09050,16.08,20,83.33,4,70.8,42,2026-10-02
ENG09051,STU09051,5.86,13,68.42,6,44.73,21,2026-10-02
ENG09052,STU09052,14.02,12,70.59,5,61.7,25,2026-10-02
ENG09053,STU09053,3.67,14,66.67,7,34.53,18,2026-10-02
ENG09054,STU09054,15.99,17,89.47,2,76.59,39,2026-10-02
ENG09055,STU09055,12.39,15,83.33,3,79.82,35,2026-10-02
ENG09056,STU09056,10.89,14,77.78,4,72.28,22,2026-10-02
ENG09057,STU09057,12.98,13,72.22,5,70.55,31,2026-10-02
ENG09058,STU09058,0,9,56.25,7,43.95,0,2026-10-02
ENG09059,STU09059,19.07,16,94.12,1,89.4,45,2026-10-02
ENG09060,STU09060,8.75,10,52.63,9,60.98,17,2026-10-02
ENG09061,STU09061,2.57,6,50.0,6,49.8,10,2026-10-02
ENG09062,STU09062,5.62,14,73.68,5,55.39,21,2026-10-02
ENG09063,STU09063,2.5,12,66.67,6,66.98,22,2026-10-02
ENG09064,STU09064,24.39,20,95.24,1,93.74,50,2026-10-02
ENG09065,STU09065,0,8,50.0,8,40.24,0,2026-10-02
ENG09066,STU09066,13.82,19,95.0,1,81.41,31,2026-10-02
ENG09067,STU09067,9.7,11,68.75,5,58.55,26,2026-10-02
ENG09068,STU09068,8.92,17,85.0,3,67.34,22,2026-10-02
ENG09069,STU09069,0,6,42.86,8,32.19,8,2026-10-02
ENG09070,STU09070,5.25,14,70.0,6,72.7,13,2026-10-02
ENG09071,STU09071,1.05,9,60.0,6,33.46,12,2026-10-02
ENG09072,STU09072,5.42,15,71.43,6,74.27,12,2026-10-02
ENG09073,STU09073,4.08,6,46.15,7,52.25,18,2026-10-02
ENG09074,STU09074,0.44,13,61.9,8,40.12,12,2026-10-02
ENG09075,STU09075,7.19,14,66.67,7,55.38,26,2026-10-02
ENG09076,STU09076,4.57,11,68.75,5,65.44,25,2026-10-02
ENG09077,STU09077,4.22,15,78.95,4,40.65,15,2026-10-02
ENG09078,STU09078,13.52,11,78.57,3,65.85,27,2026-10-02
ENG09079,STU09079,4.23,6,50.0,6,40.75,5,2026-10-02
ENG09080,STU09080,8.01,13,72.22,5,73.12,18,2026-10-02
ENG09081,STU09081,9.25,9,69.23,4,69.33,21,2026-10-02
ENG09082,STU09082,10.11,14,66.67,7,63.39,25,2026-10-02
ENG09083,STU09083,21.72,12,100.0,0,94.14,43,2026-10-02
ENG09084,STU09084,9.24,15,65.22,8,76.94,29,2026-10-02
ENG09085,STU09085,10.59,19,86.36,3,69.37,30,2026-10-02
ENG09086,STU09086,15.47,17,73.91,6,57.25,30,2026-10-02
ENG09087,STU09087,7.41,15,75.0,5,67.43,19,2026-10-02
ENG09088,STU09088,8.89,11,55.0,9,58.72,17,2026-10-02
ENG09089,STU09089,0.32,11,52.38,10,62.3,3,2026-10-02
ENG09090,STU09090,9.57,12,63.16,7,56.68,9,2026-10-02
ENG09091,STU09091,11.27,15,78.95,4,59.87,18,2026-10-02
ENG09092,STU09092,0,8,57.14,6,47.08,1,2026-10-02
ENG09093,STU09093,0.49,8,44.44,10,25.18,8,2026-10-02
ENG09094,STU09094,9.32,6,50.0,6,56.57,15,2026-10-02
ENG09095,STU09095,19.52,12,80.0,3,70.66,30,2026-10-02
ENG09096,STU09096,3.91,15,62.5,9,70.22,15,2026-10-02
ENG09097,STU09097,9.0,16,72.73,6,51.37,13,2026-10-02
ENG09098,STU09098,0,7,58.33,5,35.12,2,2026-10-02
ENG09099,STU09099,10.87,16,84.21,3,74.13,28,2026-10-02
ENG09100,STU09100,14.84,19,95.0,1,85.51,37,2026-10-02
ENG09101,STU09101,12.7,14,73.68,5,52.6,26,2026-10-02
ENG09102,STU09102,5.7,11,78.57,3,75.23,16,2026-10-02
ENG09103,STU09103,9.2,11,64.71,6,70.65,26,2026-10-02
ENG09104,STU09104,3.99,12,80.0,3,65.54,23,2026-10-02
ENG09105,STU09105,13.61,13,81.25,3,73.66,26,2026-10-02
ENG09106,STU09106,0.69,9,50.0,9,49.37,12,2026-10-02
ENG09107,STU09107,9.21,15,75.0,5,57.92,21,2026-10-02
ENG09108,STU09108,3.72,10,66.67,5,43.54,18,2026-10-02
ENG09109,STU09109,5.0,10,50.0,10,51.55,11,2026-10-02
ENG09110,STU09110,15.02,19,82.61,4,75.99,28,2026-10-02
ENG09111,STU09111,7.76,8,57.14,6,59.7,22,2026-10-02
ENG09112,STU09112,7.81,16,84.21,3,62.07,18,2026-10-02
ENG09113,STU09113,3.64,11,47.83,12,49.65,7,2026-10-02
ENG09114,STU09114,11.52,16,66.67,8,70.36,24,2026-10-02
ENG09115,STU09115,2.24,12,70.59,5,50.6,5,2026-10-02
ENG09116,STU09116,5.06,11,64.71,6,53.04,12,2026-10-02
ENG09117,STU09117,12.42,12,92.31,1,60.38,28,2026-10-02
ENG09118,STU09118,12.21,10,58.82,7,57.57,25,2026-10-02
ENG09119,STU09119,14.55,18,75.0,6,71.12,39,2026-10-02
ENG09120,STU09120,2.87,9,37.5,15,38.47,14,2026-10-02
ENG09121,STU09121,9.35,10,66.67,5,70.33,10,2026-10-02
ENG09122,STU09122,0,6,40.0,9,51.11,9,2026-10-02
ENG09123,STU09123,4.76,15,78.95,4,65.42,17,2026-10-02
ENG09124,STU09124,5.39,15,83.33,3,60.34,21,2026-10-02
ENG09125,STU09125,12.25,15,68.18,7,49.04,18,2026-10-02
ENG09126,STU09126,7.68,12,60.0,8,49.84,8,2026-10-02
ENG09127,STU09127,10.54,19,90.48,2,81.29,30,2026-10-02
ENG09128,STU09128,12.48,17,85.0,3,66.79,18,2026-10-02
ENG09129,STU09129,9.34,10,71.43,4,65.32,16,2026-10-02
ENG09130,STU09130,14.04,14,77.78,4,59.54,26,2026-10-02
ENG09131,STU09131,4.15,15,68.18,7,52.62,13,2026-10-02
ENG09132,STU09132,18.03,13,100.0,0,76.06,31,2026-10-02
ENG09133,STU09133,4.93,10,55.56,8,54.24,12,2026-10-02
ENG09134,STU09134,3.29,12,52.17,11,40.24,7,2026-10-02
ENG09135,STU09135,0,10,52.63,9,42.83,0,2026-10-02
ENG09136,STU09136,7.11,17,73.91,6,67.89,22,2026-10-02
ENG09137,STU09137,0.77,13,54.17,11,44.6,0,2026-10-02
ENG09138,STU09138,5.9,13,68.42,6,54.67,10,2026-10-02
ENG09139,STU09139,10.34,11,64.71,6,69.1,25,2026-10-02
ENG09140,STU09140,10.48,14,77.78,4,62.64,21,2026-10-02
ENG09141,STU09141,5.56,9,39.13,14,71.59,5,2026-10-02
ENG09142,STU09142,12.74,13,68.42,6,74.87,30,2026-10-02
ENG09143,STU09143,12.98,14,82.35,3,72.45,36,2026-10-02
ENG09144,STU09144,4.48,8,66.67,4,60.07,13,2026-10-02
ENG09145,STU09145,0,7,41.18,10,50.14,4,2026-10-02
ENG09146,STU09146,8.3,15,68.18,7,73.31,18,2026-10-02
ENG09147,STU09147,2.05,14,70.0,6,41.93,21,2026-10-02
ENG09148,STU09148,0.42,11,57.89,8,58.42,19,2026-10-02
ENG09149,STU09149,5.97,18,75.0,6,68.28,21,2026-10-02
ENG09150,STU09150,8.84,10,83.33,2,77.13,22,2026-10-02
ENG09151,STU09151,4.78,10,62.5,6,37.9,21,2026-10-02
ENG09152,STU09152,4.23,6,37.5,10,62.67,11,2026-10-02
ENG09153,STU09153,4.38,5,29.41,12,56.47,2,2026-10-02
ENG09154,STU09154,15.92,11,78.57,3,73.02,31,2026-10-02
ENG09155,STU09155,5.79,13,61.9,8,55.41,12,2026-10-02
ENG09156,STU09156,7.88,15,71.43,6,76.47,17,2026-10-02
ENG09157,STU09157,6.07,7,58.33,5,61.86,18,2026-10-02
ENG09158,STU09158,0,8,57.14,6,36.47,1,2026-10-02
ENG09159,STU09159,11.86,17,70.83,7,75.01,25,2026-10-02
ENG09160,STU09160,10.74,7,53.85,6,79.25,21,2026-10-02
ENG09161,STU09161,4.99,9,64.29,5,70.91,0,2026-10-02
ENG09162,STU09162,6.34,9,60.0,6,55.89,12,2026-10-02
ENG09163,STU09163,17.08,8,57.14,6,55.86,34,2026-10-02
ENG09164,STU09164,10.09,10,83.33,2,69.84,21,2026-10-02
ENG09165,STU09165,6.26,15,65.22,8,58.23,10,2026-10-02
ENG09166,STU09166,6.77,14,87.5,2,78.48,18,2026-10-02
ENG09167,STU09167,6.66,16,69.57,7,60.89,21,2026-10-02
ENG09168,STU09168,7.86,14,77.78,4,46.03,14,2026-10-02
ENG09169,STU09169,7.94,16,76.19,5,58.85,27,2026-10-02
ENG09170,STU09170,19.69,17,85.0,3,81.5,37,2026-10-02
ENG09171,STU09171,0.48,10,66.67,5,45.37,4,2026-10-02
ENG09172,STU09172,8.71,11,91.67,1,82.75,17,2026-10-02
ENG09173,STU09173,0,4,33.33,8,29.83,6,2026-10-02
ENG09174,STU09174,2.79,16,66.67,8,53.16,10,2026-10-02
ENG09175,STU09175,0,7,46.67,8,25.61,6,2026-10-02
ENG09176,STU09176,19.22,14,87.5,2,82.02,38,2026-10-02
ENG09177,STU09177,11.53,9,60.0,6,60.61,20,2026-10-02
ENG09178,STU09178,7.39,13,76.47,4,71.35,15,2026-10-02
ENG09179,STU09179,6.93,10,83.33,2,65.89,18,2026-10-02
ENG09180,STU09180,3.34,13,54.17,11,48.08,11,2026-10-02
ENG09181,STU09181,8.59,13,65.0,7,69.74,24,2026-10-02
ENG09182,STU09182,15.61,13,86.67,2,80.14,25,2026-10-02
ENG09183,STU09183,7.61,15,71.43,6,66.74,18,2026-10-02
ENG09184,STU09184,7.19,12,80.0,3,74.75,31,2026-10-02
ENG09185,STU09185,7.01,7,58.33,5,67.0,11,2026-10-02
ENG09186,STU09186,0.94,8,47.06,9,40.0,16,2026-10-02
ENG09187,STU09187,14.02,16,72.73,6,78.91,30,2026-10-02
ENG09188,STU09188,6.69,10,66.67,5,58.73,22,2026-10-02
ENG09189,STU09189,2.0,11,64.71,6,54.32,4,2026-10-02
ENG09190,STU09190,11.09,8,66.67,4,55.2,26,2026-10-02
ENG09191,STU09191,5.81,11,64.71,6,48.39,11,2026-10-02
ENG09192,STU09192,6.66,8,66.67,4,63.12,19,2026-10-02
ENG09193,STU09193,8.25,9,75.0,3,61.32,18,2026-10-02
ENG09194,STU09194,0.62,9,56.25,7,38.11,0,2026-10-02
ENG09195,STU09195,8.17,8,66.67,4,54.55,6,2026-10-02
ENG09196,STU09196,6.39,15,75.0,5,52.48,10,2026-10-02
ENG09197,STU09197,11.45,9,69.23,4,68.32,14,2026-10-02
ENG09198,STU09198,16.57,20,86.96,3,90.57,34,2026-10-02
ENG09199,STU09199,14.94,10,71.43,4,66.74,18,2026-10-02
ENG09200,STU09200,2.17,14,70.0,6,54.53,8,2026-10-02
ENG09201,STU09201,3.79,6,50.0,6,49.15,4,2026-10-02
ENG09202,STU09202,5.09,11,52.38,10,38.46,7,2026-10-02
ENG09203,STU09203,18.36,23,95.83,1,87.22,39,2026-10-02
ENG09204,STU09204,8.54,12,75.0,4,52.39,21,2026-10-02
ENG09205,STU09205,2.01,7,50.0,7,53.26,9,2026-10-02
ENG09206,STU09206,6.04,7,46.67,8,61.04,22,2026-10-02
ENG09207,STU09207,5.3,14,77.78,4,69.45,9,2026-10-02
ENG09208,STU09208,3.3,16,69.57,7,56.98,21,2026-10-02
ENG09209,STU09209,4.71,12,60.0,8,61.33,7,2026-10-02
ENG09210,STU09210,3.06,7,50.0,7,62.49,12,2026-10-02
ENG09211,STU09211,19.04,22,95.65,1,84.68,34,2026-10-02
ENG09212,STU09212,6.22,10,71.43,4,62.62,7,2026-10-02
ENG09213,STU09213,10.12,12,92.31,1,71.12,28,2026-10-02
ENG09214,STU09214,3.99,8,57.14,6,41.67,6,2026-10-02
ENG09215,STU09215,20.57,15,93.75,1,80.82,42,2026-10-02
ENG09216,STU09216,8.36,10,58.82,7,53.98,23,2026-10-02
ENG09217,STU09217,7.66,13,61.9,8,51.79,14,2026-10-02
ENG09218,STU09218,9.44,17,70.83,7,61.85,15,2026-10-02
ENG09219,STU09219,17.96,13,92.86,1,70.07,33,2026-10-02
ENG09220,STU09220,11.83,11,78.57,3,71.11,30,2026-10-02
ENG09221,STU09221,5.74,9,64.29,5,54.19,15,2026-10-02
ENG09222,STU09222,8.98,15,78.95,4,69.92,31,2026-10-02
ENG09223,STU09223,11.02,21,87.5,3,79.29,30,2026-10-02
ENG09224,STU09224,18.83,22,100.0,0,96.76,41,2026-10-02
ENG09225,STU09225,9.78,12,70.59,5,50.75,31,2026-10-02
ENG09226,STU09226,16.2,19,82.61,4,76.42,28,2026-10-02
ENG09227,STU09227,7.88,15,62.5,9,46.14,16,2026-10-02
ENG09228,STU09228,11.04,12,80.0,3,63.88,23,2026-10-02
ENG09229,STU09229,5.68,9,50.0,9,60.77,14,2026-10-02
ENG09230,STU09230,12.87,15,100.0,0,72.3,32,2026-10-02
ENG09231,STU09231,13.61,13,86.67,2,50.94,26,2026-10-02
ENG09232,STU09232,4.59,14,63.64,8,65.69,24,2026-10-02
ENG09233,STU09233,0,12,50.0,12,30.19,0,2026-10-02
ENG09234,STU09234,12.08,15,83.33,3,62.2,35,2026-10-02
ENG09235,STU09235,0,10,47.62,11,38.18,8,2026-10-02
ENG09236,STU09236,12.58,9,69.23,4,68.29,27,2026-10-02
ENG09237,STU09237,6.66,10,76.92,3,56.9,3,2026-10-02
ENG09238,STU09238,0,9,42.86,12,41.61,3,2026-10-02
ENG09239,STU09239,20.02,14,87.5,2,97.12,40,2026-10-02
ENG09240,STU09240,14.82,17,73.91,6,68.84,39,2026-10-02
ENG09241,STU09241,3.1,9,56.25,7,38.84,20,2026-10-02
ENG09242,STU09242,7.85,14,73.68,5,68.27,22,2026-10-02
ENG09243,STU09243,15.97,9,75.0,3,80.32,26,2026-10-02
ENG09244,STU09244,7.39,14,66.67,7,50.48,12,2026-10-02
ENG09245,STU09245,1.23,11,50.0,11,48.26,3,2026-10-02
ENG09246,STU09246,14.59,13,100.0,0,91.28,28,2026-10-02
ENG09247,STU09247,12.44,10,76.92,3,68.73,24,2026-10-02
ENG09248,STU09248,0,7,30.43,16,40.9,5,2026-10-02
ENG09249,STU09249,4.64,10,76.92,3,55.82,20,2026-10-02
ENG09250,STU09250,12.36,16,76.19,5,76.59,29,2026-10-02
ENG09251,STU09251,7.44,11,55.0,9,45.89,19,2026-10-02
ENG09252,STU09252,12.32,10,71.43,4,63.86,20,2026-10-02
ENG09253,STU09253,6.37,14,66.67,7,45.77,15,2026-10-02
ENG09254,STU09254,3.94,16,69.57,7,54.6,9,2026-10-02
ENG09255,STU09255,13.17,14,93.33,1,82.97,36,2026-10-02
ENG09256,STU09256,8.58,8,66.67,4,60.06,25,2026-10-02
ENG09257,STU09257,9.84,11,73.33,4,79.09,27,2026-10-02
ENG09258,STU09258,3.63,9,47.37,10,48.35,8,2026-10-02
ENG09259,STU09259,7.25,9,69.23,4,67.42,15,2026-10-02
ENG09260,STU09260,8.93,10,71.43,4,82.34,19,2026-10-02
ENG09261,STU09261,7.44,17,70.83,7,70.93,24,2026-10-02
ENG09262,STU09262,0,7,46.67,8,46.59,4,2026-10-02
ENG09263,STU09263,0,12,50.0,12,39.74,11,2026-10-02
ENG09264,STU09264,3.3,10,62.5,6,46.32,2,2026-10-02
ENG09265,STU09265,10.43,14,70.0,6,66.28,26,2026-10-02
ENG09266,STU09266,0,11,55.0,9,42.61,11,2026-10-02
ENG09267,STU09267,15.2,13,92.86,1,82.56,32,2026-10-02
ENG09268,STU09268,14.93,14,73.68,5,65.97,29,2026-10-02
ENG09269,STU09269,8.82,17,73.91,6,44.62,20,2026-10-02
ENG09270,STU09270,12.3,16,80.0,4,70.61,19,2026-10-02
ENG09271,STU09271,4.3,13,59.09,9,57.12,9,2026-10-02
ENG09272,STU09272,13.58,10,76.92,3,87.76,19,2026-10-02
ENG09273,STU09273,3.47,13,56.52,10,52.84,8,2026-10-02
ENG09274,STU09274,5.88,9,60.0,6,70.67,18,2026-10-02
ENG09275,STU09275,20.55,13,92.86,1,91.4,49,2026-10-02
ENG09276,STU09276,18.01,14,87.5,2,70.49,30,2026-10-02
ENG09277,STU09277,5.1,10,50.0,10,54.28,17,2026-10-02
ENG09278,STU09278,14.06,11,64.71,6,72.23,18,2026-10-02
ENG09279,STU09279,7.68,10,71.43,4,70.3,19,2026-10-02
ENG09280,STU09280,4.16,11,55.0,9,55.9,11,2026-10-02
ENG09281,STU09281,1.29,15,71.43,6,61.11,16,2026-10-02
ENG09282,STU09282,12.41,19,95.0,1,68.11,29,2026-10-02
ENG09283,STU09283,0.1,13,61.9,8,49.02,8,2026-10-02
ENG09284,STU09284,3.66,7,58.33,5,51.41,4,2026-10-02
ENG09285,STU09285,13.47,15,88.24,2,73.16,33,2026-10-02
ENG09286,STU09286,6.61,6,42.86,8,60.82,20,2026-10-02
ENG09287,STU09287,7.47,11,64.71,6,53.46,19,2026-10-02
ENG09288,STU09288,9.48,8,57.14,6,56.32,11,2026-10-02
ENG09289,STU09289,8.01,12,80.0,3,59.5,16,2026-10-02
ENG09290,STU09290,0.49,8,42.11,11,44.42,0,2026-10-02
ENG09291,STU09291,16.82,16,76.19,5,60.82,26,2026-10-02
ENG09292,STU09292,7.13,12,57.14,9,67.47,14,2026-10-02
ENG09293,STU09293,10.75,17,70.83,7,94.59,18,2026-10-02
ENG09294,STU09294,6.41,10,55.56,8,79.1,20,2026-10-02
ENG09295,STU09295,9.83,10,52.63,9,51.83,28,2026-10-02
ENG09296,STU09296,10.43,11,73.33,4,70.33,25,2026-10-02
ENG09297,STU09297,14.46,8,66.67,4,73.59,20,2026-10-02
ENG09298,STU09298,4.59,9,37.5,15,62.01,12,2026-10-02
ENG09299,STU09299,5.15,11,78.57,3,56.39,9,2026-10-02
ENG09300,STU09300,5.34,10,50.0,10,58.72,13,2026-10-02
ENG09301,STU09301,14.76,15,78.95,4,67.3,27,2026-10-02
ENG09302,STU09302,6.92,9,64.29,5,52.86,11,2026-10-02
ENG09303,STU09303,0.04,6,35.29,11,43.88,0,2026-10-02
ENG09304,STU09304,7.85,9,52.94,8,56.91,25,2026-10-02
ENG09305,STU09305,14.22,7,50.0,7,82.92,21,2026-10-02
ENG09306,STU09306,7.52,15,75.0,5,51.04,20,2026-10-02
ENG09307,STU09307,0,8,47.06,9,35.65,0,2026-10-02
ENG09308,STU09308,3.51,10,62.5,6,53.24,11,2026-10-02
ENG09309,STU09309,1.86,9,69.23,4,45.6,13,2026-10-02
ENG09310,STU09310,7.05,16,80.0,4,63.5,32,2026-10-02
ENG09311,STU09311,12.91,15,78.95,4,60.68,17,2026-10-02
ENG09312,STU09312,12.31,12,70.59,5,72.82,15,2026-10-02
ENG09313,STU09313,3.92,12,57.14,9,58.72,18,2026-10-02
ENG09314,STU09314,16.34,14,100.0,0,73.08,33,2026-10-02
ENG09315,STU09315,8.55,16,72.73,6,56.84,20,2026-10-02
ENG09316,STU09316,1.32,9,60.0,6,56.8,12,2026-10-02
ENG09317,STU09317,14.26,19,95.0,1,80.04,36,2026-10-02
ENG09318,STU09318,10.75,15,100.0,0,84.16,27,2026-10-02
ENG09319,STU09319,2.6,17,70.83,7,51.65,8,2026-10-02
ENG09320,STU09320,10.68,18,81.82,4,84.76,28,2026-10-02
ENG09321,STU09321,7.91,10,66.67,5,71.68,24,2026-10-02
ENG09322,STU09322,7.68,11,78.57,3,43.18,22,2026-10-02
ENG09323,STU09323,7.96,11,55.0,9,58.11,18,2026-10-02
ENG09324,STU09324,9.24,17,73.91,6,59.11,18,2026-10-02
ENG09325,STU09325,2.26,13,65.0,7,67.7,20,2026-10-02
ENG09326,STU09326,4.5,9,39.13,14,48.51,13,2026-10-02
ENG09327,STU09327,8.54,17,70.83,7,53.71,26,2026-10-02
ENG09328,STU09328,3.21,10,55.56,8,56.85,10,2026-10-02
ENG09329,STU09329,2.34,8,61.54,5,67.89,7,2026-10-02
ENG09330,STU09330,6.38,17,89.47,2,69.59,15,2026-10-02
ENG09331,STU09331,5.16,14,77.78,4,60.81,20,2026-10-02
ENG09332,STU09332,5.08,14,77.78,4,56.61,3,2026-10-02
ENG09333,STU09333,0,6,35.29,11,52.77,0,2026-10-02
ENG09334,STU09334,6.96,16,72.73,6,58.94,11,2026-10-02
ENG09335,STU09335,0,4,21.05,15,40.96,3,2026-10-02
ENG09336,STU09336,1.83,17,80.95,4,40.07,6,2026-10-02
ENG09337,STU09337,1.76,9,42.86,12,41.41,6,2026-10-02
ENG09338,STU09338,1.78,12,57.14,9,50.99,11,2026-10-02
ENG09339,STU09339,10.3,10,83.33,2,66.76,24,2026-10-02
ENG09340,STU09340,16.38,21,91.3,2,70.26,43,2026-10-02
ENG09341,STU09341,0,12,50.0,12,50.28,4,2026-10-02
ENG09342,STU09342,12.87,14,70.0,6,71.02,27,2026-10-02
ENG09343,STU09343,8.03,11,78.57,3,62.17,21,2026-10-02
ENG09344,STU09344,4.87,17,70.83,7,63.97,25,2026-10-02
ENG09345,STU09345,15.11,10,55.56,8,45.32,19,2026-10-02
ENG09346,STU09346,13.22,12,80.0,3,78.56,31,2026-10-02
ENG09347,STU09347,7.83,11,78.57,3,61.98,18,2026-10-02
ENG09348,STU09348,9.65,18,90.0,2,64.13,25,2026-10-02
ENG09349,STU09349,15.4,14,77.78,4,85.1,29,2026-10-02
ENG09350,STU09350,9.95,16,94.12,1,60.94,29,2026-10-02
ENG09351,STU09351,12.01,15,83.33,3,65.81,33,2026-10-02
ENG09352,STU09352,12.2,15,68.18,7,81.06,39,2026-10-02
ENG09353,STU09353,11.69,20,95.24,1,87.63,20,2026-10-02
ENG09354,STU09354,14.89,22,91.67,2,82.26,33,2026-10-02
ENG09355,STU09355,9.77,13,59.09,9,65.16,28,2026-10-02
ENG09356,STU09356,15.32,13,92.86,1,51.93,37,2026-10-02
ENG09357,STU09357,10.9,10,71.43,4,71.26,31,2026-10-02
ENG09358,STU09358,8.26,14,60.87,9,56.96,10,2026-10-02
ENG09359,STU09359,12.06,19,82.61,4,88.31,33,2026-10-02
ENG09360,STU09360,8.87,12,60.0,8,57.79,15,2026-10-02
ENG09361,STU09361,12.63,14,77.78,4,72.27,27,2026-10-02
ENG09362,STU09362,13.58,11,68.75,5,58.16,32,2026-10-02
ENG09363,STU09363,5.41,12,63.16,7,56.9,30,2026-10-02
ENG09364,STU09364,14.89,12,80.0,3,79.82,28,2026-10-02
ENG09365,STU09365,19.83,21,100.0,0,84.86,32,2026-10-02
ENG09366,STU09366,12.26,15,71.43,6,88.44,30,2026-10-02
ENG09367,STU09367,8.78,10,58.82,7,64.26,14,2026-10-02
ENG09368,STU09368,2.93,8,66.67,4,58.16,10,2026-10-02
ENG09369,STU09369,14.72,14,87.5,2,70.86,25,2026-10-02
ENG09370,STU09370,4.36,12,54.55,10,62.81,14,2026-10-02
ENG09371,STU09371,0,8,42.11,11,47.34,5,2026-10-02
ENG09372,STU09372,8.33,11,64.71,6,72.41,22,2026-10-02
ENG09373,STU09373,8.51,13,76.47,4,67.67,21,2026-10-02
ENG09374,STU09374,6.68,8,66.67,4,46.01,23,2026-10-02
ENG09375,STU09375,0,5,31.25,11,36.86,14,2026-10-02
ENG09376,STU09376,15.18,18,81.82,4,89.86,20,2026-10-02
ENG09377,STU09377,8.31,14,60.87,9,69.05,19,2026-10-02
ENG09378,STU09378,5.52,11,73.33,4,69.39,13,2026-10-02
ENG09379,STU09379,9.15,9,52.94,8,47.92,22,2026-10-02
ENG09380,STU09380,10.8,17,73.91,6,70.53,20,2026-10-02
ENG09381,STU09381,6.87,5,41.67,7,46.35,13,2026-10-02
ENG09382,STU09382,7.98,10,47.62,11,54.09,22,2026-10-02
ENG09383,STU09383,8.85,13,72.22,5,56.3,14,2026-10-02
ENG09384,STU09384,16.54,22,91.67,2,74.34,39,2026-10-02
ENG09385,STU09385,2.15,10,47.62,11,36.91,6,2026-10-02
ENG09386,STU09386,7.56,13,65.0,7,54.58,28,2026-10-02
ENG09387,STU09387,0.16,12,52.17,11,55.07,11,2026-10-02
ENG09388,STU09388,15.74,13,65.0,7,55.12,23,2026-10-02
ENG09389,STU09389,12.22,12,92.31,1,75.7,33,2026-10-02
ENG09390,STU09390,10.51,11,78.57,3,57.13,19,2026-10-02
ENG09391,STU09391,0.48,17,73.91,6,60.08,12,2026-10-02
ENG09392,STU09392,8.6,16,66.67,8,56.35,28,2026-10-02
ENG09393,STU09393,15.07,19,86.36,3,59.5,36,2026-10-02
ENG09394,STU09394,8.03,10,76.92,3,75.27,24,2026-10-02
ENG09395,STU09395,0,7,30.43,16,34.41,10,2026-10-02
ENG09396,STU09396,4.95,17,70.83,7,53.01,23,2026-10-02
ENG09397,STU09397,5.23,18,78.26,5,56.7,20,2026-10-02
ENG09398,STU09398,1.63,11,57.89,8,49.84,6,2026-10-02
ENG09399,STU09399,8.05,8,44.44,10,62.22,16,2026-10-02
ENG09400,STU09400,17.09,19,82.61,4,79.53,32,2026-10-02
ENG09401,STU09401,8.03,8,57.14,6,61.6,17,2026-10-02
ENG09402,STU09402,8.14,12,66.67,6,74.41,22,2026-10-02
ENG09403,STU09403,7.07,8,53.33,7,45.39,8,2026-10-02
ENG09404,STU09404,7.81,8,61.54,5,54.66,11,2026-10-02
ENG09405,STU09405,8.08,17,89.47,2,68.28,32,2026-10-02
ENG09406,STU09406,0,9,69.23,4,46.75,11,2026-10-02
ENG09407,STU09407,0,8,47.06,9,38.57,6,2026-10-02
ENG09408,STU09408,2.54,11,78.57,3,74.39,13,2026-10-02
ENG09409,STU09409,14.86,10,83.33,2,58.73,28,2026-10-02
ENG09410,STU09410,10.57,14,58.33,10,59.98,19,2026-10-02
ENG09411,STU09411,1.62,15,62.5,9,31.23,18,2026-10-02
ENG09412,STU09412,8.09,17,77.27,5,44.48,23,2026-10-02
ENG09413,STU09413,12.2,15,68.18,7,64.18,23,2026-10-02
ENG09414,STU09414,10.78,10,66.67,5,70.87,12,2026-10-02
ENG09415,STU09415,12.69,17,100.0,0,78.1,33,2026-10-02
ENG09416,STU09416,9.77,11,55.0,9,57.86,23,2026-10-02
ENG09417,STU09417,12.3,15,68.18,7,73.66,22,2026-10-02
ENG09418,STU09418,1.67,4,33.33,8,49.79,6,2026-10-02
ENG09419,STU09419,6.47,10,55.56,8,47.46,23,2026-10-02
ENG09420,STU09420,0,10,58.82,7,52.02,14,2026-10-02
ENG09421,STU09421,3.93,9,50.0,9,51.44,6,2026-10-02
ENG09422,STU09422,20.42,18,85.71,3,73.94,38,2026-10-02
ENG09423,STU09423,2.77,10,66.67,5,63.77,15,2026-10-02
ENG09424,STU09424,10.63,9,75.0,3,70.88,23,2026-10-02
ENG09425,STU09425,13.78,19,82.61,4,72.73,26,2026-10-02
ENG09426,STU09426,8.26,11,91.67,1,53.73,11,2026-10-02
ENG09427,STU09427,20.42,13,92.86,1,96.12,34,2026-10-02
ENG09428,STU09428,3.29,9,52.94,8,56.99,6,2026-10-02
ENG09429,STU09429,10.35,10,58.82,7,59.24,18,2026-10-02
ENG09430,STU09430,13.17,13,61.9,8,71.88,22,2026-10-02
ENG09431,STU09431,14.06,14,63.64,8,53.9,29,2026-10-02
ENG09432,STU09432,17.68,13,92.86,1,83.89,36,2026-10-02
ENG09433,STU09433,0.88,7,58.33,5,53.4,10,2026-10-02
ENG09434,STU09434,15.55,22,91.67,2,84.62,33,2026-10-02
ENG09435,STU09435,11.93,17,80.95,4,80.8,19,2026-10-02
ENG09436,STU09436,10.21,19,90.48,2,69.97,33,2026-10-02
ENG09437,STU09437,4.72,9,56.25,7,47.46,15,2026-10-02
ENG09438,STU09438,15.11,13,92.86,1,71.1,18,2026-10-02
ENG09439,STU09439,13.56,17,100.0,0,62.63,37,2026-10-02
ENG09440,STU09440,12.83,14,73.68,5,59.39,28,2026-10-02
ENG09441,STU09441,15.29,14,82.35,3,87.67,27,2026-10-02
ENG09442,STU09442,0,6,50.0,6,45.18,2,2026-10-02
ENG09443,STU09443,18.43,12,100.0,0,93.43,45,2026-10-02
ENG09444,STU09444,0.63,14,77.78,4,73.95,11,2026-10-02
ENG09445,STU09445,10.38,7,50.0,7,47.63,22,2026-10-02
ENG09446,STU09446,3.57,10,55.56,8,42.01,5,2026-10-02
ENG09447,STU09447,16.24,9,75.0,3,62.42,27,2026-10-02
ENG09448,STU09448,13.79,17,85.0,3,84.57,30,2026-10-02
ENG09449,STU09449,3.54,13,56.52,10,57.9,16,2026-10-02
ENG09450,STU09450,17.16,24,100.0,0,78.14,43,2026-10-02
ENG09451,STU09451,11.73,11,64.71,6,54.47,23,2026-10-02
ENG09452,STU09452,13.39,10,83.33,2,60.89,35,2026-10-02
ENG09453,STU09453,18.33,14,82.35,3,76.54,26,2026-10-02
ENG09454,STU09454,7.26,14,73.68,5,62.07,13,2026-10-02
ENG09455,STU09455,15.79,19,95.0,1,73.19,24,2026-10-02
ENG09456,STU09456,14.09,9,64.29,5,64.39,22,2026-10-02
ENG09457,STU09457,5.57,9,60.0,6,78.04,18,2026-10-02
ENG09458,STU09458,0,11,47.83,12,46.72,11,2026-10-02
ENG09459,STU09459,8.45,14,66.67,7,64.14,0,2026-10-02
ENG09460,STU09460,7.18,11,68.75,5,63.06,17,2026-10-02
ENG09461,STU09461,8.85,10,58.82,7,61.9,17,2026-10-02
ENG09462,STU09462,3.43,15,62.5,9,41.06,22,2026-10-02
ENG09463,STU09463,0,3,17.65,14,17.86,2,2026-10-02
ENG09464,STU09464,5.87,9,75.0,3,69.28,16,2026-10-02
ENG09465,STU09465,6.29,13,54.17,11,62.52,17,2026-10-02
ENG09466,STU09466,4.28,13,61.9,8,46.72,12,2026-10-02
ENG09467,STU09467,7.81,15,62.5,9,61.94,21,2026-10-02
ENG09468,STU09468,11.17,7,58.33,5,62.49,22,2026-10-02
ENG09469,STU09469,0,12,66.67,6,66.44,16,2026-10-02
ENG09470,STU09470,1.36,10,43.48,13,60.41,7,2026-10-02
ENG09471,STU09471,6.38,17,80.95,4,82.36,16,2026-10-02
ENG09472,STU09472,13.96,15,71.43,6,75.14,28,2026-10-02
ENG09473,STU09473,8.6,10,55.56,8,53.92,19,2026-10-02
ENG09474,STU09474,15.81,13,100.0,0,80.57,33,2026-10-02
ENG09475,STU09475,0.01,7,50.0,7,57.91,2,2026-10-02
ENG09476,STU09476,8.08,12,52.17,11,58.81,14,2026-10-02
ENG09477,STU09477,0,5,31.25,11,32.9,2,2026-10-02
ENG09478,STU09478,11.77,20,83.33,4,77.87,30,2026-10-02
ENG09479,STU09479,7.25,10,71.43,4,57.86,18,2026-10-02
ENG09480,STU09480,9.18,13,76.47,4,63.91,27,2026-10-02
ENG09481,STU09481,10.51,12,75.0,4,81.66,26,2026-10-02
ENG09482,STU09482,11.41,10,76.92,3,61.44,32,2026-10-02
ENG09483,STU09483,9.8,9,69.23,4,60.61,19,2026-10-02
ENG09484,STU09484,0,9,45.0,11,37.28,3,2026-10-02
ENG09485,STU09485,13.75,21,87.5,3,75.62,31,2026-10-02
ENG09486,STU09486,10.91,10,83.33,2,54.68,24,2026-10-02
ENG09487,STU09487,6.01,12,52.17,11,44.61,18,2026-10-02
ENG09488,STU09488,1.02,12,54.55,10,35.92,6,2026-10-02
ENG09489,STU09489,0,13,56.52,10,44.8,9,2026-10-02
ENG09490,STU09490,9.78,20,86.96,3,75.88,18,2026-10-02
ENG09491,STU09491,14.97,17,85.0,3,73.83,32,2026-10-02
ENG09492,STU09492,10.05,12,80.0,3,68.48,32,2026-10-02
ENG09493,STU09493,6.69,10,45.45,12,65.11,14,2026-10-02
ENG09494,STU09494,10.32,9,56.25,7,68.2,19,2026-10-02
ENG09495,STU09495,5.91,7,53.85,6,47.1,12,2026-10-02
ENG09496,STU09496,0,11,45.83,13,33.24,0,2026-10-02
ENG09497,STU09497,0,8,50.0,8,45.24,0,2026-10-02
ENG09498,STU09498,0,5,31.25,11,64.76,2,2026-10-02
ENG09499,STU09499,0,10,50.0,10,37.41,9,2026-10-02
ENG09500,STU09500,7.9,12,63.16,7,79.62,4,2026-10-02
ENG09501,STU09501,9.93,14,82.35,3,65.03,31,2026-10-02
ENG09502,STU09502,16.44,18,100.0,0,93.23,32,2026-10-02
ENG09503,STU09503,9.73,12,70.59,5,73.61,15,2026-10-02
ENG09504,STU09504,2.95,10,58.82,7,57.69,11,2026-10-02
ENG09505,STU09505,6.75,7,50.0,7,76.99,8,2026-10-02
ENG09506,STU09506,2.21,9,52.94,8,51.99,15,2026-10-02
ENG09507,STU09507,13.62,11,91.67,1,71.3,27,2026-10-02
ENG09508,STU09508,13.46,19,95.0,1,71.61,37,2026-10-02
ENG09509,STU09509,3.21,8,57.14,6,60.56,12,2026-10-02
ENG09510,STU09510,12.84,10,83.33,2,77.57,30,2026-10-02
ENG09511,STU09511,14.66,12,85.71,2,83.99,34,2026-10-02
ENG09512,STU09512,4.66,9,69.23,4,48.35,16,2026-10-02
ENG09513,STU09513,15.09,12,100.0,0,82.46,29,2026-10-02
ENG09514,STU09514,8.41,17,70.83,7,60.13,17,2026-10-02
ENG09515,STU09515,9.01,10,71.43,4,62.21,27,2026-10-02
ENG09516,STU09516,2.11,11,47.83,12,49.48,10,2026-10-02
ENG09517,STU09517,15.96,20,83.33,4,72.76,32,2026-10-02
ENG09518,STU09518,8.24,12,92.31,1,70.21,21,2026-10-02
ENG09519,STU09519,10.26,14,77.78,4,72.32,20,2026-10-02
ENG09520,STU09520,11.02,7,58.33,5,70.1,17,2026-10-02
ENG09521,STU09521,1.97,14,60.87,9,49.91,6,2026-10-02
ENG09522,STU09522,15.6,9,69.23,4,66.25,32,2026-10-02
ENG09523,STU09523,13.45,12,80.0,3,76.22,31,2026-10-02
ENG09524,STU09524,3.79,8,61.54,5,58.83,0,2026-10-02
ENG09525,STU09525,0,6,50.0,6,56.1,3,2026-10-02
ENG09526,STU09526,5.04,10,62.5,6,30.88,16,2026-10-02
ENG09527,STU09527,1.96,5,41.67,7,48.14,5,2026-10-02
ENG09528,STU09528,11.98,11,84.62,2,92.02,22,2026-10-02
ENG09529,STU09529,12.76,17,80.95,4,72.24,35,2026-10-02
ENG09530,STU09530,9.8,19,86.36,3,71.0,25,2026-10-02
ENG09531,STU09531,0,3,21.43,11,11.08,8,2026-10-02
ENG09532,STU09532,10.84,13,81.25,3,76.21,22,2026-10-02
ENG09533,STU09533,6.06,13,61.9,8,62.66,18,2026-10-02
ENG09534,STU09534,16.07,11,84.62,2,85.51,20,2026-10-02
ENG09535,STU09535,1.56,8,44.44,10,44.62,10,2026-10-02
ENG09536,STU09536,16.6,16,80.0,4,84.03,31,2026-10-02
ENG09537,STU09537,8.63,12,63.16,7,56.38,9,2026-10-02
ENG09538,STU09538,8.77,10,66.67,5,61.39,16,2026-10-02
ENG09539,STU09539,2.19,10,55.56,8,63.47,6,2026-10-02
ENG09540,STU09540,14.03,18,100.0,0,74.99,36,2026-10-02
ENG09541,STU09541,8.03,11,57.89,8,58.13,14,2026-10-02
ENG09542,STU09542,0,12,54.55,10,53.1,5,2026-10-02
ENG09543,STU09543,4.76,11,61.11,7,60.06,15,2026-10-02
ENG09544,STU09544,1.3,6,42.86,8,49.54,7,2026-10-02
ENG09545,STU09545,0,10,62.5,6,52.72,4,2026-10-02
ENG09546,STU09546,2.72,8,57.14,6,42.82,14,2026-10-02
ENG09547,STU09547,15.55,13,81.25,3,82.05,25,2026-10-02
ENG09548,STU09548,7.23,14,73.68,5,55.56,16,2026-10-02
ENG09549,STU09549,8.4,10,62.5,6,48.42,11,2026-10-02
ENG09550,STU09550,6.84,11,78.57,3,71.16,12,2026-10-02
ENG09551,STU09551,14.21,9,75.0,3,79.72,32,2026-10-02
ENG09552,STU09552,14.02,16,80.0,4,75.99,33,2026-10-02
ENG09553,STU09553,9.85,10,83.33,2,73.64,18,2026-10-02
ENG09554,STU09554,9.92,16,69.57,7,65.4,31,2026-10-02
ENG09555,STU09555,17.42,10,83.33,2,79.5,33,2026-10-02
ENG09556,STU09556,9.69,12,63.16,7,70.77,13,2026-10-02
ENG09557,STU09557,22.46,24,100.0,0,83.96,51,2026-10-02
ENG09558,STU09558,0.81,8,57.14,6,60.96,13,2026-10-02
ENG09559,STU09559,6.1,14,66.67,7,47.74,11,2026-10-02
ENG09560,STU09560,0.44,11,50.0,11,45.81,7,2026-10-02
ENG09561,STU09561,3.35,6,42.86,8,56.16,8,2026-10-02
ENG09562,STU09562,9.95,17,77.27,5,60.89,29,2026-10-02
ENG09563,STU09563,6.8,11,61.11,7,45.28,17,2026-10-02
ENG09564,STU09564,8.55,15,75.0,5,67.97,17,2026-10-02
ENG09565,STU09565,0,5,38.46,8,45.77,2,2026-10-02
ENG09566,STU09566,9.41,8,66.67,4,76.36,13,2026-10-02
ENG09567,STU09567,0.9,9,64.29,5,39.18,10,2026-10-02
ENG09568,STU09568,12.41,7,58.33,5,57.43,30,2026-10-02
ENG09569,STU09569,10.1,14,58.33,10,72.18,14,2026-10-02
ENG09570,STU09570,4.53,16,88.89,2,75.16,24,2026-10-02
ENG09571,STU09571,7.02,13,72.22,5,68.07,18,2026-10-02
ENG09572,STU09572,15.17,12,100.0,0,68.56,23,2026-10-02
ENG09573,STU09573,9.81,17,73.91,6,72.99,24,2026-10-02
ENG09574,STU09574,16.81,11,84.62,2,83.41,30,2026-10-02
ENG09575,STU09575,0,11,45.83,13,46.02,13,2026-10-02
ENG09576,STU09576,5.6,16,80.0,4,59.97,15,2026-10-02
ENG09577,STU09577,7.38,9,60.0,6,59.55,17,2026-10-02
ENG09578,STU09578,10.04,14,66.67,7,71.62,22,2026-10-02
ENG09579,STU09579,0,12,50.0,12,57.75,15,2026-10-02
ENG09580,STU09580,3.2,8,66.67,4,64.91,18,2026-10-02
ENG09581,STU09581,11.29,13,81.25,3,69.91,22,2026-10-02
ENG09582,STU09582,0,8,38.1,13,45.05,7,2026-10-02
ENG09583,STU09583,5.87,15,71.43,6,59.78,20,2026-10-02
ENG09584,STU09584,0.31,4,30.77,9,35.08,0,2026-10-02
ENG09585,STU09585,9.45,6,37.5,10,52.73,19,2026-10-02
ENG09586,STU09586,7.8,16,80.0,4,68.76,19,2026-10-02
ENG09587,STU09587,1.61,15,65.22,8,60.99,7,2026-10-02
ENG09588,STU09588,9.34,7,58.33,5,40.97,10,2026-10-02
ENG09589,STU09589,20.25,19,100.0,0,90.08,42,2026-10-02
ENG09590,STU09590,4.86,17,70.83,7,54.62,19,2026-10-02
ENG09591,STU09591,11.09,20,83.33,4,83.6,30,2026-10-02
ENG09592,STU09592,15.07,16,94.12,1,91.58,32,2026-10-02
ENG09593,STU09593,0,7,35.0,13,48.0,13,2026-10-02
ENG09594,STU09594,7.76,9,60.0,6,63.44,14,2026-10-02
ENG09595,STU09595,11.24,12,80.0,3,83.29,27,2026-10-02
ENG09596,STU09596,9.63,9,69.23,4,60.02,20,2026-10-02
ENG09597,STU09597,0,15,62.5,9,53.82,4,2026-10-02
ENG09598,STU09598,18.14,17,94.44,1,79.52,34,2026-10-02
ENG09599,STU09599,2.53,10,66.67,5,44.64,7,2026-10-02
ENG09600,STU09600,8.0,14,66.67,7,77.13,25,2026-10-02
ENG09601,STU09601,4.57,10,58.82,7,53.46,22,2026-10-02
ENG09602,STU09602,7.87,12,54.55,10,38.35,27,2026-10-02
ENG09603,STU09603,13.1,9,75.0,3,72.11,27,2026-10-02
ENG09604,STU09604,7.23,8,66.67,4,63.39,21,2026-10-02
ENG09605,STU09605,15.46,16,94.12,1,96.11,36,2026-10-02
ENG09606,STU09606,11.3,9,60.0,6,60.0,25,2026-10-02
ENG09607,STU09607,5.02,13,56.52,10,46.27,20,2026-10-02
ENG09608,STU09608,6.03,15,68.18,7,60.28,22,2026-10-02
ENG09609,STU09609,5.63,15,71.43,6,73.18,16,2026-10-02
ENG09610,STU09610,9.78,15,71.43,6,58.51,17,2026-10-02
ENG09611,STU09611,16.35,15,88.24,2,77.77,25,2026-10-02
ENG09612,STU09612,1.87,16,66.67,8,53.0,14,2026-10-02
ENG09613,STU09613,15.98,16,100.0,0,94.73,31,2026-10-02
ENG09614,STU09614,0,6,50.0,6,29.81,5,2026-10-02
ENG09615,STU09615,8.19,9,47.37,10,43.59,8,2026-10-02
ENG09616,STU09616,11.74,13,76.47,4,59.32,23,2026-10-02
ENG09617,STU09617,0.62,16,72.73,6,62.59,11,2026-10-02
ENG09618,STU09618,9.65,10,66.67,5,44.47,25,2026-10-02
ENG09619,STU09619,14.24,16,94.12,1,99.1,40,2026-10-02
ENG09620,STU09620,17.32,17,89.47,2,69.1,29,2026-10-02
ENG09621,STU09621,10.57,10,83.33,2,67.4,22,2026-10-02
ENG09622,STU09622,1.38,6,40.0,9,33.75,3,2026-10-02
ENG09623,STU09623,13.84,17,70.83,7,71.04,24,2026-10-02
ENG09624,STU09624,6.25,11,57.89,8,67.97,13,2026-10-02
ENG09625,STU09625,13.05,11,64.71,6,68.07,33,2026-10-02
ENG09626,STU09626,20.8,19,100.0,0,100.0,33,2026-10-02
ENG09627,STU09627,5.22,17,70.83,7,59.08,14,2026-10-02
ENG09628,STU09628,0,8,42.11,11,27.43,11,2026-10-02
ENG09629,STU09629,8.11,9,69.23,4,76.54,24,2026-10-02
ENG09630,STU09630,0,8,44.44,10,37.68,8,2026-10-02
ENG09631,STU09631,4.05,8,61.54,5,56.4,13,2026-10-02
ENG09632,STU09632,10.38,17,85.0,3,88.01,23,2026-10-02
ENG09633,STU09633,4.12,8,66.67,4,37.9,2,2026-10-02
ENG09634,STU09634,0,12,52.17,11,45.22,6,2026-10-02
ENG09635,STU09635,9.76,8,61.54,5,72.36,22,2026-10-02
ENG09636,STU09636,4.69,9,69.23,4,44.51,14,2026-10-02
ENG09637,STU09637,0.1,13,56.52,10,40.84,4,2026-10-02
ENG09638,STU09638,6.93,13,59.09,9,33.09,15,2026-10-02
ENG09639,STU09639,0,11,50.0,11,36.38,7,2026-10-02
ENG09640,STU09640,15.39,22,100.0,0,83.51,28,2026-10-02
ENG09641,STU09641,9.16,10,76.92,3,77.13,27,2026-10-02
ENG09642,STU09642,16.96,9,75.0,3,73.53,45,2026-10-02
ENG09643,STU09643,3.2,14,66.67,7,61.11,10,2026-10-02
ENG09644,STU09644,17.85,14,93.33,1,83.17,37,2026-10-02
ENG09645,STU09645,14.33,19,100.0,0,93.57,23,2026-10-02
ENG09646,STU09646,0,8,36.36,14,20.59,5,2026-10-02
ENG09647,STU09647,4.02,14,77.78,4,47.54,27,2026-10-02
ENG09648,STU09648,9.45,15,71.43,6,90.11,26,2026-10-02
ENG09649,STU09649,11.92,20,100.0,0,98.73,36,2026-10-02
ENG09650,STU09650,4.62,16,69.57,7,79.25,11,2026-10-02
ENG09651,STU09651,8.38,8,61.54,5,59.05,21,2026-10-02
ENG09652,STU09652,14.99,18,75.0,6,50.49,29,2026-10-02
ENG09653,STU09653,6.54,17,73.91,6,58.81,19,2026-10-02
ENG09654,STU09654,6.04,9,52.94,8,58.98,16,2026-10-02
ENG09655,STU09655,7.24,10,52.63,9,45.59,19,2026-10-02
ENG09656,STU09656,16.62,12,92.31,1,86.81,40,2026-10-02
ENG09657,STU09657,14.12,11,68.75,5,71.66,28,2026-10-02
ENG09658,STU09658,7.44,11,68.75,5,56.47,19,2026-10-02
ENG09659,STU09659,10.63,10,83.33,2,66.35,21,2026-10-02
ENG09660,STU09660,6.96,14,60.87,9,63.41,19,2026-10-02
ENG09661,STU09661,14.73,11,64.71,6,67.02,20,2026-10-02
ENG09662,STU09662,7.99,12,60.0,8,53.04,13,2026-10-02
ENG09663,STU09663,5.93,8,57.14,6,52.89,5,2026-10-02
ENG09664,STU09664,13.63,16,69.57,7,56.45,30,2026-10-02
ENG09665,STU09665,6.47,16,72.73,6,57.79,14,2026-10-02
ENG09666,STU09666,9.51,14,63.64,8,55.31,14,2026-10-02
ENG09667,STU09667,8.38,12,66.67,6,92.02,25,2026-10-02
ENG09668,STU09668,18.97,17,77.27,5,68.95,41,2026-10-02
ENG09669,STU09669,5.11,11,64.71,6,47.93,21,2026-10-02
ENG09670,STU09670,12.59,15,88.24,2,57.07,36,2026-10-02
ENG09671,STU09671,12.3,14,77.78,4,84.97,30,2026-10-02
ENG09672,STU09672,20.85,14,100.0,0,87.07,40,2026-10-02
ENG09673,STU09673,4.5,14,60.87,9,49.54,15,2026-10-02
ENG09674,STU09674,0,11,52.38,10,69.17,11,2026-10-02
ENG09675,STU09675,9.72,14,58.33,10,70.49,26,2026-10-02
ENG09676,STU09676,5.29,8,66.67,4,62.72,13,2026-10-02
ENG09677,STU09677,14.34,12,75.0,4,80.77,31,2026-10-02
ENG09678,STU09678,1.73,8,50.0,8,37.39,4,2026-10-02
ENG09679,STU09679,16.04,14,77.78,4,54.85,40,2026-10-02
ENG09680,STU09680,9.46,17,80.95,4,63.62,20,2026-10-02
ENG09681,STU09681,8.88,11,57.89,8,54.72,16,2026-10-02
ENG09682,STU09682,7.33,10,58.82,7,63.03,10,2026-10-02
ENG09683,STU09683,0.65,8,34.78,15,37.59,3,2026-10-02
ENG09684,STU09684,10.87,9,50.0,9,57.01,23,2026-10-02
ENG09685,STU09685,3.51,17,70.83,7,69.89,15,2026-10-02
ENG09686,STU09686,10.87,19,82.61,4,50.69,35,2026-10-02
ENG09687,STU09687,11.39,22,91.67,2,81.12,20,2026-10-02
ENG09688,STU09688,0,9,37.5,15,55.31,0,2026-10-02
ENG09689,STU09689,6.08,5,35.71,9,69.41,12,2026-10-02
ENG09690,STU09690,1.76,3,25.0,9,40.42,7,2026-10-02
ENG09691,STU09691,12.42,18,94.74,1,80.59,35,2026-10-02
ENG09692,STU09692,0,9,40.91,13,32.0,2,2026-10-02
ENG09693,STU09693,9.5,11,73.33,4,70.84,21,2026-10-02
ENG09694,STU09694,7.3,15,62.5,9,50.73,14,2026-10-02
ENG09695,STU09695,4.16,15,62.5,9,72.15,16,2026-10-02
ENG09696,STU09696,0,9,64.29,5,59.05,0,2026-10-02
ENG09697,STU09697,1.25,8,34.78,15,43.72,8,2026-10-02
ENG09698,STU09698,4.58,10,50.0,10,56.88,15,2026-10-02
ENG09699,STU09699,0.81,9,64.29,5,44.56,7,2026-10-02
ENG09700,STU09700,15.54,10,76.92,3,80.45,31,2026-10-02
ENG09701,STU09701,7.23,15,65.22,8,54.23,21,2026-10-02
ENG09702,STU09702,12.85,11,73.33,4,68.97,32,2026-10-02
ENG09703,STU09703,13.51,11,91.67,1,75.68,37,2026-10-02
ENG09704,STU09704,11.42,17,77.27,5,52.75,23,2026-10-02
ENG09705,STU09705,12.21,10,71.43,4,77.47,25,2026-10-02
ENG09706,STU09706,0,9,47.37,10,44.3,1,2026-10-02
ENG09707,STU09707,7.78,13,68.42,6,64.36,24,2026-10-02
ENG09708,STU09708,14.27,15,88.24,2,52.3,32,2026-10-02
ENG09709,STU09709,9.85,10,71.43,4,73.75,20,2026-10-02
ENG09710,STU09710,9.87,11,64.71,6,80.12,19,2026-10-02
ENG09711,STU09711,13.29,9,47.37,10,68.63,20,2026-10-02
ENG09712,STU09712,1.07,8,40.0,12,30.85,24,2026-10-02
ENG09713,STU09713,5.14,10,62.5,6,62.69,22,2026-10-02
ENG09714,STU09714,0,9,40.91,13,28.25,7,2026-10-02
ENG09715,STU09715,0,6,50.0,6,48.74,11,2026-10-02
ENG09716,STU09716,12.98,13,86.67,2,58.09,34,2026-10-02
ENG09717,STU09717,13.19,18,81.82,4,73.94,29,2026-10-02
ENG09718,STU09718,0.02,11,61.11,7,33.72,7,2026-10-02
ENG09719,STU09719,0,8,57.14,6,42.82,0,2026-10-02
ENG09720,STU09720,22.27,18,100.0,0,99.75,41,2026-10-02
ENG09721,STU09721,3.71,8,50.0,8,47.45,9,2026-10-02
ENG09722,STU09722,10.82,16,76.19,5,57.63,21,2026-10-02
ENG09723,STU09723,8.92,19,79.17,5,70.7,28,2026-10-02
ENG09724,STU09724,0,14,60.87,9,59.49,3,2026-10-02
ENG09725,STU09725,12.09,19,82.61,4,84.64,32,2026-10-02
ENG09726,STU09726,2.74,7,41.18,10,50.16,2,2026-10-02
ENG09727,STU09727,10.24,12,75.0,4,78.36,34,2026-10-02
ENG09728,STU09728,4.35,12,50.0,12,58.56,14,2026-10-02
ENG09729,STU09729,10.64,12,85.71,2,88.3,16,2026-10-02
ENG09730,STU09730,0,7,50.0,7,43.06,1,2026-10-02
ENG09731,STU09731,5.15,17,70.83,7,72.07,12,2026-10-02
ENG09732,STU09732,9.38,8,53.33,7,59.71,15,2026-10-02
ENG09733,STU09733,7.55,17,70.83,7,55.38,16,2026-10-02
ENG09734,STU09734,22.85,15,78.95,4,77.49,52,2026-10-02
ENG09735,STU09735,3.86,7,35.0,13,30.55,11,2026-10-02
ENG09736,STU09736,4.71,12,52.17,11,54.07,18,2026-10-02
ENG09737,STU09737,7.81,18,81.82,4,75.79,18,2026-10-02
ENG09738,STU09738,5.41,15,65.22,8,49.35,17,2026-10-02
ENG09739,STU09739,16.28,12,92.31,1,77.48,32,2026-10-02
ENG09740,STU09740,0.39,12,57.14,9,48.44,7,2026-10-02
ENG09741,STU09741,7.44,14,77.78,4,65.44,18,2026-10-02
ENG09742,STU09742,10.31,11,68.75,5,52.03,24,2026-10-02
ENG09743,STU09743,9.57,12,75.0,4,73.68,18,2026-10-02
ENG09744,STU09744,0,11,52.38,10,45.45,9,2026-10-02
ENG09745,STU09745,6.56,10,62.5,6,67.52,21,2026-10-02
ENG09746,STU09746,2.82,10,62.5,6,76.78,7,2026-10-02
ENG09747,STU09747,3.06,14,70.0,6,58.02,8,2026-10-02
ENG09748,STU09748,3.82,9,64.29,5,51.16,12,2026-10-02
ENG09749,STU09749,15.23,20,83.33,4,69.61,31,2026-10-02
ENG09750,STU09750,23.87,21,100.0,0,94.63,48,2026-10-02
ENG09751,STU09751,14.09,16,84.21,3,78.19,32,2026-10-02
ENG09752,STU09752,7.9,15,65.22,8,56.75,12,2026-10-02
ENG09753,STU09753,6.41,14,82.35,3,75.29,17,2026-10-02
ENG09754,STU09754,10.03,15,68.18,7,50.01,27,2026-10-02
ENG09755,STU09755,6.05,9,64.29,5,73.34,27,2026-10-02
ENG09756,STU09756,1.92,11,73.33,4,41.37,7,2026-10-02
ENG09757,STU09757,16.74,18,85.71,3,82.14,44,2026-10-02
ENG09758,STU09758,15.85,13,81.25,3,70.98,33,2026-10-02
ENG09759,STU09759,2.36,11,47.83,12,42.9,20,2026-10-02
ENG09760,STU09760,7.42,19,86.36,3,73.75,26,2026-10-02
ENG09761,STU09761,10.56,8,66.67,4,73.85,32,2026-10-02
ENG09762,STU09762,5.11,12,52.17,11,48.04,14,2026-10-02
ENG09763,STU09763,10.26,10,83.33,2,73.91,24,2026-10-02
ENG09764,STU09764,12.31,16,84.21,3,61.33,31,2026-10-02
ENG09765,STU09765,10.05,17,94.44,1,71.26,33,2026-10-02
ENG09766,STU09766,7.9,11,55.0,9,60.9,21,2026-10-02
ENG09767,STU09767,8.78,9,56.25,7,43.33,22,2026-10-02
ENG09768,STU09768,4.85,11,64.71,6,59.96,10,2026-10-02
ENG09769,STU09769,9.97,11,64.71,6,69.49,27,2026-10-02
ENG09770,STU09770,6.58,16,100.0,0,78.55,25,2026-10-02
ENG09771,STU09771,13.82,11,68.75,5,72.48,28,2026-10-02
ENG09772,STU09772,6.07,14,63.64,8,72.61,22,2026-10-02
ENG09773,STU09773,13.85,22,91.67,2,78.01,35,2026-10-02
ENG09774,STU09774,0,7,46.67,8,48.18,10,2026-10-02
ENG09775,STU09775,6.99,10,58.82,7,51.22,14,2026-10-02
ENG09776,STU09776,0,11,47.83,12,42.96,7,2026-10-02
ENG09777,STU09777,0,5,33.33,10,54.07,10,2026-10-02
ENG09778,STU09778,5.06,8,61.54,5,58.05,12,2026-10-02
ENG09779,STU09779,18.41,17,80.95,4,74.22,29,2026-10-02
ENG09780,STU09780,13.92,11,91.67,1,88.86,29,2026-10-02
ENG09781,STU09781,4.2,9,40.91,13,42.12,8,2026-10-02
ENG09782,STU09782,9.14,10,83.33,2,57.3,14,2026-10-02
ENG09783,STU09783,14.38,9,75.0,3,76.63,27,2026-10-02
ENG09784,STU09784,10.34,13,76.47,4,74.42,25,2026-10-02
ENG09785,STU09785,4.55,10,43.48,13,51.88,9,2026-10-02
ENG09786,STU09786,0,9,47.37,10,43.49,0,2026-10-02
ENG09787,STU09787,3.83,10,52.63,9,64.54,8,2026-10-02
ENG09788,STU09788,4.74,14,60.87,9,48.58,11,2026-10-02
ENG09789,STU09789,4.74,15,62.5,9,65.96,11,2026-10-02
ENG09790,STU09790,8.97,16,72.73,6,59.8,17,2026-10-02
ENG09791,STU09791,4.96,7,58.33,5,54.6,10,2026-10-02
ENG09792,STU09792,12.08,17,70.83,7,63.44,22,2026-10-02
ENG09793,STU09793,1.26,12,66.67,6,64.56,11,2026-10-02
ENG09794,STU09794,15.57,17,77.27,5,94.19,24,2026-10-02
ENG09795,STU09795,7.8,10,55.56,8,61.83,9,2026-10-02
ENG09796,STU09796,0,9,37.5,15,37.32,3,2026-10-02
ENG09797,STU09797,3.37,8,61.54,5,62.44,7,2026-10-02
ENG09798,STU09798,4.13,14,66.67,7,72.82,13,2026-10-02
ENG09799,STU09799,1.72,10,47.62,11,27.38,15,2026-10-02
ENG09800,STU09800,3.07,10,62.5,6,49.62,22,2026-10-02
ENG09801,STU09801,5.25,13,56.52,10,62.13,9,2026-10-02
ENG09802,STU09802,9.25,13,72.22,5,72.0,27,2026-10-02
ENG09803,STU09803,18.35,22,91.67,2,82.05,45,2026-10-02
ENG09804,STU09804,8.75,9,69.23,4,73.46,22,2026-10-02
ENG09805,STU09805,17.73,12,66.67,6,59.88,36,2026-10-02
ENG09806,STU09806,7.14,11,68.75,5,58.5,20,2026-10-02
ENG09807,STU09807,8.66,18,75.0,6,66.66,25,2026-10-02
ENG09808,STU09808,11.4,12,63.16,7,54.66,28,2026-10-02
ENG09809,STU09809,12.06,15,68.18,7,71.68,20,2026-10-02
ENG09810,STU09810,0,9,60.0,6,60.82,1,2026-10-02
ENG09811,STU09811,6.25,6,46.15,7,54.09,10,2026-10-02
ENG09812,STU09812,19.05,11,84.62,2,81.35,27,2026-10-02
ENG09813,STU09813,3.21,11,84.62,2,67.58,14,2026-10-02
ENG09814,STU09814,10.94,10,76.92,3,61.12,22,2026-10-02
ENG09815,STU09815,5.73,7,53.85,6,62.15,25,2026-10-02
ENG09816,STU09816,3.18,14,73.68,5,66.42,14,2026-10-02
ENG09817,STU09817,4.95,8,66.67,4,76.62,18,2026-10-02
ENG09818,STU09818,9.15,10,71.43,4,60.95,20,2026-10-02
ENG09819,STU09819,10.78,19,82.61,4,50.25,20,2026-10-02
ENG09820,STU09820,5.93,15,75.0,5,74.27,19,2026-10-02
ENG09821,STU09821,3.49,13,61.9,8,48.97,9,2026-10-02
ENG09822,STU09822,8.42,12,92.31,1,77.13,21,2026-10-02
ENG09823,STU09823,4.84,10,62.5,6,44.84,14,2026-10-02
ENG09824,STU09824,7.76,15,68.18,7,57.47,17,2026-10-02
ENG09825,STU09825,2.79,6,46.15,7,57.66,7,2026-10-02
ENG09826,STU09826,9.98,14,66.67,7,56.12,21,2026-10-02
ENG09827,STU09827,6.03,15,78.95,4,63.11,23,2026-10-02
ENG09828,STU09828,0,10,62.5,6,44.09,5,2026-10-02
ENG09829,STU09829,10.98,10,76.92,3,79.41,26,2026-10-02
ENG09830,STU09830,11.44,9,64.29,5,65.16,20,2026-10-02
ENG09831,STU09831,7.42,8,61.54,5,55.64,19,2026-10-02
ENG09832,STU09832,18.78,14,100.0,0,100.0,40,2026-10-02
ENG09833,STU09833,0.76,12,60.0,8,50.67,12,2026-10-02
ENG09834,STU09834,0,13,61.9,8,41.81,4,2026-10-02
ENG09835,STU09835,12.6,15,75.0,5,62.42,19,2026-10-02
ENG09836,STU09836,8.1,8,57.14,6,57.82,14,2026-10-02
ENG09837,STU09837,10.4,12,85.71,2,89.48,25,2026-10-02
ENG09838,STU09838,6.98,10,52.63,9,49.13,17,2026-10-02
ENG09839,STU09839,8.73,9,60.0,6,51.89,21,2026-10-02
ENG09840,STU09840,11.96,11,64.71,6,56.01,24,2026-10-02
ENG09841,STU09841,6.71,8,66.67,4,72.07,14,2026-10-02
ENG09842,STU09842,5.6,9,42.86,12,68.83,24,2026-10-02
ENG09843,STU09843,0,10,43.48,13,31.31,4,2026-10-02
ENG09844,STU09844,17.89,18,94.74,1,84.0,30,2026-10-02
ENG09845,STU09845,3.51,7,50.0,7,65.28,14,2026-10-02
ENG09846,STU09846,8.0,16,72.73,6,54.75,23,2026-10-02
ENG09847,STU09847,15.07,8,66.67,4,67.2,21,2026-10-02
ENG09848,STU09848,3.9,9,45.0,11,46.62,12,2026-10-02
ENG09849,STU09849,7.82,13,56.52,10,54.48,12,2026-10-02
ENG09850,STU09850,0,7,58.33,5,49.98,9,2026-10-02
ENG09851,STU09851,3.49,9,52.94,8,46.61,15,2026-10-02
ENG09852,STU09852,13.6,8,61.54,5,80.89,25,2026-10-02
ENG09853,STU09853,0.34,8,53.33,7,38.34,0,2026-10-02
ENG09854,STU09854,3.23,17,70.83,7,74.35,20,2026-10-02
ENG09855,STU09855,6.41,8,53.33,7,47.52,26,2026-10-02
ENG09856,STU09856,16.53,22,95.65,1,76.23,43,2026-10-02
ENG09857,STU09857,12.43,12,66.67,6,76.52,31,2026-10-02
ENG09858,STU09858,0,8,61.54,5,43.47,13,2026-10-02
ENG09859,STU09859,6.65,8,50.0,8,64.13,10,2026-10-02
ENG09860,STU09860,1.06,8,66.67,4,39.1,0,2026-10-02
ENG09861,STU09861,12.74,13,61.9,8,49.04,34,2026-10-02
ENG09862,STU09862,0,5,26.32,14,27.68,11,2026-10-02
ENG09863,STU09863,11.5,15,71.43,6,64.7,28,2026-10-02
ENG09864,STU09864,0,12,52.17,11,51.09,7,2026-10-02
ENG09865,STU09865,13.44,15,78.95,4,54.55,26,2026-10-02
ENG09866,STU09866,15.33,18,90.0,2,78.24,22,2026-10-02
ENG09867,STU09867,8.62,12,100.0,0,82.5,30,2026-10-02
ENG09868,STU09868,4.79,8,42.11,11,57.79,18,2026-10-02
ENG09869,STU09869,1.48,12,70.59,5,39.94,5,2026-10-02
ENG09870,STU09870,10.66,14,63.64,8,74.08,25,2026-10-02
ENG09871,STU09871,4.23,12,63.16,7,69.63,7,2026-10-02
ENG09872,STU09872,16.26,13,81.25,3,71.96,40,2026-10-02
ENG09873,STU09873,0.37,6,28.57,15,37.62,10,2026-10-02
ENG09874,STU09874,7.77,10,55.56,8,57.24,8,2026-10-02
ENG09875,STU09875,6.81,12,80.0,3,59.2,28,2026-10-02
ENG09876,STU09876,7.38,9,64.29,5,62.62,22,2026-10-02
ENG09877,STU09877,11.77,17,73.91,6,67.54,23,2026-10-02
ENG09878,STU09878,14.51,20,95.24,1,79.19,28,2026-10-02
ENG09879,STU09879,5.92,11,84.62,2,60.95,20,2026-10-02
ENG09880,STU09880,3.91,8,53.33,7,66.18,19,2026-10-02
ENG09881,STU09881,0.15,10,43.48,13,55.85,0,2026-10-02
ENG09882,STU09882,7.72,14,66.67,7,41.31,28,2026-10-02
ENG09883,STU09883,13.42,12,85.71,2,69.38,29,2026-10-02
ENG09884,STU09884,0.43,9,64.29,5,51.48,9,2026-10-02
ENG09885,STU09885,0.59,8,40.0,12,48.71,0,2026-10-02
ENG09886,STU09886,8.07,12,63.16,7,58.09,29,2026-10-02
ENG09887,STU09887,0,8,50.0,8,59.17,12,2026-10-02
ENG09888,STU09888,6.09,6,50.0,6,53.54,8,2026-10-02
ENG09889,STU09889,10.21,10,66.67,5,59.15,33,2026-10-02
ENG09890,STU09890,14.97,12,92.31,1,68.72,32,2026-10-02
ENG09891,STU09891,1.87,8,44.44,10,41.49,10,2026-10-02
ENG09892,STU09892,4.58,11,57.89,8,41.14,10,2026-10-02
ENG09893,STU09893,0,9,60.0,6,52.98,0,2026-10-02
ENG09894,STU09894,15.91,14,82.35,3,93.27,33,2026-10-02
ENG09895,STU09895,6.45,7,53.85,6,55.77,15,2026-10-02
ENG09896,STU09896,7.91,13,72.22,5,55.31,20,2026-10-02
ENG09897,STU09897,10.5,13,76.47,4,63.09,22,2026-10-02
ENG09898,STU09898,6.86,13,72.22,5,64.82,10,2026-10-02
ENG09899,STU09899,13.98,12,75.0,4,64.07,27,2026-10-02
ENG09900,STU09900,13.94,15,88.24,2,92.96,29,2026-10-02
ENG09901,STU09901,5.47,10,66.67,5,53.35,20,2026-10-02
ENG09902,STU09902,5.91,9,75.0,3,57.49,12,2026-10-02
ENG09903,STU09903,8.86,12,75.0,4,66.31,23,2026-10-02
ENG09904,STU09904,15.8,11,91.67,1,85.7,32,2026-10-02
ENG09905,STU09905,0.96,10,71.43,4,52.12,9,2026-10-02
ENG09906,STU09906,7.49,12,92.31,1,67.7,24,2026-10-02
ENG09907,STU09907,7.29,9,69.23,4,68.01,14,2026-10-02
ENG09908,STU09908,10.85,20,83.33,4,82.51,26,2026-10-02
ENG09909,STU09909,15.53,8,61.54,5,64.65,28,2026-10-02
ENG09910,STU09910,12.47,10,71.43,4,93.34,28,2026-10-02
ENG09911,STU09911,5.03,9,60.0,6,54.26,8,2026-10-02
ENG09912,STU09912,7.17,12,70.59,5,71.67,26,2026-10-02
ENG09913,STU09913,4.47,9,45.0,11,43.52,10,2026-10-02
ENG09914,STU09914,3.63,7,50.0,7,60.4,2,2026-10-02
ENG09915,STU09915,11.54,7,58.33,5,53.53,27,2026-10-02
ENG09916,STU09916,8.82,8,53.33,7,64.73,19,2026-10-02
ENG09917,STU09917,8.46,11,84.62,2,69.41,19,2026-10-02
ENG09918,STU09918,0,8,40.0,12,43.58,9,2026-10-02
ENG09919,STU09919,4.99,6,50.0,6,74.99,13,2026-10-02
ENG09920,STU09920,2.0,8,57.14,6,57.72,13,2026-10-02
ENG09921,STU09921,2.87,9,45.0,11,61.9,14,2026-10-02
ENG09922,STU09922,2.9,6,46.15,7,45.07,8,2026-10-02
ENG09923,STU09923,5.52,19,95.0,1,75.1,33,2026-10-02
ENG09924,STU09924,0.52,12,57.14,9,66.84,8,2026-10-02
ENG09925,STU09925,8.14,13,56.52,10,55.86,19,2026-10-02
ENG09926,STU09926,0.13,8,53.33,7,47.91,0,2026-10-02
ENG09927,STU09927,6.31,7,31.82,15,46.3,10,2026-10-02
ENG09928,STU09928,11.06,9,64.29,5,60.27,28,2026-10-02
ENG09929,STU09929,3.67,12,66.67,6,65.82,13,2026-10-02
ENG09930,STU09930,14.98,17,80.95,4,75.85,33,2026-10-02
ENG09931,STU09931,13.6,14,93.33,1,61.65,26,2026-10-02
ENG09932,STU09932,2.81,17,73.91,6,65.7,14,2026-10-02
ENG09933,STU09933,11.16,15,78.95,4,58.58,23,2026-10-02
ENG09934,STU09934,6.33,15,62.5,9,55.33,20,2026-10-02
ENG09935,STU09935,2.89,12,60.0,8,44.35,10,2026-10-02
ENG09936,STU09936,2.7,15,65.22,8,47.78,23,2026-10-02
ENG09937,STU09937,1.6,11,57.89,8,52.64,1,2026-10-02
ENG09938,STU09938,1.08,8,44.44,10,36.25,9,2026-10-02
ENG09939,STU09939,12.87,13,56.52,10,70.49,16,2026-10-02
ENG09940,STU09940,11.55,14,87.5,2,59.93,24,2026-10-02
ENG09941,STU09941,1.14,11,50.0,11,51.09,11,2026-10-02
ENG09942,STU09942,0,10,47.62,11,32.32,5,2026-10-02
ENG09943,STU09943,10.16,9,56.25,7,61.66,21,2026-10-02
ENG09944,STU09944,13.54,18,75.0,6,60.66,28,2026-10-02
ENG09945,STU09945,0,10,45.45,12,52.99,4,2026-10-02
ENG09946,STU09946,17.6,13,92.86,1,87.4,29,2026-10-02
ENG09947,STU09947,14.53,11,68.75,5,64.22,27,2026-10-02
ENG09948,STU09948,0,7,53.85,6,60.87,15,2026-10-02
ENG09949,STU09949,0,7,43.75,9,48.44,7,2026-10-02
ENG09950,STU09950,19.4,15,93.75,1,77.72,40,2026-10-02
ENG09951,STU09951,10.0,11,73.33,4,55.85,29,2026-10-02
ENG09952,STU09952,10.45,20,95.24,1,82.16,29,2026-10-02
ENG09953,STU09953,15.64,22,100.0,0,82.74,32,2026-10-02
ENG09954,STU09954,0.39,3,21.43,11,34.58,5,2026-10-02
ENG09955,STU09955,7.28,12,54.55,10,48.69,17,2026-10-02
ENG09956,STU09956,15.29,14,82.35,3,100.0,35,2026-10-02
ENG09957,STU09957,7.57,16,69.57,7,53.37,24,2026-10-02
ENG09958,STU09958,11.15,9,69.23,4,75.03,24,2026-10-02
ENG09959,STU09959,6.71,14,77.78,4,57.11,17,2026-10-02
ENG09960,STU09960,4.46,11,57.89,8,59.5,8,2026-10-02
ENG09961,STU09961,3.31,8,38.1,13,45.42,16,2026-10-02
ENG09962,STU09962,0,6,46.15,7,51.36,9,2026-10-02
ENG09963,STU09963,10.34,17,70.83,7,79.48,16,2026-10-02
ENG09964,STU09964,18.93,17,85.0,3,73.74,41,2026-10-02
ENG09965,STU09965,7.92,14,73.68,5,82.64,17,2026-10-02
ENG09966,STU09966,12.84,12,80.0,3,79.12,31,2026-10-02
ENG09967,STU09967,11.22,14,70.0,6,65.73,24,2026-10-02
ENG09968,STU09968,0,5,29.41,12,40.3,0,2026-10-02
ENG09969,STU09969,10.89,11,91.67,1,76.59,25,2026-10-02
ENG09970,STU09970,1.39,12,57.14,9,54.28,12,2026-10-02
ENG09971,STU09971,11.69,12,75.0,4,65.75,33,2026-10-02
ENG09972,STU09972,20.54,19,82.61,4,79.59,38,2026-10-02
ENG09973,STU09973,10.4,11,78.57,3,61.29,18,2026-10-02
ENG09974,STU09974,14.17,16,76.19,5,84.61,33,2026-10-02
ENG09975,STU09975,15.92,20,90.91,2,82.49,44,2026-10-02
ENG09976,STU09976,11.65,12,80.0,3,73.82,29,2026-10-02
ENG09977,STU09977,3.98,12,60.0,8,33.93,22,2026-10-02
ENG09978,STU09978,7.75,18,75.0,6,63.36,23,2026-10-02
ENG09979,STU09979,10.91,17,77.27,5,67.03,24,2026-10-02
ENG09980,STU09980,8.05,9,56.25,7,58.44,17,2026-10-02
ENG09981,STU09981,4.06,14,58.33,10,76.13,20,2026-10-02
ENG09982,STU09982,2.87,9,60.0,6,67.86,24,2026-10-02
ENG09983,STU09983,2.7,13,54.17,11,45.8,5,2026-10-02
ENG09984,STU09984,10.51,9,69.23,4,69.09,14,2026-10-02
ENG09985,STU09985,0,12,52.17,11,46.1,0,2026-10-02
ENG09986,STU09986,18.7,14,77.78,4,91.46,25,2026-10-02
ENG09987,STU09987,10.95,13,76.47,4,74.95,24,2026-10-02
ENG09988,STU09988,8.47,19,86.36,3,82.24,23,2026-10-02
ENG09989,STU09989,0.84,9,42.86,12,31.01,11,2026-10-02
ENG09990,STU09990,8.17,18,81.82,4,72.04,27,2026-10-02
ENG09991,STU09991,13.64,9,69.23,4,57.33,32,2026-10-02
ENG09992,STU09992,11.82,12,52.17,11,53.93,19,2026-10-02
ENG09993,STU09993,8.09,10,83.33,2,70.99,21,2026-10-02
ENG09994,STU09994,11.27,10,83.33,2,75.68,28,2026-10-02
ENG09995,STU09995,2.77,11,47.83,12,40.2,16,2026-10-02
ENG09996,STU09996,1.73,7,58.33,5,48.12,1,2026-10-02
ENG09997,STU09997,14.04,11,84.62,2,68.45,28,2026-10-02
ENG09998,STU09998,8.09,13,76.47,4,65.44,28,2026-10-02
ENG09999,STU09999,7.49,14,70.0,6,53.5,16,2026-10-02
ENG10000,STU10000,12.09,13,61.9,8,64.55,24,2026-10-02
