student_id,age,gender,grade,school_id,enrollment_date
STU00001,16,Female,11,SCH023,2026-11-16
STU00002,16,Male,10,SCH018,2023-05-26
STU00003,17,Female,11,SCH010,2023-08-27
STU00004,17,Male,10,SCH023,2022-03-26
STU00005,13,Female,7,SCH022,2023-03-18
STU00006,16,Male,11,SCH013,2024-06-27
STU00007,18,Male,12,SCH015,2022-04-17
STU00008,16,Male,9,SCH013,2024-03-23
STU00009,16,Female,10,SCH014,2024-08-27
STU00010,18,Male,12,SCH015,2024-08-12
STU00011,16,Female,10,SCH017,2024-04-15
STU00012,13,Non-binary,8,SCH003,2024-04-14
STU00013,17,Female,11,SCH012,2022-04-04
STU00014,15,Female,10,SCH015,2023-11-23
STU00015,17,Male,11,SCH025,2022-02-05
STU00016,14,Female,8,SCH010,2026-02-19
STU00017,14,Female,9,SCH018,2022-03-09
STU00018,19,Female,12,SCH010,2026-01-04
STU00019,17,Female,10,SCH009,2022-09-18
STU00020,14,Male,9,SCH014,2024-01-04
STU00021,17,Female,12,SCH008,2024-09-09
STU00022,15,Female,8,SCH013,2026-05-09
STU00023,14,Male,8,SCH016,2022-06-10
STU00024,18,Male,11,SCH013,2026-05-05
STU00025,14,Female,9,SCH014,2023-07-25
STU00026,13,Male,8,SCH004,2024-07-02
STU00027,18,Female,12,SCH016,2023-09-08
STU00028,18,Male,12,SCH009,2023-11-14
STU00029,19,Female,12,SCH024,2025-08-28
STU00030,18,Female,12,SCH025,2025-09-12
STU00031,14,Non-binary,9,SCH019,2023-06-02
STU00032,17,Male,12,SCH005,2024-12-01
STU00033,15,Female,10,SCH004,2023-07-13
STU00034,13,Male,8,SCH024,2026-09-09
STU00035,16,Female,10,SCH014,2024-12-02
STU00036,15,Male,8,SCH004,2025-12-03
STU00037,14,Male,7,SCH022,2023-12-16
STU00038,19,Male,12,SCH018,2022-01-21
STU00039,17,Male,11,SCH023,2022-02-05
STU00040,15,Male,9,SCH015,2023-09-19
STU00041,15,Male,10,SCH016,2025-02-07
STU00042,15,Male,8,SCH004,2023-04-15
STU00043,15,Male,8,SCH022,2023-10-12
STU00044,18,Male,12,SCH007,2025-06-23
STU00045,18,Male,12,SCH025,2024-11-23
STU00046,16,Female,9,SCH023,2024-02-22
STU00047,17,Female,11,SCH004,2025-08-10
STU00048,15,Male,8,SCH004,2023-11-07
STU00049,16,Male,10,SCH008,2024-09-23
STU00050,13,Male,8,SCH010,2022-03-23
STU00051,15,Female,9,SCH005,2026-08-21
STU00052,15,Female,8,SCH003,2023-02-24
STU00053,17,Female,11,SCH010,2026-06-08
STU00054,17,Female,10,SCH013,2025-09-16
STU00055,15,Female,8,SCH002,2025-04-04
STU00056,14,Female,8,SCH007,2026-08-28
STU00057,12,Female,7,SCH020,2026-09-21
STU00058,18,Male,11,SCH004,2022-01-16
STU00059,18,Male,12,SCH023,2025-06-27
STU00060,18,Male,11,SCH017,2026-05-27
STU00061,19,Male,12,SCH021,2026-03-21
STU00062,15,Female,10,SCH001,2026-03-28
STU00063,15,Female,10,SCH009,2023-02-15
STU00064,16,Male,9,SCH020,2026-08-03
STU00065,17,Female,12,SCH009,2026-12-23
STU00066,15,Male,8,SCH005,2025-03-22
STU00067,15,Male,10,SCH019,2024-09-25
STU00068,14,Female,9,SCH019,2023-07-04
STU00069,17,Female,12,SCH019,2024-05-19
STU00070,17,Male,10,SCH019,2026-04-27
STU00071,18,Male,11,SCH006,2024-12-11
STU00072,14,Female,9,SCH003,2022-11-14
STU00073,15,Female,10,SCH008,2023-04-08
STU00074,13,Female,8,SCH015,2024-09-18
STU00075,15,Male,8,SCH010,2022-12-01
STU00076,19,Male,12,SCH001,2026-05-22
STU00077,17,Female,10,SCH018,2023-04-08
STU00078,17,Male,12,SCH022,2023-03-09
STU00079,17,Female,12,SCH004,2025-07-09
STU00080,14,Male,9,SCH020,2026-11-08
STU00081,14,Male,7,SCH011,2023-11-25
STU00082,18,Male,11,SCH002,2025-04-09
STU00083,13,Female,7,SCH006,2026-09-07
STU00084,14,Female,9,SCH022,2025-04-14
STU00085,16,Male,9,SCH014,2026-03-19
STU00086,18,Male,11,SCH013,2025-04-14
STU00087,18,Female,12,SCH019,2025-01-09
STU00088,13,Female,8,SCH025,2023-04-19
STU00089,14,Male,9,SCH004,2024-10-22
STU00090,13,Female,7,SCH008,2023-10-13
STU00091,17,Female,10,SCH011,2022-12-10
STU00092,19,Female,12,SCH008,2026-04-25
STU00093,15,Male,10,SCH025,2026-07-09
STU00094,15,Female,10,SCH017,2025-11-11
STU00095,13,Female,8,SCH020,2025-04-06
STU00096,16,Female,9,SCH008,2026-10-16
STU00097,14,Non-binary,8,SCH018,2024-10-01
STU00098,17,Female,12,SCH019,2022-04-02
STU00099,13,Male,8,SCH011,2024-09-21
STU00100,15,Female,10,SCH012,2022-10-08
STU00101,17,Male,11,SCH008,2023-06-24
STU00102,12,Female,7,SCH022,2024-04-05
STU00103,14,Male,9,SCH016,2024-12-17
STU00104,17,Female,11,SCH025,2023-04-08
STU00105,18,Male,11,SCH010,2026-03-06
STU00106,19,Female,12,SCH024,2024-09-14
STU00107,17,Male,11,SCH004,2022-07-18
STU00108,16,Female,10,SCH018,2023-12-15
STU00109,16,Male,10,SCH024,2024-04-11
STU00110,15,Female,9,SCH008,2026-01-25
STU00111,17,Female,11,SCH007,2022-12-03
STU00112,17,Female,11,SCH022,2025-06-19
STU00113,16,Male,11,SCH006,2023-07-05
STU00114,12,Female,7,SCH003,2023-01-20
STU00115,14,Male,9,SCH022,2026-01-03
STU00116,18,Female,11,SCH007,2026-08-19
STU00117,14,Female,7,SCH024,2022-03-07
STU00118,17,Male,11,SCH006,2022-01-03
STU00119,13,Female,8,SCH012,2024-11-24
STU00120,16,Male,9,SCH002,2023-08-15
STU00121,16,Male,10,SCH002,2024-02-01
STU00122,12,Male,7,SCH019,2023-08-19
STU00123,17,Female,10,SCH023,2024-12-04
STU00124,17,Female,11,SCH022,2024-09-14
STU00125,14,Non-binary,8,SCH019,2026-05-25
STU00126,16,Female,11,SCH021,2022-07-19
STU00127,15,Female,9,SCH011,2023-12-03
STU00128,16,Male,10,SCH002,2024-12-12
STU00129,15,Male,8,SCH010,2023-07-14
STU00130,15,Female,8,SCH007,2023-06-22
STU00131,14,Male,9,SCH007,2023-08-28
STU00132,16,Female,9,SCH020,2024-02-03
STU00133,15,Male,8,SCH009,2026-06-27
STU00134,17,Male,10,SCH017,2024-04-11
STU00135,15,Male,10,SCH006,2022-01-12
STU00136,15,Male,8,SCH013,2023-07-14
STU00137,17,Male,10,SCH004,2023-12-27
STU00138,15,Female,10,SCH011,2026-10-08
STU00139,16,Female,10,SCH024,2023-09-17
STU00140,17,Male,12,SCH001,2022-04-01
STU00141,15,Female,10,SCH017,2022-02-01
STU00142,12,Male,7,SCH017,2024-09-24
STU00143,18,Male,12,SCH017,2025-06-19
STU00144,17,Male,10,SCH020,2025-11-06
STU00145,19,Female,12,SCH009,2024-12-22
STU00146,17,Female,11,SCH006,2024-04-25
STU00147,15,Female,10,SCH004,2025-10-06
STU00148,16,Male,11,SCH009,2024-09-18
STU00149,17,Male,10,SCH006,2023-05-10
STU00150,18,Female,11,SCH023,2026-11-16
STU00151,15,Male,8,SCH004,2022-12-20
STU00152,16,Female,11,SCH011,2026-09-13
STU00153,15,Male,9,SCH003,2023-10-12
STU00154,15,Female,8,SCH003,2024-07-24
STU00155,15,Female,8,SCH010,2024-12-08
STU00156,18,Male,11,SCH008,2025-11-19
STU00157,13,Female,8,SCH023,2023-04-09
STU00158,19,Female,12,SCH022,2026-01-03
STU00159,17,Female,11,SCH006,2025-09-16
STU00160,18,Male,12,SCH020,2022-09-08
STU00161,17,Non-binary,10,SCH019,2025-10-03
STU00162,19,Female,12,SCH015,2022-05-15
STU00163,16,Male,10,SCH006,2023-12-25
STU00164,15,Female,9,SCH001,2022-11-02
STU00165,16,Female,11,SCH003,2026-05-23
STU00166,16,Female,9,SCH024,2026-10-14
STU00167,17,Female,10,SCH024,2025-04-15
STU00168,12,Female,7,SCH014,2026-09-18
STU00169,13,Male,7,SCH021,2026-08-13
STU00170,19,Male,12,SCH004,2023-03-04
STU00171,18,Male,11,SCH024,2025-01-24
STU00172,19,Male,12,SCH023,2022-04-21
STU00173,15,Female,10,SCH006,2026-11-07
STU00174,14,Male,9,SCH001,2023-11-15
STU00175,13,Non-binary,8,SCH001,2024-06-02
STU00176,16,Male,11,SCH020,2025-03-26
STU00177,16,Female,10,SCH016,2023-03-15
STU00178,15,Female,10,SCH002,2025-08-13
STU00179,14,Female,9,SCH005,2025-08-09
STU00180,13,Male,7,SCH016,2026-04-02
STU00181,15,Male,8,SCH005,2022-01-27
STU00182,15,Female,10,SCH011,2026-05-17
STU00183,18,Male,12,SCH021,2022-08-01
STU00184,15,Male,8,SCH011,2023-10-22
STU00185,18,Male,11,SCH024,2026-10-13
STU00186,18,Female,12,SCH008,2023-08-05
STU00187,17,Female,12,SCH023,2025-01-07
STU00188,16,Female,9,SCH015,2022-09-14
STU00189,14,Female,8,SCH007,2023-02-09
STU00190,16,Female,10,SCH002,2024-11-22
STU00191,17,Female,11,SCH011,2024-11-19
STU00192,15,Female,9,SCH023,2022-03-12
STU00193,12,Male,7,SCH021,2026-08-15
STU00194,17,Male,10,SCH005,2023-07-06
STU00195,17,Female,12,SCH001,2026-08-24
STU00196,15,Female,9,SCH004,2026-05-04
STU00197,15,Female,10,SCH022,2025-09-09
STU00198,15,Male,10,SCH002,2023-06-20
STU00199,19,Male,12,SCH015,2025-04-17
STU00200,18,Female,12,SCH009,2026-07-09
STU00201,13,Female,8,SCH011,2025-06-28
STU00202,18,Female,12,SCH023,2023-09-14
STU00203,18,Female,11,SCH020,2024-06-04
STU00204,16,Female,10,SCH024,2026-06-25
STU00205,18,Female,11,SCH016,2022-06-09
STU00206,14,Female,9,SCH020,2024-08-07
STU00207,17,Female,10,SCH022,2025-02-19
STU00208,15,Female,10,SCH023,2026-08-18
STU00209,14,Male,8,SCH018,2024-08-02
STU00210,15,Female,8,SCH017,2023-01-23
STU00211,15,Female,8,SCH006,2024-06-08
STU00212,14,Male,8,SCH007,2022-07-02
STU00213,16,Male,9,SCH004,2025-01-03
STU00214,17,Female,11,SCH018,2022-05-15
STU00215,16,Male,11,SCH007,2024-12-19
STU00216,16,Female,11,SCH018,2025-07-12
STU00217,17,Male,11,SCH012,2023-09-16
STU00218,18,Male,12,SCH018,2024-07-25
STU00219,16,Female,11,SCH012,2023-04-12
STU00220,15,Female,8,SCH011,2026-09-16
STU00221,19,Male,12,SCH018,2022-04-06
STU00222,16,Female,11,SCH012,2025-04-10
STU00223,19,Female,12,SCH016,2025-07-01
STU00224,17,Male,10,SCH012,2023-11-18
STU00225,17,Male,11,SCH024,2026-07-06
STU00226,16,Male,11,SCH012,2025-06-11
STU00227,16,Female,10,SCH019,2024-11-08
STU00228,15,Male,10,SCH025,2023-06-12
STU00229,16,Male,11,SCH016,2025-10-17
STU00230,15,Male,10,SCH007,2026-12-03
STU00231,15,Non-binary,10,SCH024,2024-03-10
STU00232,17,Male,10,SCH017,2026-01-26
STU00233,15,Female,8,SCH018,2023-03-22
STU00234,12,Male,7,SCH009,2026-06-01
STU00235,17,Male,12,SCH016,2025-04-26
STU00236,15,Male,10,SCH011,2024-11-05
STU00237,17,Female,10,SCH017,2025-03-11
STU00238,14,Female,9,SCH001,2026-12-01
STU00239,16,Male,10,SCH023,2023-04-08
STU00240,17,Male,10,SCH015,2026-12-13
STU00241,13,Female,8,SCH004,2023-03-27
STU00242,16,Female,11,SCH010,2022-06-11
STU00243,13,Female,7,SCH010,2022-04-12
STU00244,17,Female,11,SCH023,2022-07-22
STU00245,18,Male,12,SCH022,2023-10-13
STU00246,17,Male,12,SCH020,2024-09-20
STU00247,17,Male,10,SCH012,2024-01-14
STU00248,14,Female,9,SCH020,2022-04-21
STU00249,15,Female,10,SCH019,2023-06-25
STU00250,16,Male,10,SCH017,2026-04-07
STU00251,17,Male,10,SCH019,2026-11-11
STU00252,15,Male,9,SCH011,2022-12-19
STU00253,17,Male,10,SCH011,2023-12-26
STU00254,17,Male,11,SCH023,2024-05-04
STU00255,17,Male,10,SCH009,2024-06-21
STU00256,12,Female,7,SCH023,2025-03-27
STU00257,16,Female,11,SCH008,2025-02-22
STU00258,15,Male,10,SCH014,2025-06-16
STU00259,18,Male,11,SCH003,2025-01-08
STU00260,13,Male,7,SCH015,2026-12-23
STU00261,16,Female,9,SCH015,2023-05-12
STU00262,15,Female,10,SCH003,2026-10-25
STU00263,13,Male,7,SCH013,2023-02-16
STU00264,15,Male,9,SCH004,2025-09-01
STU00265,19,Female,12,SCH002,2022-10-09
STU00266,15,Male,9,SCH025,2025-05-14
STU00267,17,Female,10,SCH007,2025-06-01
STU00268,15,Male,10,SCH002,2026-12-03
STU00269,16,Male,10,SCH023,2025-12-18
STU00270,17,Female,11,SCH014,2026-04-17
STU00271,14,Female,8,SCH013,2024-01-14
STU00272,17,Female,11,SCH001,2024-01-14
STU00273,18,Male,11,SCH019,2023-01-26
STU00274,19,Male,12,SCH002,2024-05-22
STU00275,14,Female,8,SCH007,2022-01-04
STU00276,14,Female,7,SCH021,2022-12-20
STU00277,16,Male,10,SCH021,2023-07-26
STU00278,15,Male,10,SCH005,2025-01-07
STU00279,15,Female,8,SCH014,2023-10-20
STU00280,14,Male,7,SCH024,2025-03-17
STU00281,16,Male,10,SCH022,2022-09-25
STU00282,16,Male,10,SCH017,2022-11-17
STU00283,16,Female,11,SCH018,2026-08-20
STU00284,15,Male,10,SCH014,2026-01-22
STU00285,16,Male,9,SCH021,2026-12-07
STU00286,15,Female,9,SCH024,2024-06-27
STU00287,17,Female,10,SCH004,2024-04-23
STU00288,12,Male,7,SCH017,2023-09-15
STU00289,13,Non-binary,8,SCH023,2022-01-01
STU00290,16,Female,9,SCH003,2026-03-27
STU00291,18,Female,11,SCH015,2026-09-10
STU00292,14,Female,8,SCH013,2023-01-11
STU00293,14,Female,9,SCH010,2022-02-03
STU00294,15,Male,10,SCH020,2022-06-07
STU00295,13,Female,7,SCH001,2025-09-03
STU00296,14,Female,7,SCH011,2022-08-20
STU00297,17,Female,11,SCH009,2022-06-22
STU00298,13,Male,8,SCH017,2022-01-24
STU00299,18,Male,11,SCH017,2022-10-22
STU00300,17,Male,12,SCH011,2022-01-23
STU00301,16,Male,9,SCH001,2022-06-07
STU00302,14,Male,7,SCH019,2022-06-13
STU00303,16,Male,9,SCH018,2022-01-13
STU00304,17,Male,10,SCH001,2025-03-05
STU00305,18,Female,12,SCH009,2024-04-17
STU00306,16,Female,10,SCH022,2023-12-22
STU00307,13,Female,7,SCH025,2022-01-12
STU00308,17,Male,11,SCH015,2024-01-27
STU00309,16,Female,10,SCH016,2026-05-22
STU00310,16,Female,10,SCH008,2026-03-04
STU00311,16,Female,11,SCH024,2024-12-11
STU00312,13,Female,8,SCH014,2026-03-22
STU00313,14,Female,7,SCH006,2026-10-17
STU00314,18,Male,11,SCH011,2024-08-22
STU00315,15,Male,10,SCH005,2022-06-26
STU00316,14,Male,9,SCH011,2024-09-20
STU00317,15,Male,8,SCH008,2022-09-27
STU00318,16,Male,11,SCH007,2023-02-14
STU00319,13,Male,8,SCH007,2023-08-02
STU00320,14,Male,8,SCH023,2024-12-03
STU00321,13,Male,7,SCH022,2023-04-15
STU00322,14,Female,7,SCH025,2022-09-05
STU00323,16,Male,10,SCH011,2022-09-09
STU00324,17,Male,10,SCH003,2026-12-27
STU00325,15,Non-binary,9,SCH020,2024-03-11
STU00326,17,Male,10,SCH002,2025-04-23
STU00327,18,Female,11,SCH024,2026-10-03
STU00328,15,Female,8,SCH013,2024-01-02
STU00329,15,Male,8,SCH005,2022-08-27
STU00330,15,Female,10,SCH023,2026-10-06
STU00331,18,Male,12,SCH019,2026-08-25
STU00332,15,Female,10,SCH014,2023-05-22
STU00333,19,Female,12,SCH004,2025-01-20
STU00334,17,Male,12,SCH020,2023-03-12
STU00335,18,Female,11,SCH011,2025-12-26
STU00336,19,Male,12,SCH016,2026-01-25
STU00337,16,Male,10,SCH001,2024-12-26
STU00338,17,Female,11,SCH017,2025-04-13
STU00339,17,Male,11,SCH005,2022-10-03
STU00340,15,Male,10,SCH008,2025-11-05
STU00341,14,Male,9,SCH007,2024-06-10
STU00342,13,Male,7,SCH002,2024-07-01
STU00343,12,Female,7,SCH002,2025-06-11
STU00344,17,Female,11,SCH005,2022-12-26
STU00345,16,Female,9,SCH017,2026-09-13
STU00346,12,Female,7,SCH011,2025-01-22
STU00347,16,Female,11,SCH004,2023-07-22
STU00348,18,Female,12,SCH022,2026-03-18
STU00349,12,Male,7,SCH021,2023-11-20
STU00350,17,Male,12,SCH009,2023-06-15
STU00351,12,Female,7,SCH025,2023-11-14
STU00352,16,Female,9,SCH024,2022-01-05
STU00353,17,Male,10,SCH022,2023-07-05
STU00354,15,Male,9,SCH003,2022-07-11
STU00355,18,Male,12,SCH017,2023-06-08
STU00356,14,Female,8,SCH008,2023-11-15
STU00357,16,Male,10,SCH011,2025-08-28
STU00358,19,Female,12,SCH010,2026-09-25
STU00359,13,Female,8,SCH013,2022-12-07
STU00360,16,Male,11,SCH007,2022-11-20
STU00361,19,Female,12,SCH017,2025-11-25
STU00362,18,Male,12,SCH007,2025-11-10
STU00363,16,Female,9,SCH020,2025-02-09
STU00364,16,Female,9,SCH009,2023-05-28
STU00365,13,Female,8,SCH009,2024-04-17
STU00366,17,Female,10,SCH019,2022-11-02
STU00367,15,Female,8,SCH013,2026-05-11
STU00368,15,Female,8,SCH018,2026-01-20
STU00369,19,Male,12,SCH013,2026-09-06
STU00370,16,Female,10,SCH005,2023-09-04
STU00371,17,Male,10,SCH013,2026-03-08
STU00372,16,Male,11,SCH016,2024-12-03
STU00373,19,Male,12,SCH006,2026-11-12
STU00374,18,Male,12,SCH018,2026-10-09
STU00375,15,Female,9,SCH003,2026-02-22
STU00376,16,Female,9,SCH005,2023-02-17
STU00377,18,Female,12,SCH005,2022-07-13
STU00378,14,Male,7,SCH022,2025-11-07
STU00379,15,Female,10,SCH004,2026-07-26
STU00380,19,Male,12,SCH018,2022-03-21
STU00381,15,Female,10,SCH011,2026-09-12
STU00382,15,Non-binary,9,SCH013,2025-10-09
STU00383,16,Female,10,SCH016,2022-06-04
STU00384,14,Female,8,SCH017,2022-07-28
STU00385,16,Male,9,SCH010,2025-12-06
STU00386,13,Male,7,SCH005,2022-10-26
STU00387,16,Male,9,SCH014,2025-08-03
STU00388,17,Female,10,SCH003,2026-04-25
STU00389,18,Male,12,SCH016,2024-11-02
STU00390,13,Male,7,SCH005,2026-08-07
STU00391,15,Male,10,SCH016,2026-04-08
STU00392,17,Female,11,SCH005,2023-10-08
STU00393,15,Female,8,SCH014,2024-12-14
STU00394,16,Female,11,SCH018,2023-04-27
STU00395,13,Female,7,SCH018,2025-05-16
STU00396,15,Female,9,SCH016,2022-01-04
STU00397,17,Female,10,SCH022,2023-11-23
STU00398,13,Male,8,SCH008,2023-06-26
STU00399,18,Female,11,SCH007,2022-04-18
STU00400,15,Male,10,SCH013,2025-11-18
STU00401,15,Female,10,SCH012,2023-09-26
STU00402,15,Male,8,SCH007,2026-09-09
STU00403,14,Female,8,SCH003,2024-08-14
STU00404,18,Female,12,SCH014,2025-11-05
STU00405,16,Male,10,SCH022,2025-08-18
STU00406,17,Male,10,SCH018,2026-10-02
STU00407,18,Female,11,SCH025,2026-11-07
STU00408,17,Male,10,SCH022,2025-11-26
STU00409,15,Male,10,SCH023,2024-03-04
STU00410,15,Female,10,SCH007,2025-04-19
STU00411,16,Female,10,SCH017,2025-01-06
STU00412,13,Male,8,SCH024,2024-05-06
STU00413,16,Male,9,SCH016,2025-02-04
STU00414,16,Male,11,SCH022,2025-02-14
STU00415,17,Male,10,SCH023,2026-01-24
STU00416,16,Male,10,SCH020,2026-07-23
STU00417,12,Female,7,SCH012,2022-05-22
STU00418,14,Female,8,SCH009,2023-09-10
STU00419,16,Female,9,SCH012,2023-04-17
STU00420,12,Female,7,SCH019,2026-01-01
STU00421,17,Male,10,SCH016,2026-05-05
STU00422,16,Female,9,SCH001,2023-06-26
STU00423,18,Female,12,SCH020,2023-07-04
STU00424,17,Female,10,SCH003,2026-09-09
STU00425,16,Male,10,SCH014,2022-02-24
STU00426,16,Male,9,SCH002,2025-04-13
STU00427,14,Female,7,SCH013,2025-10-02
STU00428,14,Male,9,SCH020,2022-09-15
STU00429,15,Female,10,SCH013,2022-12-24
STU00430,17,Male,10,SCH014,2025-09-05
STU00431,13,Male,8,SCH024,2022-11-14
STU00432,18,Male,11,SCH017,2026-03-23
STU00433,15,Female,8,SCH004,2025-10-08
STU00434,16,Male,9,SCH004,2022-08-24
STU00435,16,Female,9,SCH011,2025-10-20
STU00436,16,Male,11,SCH023,2026-02-11
STU00437,14,Male,8,SCH013,2026-09-03
STU00438,17,Male,10,SCH016,2025-04-04
STU00439,15,Female,9,SCH012,2023-02-17
STU00440,15,Male,10,SCH008,2023-09-23
STU00441,17,Male,10,SCH002,2022-12-23
STU00442,15,Female,10,SCH014,2023-08-20
STU00443,15,Male,9,SCH002,2023-07-09
STU00444,15,Male,8,SCH016,2022-07-28
STU00445,12,Male,7,SCH002,2026-06-08
STU00446,14,Female,9,SCH005,2023-12-05
STU00447,14,Female,9,SCH018,2023-07-15
STU00448,15,Male,10,SCH018,2023-05-23
STU00449,18,Female,11,SCH007,2025-10-06
STU00450,18,Male,11,SCH021,2024-06-25
STU00451,15,Female,10,SCH004,2026-03-21
STU00452,16,Male,10,SCH016,2025-08-24
STU00453,13,Male,8,SCH020,2023-05-15
STU00454,14,Female,8,SCH017,2022-04-22
STU00455,17,Male,12,SCH015,2022-11-10
STU00456,16,Male,10,SCH002,2024-10-11
STU00457,17,Female,11,SCH005,2022-06-09
STU00458,17,Male,11,SCH004,2023-03-09
STU00459,14,Male,8,SCH004,2023-06-02
STU00460,16,Female,9,SCH020,2023-01-18
STU00461,18,Female,12,SCH020,2024-02-05
STU00462,15,Female,10,SCH008,2023-06-27
STU00463,13,Female,8,SCH013,2024-08-06
STU00464,16,Male,10,SCH001,2024-06-25
STU00465,18,Male,12,SCH002,2026-12-27
STU00466,16,Female,11,SCH023,2026-03-01
STU00467,14,Female,7,SCH024,2024-12-17
STU00468,18,Male,12,SCH024,2025-08-14
STU00469,14,Male,8,SCH007,2022-01-20
STU00470,14,Female,8,SCH016,2023-04-13
STU00471,16,Female,9,SCH022,2025-01-27
STU00472,15,Female,10,SCH023,2022-09-23
STU00473,18,Male,11,SCH011,2026-02-04
STU00474,12,Female,7,SCH020,2024-05-24
STU00475,17,Male,12,SCH011,2023-10-22
STU00476,15,Female,10,SCH020,2023-09-19
STU00477,16,Male,11,SCH010,2022-12-05
STU00478,13,Female,8,SCH016,2024-06-11
STU00479,17,Female,11,SCH003,2022-01-26
STU00480,14,Male,8,SCH009,2023-02-17
STU00481,15,Male,9,SCH005,2026-10-25
STU00482,14,Female,8,SCH025,2025-03-27
STU00483,16,Female,11,SCH013,2023-03-21
STU00484,13,Male,7,SCH001,2024-03-28
STU00485,16,Male,10,SCH019,2024-09-21
STU00486,16,Female,11,SCH025,2024-10-04
STU00487,17,Female,11,SCH023,2024-06-20
STU00488,12,Female,7,SCH015,2026-04-25
STU00489,16,Female,9,SCH012,2022-03-11
STU00490,18,Male,11,SCH025,2023-08-22
STU00491,13,Male,7,SCH024,2024-08-07
STU00492,14,Male,9,SCH006,2022-09-02
STU00493,18,Female,11,SCH012,2023-02-04
STU00494,17,Female,10,SCH001,2023-06-22
STU00495,13,Female,8,SCH023,2024-03-18
STU00496,13,Male,8,SCH012,2022-03-20
STU00497,15,Female,10,SCH013,2025-09-13
STU00498,17,Male,11,SCH021,2025-02-15
STU00499,15,Female,10,SCH013,2024-06-11
STU00500,15,Male,8,SCH004,2025-02-24
STU00501,13,Female,8,SCH007,2024-12-27
STU00502,16,Female,10,SCH024,2026-12-26
STU00503,16,Male,9,SCH009,2024-09-14
STU00504,14,Female,9,SCH012,2025-10-07
STU00505,19,Female,12,SCH016,2026-08-08
STU00506,16,Male,9,SCH022,2024-04-15
STU00507,15,Male,8,SCH018,2025-06-23
STU00508,13,Female,8,SCH012,2022-03-16
STU00509,17,Male,11,SCH013,2025-08-17
STU00510,18,Female,12,SCH003,2025-12-16
STU00511,19,Male,12,SCH004,2026-04-14
STU00512,16,Male,9,SCH007,2024-04-08
STU00513,18,Female,11,SCH022,2026-12-16
STU00514,14,Male,9,SCH018,2026-01-09
STU00515,14,Female,7,SCH002,2023-11-21
STU00516,14,Female,9,SCH013,2023-01-27
STU00517,15,Male,8,SCH005,2024-03-24
STU00518,14,Male,8,SCH021,2025-12-21
STU00519,16,Female,9,SCH004,2023-10-20
STU00520,17,Female,12,SCH020,2026-02-09
STU00521,14,Female,9,SCH013,2026-07-23
STU00522,17,Male,10,SCH023,2023-05-20
STU00523,17,Female,11,SCH002,2026-05-04
STU00524,12,Non-binary,7,SCH025,2026-11-06
STU00525,17,Female,12,SCH001,2026-07-28
STU00526,18,Female,11,SCH009,2026-01-05
STU00527,13,Female,7,SCH024,2025-04-07
STU00528,17,Male,10,SCH007,2023-11-24
STU00529,17,Male,10,SCH016,2024-03-28
STU00530,18,Female,11,SCH010,2025-03-23
STU00531,15,Male,10,SCH023,2026-02-17
STU00532,15,Male,9,SCH011,2023-05-26
STU00533,18,Male,11,SCH021,2023-05-04
STU00534,18,Male,11,SCH021,2023-07-15
STU00535,12,Female,7,SCH004,2026-06-23
STU00536,17,Female,10,SCH007,2024-02-03
STU00537,16,Male,11,SCH015,2026-12-16
STU00538,16,Female,9,SCH013,2023-05-13
STU00539,14,Female,9,SCH015,2026-09-24
STU00540,18,Male,11,SCH013,2025-05-15
STU00541,12,Male,7,SCH005,2025-06-08
STU00542,16,Female,11,SCH015,2022-07-23
STU00543,15,Male,10,SCH004,2026-03-06
STU00544,16,Male,10,SCH015,2026-04-14
STU00545,15,Male,9,SCH009,2023-05-07
STU00546,15,Male,9,SCH014,2022-01-26
STU00547,16,Male,9,SCH017,2026-12-17
STU00548,15,Male,8,SCH022,2025-10-22
STU00549,19,Male,12,SCH024,2022-03-03
STU00550,17,Female,10,SCH016,2026-01-13
STU00551,15,Male,10,SCH016,2023-01-07
STU00552,16,Male,9,SCH025,2023-07-04
STU00553,15,Male,8,SCH011,2022-09-11
STU00554,17,Male,10,SCH019,2025-01-06
STU00555,13,Female,8,SCH016,2024-06-24
STU00556,12,Female,7,SCH017,2026-03-08
STU00557,12,Male,7,SCH007,2023-09-04
STU00558,15,Male,8,SCH014,2025-02-27
STU00559,14,Male,7,SCH019,2023-11-04
STU00560,17,Female,11,SCH018,2023-08-16
STU00561,15,Female,8,SCH019,2026-09-22
STU00562,16,Male,11,SCH002,2026-11-28
STU00563,19,Male,12,SCH010,2023-04-01
STU00564,18,Female,11,SCH023,2022-02-27
STU00565,14,Female,8,SCH009,2026-01-09
STU00566,16,Male,9,SCH018,2024-09-17
STU00567,16,Male,10,SCH017,2025-10-04
STU00568,17,Female,12,SCH007,2026-11-15
STU00569,19,Female,12,SCH008,2026-10-03
STU00570,18,Female,12,SCH023,2025-06-08
STU00571,16,Female,11,SCH009,2025-10-26
STU00572,16,Female,9,SCH021,2026-10-02
STU00573,16,Female,11,SCH007,2025-05-12
STU00574,17,Female,11,SCH023,2024-12-26
STU00575,16,Non-binary,11,SCH001,2022-08-15
STU00576,18,Male,11,SCH007,2024-02-04
STU00577,19,Male,12,SCH007,2022-12-10
STU00578,15,Male,8,SCH022,2024-06-06
STU00579,16,Female,10,SCH004,2025-07-06
STU00580,14,Male,8,SCH008,2026-12-21
STU00581,12,Female,7,SCH001,2025-06-25
STU00582,17,Female,10,SCH004,2023-01-14
STU00583,16,Male,11,SCH009,2023-09-24
STU00584,16,Male,11,SCH005,2025-05-02
STU00585,13,Female,7,SCH019,2025-03-04
STU00586,16,Male,10,SCH015,2025-03-10
STU00587,14,Female,7,SCH025,2026-03-14
STU00588,14,Female,8,SCH003,2024-11-11
STU00589,15,Male,9,SCH005,2022-10-17
STU00590,15,Male,9,SCH017,2023-12-19
STU00591,13,Female,7,SCH019,2022-03-19
STU00592,15,Male,9,SCH005,2026-09-20
STU00593,14,Male,9,SCH020,2025-05-19
STU00594,14,Female,7,SCH024,2024-04-08
STU00595,15,Female,9,SCH017,2025-04-07
STU00596,15,Female,10,SCH018,2026-09-02
STU00597,14,Female,9,SCH009,2023-12-26
STU00598,14,Male,9,SCH025,2025-02-26
STU00599,17,Female,10,SCH007,2023-12-06
STU00600,14,Female,9,SCH022,2023-07-12
STU00601,14,Male,9,SCH011,2026-04-07
STU00602,18,Female,12,SCH018,2025-05-10
STU00603,18,Male,11,SCH005,2023-03-05
STU00604,14,Female,7,SCH012,2023-03-08
STU00605,13,Male,8,SCH003,2023-05-15
STU00606,18,Female,11,SCH002,2025-10-14
STU00607,13,Male,7,SCH014,2026-05-16
STU00608,16,Male,10,SCH016,2024-06-11
STU00609,15,Male,8,SCH008,2026-06-23
STU00610,14,Female,7,SCH014,2023-10-04
STU00611,14,Male,7,SCH025,2023-02-18
STU00612,14,Female,8,SCH018,2025-08-09
STU00613,15,Male,9,SCH025,2024-01-05
STU00614,17,Female,12,SCH002,2026-02-20
STU00615,16,Non-binary,10,SCH009,2023-05-18
STU00616,19,Female,12,SCH018,2023-01-15
STU00617,14,Female,9,SCH004,2023-02-17
STU00618,13,Male,8,SCH012,2023-07-17
STU00619,16,Female,9,SCH003,2026-05-27
STU00620,17,Male,12,SCH003,2026-09-10
STU00621,16,Male,11,SCH007,2022-10-04
STU00622,16,Female,11,SCH012,2023-02-01
STU00623,15,Male,10,SCH019,2026-09-05
STU00624,15,Male,9,SCH009,2022-07-20
STU00625,15,Female,10,SCH024,2022-09-12
STU00626,14,Male,8,SCH023,2023-09-06
STU00627,16,Female,11,SCH006,2024-01-25
STU00628,18,Female,11,SCH004,2024-02-14
STU00629,17,Male,11,SCH007,2023-04-05
STU00630,14,Female,7,SCH002,2025-07-05
STU00631,17,Male,10,SCH022,2024-08-15
STU00632,16,Female,11,SCH003,2025-01-06
STU00633,17,Female,10,SCH020,2026-08-03
STU00634,15,Female,10,SCH016,2024-04-05
STU00635,15,Female,9,SCH003,2023-09-03
STU00636,16,Female,10,SCH005,2026-01-24
STU00637,14,Female,8,SCH013,2026-09-27
STU00638,14,Male,8,SCH013,2024-01-01
STU00639,17,Male,11,SCH003,2024-03-16
STU00640,14,Female,7,SCH007,2023-09-03
STU00641,15,Male,8,SCH010,2024-04-11
STU00642,18,Female,11,SCH009,2025-02-17
STU00643,17,Female,12,SCH023,2025-07-06
STU00644,13,Male,7,SCH004,2024-02-11
STU00645,13,Female,8,SCH022,2025-03-18
STU00646,17,Male,10,SCH004,2023-05-28
STU00647,15,Female,9,SCH019,2024-07-21
STU00648,17,Male,11,SCH012,2025-01-19
STU00649,19,Male,12,SCH024,2026-02-17
STU00650,17,Male,12,SCH018,2022-06-01
STU00651,16,Male,10,SCH009,2026-02-06
STU00652,17,Male,11,SCH003,2023-01-10
STU00653,15,Female,9,SCH020,2025-05-07
STU00654,15,Male,8,SCH007,2023-06-09
STU00655,17,Male,10,SCH012,2025-10-04
STU00656,17,Male,10,SCH012,2026-04-05
STU00657,17,Female,10,SCH021,2022-09-26
STU00658,14,Female,8,SCH020,2022-11-08
STU00659,14,Male,8,SCH017,2026-11-17
STU00660,18,Male,12,SCH009,2024-02-06
STU00661,17,Female,10,SCH019,2024-06-26
STU00662,17,Male,11,SCH009,2026-08-10
STU00663,16,Female,11,SCH008,2023-11-14
STU00664,16,Male,11,SCH008,2022-04-16
STU00665,13,Female,7,SCH025,2026-11-06
STU00666,16,Male,11,SCH010,2025-02-23
STU00667,15,Male,9,SCH011,2022-11-22
STU00668,17,Male,10,SCH009,2022-02-01
STU00669,18,Female,12,SCH011,2025-03-03
STU00670,17,Male,11,SCH011,2026-12-04
STU00671,18,Male,12,SCH017,2023-10-07
STU00672,16,Female,9,SCH016,2025-11-11
STU00673,18,Female,12,SCH011,2024-09-28
STU00674,15,Male,8,SCH012,2023-01-10
STU00675,16,Non-binary,10,SCH021,2023-03-14
STU00676,15,Female,8,SCH025,2022-11-26
STU00677,14,Female,9,SCH019,2025-04-14
STU00678,16,Female,11,SCH010,2024-09-05
STU00679,15,Male,8,SCH018,2023-01-01
STU00680,16,Female,9,SCH010,2023-10-22
STU00681,19,Female,12,SCH001,2022-07-16
STU00682,15,Female,8,SCH022,2026-06-08
STU00683,14,Male,7,SCH025,2024-02-09
STU00684,18,Female,12,SCH004,2024-02-14
STU00685,15,Female,9,SCH004,2022-01-25
STU00686,15,Female,10,SCH015,2023-04-19
STU00687,13,Male,8,SCH001,2026-05-20
STU00688,14,Male,7,SCH013,2023-05-27
STU00689,17,Male,11,SCH024,2026-01-27
STU00690,15,Female,8,SCH017,2025-10-24
STU00691,19,Male,12,SCH022,2024-09-23
STU00692,16,Male,11,SCH024,2023-02-17
STU00693,13,Female,8,SCH003,2023-07-16
STU00694,17,Male,11,SCH009,2026-10-12
STU00695,15,Male,9,SCH013,2022-01-07
STU00696,16,Female,11,SCH015,2022-03-21
STU00697,19,Female,12,SCH020,2023-05-07
STU00698,16,Male,11,SCH010,2025-04-20
STU00699,18,Male,12,SCH011,2025-05-27
STU00700,16,Male,10,SCH013,2025-04-10
STU00701,16,Female,10,SCH015,2026-08-16
STU00702,14,Male,7,SCH020,2026-06-04
STU00703,16,Female,9,SCH006,2023-04-07
STU00704,16,Male,9,SCH001,2023-03-28
STU00705,14,Female,9,SCH020,2024-10-07
STU00706,17,Female,12,SCH020,2023-05-19
STU00707,18,Female,11,SCH022,2024-03-11
STU00708,16,Female,9,SCH022,2024-09-08
STU00709,17,Female,10,SCH023,2026-04-24
STU00710,14,Male,9,SCH023,2022-09-11
STU00711,15,Female,9,SCH014,2026-09-19
STU00712,16,Male,10,SCH019,2026-03-23
STU00713,15,Female,10,SCH013,2026-01-22
STU00714,14,Female,7,SCH025,2022-07-26
STU00715,15,Male,8,SCH024,2022-05-06
STU00716,14,Male,7,SCH012,2023-03-15
STU00717,15,Female,8,SCH002,2024-03-26
STU00718,19,Non-binary,12,SCH022,2022-10-08
STU00719,14,Male,9,SCH016,2023-10-08
STU00720,17,Female,11,SCH023,2024-05-05
STU00721,14,Male,8,SCH024,2022-12-11
STU00722,18,Female,12,SCH024,2025-10-17
STU00723,14,Female,9,SCH017,2023-12-10
STU00724,17,Female,12,SCH021,2026-08-04
STU00725,13,Female,8,SCH005,2024-10-06
STU00726,13,Female,8,SCH016,2023-04-05
STU00727,15,Female,10,SCH014,2023-02-13
STU00728,19,Male,12,SCH024,2023-08-24
STU00729,15,Male,9,SCH007,2023-05-24
STU00730,17,Female,11,SCH007,2025-08-08
STU00731,17,Female,10,SCH019,2022-09-02
STU00732,13,Male,8,SCH009,2022-04-11
STU00733,12,Female,7,SCH025,2025-03-20
STU00734,12,Female,7,SCH023,2023-09-05
STU00735,15,Female,10,SCH005,2025-08-12
STU00736,12,Male,7,SCH007,2026-03-22
STU00737,15,Male,9,SCH018,2025-05-07
STU00738,16,Female,9,SCH023,2024-08-15
STU00739,17,Male,10,SCH005,2024-06-22
STU00740,14,Female,7,SCH017,2022-07-22
STU00741,15,Male,10,SCH016,2026-09-21
STU00742,16,Female,11,SCH021,2026-04-16
STU00743,18,Male,12,SCH015,2024-06-25
STU00744,14,Female,9,SCH005,2024-08-04
STU00745,13,Male,7,SCH006,2022-09-19
STU00746,15,Female,8,SCH003,2023-08-04
STU00747,13,Male,8,SCH024,2022-05-17
STU00748,15,Male,10,SCH011,2025-11-02
STU00749,15,Male,10,SCH011,2023-09-03
STU00750,13,Male,7,SCH001,2026-03-10
STU00751,16,Female,11,SCH015,2024-07-23
STU00752,19,Non-binary,12,SCH009,2022-04-17
STU00753,15,Male,8,SCH015,2026-07-20
STU00754,17,Female,12,SCH006,2024-03-26
STU00755,13,Female,7,SCH002,2025-02-16
STU00756,13,Male,8,SCH020,2025-01-24
STU00757,18,Male,12,SCH006,2024-07-02
STU00758,15,Female,9,SCH011,2022-12-03
STU00759,13,Male,8,SCH018,2024-04-11
STU00760,16,Male,11,SCH013,2026-11-27
STU00761,18,Female,12,SCH012,2025-01-08
STU00762,19,Male,12,SCH023,2025-04-25
STU00763,17,Male,11,SCH014,2025-03-25
STU00764,16,Male,9,SCH010,2026-12-12
STU00765,18,Female,11,SCH024,2023-01-05
STU00766,17,Male,11,SCH007,2025-01-22
STU00767,17,Female,10,SCH011,2023-09-11
STU00768,14,Female,9,SCH014,2024-02-06
STU00769,17,Male,12,SCH003,2025-06-14
STU00770,14,Female,8,SCH011,2026-03-16
STU00771,14,Female,9,SCH022,2023-07-10
STU00772,18,Male,12,SCH024,2024-09-08
STU00773,16,Female,9,SCH014,2025-05-06
STU00774,19,Male,12,SCH005,2025-05-19
STU00775,16,Male,9,SCH001,2024-03-10
STU00776,15,Female,10,SCH020,2026-11-17
STU00777,15,Female,8,SCH002,2022-12-10
STU00778,14,Male,9,SCH013,2022-12-15
STU00779,16,Female,11,SCH021,2024-05-21
STU00780,17,Male,12,SCH018,2025-08-19
STU00781,14,Male,9,SCH012,2022-02-25
STU00782,14,Female,9,SCH013,2024-10-19
STU00783,17,Male,11,SCH024,2025-09-18
STU00784,18,Male,11,SCH016,2024-01-08
STU00785,19,Female,12,SCH009,2024-03-13
STU00786,18,Male,11,SCH010,2023-09-12
STU00787,18,Female,12,SCH009,2024-01-18
STU00788,15,Male,10,SCH004,2025-10-02
STU00789,17,Female,12,SCH009,2026-05-16
STU00790,15,Male,8,SCH011,2026-12-09
STU00791,12,Male,7,SCH004,2026-08-23
STU00792,14,Female,8,SCH022,2024-09-27
STU00793,15,Female,10,SCH009,2024-12-11
STU00794,17,Female,10,SCH006,2023-03-15
STU00795,16,Female,9,SCH013,2023-09-11
STU00796,15,Female,8,SCH002,2026-11-10
STU00797,18,Female,12,SCH016,2022-10-20
STU00798,15,Male,10,SCH001,2022-05-11
STU00799,15,Male,9,SCH021,2025-08-28
STU00800,15,Female,9,SCH008,2023-05-01
STU00801,14,Female,9,SCH009,2026-09-07
STU00802,17,Male,11,SCH012,2026-01-15
STU00803,16,Female,11,SCH018,2022-11-03
STU00804,19,Male,12,SCH012,2026-09-17
STU00805,17,Male,11,SCH022,2022-06-07
STU00806,13,Female,7,SCH023,2023-01-15
STU00807,16,Male,11,SCH003,2025-07-02
STU00808,17,Male,12,SCH003,2025-08-09
STU00809,16,Male,11,SCH023,2025-07-14
STU00810,16,Non-binary,11,SCH022,2025-08-05
STU00811,14,Male,8,SCH018,2022-10-05
STU00812,16,Female,9,SCH007,2023-02-25
STU00813,16,Male,9,SCH025,2024-02-02
STU00814,13,Male,8,SCH011,2022-12-09
STU00815,14,Female,7,SCH022,2024-09-01
STU00816,19,Male,12,SCH023,2024-03-04
STU00817,19,Female,12,SCH020,2022-05-07
STU00818,17,Male,10,SCH001,2024-07-25
STU00819,17,Female,11,SCH019,2024-11-05
STU00820,14,Male,9,SCH024,2023-11-18
STU00821,14,Male,8,SCH009,2025-08-04
STU00822,15,Female,9,SCH014,2025-06-24
STU00823,19,Male,12,SCH022,2023-08-25
STU00824,18,Female,11,SCH023,2024-09-02
STU00825,16,Male,9,SCH004,2025-02-18
STU00826,15,Male,9,SCH020,2026-11-25
STU00827,13,Male,7,SCH008,2026-01-19
STU00828,19,Male,12,SCH017,2025-05-15
STU00829,13,Female,8,SCH017,2024-01-28
STU00830,16,Female,9,SCH006,2025-08-18
STU00831,16,Female,11,SCH024,2024-10-18
STU00832,17,Female,10,SCH014,2023-04-02
STU00833,13,Female,7,SCH020,2022-09-06
STU00834,17,Male,10,SCH006,2024-08-09
STU00835,12,Male,7,SCH025,2024-09-18
STU00836,14,Female,9,SCH010,2025-06-09
STU00837,17,Male,11,SCH002,2024-11-01
STU00838,15,Female,8,SCH019,2026-08-27
STU00839,15,Female,8,SCH006,2026-08-01
STU00840,14,Non-binary,9,SCH021,2022-10-20
STU00841,19,Male,12,SCH015,2022-08-18
STU00842,14,Female,8,SCH015,2024-11-19
STU00843,18,Male,12,SCH010,2026-12-16
STU00844,12,Male,7,SCH003,2023-06-04
STU00845,17,Male,11,SCH013,2026-05-19
STU00846,18,Male,12,SCH002,2025-05-22
STU00847,17,Female,12,SCH006,2024-10-02
STU00848,19,Male,12,SCH007,2024-09-06
STU00849,16,Female,9,SCH023,2023-03-03
STU00850,18,Female,12,SCH009,2024-12-25
STU00851,17,Female,12,SCH024,2022-06-01
STU00852,17,Female,11,SCH011,2024-05-04
STU00853,18,Female,12,SCH018,2024-01-20
STU00854,16,Female,10,SCH022,2025-08-18
STU00855,15,Female,8,SCH010,2023-04-21
STU00856,14,Female,9,SCH012,2025-08-27
STU00857,17,Female,10,SCH007,2024-11-16
STU00858,15,Non-binary,10,SCH008,2022-05-25
STU00859,19,Female,12,SCH005,2026-07-28
STU00860,17,Male,10,SCH015,2023-12-07
STU00861,16,Male,11,SCH007,2026-01-15
STU00862,13,Male,7,SCH007,2022-10-14
STU00863,18,Female,11,SCH023,2025-08-26
STU00864,18,Male,11,SCH014,2024-12-10
STU00865,17,Female,12,SCH012,2022-07-07
STU00866,15,Male,8,SCH020,2026-05-24
STU00867,16,Female,10,SCH012,2025-08-14
STU00868,14,Female,9,SCH020,2026-04-12
STU00869,15,Female,10,SCH005,2022-01-03
STU00870,17,Male,10,SCH025,2024-11-03
STU00871,14,Male,8,SCH005,2023-10-08
STU00872,12,Female,7,SCH017,2025-05-10
STU00873,17,Female,10,SCH025,2024-01-22
STU00874,15,Female,8,SCH009,2023-06-03
STU00875,14,Female,8,SCH022,2026-04-01
STU00876,15,Male,9,SCH002,2023-08-05
STU00877,19,Female,12,SCH004,2023-05-01
STU00878,14,Male,9,SCH014,2023-01-06
STU00879,17,Female,10,SCH013,2025-03-17
STU00880,16,Male,11,SCH002,2023-01-25
STU00881,13,Male,7,SCH017,2026-01-15
STU00882,16,Female,9,SCH025,2024-03-15
STU00883,18,Male,11,SCH021,2023-03-15
STU00884,16,Male,11,SCH024,2022-10-27
STU00885,15,Male,8,SCH021,2025-01-15
STU00886,12,Male,7,SCH009,2022-11-28
STU00887,14,Female,8,SCH020,2023-09-18
STU00888,17,Male,12,SCH004,2022-01-22
STU00889,16,Female,11,SCH006,2025-08-01
STU00890,16,Male,10,SCH005,2024-05-09
STU00891,18,Male,12,SCH002,2024-04-28
STU00892,13,Female,7,SCH022,2023-05-13
STU00893,18,Female,11,SCH011,2022-08-20
STU00894,14,Male,9,SCH009,2025-03-14
STU00895,19,Female,12,SCH009,2023-09-24
STU00896,16,Male,10,SCH007,2026-07-26
STU00897,17,Male,12,SCH001,2022-05-26
STU00898,14,Female,8,SCH024,2022-07-13
STU00899,16,Male,9,SCH024,2026-12-25
STU00900,15,Female,10,SCH013,2023-06-11
STU00901,18,Male,12,SCH012,2026-08-26
STU00902,13,Female,7,SCH016,2023-02-18
STU00903,14,Male,9,SCH024,2024-03-18
STU00904,18,Female,11,SCH022,2024-01-19
STU00905,15,Male,10,SCH008,2024-12-06
STU00906,16,Female,11,SCH018,2023-11-03
STU00907,17,Female,12,SCH001,2025-01-12
STU00908,15,Female,8,SCH019,2022-12-01
STU00909,15,Male,9,SCH006,2023-08-09
STU00910,16,Male,11,SCH007,2022-06-06
STU00911,18,Male,12,SCH022,2023-09-11
STU00912,18,Male,11,SCH008,2022-05-21
STU00913,13,Male,8,SCH011,2024-08-17
STU00914,15,Female,10,SCH010,2026-03-02
STU00915,14,Female,8,SCH007,2026-03-27
STU00916,17,Male,12,SCH015,2023-11-08
STU00917,15,Female,10,SCH022,2022-05-18
STU00918,14,Female,7,SCH018,2023-01-27
STU00919,15,Male,9,SCH023,2023-12-08
STU00920,17,Male,12,SCH017,2025-06-19
STU00921,15,Male,8,SCH012,2022-08-08
STU00922,16,Male,10,SCH024,2025-01-24
STU00923,16,Male,11,SCH008,2022-08-09
STU00924,18,Female,12,SCH025,2022-08-17
STU00925,18,Male,12,SCH007,2022-07-21
STU00926,17,Male,10,SCH018,2023-12-22
STU00927,13,Female,7,SCH024,2025-09-27
STU00928,14,Male,9,SCH004,2022-09-21
STU00929,17,Female,12,SCH014,2022-09-24
STU00930,16,Female,9,SCH025,2022-07-01
STU00931,14,Male,8,SCH024,2022-01-11
STU00932,13,Male,8,SCH005,2026-04-09
STU00933,18,Non-binary,12,SCH025,2022-08-20
STU00934,12,Female,7,SCH009,2026-03-22
STU00935,13,Female,8,SCH005,2026-08-09
STU00936,17,Male,10,SCH018,2025-03-23
STU00937,16,Female,10,SCH018,2022-08-13
STU00938,15,Male,9,SCH009,2024-01-03
STU00939,16,Male,11,SCH025,2026-10-26
STU00940,16,Male,11,SCH019,2024-03-17
STU00941,15,Female,8,SCH016,2022-05-16
STU00942,17,Male,10,SCH017,2025-08-22
STU00943,16,Female,11,SCH020,2026-05-24
STU00944,13,Male,7,SCH014,2024-05-21
STU00945,15,Non-binary,10,SCH014,2025-07-14
STU00946,14,Male,9,SCH003,2026-06-27
STU00947,17,Female,10,SCH005,2025-01-25
STU00948,15,Male,8,SCH022,2026-03-24
STU00949,16,Male,11,SCH019,2024-12-24
STU00950,19,Male,12,SCH007,2022-07-07
STU00951,16,Male,11,SCH005,2023-11-26
STU00952,18,Male,11,SCH007,2024-12-22
STU00953,15,Female,8,SCH020,2025-09-07
STU00954,18,Male,12,SCH024,2026-08-06
STU00955,19,Female,12,SCH011,2022-11-17
STU00956,17,Female,10,SCH013,2022-09-12
STU00957,15,Male,10,SCH006,2023-02-09
STU00958,18,Male,12,SCH004,2025-05-18
STU00959,18,Male,11,SCH019,2024-02-10
STU00960,12,Female,7,SCH004,2026-04-20
STU00961,14,Male,8,SCH010,2026-10-26
STU00962,15,Female,9,SCH011,2026-06-04
STU00963,13,Female,7,SCH005,2024-08-02
STU00964,14,Male,9,SCH005,2023-10-12
STU00965,15,Female,8,SCH022,2025-08-15
STU00966,16,Female,10,SCH006,2026-11-16
STU00967,15,Male,10,SCH016,2022-01-14
STU00968,19,Female,12,SCH018,2022-07-02
STU00969,16,Female,9,SCH024,2025-03-21
STU00970,17,Female,12,SCH022,2026-01-04
STU00971,17,Female,12,SCH023,2023-06-24
STU00972,15,Female,9,SCH020,2022-11-06
STU00973,13,Non-binary,8,SCH020,2026-12-11
STU00974,13,Male,8,SCH011,2026-03-05
STU00975,15,Male,9,SCH006,2026-06-03
STU00976,13,Male,7,SCH008,2026-09-12
STU00977,15,Female,8,SCH020,2024-10-20
STU00978,15,Male,9,SCH011,2023-06-01
STU00979,15,Female,9,SCH005,2023-02-22
STU00980,17,Female,11,SCH020,2023-12-25
STU00981,12,Male,7,SCH010,2026-09-01
STU00982,18,Female,12,SCH022,2026-09-16
STU00983,18,Male,11,SCH014,2024-07-11
STU00984,16,Male,9,SCH025,2022-07-03
STU00985,16,Male,10,SCH006,2024-02-26
STU00986,13,Male,8,SCH025,2023-07-16
STU00987,16,Female,10,SCH016,2022-03-18
STU00988,18,Male,12,SCH023,2024-09-21
STU00989,18,Female,11,SCH021,2022-05-21
STU00990,14,Male,9,SCH005,2024-06-15
STU00991,19,Male,12,SCH025,2026-05-26
STU00992,16,Female,10,SCH018,2022-03-10
STU00993,13,Male,8,SCH023,2025-04-01
STU00994,13,Male,7,SCH013,2023-04-21
STU00995,16,Male,11,SCH011,2022-06-18
STU00996,19,Male,12,SCH018,2026-09-28
STU00997,17,Male,11,SCH002,2023-03-01
STU00998,17,Male,10,SCH013,2025-04-14
STU00999,17,Female,11,SCH007,2026-12-04
STU01000,17,Male,11,SCH013,2022-06-03
STU01001,13,Male,8,SCH015,2026-12-09
STU01002,15,Male,10,SCH023,2026-06-27
STU01003,15,Female,10,SCH005,2025-10-17
STU01004,16,Female,11,SCH003,2024-12-16
STU01005,15,Female,8,SCH014,2026-03-05
STU01006,18,Male,11,SCH004,2023-12-01
STU01007,19,Female,12,SCH018,2026-04-15
STU01008,16,Female,11,SCH001,2022-09-05
STU01009,19,Female,12,SCH001,2022-06-09
STU01010,15,Male,9,SCH003,2024-07-09
STU01011,16,Male,10,SCH004,2022-08-11
STU01012,17,Male,10,SCH024,2023-11-07
STU01013,16,Female,9,SCH005,2023-09-03
STU01014,16,Male,11,SCH011,2023-04-24
STU01015,14,Male,7,SCH014,2022-08-22
STU01016,17,Male,10,SCH018,2024-12-25
STU01017,18,Male,12,SCH013,2026-08-20
STU01018,14,Male,9,SCH006,2025-02-01
STU01019,15,Female,10,SCH003,2022-08-16
STU01020,15,Female,10,SCH017,2024-10-21
STU01021,15,Female,9,SCH024,2026-06-11
STU01022,16,Male,10,SCH019,2024-01-17
STU01023,12,Male,7,SCH011,2023-03-25
STU01024,16,Male,9,SCH012,2025-04-08
STU01025,14,Female,7,SCH009,2025-06-09
STU01026,15,Female,8,SCH025,2022-10-03
STU01027,15,Female,9,SCH020,2022-07-21
STU01028,17,Male,11,SCH024,2022-10-07
STU01029,17,Male,11,SCH009,2026-11-22
STU01030,16,Female,10,SCH014,2025-07-03
STU01031,16,Female,10,SCH025,2025-06-03
STU01032,13,Male,7,SCH006,2022-11-09
STU01033,18,Female,11,SCH022,2022-11-23
STU01034,13,Female,7,SCH009,2022-03-19
STU01035,16,Male,11,SCH002,2023-06-15
STU01036,15,Female,9,SCH008,2026-03-14
STU01037,17,Male,10,SCH002,2022-07-23
STU01038,16,Female,10,SCH001,2025-04-02
STU01039,16,Male,11,SCH017,2026-11-03
STU01040,16,Female,9,SCH013,2025-06-03
STU01041,17,Male,12,SCH009,2026-09-04
STU01042,13,Female,8,SCH020,2022-05-12
STU01043,13,Male,7,SCH011,2022-10-10
STU01044,17,Female,12,SCH024,2022-11-05
STU01045,13,Male,8,SCH019,2025-09-14
STU01046,16,Female,10,SCH024,2026-09-19
STU01047,15,Female,10,SCH016,2023-04-15
STU01048,15,Non-binary,10,SCH004,2026-09-22
STU01049,13,Female,8,SCH006,2025-11-21
STU01050,16,Female,9,SCH011,2025-09-15
STU01051,16,Male,11,SCH004,2022-02-06
STU01052,18,Male,11,SCH021,2022-12-22
STU01053,14,Male,9,SCH012,2023-05-04
STU01054,13,Male,8,SCH015,2022-07-27
STU01055,19,Male,12,SCH010,2025-06-23
STU01056,16,Male,11,SCH014,2024-10-06
STU01057,15,Male,10,SCH019,2022-06-18
STU01058,17,Female,12,SCH017,2024-07-23
STU01059,15,Female,10,SCH016,2024-07-20
STU01060,17,Male,10,SCH016,2026-11-28
STU01061,17,Male,12,SCH008,2025-11-24
STU01062,12,Female,7,SCH019,2022-08-03
STU01063,16,Female,10,SCH011,2025-05-27
STU01064,15,Female,9,SCH013,2026-02-22
STU01065,16,Female,10,SCH014,2026-04-03
STU01066,16,Male,11,SCH025,2025-07-17
STU01067,15,Female,8,SCH008,2023-03-13
STU01068,18,Male,11,SCH013,2024-07-08
STU01069,19,Female,12,SCH020,2023-05-27
STU01070,18,Female,12,SCH022,2023-02-01
STU01071,15,Male,9,SCH003,2023-09-01
STU01072,13,Female,7,SCH023,2026-10-18
STU01073,16,Female,10,SCH022,2025-07-13
STU01074,16,Male,9,SCH008,2023-06-25
STU01075,14,Female,8,SCH014,2023-09-28
STU01076,18,Female,11,SCH020,2025-11-10
STU01077,19,Female,12,SCH007,2022-10-04
STU01078,16,Female,9,SCH001,2022-11-20
STU01079,14,Male,7,SCH025,2026-12-11
STU01080,19,Female,12,SCH005,2026-10-12
STU01081,15,Female,8,SCH024,2026-11-19
STU01082,18,Male,11,SCH022,2024-04-22
STU01083,17,Male,12,SCH001,2025-04-11
STU01084,17,Female,10,SCH001,2024-09-15
STU01085,18,Female,11,SCH021,2026-08-15
STU01086,15,Male,10,SCH011,2023-06-08
STU01087,14,Female,9,SCH006,2024-02-26
STU01088,15,Female,10,SCH009,2023-02-21
STU01089,17,Male,12,SCH021,2023-07-03
STU01090,19,Female,12,SCH025,2022-06-27
STU01091,17,Male,10,SCH023,2025-05-27
STU01092,12,Female,7,SCH005,2025-06-21
STU01093,13,Female,8,SCH020,2022-11-25
STU01094,16,Female,10,SCH007,2023-12-13
STU01095,19,Female,12,SCH020,2022-08-06
STU01096,17,Female,10,SCH003,2026-08-25
STU01097,19,Female,12,SCH018,2023-11-07
STU01098,16,Female,9,SCH010,2024-07-11
STU01099,16,Male,11,SCH008,2022-04-06
STU01100,16,Male,11,SCH011,2023-07-22
STU01101,17,Female,12,SCH016,2024-05-24
STU01102,13,Male,8,SCH021,2025-03-13
STU01103,17,Female,11,SCH020,2026-12-25
STU01104,16,Female,11,SCH011,2024-11-08
STU01105,15,Female,9,SCH015,2025-10-13
STU01106,18,Male,11,SCH021,2024-10-02
STU01107,17,Male,10,SCH002,2023-10-08
STU01108,15,Female,10,SCH001,2024-04-06
STU01109,17,Female,12,SCH024,2022-03-12
STU01110,17,Female,12,SCH019,2025-02-22
STU01111,15,Male,9,SCH018,2024-02-06
STU01112,13,Female,8,SCH012,2022-04-27
STU01113,17,Male,12,SCH016,2024-08-09
STU01114,15,Female,9,SCH013,2025-07-12
STU01115,16,Male,9,SCH014,2023-08-07
STU01116,15,Male,10,SCH006,2026-09-23
STU01117,16,Female,9,SCH002,2024-04-16
STU01118,17,Female,11,SCH002,2023-02-16
STU01119,15,Male,8,SCH008,2026-03-08
STU01120,17,Female,10,SCH003,2024-03-15
STU01121,16,Male,10,SCH022,2025-07-08
STU01122,18,Male,12,SCH014,2025-11-17
STU01123,17,Male,10,SCH012,2025-10-27
STU01124,15,Male,8,SCH013,2026-06-18
STU01125,17,Female,10,SCH020,2023-06-10
STU01126,16,Female,10,SCH020,2026-06-26
STU01127,18,Female,11,SCH003,2023-01-23
STU01128,16,Male,9,SCH011,2022-04-05
STU01129,15,Male,9,SCH025,2025-10-22
STU01130,12,Male,7,SCH001,2024-03-18
STU01131,15,Male,10,SCH024,2022-04-27
STU01132,17,Female,10,SCH024,2023-06-08
STU01133,13,Male,8,SCH025,2025-06-27
STU01134,16,Female,9,SCH011,2024-04-13
STU01135,15,Female,10,SCH013,2023-02-18
STU01136,16,Male,11,SCH013,2024-05-28
STU01137,15,Male,10,SCH025,2026-04-13
STU01138,14,Male,8,SCH003,2026-02-28
STU01139,16,Male,10,SCH009,2022-06-24
STU01140,14,Female,8,SCH007,2023-09-26
STU01141,15,Male,10,SCH006,2023-05-02
STU01142,18,Female,11,SCH018,2025-10-07
STU01143,16,Male,9,SCH004,2024-07-09
STU01144,17,Female,11,SCH009,2024-11-28
STU01145,16,Male,9,SCH021,2025-04-21
STU01146,17,Female,12,SCH021,2026-11-22
STU01147,17,Female,12,SCH018,2023-11-23
STU01148,13,Female,7,SCH018,2023-06-04
STU01149,17,Female,11,SCH004,2024-03-04
STU01150,17,Female,11,SCH013,2022-12-02
STU01151,17,Male,11,SCH025,2025-05-27
STU01152,16,Male,11,SCH017,2024-12-13
STU01153,15,Male,8,SCH008,2024-03-18
STU01154,19,Male,12,SCH001,2025-01-03
STU01155,17,Male,10,SCH009,2025-05-12
STU01156,14,Female,8,SCH020,2022-06-13
STU01157,12,Male,7,SCH013,2024-03-27
STU01158,18,Female,12,SCH018,2024-11-21
STU01159,16,Male,9,SCH001,2026-09-27
STU01160,17,Male,12,SCH022,2024-03-22
STU01161,13,Female,7,SCH001,2022-02-24
STU01162,12,Female,7,SCH003,2026-06-22
STU01163,14,Female,9,SCH014,2026-09-06
STU01164,15,Male,9,SCH005,2025-03-19
STU01165,17,Male,12,SCH008,2022-08-01
STU01166,14,Female,8,SCH021,2026-02-02
STU01167,17,Male,11,SCH023,2024-03-07
STU01168,17,Female,11,SCH003,2024-09-26
STU01169,15,Female,8,SCH004,2023-08-23
STU01170,15,Male,10,SCH006,2025-01-06
STU01171,16,Male,9,SCH023,2026-10-20
STU01172,15,Male,10,SCH002,2025-06-07
STU01173,13,Male,7,SCH002,2025-04-05
STU01174,14,Male,7,SCH007,2026-02-19
STU01175,15,Male,9,SCH010,2022-05-12
STU01176,14,Male,8,SCH023,2026-01-20
STU01177,16,Female,9,SCH019,2022-09-19
STU01178,14,Female,8,SCH025,2025-07-11
STU01179,19,Male,12,SCH011,2022-06-23
STU01180,15,Male,9,SCH008,2026-05-20
STU01181,12,Female,7,SCH023,2023-03-07
STU01182,14,Female,7,SCH005,2025-02-14
STU01183,16,Female,10,SCH011,2026-09-17
STU01184,17,Non-binary,12,SCH006,2024-03-13
STU01185,15,Female,10,SCH008,2026-05-15
STU01186,17,Female,10,SCH011,2023-02-16
STU01187,17,Male,11,SCH012,2024-10-08
STU01188,12,Female,7,SCH016,2025-11-11
STU01189,18,Female,12,SCH008,2025-12-19
STU01190,14,Male,8,SCH018,2026-06-28
STU01191,13,Female,7,SCH001,2022-11-02
STU01192,14,Male,8,SCH011,2026-11-08
STU01193,18,Female,11,SCH005,2022-07-03
STU01194,15,Male,8,SCH004,2022-08-04
STU01195,14,Male,7,SCH023,2022-10-09
STU01196,15,Male,10,SCH002,2024-06-02
STU01197,15,Female,9,SCH008,2025-04-28
STU01198,14,Female,9,SCH015,2024-07-20
STU01199,15,Male,9,SCH007,2022-11-17
STU01200,18,Female,12,SCH001,2025-01-07
STU01201,15,Male,10,SCH014,2025-10-25
STU01202,16,Male,10,SCH011,2022-03-14
STU01203,16,Female,9,SCH023,2025-08-21
STU01204,15,Male,9,SCH006,2022-10-23
STU01205,16,Female,10,SCH011,2023-09-26
STU01206,16,Male,9,SCH021,2024-12-01
STU01207,16,Female,10,SCH001,2024-08-01
STU01208,15,Male,10,SCH011,2024-04-16
STU01209,17,Male,10,SCH016,2023-01-11
STU01210,15,Male,9,SCH009,2024-07-24
STU01211,16,Female,9,SCH011,2022-08-12
STU01212,15,Male,9,SCH008,2023-02-01
STU01213,18,Male,11,SCH013,2022-05-14
STU01214,17,Non-binary,10,SCH010,2025-07-04
STU01215,15,Male,10,SCH018,2023-01-27
STU01216,14,Female,8,SCH022,2026-05-02
STU01217,18,Male,11,SCH024,2026-08-28
STU01218,15,Male,9,SCH007,2022-08-28
STU01219,19,Male,12,SCH017,2022-10-21
STU01220,17,Male,11,SCH004,2023-05-19
STU01221,18,Male,11,SCH022,2026-01-12
STU01222,15,Male,10,SCH022,2025-03-21
STU01223,16,Female,9,SCH016,2024-11-12
STU01224,15,Male,10,SCH006,2024-10-08
STU01225,16,Female,9,SCH021,2022-04-26
STU01226,14,Male,8,SCH017,2024-04-24
STU01227,16,Female,10,SCH023,2023-11-04
STU01228,14,Male,8,SCH016,2022-07-02
STU01229,15,Female,8,SCH003,2022-02-09
STU01230,15,Male,10,SCH011,2024-09-06
STU01231,13,Female,8,SCH021,2026-04-23
STU01232,16,Female,9,SCH019,2025-02-17
STU01233,17,Male,10,SCH009,2024-09-05
STU01234,15,Male,8,SCH014,2025-02-26
STU01235,18,Male,11,SCH006,2022-05-04
STU01236,13,Female,7,SCH005,2025-04-27
STU01237,14,Male,8,SCH006,2024-04-05
STU01238,18,Male,12,SCH002,2026-01-22
STU01239,19,Female,12,SCH025,2026-12-17
STU01240,17,Male,12,SCH022,2026-04-06
STU01241,18,Female,11,SCH010,2022-04-19
STU01242,19,Male,12,SCH004,2022-07-09
STU01243,17,Female,10,SCH011,2025-11-21
STU01244,16,Female,11,SCH018,2024-11-08
STU01245,19,Female,12,SCH019,2023-01-08
STU01246,19,Male,12,SCH020,2025-12-13
STU01247,16,Female,9,SCH013,2023-06-15
STU01248,15,Female,10,SCH021,2023-08-20
STU01249,16,Female,11,SCH008,2022-07-13
STU01250,17,Male,12,SCH003,2024-02-20
STU01251,14,Male,9,SCH007,2023-12-27
STU01252,13,Female,7,SCH012,2026-11-15
STU01253,13,Female,8,SCH017,2023-06-07
STU01254,13,Female,7,SCH013,2026-06-08
STU01255,16,Male,10,SCH012,2022-06-04
STU01256,17,Male,11,SCH015,2022-05-04
STU01257,13,Male,8,SCH023,2026-08-17
STU01258,17,Male,12,SCH009,2023-10-15
STU01259,17,Male,12,SCH013,2026-01-15
STU01260,18,Male,12,SCH016,2022-07-13
STU01261,17,Female,12,SCH024,2023-10-21
STU01262,18,Male,12,SCH003,2026-07-08
STU01263,14,Female,7,SCH007,2026-04-13
STU01264,17,Female,11,SCH019,2026-05-06
STU01265,19,Male,12,SCH022,2025-06-20
STU01266,17,Male,11,SCH006,2024-09-02
STU01267,15,Female,10,SCH001,2024-08-16
STU01268,12,Male,7,SCH025,2026-05-04
STU01269,18,Female,11,SCH014,2026-10-25
STU01270,15,Male,9,SCH008,2025-03-16
STU01271,18,Female,11,SCH003,2022-10-10
STU01272,16,Non-binary,11,SCH020,2025-01-07
STU01273,15,Female,9,SCH020,2026-12-26
STU01274,17,Male,12,SCH020,2023-11-01
STU01275,17,Male,11,SCH004,2025-01-13
STU01276,15,Non-binary,9,SCH019,2024-01-07
STU01277,15,Female,10,SCH023,2026-07-04
STU01278,15,Female,9,SCH003,2022-08-12
STU01279,18,Female,11,SCH014,2026-03-13
STU01280,13,Male,8,SCH005,2023-06-09
STU01281,16,Non-binary,10,SCH024,2024-01-04
STU01282,18,Female,11,SCH005,2025-12-20
STU01283,14,Female,8,SCH005,2026-05-18
STU01284,13,Female,8,SCH010,2022-06-20
STU01285,18,Male,12,SCH011,2025-04-25
STU01286,15,Male,10,SCH024,2024-08-13
STU01287,15,Female,10,SCH023,2026-01-01
STU01288,16,Male,9,SCH006,2026-06-13
STU01289,14,Male,9,SCH020,2024-06-10
STU01290,16,Male,11,SCH006,2023-04-09
STU01291,16,Female,10,SCH024,2024-05-10
STU01292,15,Male,10,SCH004,2025-03-03
STU01293,15,Female,10,SCH010,2022-09-23
STU01294,14,Male,7,SCH013,2024-03-01
STU01295,14,Female,7,SCH022,2025-06-21
STU01296,17,Male,10,SCH018,2025-07-21
STU01297,19,Male,12,SCH017,2026-05-11
STU01298,16,Female,10,SCH002,2023-12-23
STU01299,14,Female,9,SCH015,2026-06-15
STU01300,17,Female,12,SCH012,2024-10-08
STU01301,17,Male,11,SCH001,2026-12-14
STU01302,17,Female,12,SCH022,2026-03-20
STU01303,14,Male,8,SCH006,2022-10-18
STU01304,13,Female,8,SCH007,2025-11-08
STU01305,16,Female,9,SCH023,2022-12-07
STU01306,14,Female,9,SCH015,2024-02-05
STU01307,17,Male,11,SCH018,2025-02-10
STU01308,17,Male,12,SCH019,2022-06-16
STU01309,15,Female,9,SCH020,2026-06-11
STU01310,16,Male,9,SCH003,2022-04-03
STU01311,14,Female,7,SCH004,2025-07-05
STU01312,18,Male,12,SCH006,2024-11-27
STU01313,15,Female,8,SCH016,2023-01-03
STU01314,15,Non-binary,10,SCH004,2025-04-15
STU01315,15,Female,8,SCH014,2024-12-20
STU01316,14,Female,9,SCH003,2022-05-06
STU01317,17,Male,10,SCH020,2024-02-24
STU01318,12,Male,7,SCH010,2025-10-25
STU01319,14,Male,8,SCH014,2025-11-10
STU01320,17,Male,12,SCH005,2026-01-01
STU01321,17,Male,10,SCH019,2023-02-22
STU01322,14,Male,8,SCH005,2025-06-24
STU01323,14,Male,7,SCH013,2024-11-25
STU01324,16,Male,9,SCH006,2024-08-26
STU01325,18,Male,11,SCH009,2023-02-06
STU01326,17,Male,11,SCH010,2022-02-11
STU01327,16,Male,9,SCH021,2023-11-08
STU01328,18,Male,12,SCH018,2023-07-03
STU01329,17,Female,10,SCH001,2026-06-27
STU01330,16,Female,11,SCH019,2025-02-16
STU01331,14,Female,9,SCH021,2022-12-17
STU01332,18,Male,11,SCH018,2023-08-07
STU01333,16,Female,9,SCH023,2022-10-21
STU01334,18,Male,12,SCH006,2022-05-12
STU01335,14,Male,8,SCH010,2025-11-07
STU01336,17,Male,11,SCH022,2026-03-25
STU01337,16,Male,9,SCH014,2026-06-15
STU01338,17,Female,10,SCH024,2022-07-19
STU01339,15,Female,8,SCH021,2024-06-16
STU01340,18,Female,11,SCH003,2025-05-15
STU01341,14,Male,9,SCH016,2024-09-19
STU01342,12,Female,7,SCH015,2022-03-01
STU01343,15,Male,10,SCH015,2022-01-09
STU01344,14,Male,7,SCH014,2025-03-15
STU01345,16,Male,10,SCH020,2022-09-10
STU01346,14,Male,8,SCH009,2023-05-02
STU01347,13,Female,8,SCH012,2022-04-08
STU01348,17,Male,11,SCH025,2024-04-24
STU01349,14,Male,8,SCH001,2025-12-18
STU01350,15,Female,9,SCH024,2022-11-15
STU01351,15,Male,10,SCH010,2022-06-20
STU01352,18,Female,11,SCH012,2026-04-19
STU01353,16,Male,10,SCH022,2024-10-16
STU01354,16,Male,11,SCH003,2022-12-13
STU01355,12,Female,7,SCH020,2025-03-11
STU01356,16,Female,9,SCH022,2023-10-24
STU01357,15,Female,10,SCH008,2026-05-09
STU01358,15,Female,8,SCH014,2026-04-24
STU01359,17,Female,10,SCH007,2026-03-17
STU01360,17,Male,11,SCH009,2022-11-18
STU01361,17,Male,12,SCH010,2022-06-24
STU01362,16,Male,11,SCH025,2023-12-26
STU01363,18,Female,12,SCH005,2025-02-26
STU01364,16,Female,11,SCH011,2026-04-01
STU01365,18,Male,11,SCH007,2025-10-09
STU01366,12,Male,7,SCH010,2026-01-21
STU01367,17,Male,10,SCH012,2025-10-07
STU01368,17,Female,10,SCH002,2022-10-02
STU01369,17,Male,12,SCH022,2022-11-13
STU01370,15,Male,8,SCH017,2025-01-24
STU01371,16,Male,9,SCH020,2025-06-03
STU01372,17,Male,10,SCH016,2022-01-14
STU01373,19,Male,12,SCH008,2025-02-23
STU01374,14,Female,8,SCH008,2024-07-08
STU01375,16,Male,9,SCH018,2026-04-15
STU01376,13,Male,8,SCH012,2026-10-16
STU01377,19,Female,12,SCH025,2025-11-19
STU01378,14,Female,8,SCH006,2023-08-24
STU01379,13,Female,7,SCH016,2026-04-23
STU01380,14,Male,9,SCH009,2023-07-06
STU01381,16,Female,9,SCH008,2026-03-15
STU01382,15,Female,9,SCH024,2023-01-21
STU01383,16,Male,9,SCH019,2026-11-01
STU01384,17,Male,10,SCH004,2026-04-02
STU01385,13,Female,8,SCH020,2025-01-04
STU01386,19,Female,12,SCH005,2024-02-27
STU01387,16,Female,11,SCH001,2024-01-20
STU01388,15,Male,9,SCH001,2023-04-07
STU01389,18,Male,12,SCH009,2026-05-11
STU01390,14,Female,9,SCH011,2024-11-18
STU01391,13,Female,7,SCH007,2025-10-23
STU01392,17,Male,10,SCH020,2024-09-14
STU01393,18,Female,11,SCH006,2026-03-16
STU01394,14,Female,9,SCH010,2025-04-18
STU01395,14,Male,7,SCH015,2026-04-07
STU01396,17,Male,12,SCH022,2024-07-08
STU01397,15,Male,9,SCH003,2024-12-17
STU01398,15,Female,8,SCH006,2023-12-09
STU01399,13,Male,7,SCH002,2023-11-28
STU01400,14,Male,9,SCH016,2024-03-01
STU01401,18,Male,11,SCH023,2022-09-05
STU01402,14,Male,8,SCH018,2026-08-13
STU01403,14,Female,9,SCH021,2025-10-24
STU01404,14,Male,9,SCH016,2026-04-26
STU01405,18,Male,11,SCH005,2023-07-12
STU01406,17,Male,12,SCH019,2025-12-22
STU01407,14,Male,9,SCH009,2023-09-23
STU01408,12,Male,7,SCH001,2024-08-02
STU01409,15,Female,8,SCH006,2025-03-12
STU01410,17,Male,10,SCH019,2023-12-05
STU01411,17,Male,10,SCH002,2025-07-27
STU01412,13,Female,8,SCH002,2026-05-15
STU01413,16,Male,11,SCH016,2024-05-01
STU01414,15,Male,10,SCH003,2023-05-10
STU01415,16,Male,9,SCH007,2025-04-06
STU01416,13,Male,8,SCH013,2024-08-05
STU01417,14,Female,9,SCH014,2026-11-16
STU01418,17,Male,11,SCH012,2023-11-13
STU01419,17,Female,12,SCH024,2023-06-28
STU01420,15,Female,10,SCH008,2026-08-12
STU01421,14,Male,9,SCH009,2025-09-16
STU01422,15,Female,9,SCH011,2026-06-24
STU01423,17,Male,11,SCH020,2026-01-15
STU01424,14,Female,8,SCH025,2024-07-14
STU01425,17,Male,10,SCH020,2022-04-18
STU01426,14,Female,7,SCH024,2026-02-24
STU01427,17,Male,10,SCH010,2025-07-09
STU01428,17,Male,10,SCH012,2024-04-15
STU01429,13,Female,8,SCH008,2023-08-26
STU01430,18,Male,11,SCH009,2022-06-21
STU01431,13,Male,7,SCH010,2026-07-27
STU01432,18,Male,11,SCH009,2022-10-02
STU01433,17,Male,12,SCH025,2026-03-01
STU01434,12,Female,7,SCH021,2023-10-01
STU01435,12,Male,7,SCH004,2026-04-28
STU01436,16,Male,10,SCH005,2026-03-22
STU01437,13,Male,8,SCH003,2022-10-19
STU01438,13,Male,8,SCH025,2024-11-18
STU01439,18,Female,11,SCH024,2026-11-28
STU01440,14,Female,8,SCH006,2026-07-07
STU01441,16,Male,10,SCH009,2024-02-01
STU01442,16,Male,11,SCH006,2024-09-13
STU01443,15,Male,9,SCH002,2025-05-10
STU01444,14,Male,8,SCH007,2023-11-21
STU01445,17,Male,10,SCH010,2024-12-04
STU01446,17,Male,10,SCH016,2026-11-20
STU01447,12,Male,7,SCH002,2022-12-13
STU01448,14,Male,7,SCH014,2023-08-08
STU01449,14,Male,7,SCH002,2026-03-03
STU01450,14,Female,9,SCH019,2026-02-15
STU01451,15,Male,9,SCH018,2022-05-21
STU01452,19,Male,12,SCH021,2023-04-19
STU01453,16,Male,10,SCH022,2025-01-01
STU01454,13,Female,8,SCH012,2022-12-05
STU01455,14,Female,7,SCH002,2025-03-23
STU01456,14,Male,8,SCH004,2025-01-03
STU01457,12,Female,7,SCH002,2026-01-20
STU01458,18,Male,11,SCH006,2022-02-10
STU01459,15,Female,8,SCH008,2026-02-26
STU01460,13,Male,8,SCH008,2024-03-20
STU01461,15,Male,9,SCH007,2025-11-11
STU01462,15,Male,10,SCH002,2025-11-15
STU01463,14,Female,7,SCH002,2023-05-04
STU01464,17,Male,10,SCH014,2025-07-27
STU01465,17,Female,12,SCH024,2022-07-14
STU01466,18,Female,12,SCH018,2025-05-03
STU01467,12,Male,7,SCH024,2022-04-23
STU01468,16,Female,9,SCH016,2026-05-24
STU01469,18,Female,12,SCH011,2026-12-09
STU01470,17,Male,10,SCH003,2026-05-10
STU01471,18,Non-binary,11,SCH024,2024-01-24
STU01472,17,Male,12,SCH004,2022-04-21
STU01473,15,Male,10,SCH016,2026-08-02
STU01474,17,Male,10,SCH022,2026-07-13
STU01475,16,Male,9,SCH019,2025-01-11
STU01476,15,Female,9,SCH009,2022-12-02
STU01477,19,Female,12,SCH013,2025-08-01
STU01478,16,Female,9,SCH019,2026-05-22
STU01479,19,Non-binary,12,SCH022,2022-07-07
STU01480,18,Male,12,SCH020,2022-12-16
STU01481,17,Female,11,SCH020,2026-07-21
STU01482,18,Female,11,SCH016,2023-04-12
STU01483,15,Female,10,SCH024,2025-03-13
STU01484,15,Female,8,SCH012,2025-01-04
STU01485,12,Male,7,SCH004,2025-09-16
STU01486,14,Female,7,SCH007,2026-06-09
STU01487,17,Male,12,SCH002,2024-06-17
STU01488,14,Female,7,SCH011,2025-09-07
STU01489,17,Male,11,SCH003,2026-12-03
STU01490,13,Female,8,SCH023,2024-05-17
STU01491,14,Male,7,SCH024,2025-11-23
STU01492,19,Female,12,SCH024,2025-12-21
STU01493,14,Male,9,SCH017,2024-06-11
STU01494,15,Female,9,SCH005,2023-01-15
STU01495,19,Male,12,SCH014,2026-03-17
STU01496,16,Female,11,SCH004,2026-06-01
STU01497,16,Female,11,SCH004,2024-09-21
STU01498,14,Male,7,SCH003,2024-04-08
STU01499,16,Female,10,SCH017,2024-02-21
STU01500,18,Male,11,SCH002,2023-08-12
STU01501,15,Female,9,SCH016,2026-10-18
STU01502,15,Male,10,SCH015,2025-02-04
STU01503,15,Female,10,SCH016,2023-11-07
STU01504,17,Female,10,SCH008,2025-06-17
STU01505,19,Female,12,SCH003,2023-10-04
STU01506,13,Female,8,SCH004,2025-04-03
STU01507,15,Female,9,SCH022,2026-06-15
STU01508,14,Female,9,SCH019,2025-10-21
STU01509,15,Female,10,SCH017,2023-06-23
STU01510,17,Male,12,SCH005,2022-10-27
STU01511,16,Female,10,SCH005,2025-11-04
STU01512,16,Male,11,SCH005,2024-06-10
STU01513,14,Female,8,SCH023,2023-04-20
STU01514,15,Male,8,SCH022,2024-11-11
STU01515,18,Male,11,SCH016,2022-08-16
STU01516,14,Male,9,SCH010,2023-03-08
STU01517,14,Female,9,SCH025,2025-04-18
STU01518,19,Female,12,SCH020,2024-10-03
STU01519,14,Male,9,SCH011,2024-07-12
STU01520,15,Male,8,SCH004,2023-11-24
STU01521,13,Non-binary,7,SCH018,2023-01-08
STU01522,16,Female,11,SCH025,2025-07-08
STU01523,18,Female,12,SCH021,2025-05-03
STU01524,14,Male,9,SCH020,2026-11-20
STU01525,19,Male,12,SCH020,2025-02-02
STU01526,16,Female,9,SCH015,2025-06-06
STU01527,14,Female,7,SCH002,2024-12-17
STU01528,13,Male,8,SCH002,2023-09-01
STU01529,16,Male,9,SCH006,2024-05-08
STU01530,15,Male,10,SCH007,2025-09-10
STU01531,15,Male,10,SCH003,2023-10-01
STU01532,15,Female,9,SCH021,2023-06-05
STU01533,19,Female,12,SCH020,2023-07-12
STU01534,15,Female,10,SCH007,2026-01-17
STU01535,14,Male,9,SCH025,2026-07-12
STU01536,13,Male,7,SCH002,2023-09-22
STU01537,13,Male,7,SCH004,2024-05-05
STU01538,17,Male,10,SCH018,2024-02-24
STU01539,14,Male,9,SCH003,2024-11-24
STU01540,14,Male,8,SCH013,2024-08-08
STU01541,15,Male,8,SCH017,2026-04-28
STU01542,13,Male,7,SCH015,2026-11-23
STU01543,14,Female,9,SCH024,2026-11-14
STU01544,12,Female,7,SCH022,2026-07-13
STU01545,14,Female,8,SCH021,2023-07-25
STU01546,16,Female,10,SCH010,2025-09-06
STU01547,18,Female,12,SCH016,2025-09-15
STU01548,17,Female,12,SCH019,2022-08-04
STU01549,13,Female,7,SCH002,2025-12-05
STU01550,17,Male,12,SCH005,2022-01-24
STU01551,16,Female,9,SCH024,2024-08-20
STU01552,17,Female,10,SCH017,2023-01-18
STU01553,13,Female,7,SCH017,2024-09-26
STU01554,19,Male,12,SCH009,2023-09-27
STU01555,17,Male,11,SCH022,2022-07-17
STU01556,18,Male,11,SCH018,2022-12-26
STU01557,17,Female,11,SCH008,2022-05-23
STU01558,17,Male,11,SCH018,2024-05-01
STU01559,12,Male,7,SCH019,2025-07-28
STU01560,14,Male,7,SCH025,2023-10-15
STU01561,17,Female,11,SCH006,2025-09-15
STU01562,16,Female,9,SCH006,2022-05-15
STU01563,17,Male,10,SCH025,2022-07-05
STU01564,18,Female,12,SCH015,2024-03-19
STU01565,19,Male,12,SCH009,2026-03-24
STU01566,13,Male,7,SCH009,2025-03-04
STU01567,18,Female,12,SCH012,2024-05-04
STU01568,15,Male,9,SCH011,2026-01-04
STU01569,17,Female,10,SCH003,2022-10-11
STU01570,17,Female,11,SCH016,2023-10-04
STU01571,17,Female,10,SCH011,2023-02-13
STU01572,17,Female,11,SCH009,2026-04-12
STU01573,17,Male,10,SCH024,2023-06-06
STU01574,15,Female,10,SCH005,2024-07-17
STU01575,17,Male,12,SCH014,2023-11-01
STU01576,19,Male,12,SCH008,2026-04-06
STU01577,15,Male,10,SCH020,2023-06-08
STU01578,17,Male,11,SCH016,2023-09-02
STU01579,16,Female,10,SCH024,2022-09-17
STU01580,16,Female,10,SCH024,2024-01-20
STU01581,12,Male,7,SCH001,2023-05-15
STU01582,17,Female,10,SCH022,2026-10-16
STU01583,18,Female,11,SCH008,2022-10-13
STU01584,17,Male,11,SCH008,2024-07-24
STU01585,17,Female,10,SCH016,2026-06-15
STU01586,14,Male,7,SCH003,2023-03-10
STU01587,14,Male,9,SCH009,2024-12-24
STU01588,14,Male,8,SCH017,2022-03-10
STU01589,16,Male,10,SCH019,2024-12-11
STU01590,18,Female,11,SCH007,2024-05-20
STU01591,18,Male,12,SCH003,2022-03-14
STU01592,15,Male,9,SCH023,2022-03-21
STU01593,17,Male,10,SCH006,2023-07-07
STU01594,13,Male,8,SCH016,2024-11-20
STU01595,16,Male,10,SCH021,2025-02-15
STU01596,12,Male,7,SCH020,2023-02-06
STU01597,16,Male,9,SCH013,2022-10-25
STU01598,17,Male,11,SCH007,2026-02-02
STU01599,16,Male,11,SCH025,2025-08-27
STU01600,16,Female,11,SCH019,2022-03-20
STU01601,14,Female,7,SCH022,2024-12-04
STU01602,14,Male,7,SCH011,2024-06-20
STU01603,16,Male,9,SCH016,2024-12-13
STU01604,18,Female,12,SCH022,2023-01-26
STU01605,18,Male,11,SCH021,2022-11-16
STU01606,19,Female,12,SCH005,2026-03-26
STU01607,15,Female,8,SCH002,2023-12-27
STU01608,18,Female,11,SCH006,2026-07-15
STU01609,16,Female,9,SCH017,2025-01-01
STU01610,17,Female,11,SCH019,2024-09-07
STU01611,18,Male,11,SCH024,2023-03-28
STU01612,12,Female,7,SCH011,2024-06-18
STU01613,16,Male,10,SCH020,2023-02-22
STU01614,18,Non-binary,11,SCH004,2025-08-03
STU01615,19,Male,12,SCH024,2022-02-14
STU01616,16,Female,9,SCH023,2024-11-24
STU01617,15,Female,10,SCH009,2022-01-25
STU01618,16,Female,9,SCH020,2023-02-10
STU01619,15,Male,10,SCH019,2024-10-23
STU01620,17,Male,11,SCH025,2025-01-25
STU01621,14,Female,9,SCH005,2026-06-09
STU01622,19,Female,12,SCH022,2024-12-23
STU01623,14,Male,8,SCH012,2022-05-24
STU01624,16,Female,9,SCH003,2024-07-04
STU01625,19,Female,12,SCH019,2026-11-24
STU01626,13,Female,8,SCH008,2023-11-11
STU01627,16,Female,10,SCH012,2025-01-27
STU01628,17,Male,10,SCH008,2023-02-13
STU01629,18,Female,12,SCH004,2024-12-22
STU01630,13,Male,7,SCH025,2025-11-12
STU01631,14,Male,7,SCH022,2026-09-21
STU01632,13,Male,8,SCH015,2025-01-06
STU01633,13,Male,8,SCH018,2025-02-10
STU01634,15,Female,10,SCH007,2026-05-21
STU01635,13,Female,7,SCH006,2025-12-26
STU01636,15,Female,9,SCH008,2025-06-15
STU01637,19,Female,12,SCH024,2024-10-18
STU01638,17,Female,12,SCH020,2026-11-03
STU01639,15,Male,10,SCH024,2026-04-10
STU01640,16,Female,11,SCH003,2025-10-17
STU01641,17,Male,10,SCH013,2022-03-23
STU01642,16,Non-binary,10,SCH023,2023-10-01
STU01643,15,Male,10,SCH008,2025-03-09
STU01644,15,Male,8,SCH012,2022-08-19
STU01645,14,Female,9,SCH023,2026-03-25
STU01646,16,Male,9,SCH002,2023-10-07
STU01647,17,Female,10,SCH016,2026-03-27
STU01648,16,Male,10,SCH003,2025-08-12
STU01649,13,Female,7,SCH006,2023-07-25
STU01650,17,Female,12,SCH021,2026-08-28
STU01651,18,Male,11,SCH005,2024-07-18
STU01652,17,Female,11,SCH009,2022-11-08
STU01653,18,Female,12,SCH002,2023-10-26
STU01654,19,Male,12,SCH003,2026-11-08
STU01655,16,Male,9,SCH011,2022-08-20
STU01656,15,Male,8,SCH016,2026-04-06
STU01657,17,Female,10,SCH003,2025-02-20
STU01658,17,Male,10,SCH002,2023-06-14
STU01659,14,Male,9,SCH016,2022-06-07
STU01660,16,Female,9,SCH019,2024-09-18
STU01661,14,Female,7,SCH006,2025-11-12
STU01662,18,Male,12,SCH007,2024-04-14
STU01663,15,Male,8,SCH010,2022-07-09
STU01664,16,Male,11,SCH018,2025-08-14
STU01665,12,Female,7,SCH023,2025-05-18
STU01666,15,Male,10,SCH010,2026-01-03
STU01667,18,Male,12,SCH003,2022-07-23
STU01668,18,Male,12,SCH008,2022-03-16
STU01669,18,Female,12,SCH018,2025-02-17
STU01670,16,Male,9,SCH002,2024-09-26
STU01671,18,Female,12,SCH002,2025-06-19
STU01672,13,Female,7,SCH016,2025-04-18
STU01673,17,Non-binary,10,SCH017,2024-07-23
STU01674,14,Male,8,SCH011,2022-09-17
STU01675,15,Male,9,SCH011,2026-10-03
STU01676,16,Female,11,SCH002,2024-05-12
STU01677,15,Male,10,SCH015,2022-06-06
STU01678,16,Male,11,SCH021,2022-05-10
STU01679,14,Female,8,SCH009,2025-03-19
STU01680,16,Male,9,SCH018,2025-08-27
STU01681,13,Male,8,SCH025,2025-07-02
STU01682,16,Female,10,SCH020,2022-04-14
STU01683,17,Female,12,SCH022,2026-09-19
STU01684,18,Male,11,SCH023,2026-10-18
STU01685,16,Female,9,SCH011,2025-01-24
STU01686,16,Male,9,SCH016,2026-08-15
STU01687,15,Female,10,SCH002,2024-09-24
STU01688,16,Female,11,SCH012,2025-07-13
STU01689,17,Male,11,SCH020,2024-05-04
STU01690,15,Male,10,SCH024,2025-10-25
STU01691,18,Male,12,SCH005,2023-12-07
STU01692,15,Male,10,SCH022,2025-09-22
STU01693,14,Female,7,SCH024,2026-11-17
STU01694,14,Female,8,SCH005,2026-01-15
STU01695,18,Female,12,SCH024,2026-08-25
STU01696,16,Male,9,SCH018,2023-07-19
STU01697,17,Female,10,SCH010,2022-03-27
STU01698,17,Female,12,SCH014,2025-09-24
STU01699,18,Female,12,SCH022,2024-02-03
STU01700,12,Male,7,SCH019,2023-08-06
STU01701,16,Male,9,SCH006,2023-08-12
STU01702,17,Female,11,SCH011,2023-07-09
STU01703,13,Female,8,SCH009,2024-04-12
STU01704,19,Male,12,SCH023,2022-08-07
STU01705,14,Female,9,SCH024,2022-01-22
STU01706,19,Male,12,SCH020,2023-01-19
STU01707,16,Female,10,SCH019,2023-02-26
STU01708,16,Male,10,SCH008,2026-01-17
STU01709,16,Female,9,SCH006,2023-03-05
STU01710,14,Male,9,SCH024,2026-09-03
STU01711,13,Male,7,SCH016,2023-06-03
STU01712,18,Male,11,SCH004,2022-09-28
STU01713,17,Male,12,SCH007,2026-11-25
STU01714,16,Male,11,SCH024,2024-11-14
STU01715,15,Female,8,SCH022,2023-02-24
STU01716,16,Female,10,SCH015,2025-10-09
STU01717,16,Female,10,SCH006,2024-05-12
STU01718,16,Female,11,SCH016,2026-02-11
STU01719,19,Female,12,SCH005,2023-09-01
STU01720,18,Male,12,SCH008,2022-11-01
STU01721,17,Female,12,SCH022,2023-06-25
STU01722,15,Male,8,SCH015,2026-05-19
STU01723,18,Female,12,SCH011,2024-08-17
STU01724,17,Female,10,SCH007,2025-10-17
STU01725,16,Female,9,SCH004,2023-07-12
STU01726,16,Male,10,SCH001,2024-10-07
STU01727,17,Female,12,SCH016,2024-02-02
STU01728,12,Male,7,SCH005,2022-07-21
STU01729,15,Male,8,SCH021,2025-09-21
STU01730,19,Male,12,SCH005,2022-07-02
STU01731,15,Female,9,SCH022,2025-12-16
STU01732,18,Female,11,SCH006,2023-12-22
STU01733,18,Male,12,SCH012,2022-09-22
STU01734,17,Male,10,SCH009,2026-04-24
STU01735,12,Male,7,SCH004,2025-12-22
STU01736,14,Female,9,SCH019,2026-05-12
STU01737,15,Female,10,SCH001,2026-03-28
STU01738,19,Male,12,SCH007,2025-05-23
STU01739,15,Male,9,SCH009,2022-08-18
STU01740,19,Female,12,SCH013,2023-09-09
STU01741,14,Female,9,SCH014,2023-06-01
STU01742,15,Male,10,SCH019,2024-06-03
STU01743,15,Female,9,SCH004,2023-08-26
STU01744,16,Female,11,SCH024,2024-06-15
STU01745,15,Female,9,SCH014,2022-01-24
STU01746,18,Male,11,SCH006,2026-11-27
STU01747,13,Male,7,SCH010,2023-07-22
STU01748,15,Male,8,SCH002,2024-05-13
STU01749,18,Female,11,SCH021,2026-06-28
STU01750,17,Male,10,SCH012,2024-11-11
STU01751,17,Female,11,SCH018,2026-09-21
STU01752,17,Female,11,SCH021,2025-10-14
STU01753,15,Female,8,SCH003,2023-04-27
STU01754,16,Male,10,SCH020,2024-07-16
STU01755,17,Female,11,SCH025,2026-05-13
STU01756,17,Male,11,SCH022,2022-05-01
STU01757,15,Female,8,SCH006,2022-05-27
STU01758,16,Male,11,SCH010,2022-02-27
STU01759,14,Female,7,SCH017,2023-09-22
STU01760,18,Male,11,SCH008,2024-01-28
STU01761,14,Female,9,SCH020,2023-09-27
STU01762,14,Male,9,SCH021,2024-05-23
STU01763,15,Male,10,SCH016,2024-09-08
STU01764,16,Female,9,SCH003,2026-06-24
STU01765,15,Male,8,SCH010,2024-06-16
STU01766,16,Male,11,SCH021,2022-07-02
STU01767,19,Female,12,SCH006,2026-07-18
STU01768,16,Female,10,SCH007,2024-03-27
STU01769,14,Female,7,SCH007,2025-09-28
STU01770,14,Female,8,SCH003,2023-11-14
STU01771,15,Female,10,SCH021,2022-03-13
STU01772,16,Female,10,SCH018,2024-06-01
STU01773,19,Male,12,SCH025,2024-11-16
STU01774,13,Female,8,SCH004,2025-07-18
STU01775,14,Female,8,SCH009,2023-08-20
STU01776,14,Female,9,SCH021,2023-05-01
STU01777,16,Female,9,SCH019,2022-04-04
STU01778,17,Male,11,SCH018,2022-01-26
STU01779,16,Male,11,SCH020,2024-01-19
STU01780,19,Male,12,SCH013,2023-09-13
STU01781,14,Male,9,SCH012,2022-05-10
STU01782,12,Female,7,SCH019,2026-07-25
STU01783,17,Male,10,SCH011,2024-10-09
STU01784,17,Female,12,SCH023,2023-07-14
STU01785,16,Male,11,SCH015,2024-07-11
STU01786,14,Male,7,SCH024,2022-07-25
STU01787,14,Female,9,SCH023,2023-10-08
STU01788,14,Female,8,SCH017,2023-11-10
STU01789,17,Female,10,SCH023,2022-11-01
STU01790,16,Male,9,SCH010,2026-08-12
STU01791,18,Female,11,SCH018,2025-07-26
STU01792,14,Female,7,SCH005,2025-10-02
STU01793,18,Male,11,SCH011,2022-08-27
STU01794,18,Male,11,SCH016,2023-09-07
STU01795,17,Male,10,SCH014,2022-06-24
STU01796,17,Male,10,SCH005,2026-06-04
STU01797,16,Female,10,SCH014,2026-08-23
STU01798,13,Female,8,SCH001,2026-10-19
STU01799,18,Female,11,SCH014,2023-05-06
STU01800,15,Female,10,SCH017,2025-11-19
STU01801,17,Female,12,SCH014,2025-12-01
STU01802,16,Male,10,SCH021,2023-10-10
STU01803,16,Female,9,SCH015,2022-04-10
STU01804,18,Female,11,SCH009,2022-02-04
STU01805,15,Female,8,SCH017,2024-09-15
STU01806,16,Female,11,SCH001,2026-01-06
STU01807,13,Male,7,SCH002,2023-04-02
STU01808,16,Female,10,SCH023,2023-08-14
STU01809,16,Male,11,SCH014,2025-07-12
STU01810,13,Female,8,SCH006,2023-06-11
STU01811,16,Female,9,SCH024,2022-11-02
STU01812,16,Female,10,SCH002,2024-10-11
STU01813,18,Female,11,SCH016,2023-02-17
STU01814,14,Female,8,SCH001,2024-09-22
STU01815,13,Female,7,SCH015,2024-12-18
STU01816,17,Male,12,SCH015,2024-10-08
STU01817,13,Male,8,SCH023,2024-07-06
STU01818,16,Female,11,SCH022,2024-04-09
STU01819,17,Female,12,SCH019,2024-06-28
STU01820,18,Male,11,SCH005,2024-11-06
STU01821,13,Male,8,SCH012,2022-08-20
STU01822,16,Male,9,SCH004,2023-03-11
STU01823,15,Male,8,SCH013,2025-02-16
STU01824,17,Male,11,SCH021,2024-05-25
STU01825,14,Female,7,SCH022,2026-06-07
STU01826,18,Female,11,SCH017,2022-08-15
STU01827,16,Male,9,SCH007,2024-07-11
STU01828,19,Female,12,SCH013,2023-04-25
STU01829,13,Female,7,SCH003,2025-01-11
STU01830,17,Male,10,SCH021,2025-09-06
STU01831,13,Non-binary,8,SCH009,2026-05-27
STU01832,18,Male,11,SCH003,2024-08-09
STU01833,14,Male,9,SCH006,2022-08-22
STU01834,16,Male,11,SCH008,2025-08-06
STU01835,16,Female,11,SCH007,2022-05-16
STU01836,17,Female,10,SCH016,2023-03-27
STU01837,16,Female,11,SCH012,2025-02-23
STU01838,17,Female,12,SCH009,2024-03-04
STU01839,15,Male,10,SCH019,2024-07-02
STU01840,15,Female,9,SCH004,2022-11-09
STU01841,16,Female,9,SCH001,2023-02-01
STU01842,19,Female,12,SCH021,2025-09-11
STU01843,18,Male,12,SCH014,2026-03-02
STU01844,15,Male,8,SCH020,2024-06-15
STU01845,17,Male,11,SCH012,2023-11-28
STU01846,15,Male,10,SCH004,2022-03-17
STU01847,19,Female,12,SCH015,2024-04-14
STU01848,16,Female,9,SCH025,2025-04-08
STU01849,16,Male,11,SCH012,2022-12-15
STU01850,18,Female,11,SCH008,2024-08-27
STU01851,17,Female,11,SCH022,2022-05-15
STU01852,18,Male,11,SCH006,2025-12-25
STU01853,14,Male,8,SCH008,2023-05-04
STU01854,14,Female,7,SCH003,2025-08-20
STU01855,14,Female,7,SCH016,2022-08-03
STU01856,18,Non-binary,11,SCH015,2026-08-05
STU01857,16,Male,9,SCH016,2024-01-13
STU01858,17,Male,12,SCH020,2024-07-15
STU01859,18,Male,12,SCH008,2023-03-11
STU01860,18,Non-binary,11,SCH007,2026-08-08
STU01861,18,Female,11,SCH012,2022-01-15
STU01862,18,Male,12,SCH013,2026-05-13
STU01863,15,Male,8,SCH012,2025-05-11
STU01864,19,Male,12,SCH005,2026-11-28
STU01865,16,Female,10,SCH003,2025-04-11
STU01866,12,Male,7,SCH010,2026-10-18
STU01867,15,Female,8,SCH013,2022-05-23
STU01868,17,Male,10,SCH009,2022-07-09
STU01869,14,Female,8,SCH002,2024-12-11
STU01870,15,Female,9,SCH010,2023-05-13
STU01871,17,Non-binary,12,SCH003,2025-06-16
STU01872,15,Female,8,SCH014,2023-02-24
STU01873,12,Female,7,SCH014,2022-10-23
STU01874,15,Female,10,SCH008,2024-11-09
STU01875,13,Male,8,SCH025,2026-07-26
STU01876,15,Female,10,SCH020,2026-03-24
STU01877,19,Male,12,SCH017,2024-10-15
STU01878,14,Male,9,SCH005,2023-05-24
STU01879,13,Male,8,SCH013,2023-06-27
STU01880,19,Male,12,SCH024,2023-12-28
STU01881,14,Male,9,SCH008,2026-05-06
STU01882,14,Female,9,SCH002,2024-05-28
STU01883,13,Female,7,SCH024,2026-07-01
STU01884,17,Female,10,SCH016,2026-11-18
STU01885,17,Female,10,SCH022,2022-06-23
STU01886,17,Male,12,SCH017,2025-03-04
STU01887,17,Female,10,SCH001,2026-07-05
STU01888,15,Female,8,SCH024,2026-07-23
STU01889,16,Female,10,SCH013,2023-05-25
STU01890,15,Female,9,SCH008,2023-01-01
STU01891,17,Female,11,SCH007,2026-06-09
STU01892,14,Male,8,SCH023,2026-02-09
STU01893,17,Male,10,SCH010,2026-08-21
STU01894,15,Non-binary,10,SCH021,2023-07-11
STU01895,16,Female,9,SCH021,2025-01-12
STU01896,18,Male,11,SCH009,2026-08-22
STU01897,17,Female,10,SCH022,2025-12-17
STU01898,15,Female,9,SCH021,2022-07-25
STU01899,17,Male,11,SCH004,2024-03-22
STU01900,17,Female,10,SCH010,2025-01-22
STU01901,14,Male,8,SCH008,2022-04-01
STU01902,14,Female,7,SCH012,2022-02-16
STU01903,13,Male,8,SCH021,2025-07-28
STU01904,12,Female,7,SCH002,2025-03-27
STU01905,19,Female,12,SCH004,2022-11-21
STU01906,13,Female,8,SCH022,2022-02-13
STU01907,14,Female,8,SCH018,2022-12-01
STU01908,15,Male,9,SCH024,2023-06-09
STU01909,17,Female,11,SCH002,2022-07-24
STU01910,14,Male,8,SCH024,2023-07-16
STU01911,14,Male,7,SCH008,2024-07-02
STU01912,14,Female,7,SCH025,2023-02-08
STU01913,14,Female,9,SCH002,2023-08-27
STU01914,17,Female,11,SCH001,2025-06-09
STU01915,14,Male,7,SCH019,2026-03-10
STU01916,15,Female,9,SCH016,2024-11-05
STU01917,16,Male,11,SCH021,2026-05-25
STU01918,14,Female,9,SCH016,2024-03-01
STU01919,17,Male,10,SCH013,2023-09-05
STU01920,18,Female,12,SCH015,2025-05-22
STU01921,16,Male,10,SCH006,2024-07-21
STU01922,17,Female,12,SCH002,2025-07-23
STU01923,17,Female,11,SCH019,2025-10-06
STU01924,16,Male,11,SCH007,2022-02-08
STU01925,16,Female,9,SCH005,2022-12-21
STU01926,19,Male,12,SCH013,2025-09-15
STU01927,15,Male,8,SCH024,2024-09-01
STU01928,12,Male,7,SCH024,2025-11-20
STU01929,17,Male,10,SCH009,2023-02-04
STU01930,14,Male,9,SCH018,2026-12-11
STU01931,16,Female,10,SCH024,2024-01-13
STU01932,17,Male,11,SCH011,2025-02-28
STU01933,18,Female,11,SCH014,2025-03-27
STU01934,16,Male,9,SCH023,2022-04-17
STU01935,18,Female,11,SCH021,2026-09-01
STU01936,19,Male,12,SCH006,2023-10-09
STU01937,18,Male,11,SCH010,2025-12-11
STU01938,18,Male,12,SCH007,2025-06-04
STU01939,12,Female,7,SCH015,2025-07-04
STU01940,19,Female,12,SCH023,2022-06-13
STU01941,18,Female,11,SCH025,2022-02-07
STU01942,14,Female,9,SCH018,2026-10-09
STU01943,18,Female,11,SCH014,2026-12-14
STU01944,14,Male,9,SCH003,2026-12-07
STU01945,14,Female,7,SCH021,2025-04-13
STU01946,18,Male,12,SCH016,2022-03-23
STU01947,15,Female,9,SCH002,2026-12-06
STU01948,15,Female,10,SCH019,2025-01-11
STU01949,13,Female,8,SCH015,2024-06-02
STU01950,14,Female,9,SCH011,2026-05-20
STU01951,15,Male,10,SCH001,2026-11-01
STU01952,15,Male,10,SCH002,2026-05-15
STU01953,12,Male,7,SCH001,2025-09-06
STU01954,15,Male,10,SCH004,2023-02-18
STU01955,15,Female,10,SCH021,2025-03-26
STU01956,14,Female,8,SCH023,2023-11-05
STU01957,15,Male,9,SCH024,2026-05-16
STU01958,16,Male,11,SCH025,2026-05-24
STU01959,13,Male,7,SCH018,2025-01-16
STU01960,13,Male,8,SCH007,2025-01-11
STU01961,17,Male,10,SCH024,2024-01-05
STU01962,13,Male,7,SCH011,2026-02-03
STU01963,17,Male,10,SCH010,2025-07-26
STU01964,16,Female,9,SCH004,2026-05-01
STU01965,17,Female,10,SCH004,2025-02-11
STU01966,17,Male,10,SCH006,2022-06-10
STU01967,13,Female,7,SCH012,2023-04-16
STU01968,16,Female,11,SCH023,2024-11-19
STU01969,16,Female,9,SCH003,2025-04-06
STU01970,18,Male,11,SCH003,2022-02-14
STU01971,15,Male,9,SCH008,2026-10-24
STU01972,16,Female,10,SCH004,2023-04-22
STU01973,19,Female,12,SCH010,2023-03-15
STU01974,14,Male,9,SCH002,2026-03-10
STU01975,17,Female,10,SCH002,2025-01-24
STU01976,16,Male,9,SCH021,2025-06-05
STU01977,17,Male,10,SCH017,2022-06-28
STU01978,14,Male,7,SCH010,2025-02-06
STU01979,16,Female,9,SCH007,2023-06-26
STU01980,12,Male,7,SCH019,2023-06-04
STU01981,19,Male,12,SCH011,2023-04-28
STU01982,15,Female,9,SCH004,2025-05-20
STU01983,17,Male,10,SCH016,2025-11-18
STU01984,17,Female,12,SCH017,2025-04-09
STU01985,17,Female,12,SCH008,2024-08-09
STU01986,17,Female,10,SCH013,2024-01-15
STU01987,17,Female,12,SCH019,2023-04-15
STU01988,15,Female,8,SCH013,2023-04-25
STU01989,18,Male,12,SCH001,2026-03-11
STU01990,13,Male,8,SCH001,2022-09-09
STU01991,12,Male,7,SCH017,2025-12-28
STU01992,15,Female,10,SCH004,2026-02-16
STU01993,18,Male,12,SCH004,2023-02-07
STU01994,14,Male,7,SCH019,2025-03-22
STU01995,15,Male,9,SCH004,2022-04-14
STU01996,12,Female,7,SCH007,2024-12-25
STU01997,14,Female,8,SCH010,2022-12-23
STU01998,19,Female,12,SCH010,2022-09-24
STU01999,17,Female,11,SCH014,2024-06-17
STU02000,18,Female,12,SCH008,2024-01-03
STU02001,13,Female,8,SCH020,2022-02-01
STU02002,14,Female,7,SCH011,2022-09-16
STU02003,12,Female,7,SCH004,2022-01-11
STU02004,15,Male,9,SCH013,2024-06-09
STU02005,16,Male,10,SCH003,2025-03-12
STU02006,16,Male,9,SCH017,2024-09-16
STU02007,17,Male,11,SCH001,2026-11-16
STU02008,12,Female,7,SCH021,2022-02-19
STU02009,12,Male,7,SCH014,2025-02-07
STU02010,16,Female,9,SCH024,2024-12-26
STU02011,17,Female,10,SCH017,2022-05-07
STU02012,16,Male,10,SCH012,2024-04-16
STU02013,16,Female,9,SCH016,2022-10-19
STU02014,13,Male,7,SCH011,2022-07-01
STU02015,19,Female,12,SCH008,2022-07-21
STU02016,16,Male,9,SCH001,2024-12-11
STU02017,15,Female,10,SCH001,2022-05-18
STU02018,14,Female,9,SCH022,2024-06-19
STU02019,17,Female,10,SCH022,2026-03-26
STU02020,14,Male,9,SCH003,2023-10-10
STU02021,16,Male,10,SCH006,2025-09-26
STU02022,17,Male,10,SCH018,2025-09-08
STU02023,12,Female,7,SCH007,2022-05-05
STU02024,18,Female,12,SCH019,2024-06-18
STU02025,17,Male,11,SCH024,2026-11-22
STU02026,17,Male,12,SCH021,2024-12-19
STU02027,15,Male,10,SCH013,2026-10-24
STU02028,14,Female,7,SCH016,2025-04-23
STU02029,15,Male,10,SCH008,2024-08-03
STU02030,14,Male,8,SCH018,2025-08-02
STU02031,15,Male,10,SCH008,2023-08-20
STU02032,15,Female,10,SCH009,2026-06-19
STU02033,17,Male,12,SCH008,2025-05-14
STU02034,17,Male,10,SCH019,2025-07-08
STU02035,17,Female,10,SCH019,2025-09-21
STU02036,16,Female,9,SCH024,2023-11-01
STU02037,17,Female,11,SCH013,2026-10-02
STU02038,15,Male,9,SCH004,2022-09-04
STU02039,18,Female,11,SCH010,2026-01-06
STU02040,19,Female,12,SCH002,2026-05-21
STU02041,19,Male,12,SCH014,2023-05-05
STU02042,15,Male,8,SCH023,2025-12-16
STU02043,14,Female,8,SCH010,2023-02-28
STU02044,15,Female,10,SCH012,2022-12-09
STU02045,17,Female,11,SCH019,2024-04-26
STU02046,13,Female,7,SCH025,2026-12-20
STU02047,12,Female,7,SCH025,2025-10-14
STU02048,19,Female,12,SCH007,2025-10-02
STU02049,14,Male,7,SCH019,2025-02-28
STU02050,15,Female,8,SCH001,2024-03-19
STU02051,15,Male,10,SCH008,2026-09-14
STU02052,14,Male,9,SCH020,2024-08-26
STU02053,17,Female,10,SCH014,2024-02-12
STU02054,18,Female,12,SCH008,2026-08-20
STU02055,17,Male,11,SCH014,2024-01-03
STU02056,17,Male,10,SCH022,2025-02-26
STU02057,19,Male,12,SCH024,2022-12-17
STU02058,18,Female,12,SCH015,2024-08-01
STU02059,15,Male,9,SCH008,2023-04-24
STU02060,17,Non-binary,12,SCH020,2024-09-07
STU02061,14,Non-binary,9,SCH025,2026-04-14
STU02062,17,Male,12,SCH002,2023-08-12
STU02063,18,Female,12,SCH009,2026-09-20
STU02064,17,Male,11,SCH018,2023-08-14
STU02065,13,Female,8,SCH020,2026-08-11
STU02066,15,Male,9,SCH013,2026-06-11
STU02067,17,Female,11,SCH010,2022-10-04
STU02068,19,Female,12,SCH012,2025-11-24
STU02069,14,Male,9,SCH025,2025-11-03
STU02070,16,Male,10,SCH015,2022-03-11
STU02071,19,Female,12,SCH002,2022-08-26
STU02072,15,Female,8,SCH009,2022-08-27
STU02073,13,Female,8,SCH011,2023-07-13
STU02074,13,Female,7,SCH024,2024-07-02
STU02075,14,Female,7,SCH015,2024-01-19
STU02076,16,Female,9,SCH008,2023-01-26
STU02077,16,Female,11,SCH010,2022-06-22
STU02078,14,Female,9,SCH023,2024-03-20
STU02079,19,Male,12,SCH016,2024-12-10
STU02080,19,Female,12,SCH010,2023-05-18
STU02081,17,Male,10,SCH003,2026-03-09
STU02082,15,Female,9,SCH011,2022-01-10
STU02083,14,Female,8,SCH021,2025-04-10
STU02084,12,Female,7,SCH013,2024-12-05
STU02085,16,Female,11,SCH025,2024-08-27
STU02086,16,Male,10,SCH010,2026-09-06
STU02087,19,Male,12,SCH014,2024-11-05
STU02088,18,Female,11,SCH004,2026-06-25
STU02089,18,Male,12,SCH024,2025-01-12
STU02090,13,Female,8,SCH021,2026-02-12
STU02091,14,Female,9,SCH013,2024-09-09
STU02092,17,Female,12,SCH022,2026-07-11
STU02093,12,Male,7,SCH015,2025-03-01
STU02094,16,Male,11,SCH016,2024-07-09
STU02095,18,Female,11,SCH023,2026-10-02
STU02096,18,Male,11,SCH011,2022-04-04
STU02097,15,Female,8,SCH013,2024-04-04
STU02098,14,Female,8,SCH013,2022-08-22
STU02099,16,Female,11,SCH021,2026-01-23
STU02100,18,Male,11,SCH011,2022-07-26
STU02101,17,Female,12,SCH008,2022-04-07
STU02102,13,Female,8,SCH012,2024-08-05
STU02103,15,Male,10,SCH001,2023-01-09
STU02104,15,Male,9,SCH018,2026-09-13
STU02105,19,Female,12,SCH020,2025-11-13
STU02106,14,Female,9,SCH015,2022-02-24
STU02107,19,Male,12,SCH010,2024-11-07
STU02108,18,Female,11,SCH001,2024-08-27
STU02109,14,Female,8,SCH012,2024-08-28
STU02110,16,Male,9,SCH011,2025-05-09
STU02111,14,Female,9,SCH010,2022-11-05
STU02112,13,Female,7,SCH015,2024-05-09
STU02113,15,Female,10,SCH002,2023-12-25
STU02114,13,Female,8,SCH010,2025-05-07
STU02115,19,Male,12,SCH006,2022-07-05
STU02116,17,Male,12,SCH021,2026-04-25
STU02117,17,Male,10,SCH020,2024-01-08
STU02118,16,Female,11,SCH010,2026-09-06
STU02119,16,Non-binary,11,SCH015,2023-09-07
STU02120,19,Female,12,SCH008,2025-08-14
STU02121,19,Female,12,SCH006,2024-07-01
STU02122,19,Female,12,SCH005,2022-09-10
STU02123,16,Male,11,SCH014,2026-07-19
STU02124,17,Female,11,SCH015,2024-05-24
STU02125,14,Female,8,SCH012,2022-07-08
STU02126,16,Male,10,SCH022,2026-02-26
STU02127,19,Male,12,SCH014,2025-05-02
STU02128,15,Female,9,SCH020,2024-05-04
STU02129,14,Female,7,SCH002,2026-01-22
STU02130,16,Male,9,SCH004,2025-08-09
STU02131,18,Male,11,SCH005,2024-06-09
STU02132,14,Male,7,SCH024,2023-02-09
STU02133,15,Female,10,SCH008,2025-10-18
STU02134,16,Male,11,SCH003,2022-08-17
STU02135,14,Female,7,SCH001,2023-01-18
STU02136,18,Male,12,SCH001,2024-12-01
STU02137,15,Female,10,SCH011,2023-02-22
STU02138,14,Female,8,SCH001,2025-07-09
STU02139,14,Male,8,SCH010,2022-08-14
STU02140,15,Male,10,SCH021,2024-04-26
STU02141,18,Female,11,SCH024,2026-06-28
STU02142,18,Female,12,SCH023,2023-08-20
STU02143,15,Male,10,SCH019,2023-10-08
STU02144,14,Female,9,SCH017,2025-10-07
STU02145,16,Male,11,SCH014,2026-11-11
STU02146,14,Male,7,SCH025,2026-03-27
STU02147,15,Female,9,SCH007,2023-11-07
STU02148,16,Female,10,SCH019,2025-03-24
STU02149,14,Female,7,SCH019,2026-01-27
STU02150,15,Male,10,SCH008,2023-09-08
STU02151,17,Male,12,SCH005,2023-03-01
STU02152,15,Male,10,SCH024,2025-07-02
STU02153,16,Female,11,SCH007,2022-02-23
STU02154,16,Non-binary,10,SCH002,2023-02-19
STU02155,16,Male,11,SCH016,2026-11-17
STU02156,13,Female,8,SCH004,2026-03-19
STU02157,13,Male,8,SCH020,2026-03-05
STU02158,16,Male,11,SCH017,2023-10-22
STU02159,18,Female,12,SCH022,2025-03-10
STU02160,17,Female,12,SCH024,2024-12-13
STU02161,16,Male,10,SCH013,2025-05-17
STU02162,15,Female,10,SCH021,2026-09-08
STU02163,16,Male,9,SCH006,2023-05-17
STU02164,16,Male,10,SCH009,2023-10-02
STU02165,19,Male,12,SCH015,2026-01-15
STU02166,16,Male,11,SCH025,2024-07-24
STU02167,18,Female,11,SCH009,2026-02-14
STU02168,15,Male,9,SCH013,2026-11-08
STU02169,15,Female,9,SCH003,2026-02-05
STU02170,14,Male,9,SCH023,2022-09-22
STU02171,18,Female,11,SCH002,2026-02-27
STU02172,14,Male,7,SCH018,2024-11-20
STU02173,15,Female,10,SCH009,2024-11-12
STU02174,19,Male,12,SCH002,2025-12-07
STU02175,17,Male,11,SCH020,2022-09-04
STU02176,16,Female,9,SCH005,2024-11-19
STU02177,16,Female,10,SCH010,2026-08-16
STU02178,15,Male,10,SCH024,2025-04-16
STU02179,16,Male,9,SCH016,2026-06-22
STU02180,16,Male,11,SCH008,2022-10-20
STU02181,13,Male,7,SCH002,2026-09-23
STU02182,16,Male,10,SCH013,2022-10-22
STU02183,16,Male,9,SCH007,2025-01-20
STU02184,19,Male,12,SCH004,2023-12-01
STU02185,16,Male,9,SCH020,2025-05-05
STU02186,18,Female,11,SCH017,2022-01-26
STU02187,16,Male,9,SCH005,2023-11-27
STU02188,15,Female,8,SCH009,2026-09-25
STU02189,18,Male,11,SCH010,2022-09-26
STU02190,18,Male,12,SCH004,2022-04-24
STU02191,19,Male,12,SCH004,2024-03-15
STU02192,15,Female,9,SCH025,2024-10-05
STU02193,15,Male,8,SCH017,2023-08-11
STU02194,16,Female,11,SCH010,2024-10-23
STU02195,16,Male,11,SCH008,2026-03-08
STU02196,14,Female,9,SCH021,2025-02-17
STU02197,17,Male,10,SCH013,2024-12-17
STU02198,16,Male,10,SCH017,2024-09-22
STU02199,16,Female,9,SCH017,2022-01-17
STU02200,15,Male,10,SCH022,2026-04-25
STU02201,16,Female,10,SCH011,2024-01-03
STU02202,15,Female,10,SCH006,2022-03-02
STU02203,15,Female,8,SCH016,2026-04-10
STU02204,16,Female,11,SCH025,2024-06-25
STU02205,19,Female,12,SCH010,2026-07-22
STU02206,14,Female,7,SCH010,2024-04-22
STU02207,17,Female,11,SCH024,2024-11-08
STU02208,18,Male,12,SCH011,2023-05-04
STU02209,19,Female,12,SCH005,2026-01-18
STU02210,19,Male,12,SCH008,2026-05-27
STU02211,18,Male,11,SCH008,2022-11-14
STU02212,17,Female,12,SCH007,2025-08-22
STU02213,15,Female,9,SCH021,2024-08-15
STU02214,15,Male,9,SCH011,2025-06-28
STU02215,17,Female,11,SCH024,2024-06-03
STU02216,14,Female,9,SCH018,2026-07-21
STU02217,13,Female,8,SCH011,2022-07-24
STU02218,19,Female,12,SCH003,2025-04-17
STU02219,19,Male,12,SCH004,2023-11-03
STU02220,13,Male,8,SCH013,2023-06-23
STU02221,19,Female,12,SCH006,2024-04-21
STU02222,16,Male,10,SCH001,2023-09-05
STU02223,18,Male,11,SCH014,2024-09-11
STU02224,16,Female,9,SCH016,2024-03-01
STU02225,15,Male,8,SCH007,2024-07-18
STU02226,16,Male,10,SCH002,2022-02-13
STU02227,13,Male,7,SCH017,2022-02-15
STU02228,14,Female,8,SCH014,2023-03-24
STU02229,14,Male,8,SCH002,2022-02-25
STU02230,18,Male,12,SCH019,2024-09-17
STU02231,16,Male,11,SCH024,2023-01-12
STU02232,19,Male,12,SCH007,2024-11-04
STU02233,16,Male,10,SCH014,2025-01-11
STU02234,16,Male,11,SCH013,2022-06-19
STU02235,17,Female,12,SCH010,2026-08-27
STU02236,19,Female,12,SCH014,2023-03-08
STU02237,19,Male,12,SCH022,2022-04-03
STU02238,14,Male,9,SCH009,2026-08-10
STU02239,14,Male,7,SCH004,2024-05-15
STU02240,16,Female,9,SCH015,2022-04-07
STU02241,17,Male,10,SCH024,2026-10-07
STU02242,18,Male,11,SCH003,2022-06-10
STU02243,16,Female,11,SCH012,2025-02-12
STU02244,14,Male,7,SCH021,2025-09-21
STU02245,14,Female,9,SCH010,2026-03-18
STU02246,15,Female,8,SCH002,2022-08-04
STU02247,16,Female,10,SCH017,2025-05-25
STU02248,19,Female,12,SCH025,2025-10-16
STU02249,14,Female,7,SCH002,2022-01-27
STU02250,16,Female,10,SCH008,2026-04-20
STU02251,17,Female,12,SCH017,2025-03-23
STU02252,17,Female,10,SCH008,2023-09-01
STU02253,15,Male,8,SCH012,2026-07-15
STU02254,14,Male,7,SCH015,2026-06-15
STU02255,17,Male,11,SCH011,2026-11-09
STU02256,14,Male,7,SCH014,2023-08-07
STU02257,17,Male,10,SCH017,2026-06-21
STU02258,16,Male,9,SCH001,2024-09-09
STU02259,18,Female,11,SCH006,2025-02-09
STU02260,14,Female,8,SCH001,2024-03-04
STU02261,13,Male,8,SCH014,2025-03-05
STU02262,18,Female,12,SCH002,2023-09-01
STU02263,17,Male,10,SCH011,2024-08-23
STU02264,15,Female,10,SCH019,2026-03-10
STU02265,15,Male,10,SCH003,2025-07-27
STU02266,14,Female,9,SCH023,2024-04-09
STU02267,14,Male,9,SCH023,2024-07-16
STU02268,14,Female,9,SCH005,2026-05-19
STU02269,16,Male,10,SCH022,2022-07-07
STU02270,16,Male,11,SCH006,2023-01-26
STU02271,15,Male,10,SCH023,2026-09-20
STU02272,13,Male,7,SCH001,2022-12-22
STU02273,15,Male,9,SCH023,2023-10-12
STU02274,13,Female,8,SCH001,2024-08-27
STU02275,17,Male,11,SCH016,2022-12-28
STU02276,14,Male,9,SCH008,2022-03-16
STU02277,18,Male,12,SCH016,2025-03-05
STU02278,18,Male,11,SCH005,2026-02-25
STU02279,13,Male,7,SCH012,2024-11-11
STU02280,15,Male,10,SCH024,2026-02-13
STU02281,16,Male,9,SCH018,2023-08-16
STU02282,15,Female,10,SCH009,2023-02-26
STU02283,15,Male,10,SCH021,2023-02-21
STU02284,12,Male,7,SCH005,2024-10-28
STU02285,14,Non-binary,9,SCH014,2025-01-23
STU02286,16,Female,11,SCH007,2023-08-09
STU02287,15,Female,8,SCH012,2023-09-22
STU02288,15,Female,10,SCH004,2025-05-26
STU02289,16,Female,9,SCH019,2024-09-23
STU02290,16,Female,9,SCH011,2022-02-01
STU02291,16,Female,10,SCH005,2024-12-18
STU02292,16,Female,9,SCH001,2022-01-28
STU02293,16,Female,10,SCH013,2026-06-26
STU02294,14,Female,8,SCH005,2026-10-02
STU02295,13,Male,7,SCH016,2026-07-03
STU02296,14,Male,7,SCH018,2026-07-24
STU02297,17,Female,10,SCH008,2023-06-28
STU02298,16,Male,10,SCH016,2023-11-04
STU02299,17,Female,11,SCH003,2023-11-05
STU02300,13,Female,8,SCH017,2024-03-04
STU02301,18,Female,12,SCH019,2026-02-23
STU02302,12,Female,7,SCH024,2026-12-08
STU02303,14,Female,7,SCH023,2024-11-25
STU02304,18,Female,11,SCH004,2024-06-14
STU02305,16,Male,10,SCH018,2024-08-20
STU02306,19,Male,12,SCH010,2026-06-21
STU02307,17,Male,12,SCH022,2026-02-06
STU02308,15,Male,8,SCH021,2023-12-17
STU02309,13,Male,7,SCH025,2023-05-21
STU02310,15,Male,10,SCH018,2025-03-15
STU02311,16,Male,10,SCH007,2023-04-02
STU02312,17,Male,11,SCH007,2024-04-20
STU02313,19,Male,12,SCH001,2026-06-18
STU02314,16,Male,9,SCH012,2024-03-02
STU02315,12,Female,7,SCH002,2026-03-02
STU02316,16,Female,9,SCH005,2022-12-21
STU02317,12,Female,7,SCH005,2024-11-22
STU02318,17,Female,11,SCH005,2024-06-10
STU02319,16,Male,10,SCH023,2025-11-18
STU02320,17,Female,11,SCH015,2022-03-11
STU02321,19,Male,12,SCH010,2025-02-20
STU02322,14,Female,9,SCH016,2024-02-01
STU02323,15,Female,10,SCH001,2025-05-28
STU02324,17,Female,10,SCH008,2024-02-08
STU02325,16,Male,9,SCH004,2022-01-04
STU02326,16,Male,9,SCH012,2023-08-14
STU02327,19,Female,12,SCH020,2025-04-26
STU02328,14,Female,7,SCH006,2024-11-14
STU02329,16,Female,10,SCH007,2022-05-09
STU02330,15,Female,8,SCH013,2026-07-01
STU02331,17,Male,10,SCH002,2023-01-23
STU02332,12,Female,7,SCH015,2024-12-23
STU02333,15,Male,10,SCH021,2024-07-10
STU02334,16,Female,11,SCH019,2025-11-18
STU02335,17,Male,12,SCH017,2025-02-05
STU02336,17,Male,10,SCH015,2022-08-20
STU02337,12,Male,7,SCH013,2023-05-02
STU02338,15,Female,8,SCH019,2023-07-11
STU02339,15,Female,10,SCH012,2023-06-02
STU02340,17,Female,10,SCH007,2025-04-22
STU02341,16,Male,10,SCH001,2024-06-18
STU02342,14,Male,8,SCH013,2025-03-28
STU02343,16,Female,9,SCH020,2024-04-05
STU02344,15,Male,9,SCH006,2024-08-17
STU02345,14,Female,9,SCH009,2024-02-14
STU02346,16,Male,10,SCH003,2022-07-23
STU02347,16,Female,11,SCH004,2023-02-13
STU02348,16,Female,11,SCH025,2026-12-19
STU02349,17,Male,11,SCH005,2022-07-18
STU02350,15,Female,10,SCH006,2026-09-18
STU02351,14,Male,9,SCH019,2025-04-25
STU02352,17,Female,10,SCH017,2022-03-24
STU02353,15,Male,10,SCH008,2026-06-10
STU02354,17,Male,11,SCH009,2023-12-07
STU02355,17,Female,10,SCH014,2024-08-23
STU02356,13,Male,8,SCH007,2026-02-20
STU02357,15,Male,8,SCH020,2024-01-04
STU02358,14,Female,9,SCH012,2022-02-27
STU02359,16,Male,9,SCH024,2024-06-03
STU02360,13,Male,8,SCH023,2022-03-14
STU02361,16,Female,9,SCH024,2023-09-23
STU02362,14,Female,9,SCH001,2025-09-22
STU02363,17,Female,12,SCH003,2022-08-22
STU02364,14,Male,7,SCH019,2023-06-06
STU02365,19,Female,12,SCH008,2026-09-23
STU02366,15,Male,8,SCH010,2026-05-16
STU02367,14,Male,9,SCH003,2024-03-14
STU02368,16,Female,10,SCH017,2026-08-25
STU02369,17,Male,12,SCH006,2025-06-07
STU02370,15,Female,8,SCH012,2025-12-28
STU02371,19,Male,12,SCH016,2026-03-23
STU02372,13,Female,7,SCH022,2023-02-28
STU02373,15,Female,9,SCH023,2026-10-23
STU02374,16,Female,9,SCH015,2025-07-10
STU02375,19,Male,12,SCH002,2023-07-17
STU02376,18,Female,12,SCH018,2024-10-24
STU02377,18,Male,11,SCH008,2023-01-07
STU02378,16,Female,10,SCH020,2023-04-22
STU02379,15,Female,9,SCH015,2025-07-04
STU02380,17,Male,12,SCH015,2022-11-16
STU02381,16,Male,10,SCH019,2022-03-03
STU02382,15,Male,9,SCH007,2026-02-16
STU02383,15,Female,10,SCH016,2024-11-02
STU02384,12,Female,7,SCH010,2022-09-25
STU02385,18,Female,11,SCH014,2022-05-28
STU02386,14,Female,9,SCH022,2025-10-01
STU02387,16,Male,10,SCH016,2025-12-01
STU02388,14,Female,7,SCH025,2025-01-26
STU02389,16,Female,11,SCH012,2025-03-01
STU02390,16,Male,9,SCH002,2025-05-04
STU02391,15,Male,8,SCH014,2024-12-04
STU02392,17,Female,11,SCH015,2023-04-14
STU02393,17,Male,10,SCH023,2023-10-25
STU02394,16,Male,11,SCH011,2026-10-06
STU02395,17,Female,12,SCH007,2025-08-09
STU02396,14,Male,7,SCH015,2022-10-07
STU02397,12,Male,7,SCH010,2026-09-09
STU02398,17,Female,10,SCH021,2022-10-10
STU02399,16,Male,11,SCH009,2023-06-27
STU02400,16,Male,11,SCH018,2022-02-13
STU02401,14,Male,8,SCH002,2025-11-24
STU02402,17,Male,11,SCH021,2023-10-20
STU02403,17,Female,10,SCH021,2024-10-21
STU02404,16,Female,9,SCH022,2024-04-06
STU02405,18,Male,11,SCH011,2023-05-22
STU02406,15,Male,10,SCH012,2026-08-24
STU02407,15,Male,10,SCH022,2024-01-16
STU02408,17,Male,11,SCH010,2026-07-07
STU02409,18,Female,11,SCH023,2023-02-28
STU02410,17,Male,11,SCH021,2023-06-08
STU02411,17,Male,11,SCH024,2024-12-06
STU02412,19,Female,12,SCH002,2022-01-20
STU02413,14,Male,9,SCH016,2022-09-18
STU02414,19,Female,12,SCH009,2023-07-05
STU02415,16,Female,11,SCH009,2025-06-26
STU02416,12,Male,7,SCH003,2026-11-14
STU02417,16,Male,10,SCH016,2025-02-05
STU02418,14,Female,7,SCH002,2025-07-12
STU02419,19,Female,12,SCH003,2025-11-01
STU02420,15,Male,10,SCH010,2023-05-16
STU02421,16,Male,10,SCH002,2025-05-22
STU02422,15,Female,9,SCH020,2026-05-18
STU02423,14,Female,7,SCH001,2025-01-23
STU02424,19,Female,12,SCH013,2026-01-15
STU02425,13,Female,7,SCH025,2026-10-23
STU02426,17,Male,10,SCH011,2024-05-04
STU02427,14,Male,8,SCH010,2024-09-03
STU02428,14,Male,9,SCH008,2022-02-12
STU02429,17,Male,11,SCH024,2023-06-22
STU02430,18,Female,12,SCH024,2023-10-15
STU02431,17,Male,10,SCH023,2025-10-11
STU02432,15,Male,10,SCH008,2026-07-09
STU02433,18,Female,11,SCH015,2023-03-13
STU02434,17,Male,11,SCH025,2024-03-03
STU02435,15,Female,8,SCH025,2024-02-28
STU02436,18,Female,11,SCH003,2023-06-04
STU02437,16,Male,11,SCH018,2023-03-01
STU02438,17,Male,11,SCH021,2026-12-21
STU02439,15,Male,9,SCH020,2023-11-07
STU02440,14,Female,7,SCH001,2022-05-18
STU02441,17,Female,12,SCH009,2022-05-01
STU02442,16,Male,10,SCH012,2025-05-24
STU02443,16,Female,9,SCH011,2023-06-26
STU02444,13,Female,8,SCH021,2025-02-05
STU02445,12,Female,7,SCH013,2024-02-12
STU02446,19,Male,12,SCH015,2022-11-13
STU02447,13,Male,8,SCH014,2025-07-06
STU02448,14,Female,9,SCH012,2022-04-14
STU02449,17,Female,12,SCH009,2025-04-21
STU02450,16,Male,11,SCH018,2026-05-19
STU02451,17,Male,10,SCH014,2022-11-07
STU02452,14,Male,7,SCH025,2025-08-11
STU02453,17,Female,12,SCH017,2023-03-14
STU02454,18,Female,12,SCH013,2024-09-14
STU02455,15,Male,8,SCH014,2023-05-08
STU02456,14,Male,8,SCH025,2022-04-28
STU02457,17,Female,10,SCH003,2022-04-03
STU02458,15,Male,9,SCH022,2025-08-27
STU02459,15,Male,9,SCH025,2026-06-27
STU02460,17,Male,11,SCH011,2025-11-11
STU02461,18,Female,11,SCH025,2022-06-11
STU02462,15,Male,8,SCH005,2023-08-27
STU02463,18,Male,12,SCH024,2023-11-09
STU02464,15,Male,9,SCH025,2022-12-24
STU02465,17,Male,11,SCH015,2023-06-13
STU02466,17,Female,10,SCH023,2024-03-23
STU02467,17,Female,11,SCH023,2023-06-07
STU02468,19,Female,12,SCH005,2022-07-19
STU02469,14,Female,7,SCH015,2024-08-08
STU02470,13,Male,7,SCH024,2024-11-08
STU02471,14,Male,9,SCH018,2022-03-26
STU02472,17,Male,11,SCH016,2023-07-05
STU02473,13,Female,7,SCH004,2024-02-10
STU02474,17,Female,12,SCH008,2022-01-24
STU02475,12,Female,7,SCH011,2026-05-08
STU02476,15,Female,8,SCH018,2026-11-23
STU02477,13,Male,8,SCH004,2025-02-09
STU02478,14,Female,9,SCH009,2025-04-23
STU02479,17,Male,11,SCH012,2025-02-28
STU02480,16,Male,10,SCH005,2026-08-10
STU02481,14,Female,9,SCH021,2026-12-01
STU02482,14,Male,8,SCH011,2023-11-10
STU02483,18,Female,11,SCH002,2023-08-12
STU02484,16,Female,11,SCH009,2026-12-25
STU02485,16,Female,10,SCH011,2022-05-03
STU02486,13,Female,7,SCH006,2022-02-02
STU02487,18,Male,12,SCH023,2022-07-25
STU02488,12,Female,7,SCH010,2025-11-17
STU02489,14,Female,9,SCH004,2023-01-01
STU02490,13,Female,7,SCH024,2025-11-24
STU02491,16,Male,11,SCH005,2022-07-28
STU02492,16,Male,9,SCH019,2024-01-09
STU02493,16,Female,11,SCH018,2025-06-19
STU02494,15,Male,8,SCH023,2025-08-11
STU02495,17,Female,10,SCH016,2022-11-24
STU02496,13,Female,7,SCH001,2025-01-04
STU02497,13,Male,8,SCH002,2025-04-10
STU02498,12,Male,7,SCH002,2026-09-19
STU02499,18,Female,12,SCH018,2026-11-15
STU02500,15,Female,10,SCH005,2026-09-19
STU02501,16,Female,10,SCH011,2026-02-06
STU02502,16,Female,9,SCH021,2023-03-21
STU02503,18,Male,12,SCH015,2026-12-13
STU02504,15,Male,10,SCH018,2022-12-15
STU02505,14,Male,7,SCH001,2022-02-15
STU02506,17,Male,10,SCH023,2026-02-23
STU02507,15,Male,10,SCH004,2022-09-07
STU02508,17,Female,10,SCH020,2023-07-23
STU02509,16,Male,11,SCH020,2022-10-28
STU02510,17,Male,12,SCH012,2024-02-06
STU02511,18,Female,12,SCH003,2023-10-27
STU02512,17,Male,11,SCH007,2023-01-05
STU02513,16,Male,9,SCH024,2023-12-07
STU02514,15,Male,8,SCH011,2024-03-16
STU02515,15,Male,10,SCH006,2026-04-18
STU02516,16,Female,9,SCH021,2023-08-07
STU02517,17,Female,10,SCH009,2024-01-22
STU02518,16,Female,10,SCH002,2024-04-26
STU02519,15,Male,9,SCH006,2026-04-23
STU02520,13,Male,7,SCH017,2023-03-18
STU02521,18,Male,11,SCH011,2025-05-19
STU02522,12,Male,7,SCH020,2024-02-08
STU02523,14,Male,8,SCH018,2025-03-05
STU02524,12,Female,7,SCH017,2024-11-04
STU02525,18,Male,11,SCH024,2024-06-17
STU02526,18,Female,11,SCH004,2023-01-26
STU02527,17,Female,12,SCH022,2025-05-16
STU02528,17,Female,12,SCH002,2026-12-01
STU02529,13,Male,8,SCH001,2026-10-20
STU02530,15,Female,10,SCH004,2024-11-21
STU02531,15,Male,10,SCH002,2024-10-17
STU02532,13,Male,7,SCH008,2024-08-04
STU02533,19,Male,12,SCH005,2026-01-13
STU02534,16,Female,11,SCH014,2023-01-21
STU02535,17,Male,12,SCH003,2022-06-08
STU02536,17,Male,12,SCH020,2023-08-19
STU02537,15,Female,10,SCH005,2025-07-10
STU02538,17,Female,11,SCH002,2023-12-18
STU02539,14,Female,9,SCH003,2022-04-25
STU02540,16,Male,10,SCH013,2025-06-06
STU02541,16,Female,11,SCH025,2025-08-08
STU02542,15,Male,8,SCH006,2026-07-01
STU02543,18,Male,12,SCH004,2022-06-04
STU02544,15,Male,8,SCH015,2025-11-07
STU02545,15,Female,10,SCH024,2025-05-26
STU02546,16,Male,9,SCH018,2025-05-22
STU02547,15,Female,9,SCH010,2023-12-07
STU02548,16,Male,10,SCH019,2022-07-20
STU02549,15,Female,9,SCH003,2024-10-05
STU02550,13,Female,8,SCH012,2026-06-24
STU02551,17,Female,11,SCH005,2026-12-02
STU02552,14,Female,9,SCH019,2024-08-03
STU02553,16,Female,11,SCH006,2023-08-20
STU02554,17,Female,11,SCH010,2022-03-03
STU02555,16,Female,11,SCH010,2025-02-06
STU02556,18,Female,11,SCH007,2024-08-11
STU02557,16,Female,11,SCH008,2023-11-27
STU02558,18,Female,11,SCH001,2023-10-02
STU02559,13,Male,8,SCH012,2023-12-02
STU02560,16,Female,9,SCH025,2022-06-19
STU02561,14,Non-binary,8,SCH014,2023-12-09
STU02562,17,Male,10,SCH001,2025-12-17
STU02563,15,Female,10,SCH010,2026-04-20
STU02564,19,Female,12,SCH018,2022-03-26
STU02565,15,Female,9,SCH011,2022-07-26
STU02566,16,Male,10,SCH017,2022-01-01
STU02567,15,Female,9,SCH009,2025-02-24
STU02568,19,Female,12,SCH014,2023-06-22
STU02569,16,Male,10,SCH018,2026-11-13
STU02570,17,Male,12,SCH004,2024-04-04
STU02571,14,Male,9,SCH024,2025-02-28
STU02572,14,Male,8,SCH017,2023-03-28
STU02573,18,Female,11,SCH016,2022-01-01
STU02574,14,Male,9,SCH014,2025-05-16
STU02575,13,Female,7,SCH025,2025-01-08
STU02576,15,Male,8,SCH010,2022-01-03
STU02577,15,Female,8,SCH019,2022-04-19
STU02578,16,Female,9,SCH016,2025-11-11
STU02579,17,Male,11,SCH015,2023-02-11
STU02580,18,Male,11,SCH010,2022-01-03
STU02581,16,Male,10,SCH017,2022-07-18
STU02582,17,Female,11,SCH001,2024-05-17
STU02583,17,Female,12,SCH002,2024-01-24
STU02584,14,Female,9,SCH011,2025-04-28
STU02585,15,Male,8,SCH025,2022-07-27
STU02586,14,Female,8,SCH020,2024-04-23
STU02587,13,Male,7,SCH024,2024-03-23
STU02588,16,Male,11,SCH009,2025-08-21
STU02589,12,Male,7,SCH007,2023-08-17
STU02590,18,Male,11,SCH016,2022-05-15
STU02591,17,Female,10,SCH025,2025-05-26
STU02592,15,Male,9,SCH022,2025-10-25
STU02593,15,Female,10,SCH024,2024-09-03
STU02594,17,Male,10,SCH025,2023-01-15
STU02595,13,Female,8,SCH003,2023-11-22
STU02596,12,Non-binary,7,SCH015,2024-12-10
STU02597,13,Male,7,SCH005,2022-03-05
STU02598,16,Female,9,SCH020,2024-09-28
STU02599,13,Male,7,SCH017,2024-03-03
STU02600,18,Female,11,SCH009,2025-09-23
STU02601,16,Male,9,SCH002,2022-09-02
STU02602,16,Male,9,SCH002,2024-04-15
STU02603,14,Male,8,SCH025,2026-03-06
STU02604,17,Female,11,SCH012,2023-12-09
STU02605,13,Female,8,SCH017,2024-09-04
STU02606,16,Male,10,SCH007,2024-06-04
STU02607,16,Female,10,SCH012,2023-12-02
STU02608,16,Male,11,SCH023,2026-12-17
STU02609,15,Female,10,SCH006,2026-07-15
STU02610,16,Male,11,SCH016,2023-04-18
STU02611,16,Female,10,SCH017,2024-08-16
STU02612,18,Male,11,SCH001,2023-04-14
STU02613,17,Female,10,SCH001,2023-04-19
STU02614,14,Male,9,SCH018,2022-10-22
STU02615,16,Female,11,SCH005,2023-09-18
STU02616,18,Female,12,SCH019,2022-04-05
STU02617,14,Male,8,SCH017,2023-08-25
STU02618,19,Female,12,SCH014,2023-06-07
STU02619,18,Female,12,SCH020,2025-05-09
STU02620,16,Male,9,SCH018,2024-10-15
STU02621,19,Male,12,SCH018,2022-08-06
STU02622,16,Female,11,SCH001,2026-10-12
STU02623,12,Female,7,SCH005,2024-07-28
STU02624,14,Female,9,SCH019,2024-05-08
STU02625,14,Female,9,SCH007,2026-03-25
STU02626,16,Female,11,SCH017,2024-09-11
STU02627,17,Female,12,SCH005,2023-09-04
STU02628,17,Male,11,SCH025,2026-10-15
STU02629,18,Male,11,SCH006,2025-11-02
STU02630,13,Female,8,SCH008,2026-12-07
STU02631,16,Male,11,SCH017,2024-01-17
STU02632,17,Male,12,SCH017,2024-10-06
STU02633,14,Female,9,SCH007,2026-07-06
STU02634,15,Female,8,SCH018,2026-03-20
STU02635,17,Male,11,SCH017,2022-07-05
STU02636,14,Male,9,SCH024,2023-01-08
STU02637,15,Female,10,SCH003,2024-12-08
STU02638,16,Male,10,SCH002,2023-03-22
STU02639,17,Male,11,SCH001,2023-03-25
STU02640,12,Female,7,SCH009,2023-12-01
STU02641,17,Female,11,SCH005,2024-05-06
STU02642,15,Female,9,SCH023,2023-08-08
STU02643,13,Male,8,SCH009,2022-06-17
STU02644,15,Male,10,SCH020,2026-10-19
STU02645,16,Female,9,SCH008,2026-02-12
STU02646,15,Female,10,SCH024,2025-02-13
STU02647,18,Male,11,SCH005,2024-09-13
STU02648,17,Male,12,SCH013,2025-05-14
STU02649,13,Female,8,SCH003,2024-09-27
STU02650,17,Female,11,SCH001,2023-11-28
STU02651,17,Female,11,SCH004,2026-02-25
STU02652,12,Female,7,SCH004,2022-09-10
STU02653,15,Female,9,SCH021,2026-01-02
STU02654,15,Female,10,SCH018,2023-07-04
STU02655,17,Female,11,SCH003,2026-03-04
STU02656,14,Male,9,SCH021,2024-07-19
STU02657,13,Male,8,SCH020,2023-09-28
STU02658,14,Female,8,SCH016,2023-08-26
STU02659,13,Male,7,SCH021,2026-05-02
STU02660,15,Female,10,SCH021,2022-03-19
STU02661,13,Female,7,SCH004,2026-11-12
STU02662,15,Female,10,SCH019,2022-04-06
STU02663,17,Female,11,SCH007,2023-07-04
STU02664,16,Female,9,SCH018,2022-04-14
STU02665,14,Male,8,SCH001,2023-10-17
STU02666,12,Female,7,SCH024,2026-11-07
STU02667,15,Male,8,SCH013,2026-09-17
STU02668,17,Female,10,SCH006,2026-08-28
STU02669,17,Male,12,SCH004,2024-11-02
STU02670,17,Female,11,SCH020,2024-10-03
STU02671,13,Female,8,SCH011,2023-10-20
STU02672,14,Female,9,SCH022,2025-06-16
STU02673,17,Female,10,SCH012,2023-04-26
STU02674,14,Female,8,SCH018,2023-08-02
STU02675,14,Male,8,SCH002,2023-03-25
STU02676,17,Male,11,SCH013,2024-05-08
STU02677,14,Female,8,SCH017,2024-09-18
STU02678,15,Male,9,SCH001,2023-07-26
STU02679,15,Male,8,SCH007,2025-01-17
STU02680,18,Female,12,SCH016,2026-03-05
STU02681,17,Female,10,SCH024,2022-12-06
STU02682,16,Male,10,SCH014,2024-04-17
STU02683,14,Male,7,SCH003,2025-11-03
STU02684,17,Female,12,SCH023,2025-08-02
STU02685,18,Male,11,SCH007,2026-10-17
STU02686,12,Female,7,SCH006,2022-11-21
STU02687,18,Female,11,SCH005,2022-06-10
STU02688,15,Female,9,SCH023,2024-04-18
STU02689,19,Male,12,SCH017,2022-01-21
STU02690,17,Male,11,SCH024,2024-05-02
STU02691,15,Female,10,SCH001,2026-12-13
STU02692,18,Male,11,SCH009,2025-05-19
STU02693,16,Male,11,SCH002,2026-08-02
STU02694,13,Male,7,SCH017,2025-10-14
STU02695,18,Male,11,SCH021,2025-08-22
STU02696,18,Male,12,SCH012,2026-01-22
STU02697,17,Male,10,SCH005,2026-09-03
STU02698,15,Female,8,SCH024,2026-04-11
STU02699,15,Male,9,SCH005,2023-12-27
STU02700,15,Male,9,SCH019,2024-07-02
STU02701,18,Male,12,SCH004,2023-11-19
STU02702,18,Male,12,SCH002,2026-06-02
STU02703,15,Male,9,SCH001,2025-11-20
STU02704,17,Male,12,SCH016,2023-10-14
STU02705,14,Male,9,SCH006,2025-07-28
STU02706,16,Female,9,SCH012,2022-02-10
STU02707,16,Female,10,SCH005,2024-09-15
STU02708,17,Male,10,SCH025,2023-03-22
STU02709,18,Female,11,SCH019,2025-10-23
STU02710,14,Male,9,SCH017,2024-03-05
STU02711,15,Female,10,SCH018,2023-08-10
STU02712,19,Male,12,SCH001,2023-02-04
STU02713,19,Male,12,SCH003,2024-11-02
STU02714,14,Female,9,SCH020,2026-08-17
STU02715,17,Male,10,SCH005,2022-10-16
STU02716,17,Male,10,SCH010,2023-03-17
STU02717,13,Female,7,SCH008,2023-05-13
STU02718,14,Female,9,SCH005,2026-03-02
STU02719,17,Female,11,SCH019,2026-04-06
STU02720,13,Male,7,SCH019,2022-03-05
STU02721,16,Male,11,SCH004,2024-11-15
STU02722,13,Female,8,SCH014,2022-12-27
STU02723,18,Male,12,SCH017,2026-10-08
STU02724,15,Female,8,SCH017,2024-02-07
STU02725,13,Male,7,SCH006,2026-04-26
STU02726,18,Female,12,SCH019,2025-04-20
STU02727,14,Female,9,SCH004,2024-02-04
STU02728,16,Female,10,SCH016,2024-04-05
STU02729,16,Female,11,SCH021,2023-11-14
STU02730,16,Male,9,SCH008,2025-11-23
STU02731,15,Male,9,SCH019,2022-10-27
STU02732,17,Female,10,SCH002,2024-10-24
STU02733,16,Female,10,SCH016,2025-02-09
STU02734,17,Female,11,SCH003,2024-04-21
STU02735,18,Female,11,SCH009,2023-01-14
STU02736,18,Male,12,SCH020,2026-02-11
STU02737,17,Female,10,SCH017,2023-07-05
STU02738,16,Male,9,SCH021,2023-05-04
STU02739,16,Male,10,SCH015,2025-04-14
STU02740,16,Female,10,SCH025,2024-10-07
STU02741,16,Female,10,SCH017,2026-03-18
STU02742,15,Female,10,SCH010,2022-07-04
STU02743,19,Male,12,SCH016,2022-06-02
STU02744,14,Female,9,SCH017,2026-07-08
STU02745,13,Male,8,SCH011,2026-08-06
STU02746,14,Female,8,SCH014,2026-09-14
STU02747,15,Female,8,SCH008,2024-09-18
STU02748,17,Male,12,SCH011,2024-08-22
STU02749,19,Female,12,SCH023,2024-08-08
STU02750,18,Male,11,SCH015,2025-01-11
STU02751,15,Female,10,SCH025,2022-02-27
STU02752,14,Female,7,SCH004,2024-07-02
STU02753,15,Male,8,SCH009,2022-10-19
STU02754,17,Female,11,SCH006,2022-09-18
STU02755,14,Female,7,SCH003,2022-12-11
STU02756,17,Non-binary,10,SCH015,2023-04-15
STU02757,15,Female,10,SCH023,2024-04-08
STU02758,15,Male,8,SCH011,2023-04-10
STU02759,17,Female,12,SCH002,2026-10-10
STU02760,18,Male,11,SCH008,2025-10-02
STU02761,16,Male,10,SCH010,2025-06-19
STU02762,17,Female,10,SCH013,2024-11-04
STU02763,17,Female,12,SCH003,2026-09-19
STU02764,17,Male,10,SCH012,2025-12-06
STU02765,12,Female,7,SCH008,2024-04-07
STU02766,13,Male,7,SCH011,2024-05-05
STU02767,13,Male,7,SCH002,2023-08-10
STU02768,15,Male,9,SCH013,2023-12-17
STU02769,16,Male,10,SCH017,2026-10-13
STU02770,16,Male,11,SCH011,2025-02-02
STU02771,14,Female,9,SCH002,2023-02-24
STU02772,14,Female,8,SCH023,2025-06-10
STU02773,18,Male,11,SCH013,2023-02-06
STU02774,18,Male,11,SCH007,2025-11-13
STU02775,16,Male,9,SCH001,2024-08-08
STU02776,14,Female,7,SCH012,2023-11-25
STU02777,19,Male,12,SCH006,2026-03-14
STU02778,12,Male,7,SCH010,2023-06-22
STU02779,18,Female,12,SCH004,2025-05-04
STU02780,19,Female,12,SCH013,2023-11-03
STU02781,18,Female,12,SCH007,2024-09-28
STU02782,17,Female,11,SCH020,2023-12-19
STU02783,18,Female,11,SCH024,2024-07-16
STU02784,15,Female,8,SCH015,2024-07-28
STU02785,19,Female,12,SCH017,2022-04-09
STU02786,15,Male,8,SCH011,2025-07-15
STU02787,15,Female,10,SCH012,2026-07-18
STU02788,16,Male,9,SCH006,2023-12-25
STU02789,13,Female,7,SCH013,2025-03-07
STU02790,16,Female,9,SCH002,2025-09-08
STU02791,18,Male,11,SCH021,2025-07-22
STU02792,14,Female,8,SCH025,2024-03-09
STU02793,13,Female,7,SCH009,2023-09-26
STU02794,16,Male,10,SCH016,2023-06-28
STU02795,14,Male,7,SCH008,2023-07-14
STU02796,17,Female,10,SCH006,2026-11-27
STU02797,18,Female,11,SCH023,2026-01-19
STU02798,17,Female,10,SCH013,2023-07-26
STU02799,13,Male,8,SCH006,2023-05-10
STU02800,14,Female,9,SCH008,2026-01-08
STU02801,19,Female,12,SCH023,2025-10-27
STU02802,16,Male,9,SCH014,2025-04-23
STU02803,14,Female,8,SCH007,2026-09-05
STU02804,17,Non-binary,12,SCH005,2026-04-26
STU02805,18,Male,12,SCH003,2022-12-13
STU02806,16,Male,10,SCH013,2022-01-26
STU02807,17,Male,11,SCH010,2026-01-20
STU02808,15,Male,8,SCH001,2024-01-03
STU02809,17,Female,12,SCH010,2026-12-07
STU02810,13,Female,8,SCH003,2024-03-09
STU02811,19,Female,12,SCH010,2023-11-02
STU02812,19,Male,12,SCH018,2022-03-28
STU02813,17,Male,10,SCH006,2023-10-18
STU02814,16,Male,11,SCH019,2024-09-28
STU02815,16,Female,10,SCH015,2025-03-07
STU02816,15,Male,10,SCH018,2023-10-26
STU02817,12,Male,7,SCH009,2025-08-23
STU02818,15,Female,10,SCH014,2024-08-18
STU02819,12,Female,7,SCH025,2026-12-28
STU02820,17,Male,12,SCH017,2022-03-14
STU02821,14,Female,9,SCH011,2022-11-12
STU02822,19,Male,12,SCH015,2026-06-22
STU02823,14,Male,7,SCH014,2023-05-27
STU02824,13,Female,8,SCH023,2025-01-19
STU02825,18,Male,11,SCH002,2025-03-26
STU02826,18,Male,11,SCH020,2024-11-24
STU02827,16,Female,11,SCH003,2025-07-26
STU02828,18,Female,11,SCH015,2022-08-04
STU02829,12,Female,7,SCH006,2023-09-28
STU02830,18,Female,11,SCH019,2023-08-01
STU02831,18,Male,12,SCH024,2022-11-26
STU02832,17,Male,10,SCH006,2023-03-11
STU02833,15,Female,10,SCH020,2022-12-10
STU02834,17,Female,10,SCH001,2024-08-08
STU02835,16,Female,11,SCH019,2022-01-18
STU02836,15,Female,8,SCH013,2024-01-27
STU02837,16,Male,11,SCH006,2023-03-14
STU02838,18,Female,11,SCH012,2023-01-16
STU02839,16,Female,10,SCH006,2024-10-18
STU02840,13,Male,8,SCH018,2026-11-26
STU02841,19,Female,12,SCH008,2025-09-28
STU02842,17,Male,10,SCH013,2022-07-13
STU02843,14,Female,9,SCH022,2023-07-09
STU02844,16,Male,11,SCH019,2024-11-17
STU02845,15,Male,8,SCH022,2024-07-26
STU02846,16,Female,11,SCH009,2025-06-22
STU02847,17,Female,12,SCH023,2024-03-06
STU02848,19,Male,12,SCH015,2024-01-21
STU02849,16,Female,10,SCH007,2024-08-13
STU02850,13,Female,7,SCH020,2025-09-13
STU02851,15,Male,9,SCH014,2024-04-11
STU02852,19,Female,12,SCH003,2023-08-03
STU02853,16,Male,10,SCH012,2023-11-15
STU02854,14,Female,7,SCH002,2022-09-24
STU02855,16,Male,9,SCH021,2025-11-06
STU02856,17,Non-binary,12,SCH004,2022-08-02
STU02857,19,Male,12,SCH023,2024-04-28
STU02858,12,Female,7,SCH018,2023-01-02
STU02859,13,Male,8,SCH005,2026-02-06
STU02860,16,Male,11,SCH009,2022-06-14
STU02861,13,Female,7,SCH020,2026-05-01
STU02862,18,Male,12,SCH005,2026-08-17
STU02863,13,Female,7,SCH016,2025-06-26
STU02864,14,Female,7,SCH007,2024-11-20
STU02865,19,Female,12,SCH003,2026-12-25
STU02866,17,Female,10,SCH020,2022-02-19
STU02867,16,Male,11,SCH024,2024-11-12
STU02868,17,Female,12,SCH020,2023-11-17
STU02869,17,Female,10,SCH004,2022-08-28
STU02870,14,Female,7,SCH011,2025-02-11
STU02871,14,Female,8,SCH017,2023-07-09
STU02872,17,Female,12,SCH003,2026-10-15
STU02873,15,Female,8,SCH015,2022-07-10
STU02874,15,Male,8,SCH003,2025-10-21
STU02875,17,Female,11,SCH001,2023-01-15
STU02876,14,Male,8,SCH015,2023-05-08
STU02877,19,Female,12,SCH025,2022-10-06
STU02878,17,Female,12,SCH010,2025-11-25
STU02879,14,Female,8,SCH017,2023-02-20
STU02880,18,Female,11,SCH016,2023-05-12
STU02881,13,Female,7,SCH021,2025-08-05
STU02882,14,Female,7,SCH001,2026-11-27
STU02883,17,Female,12,SCH019,2024-11-26
STU02884,15,Female,10,SCH012,2025-08-17
STU02885,17,Male,10,SCH009,2026-10-03
STU02886,14,Female,9,SCH012,2022-09-07
STU02887,19,Female,12,SCH007,2026-08-14
STU02888,18,Male,11,SCH004,2026-12-12
STU02889,14,Male,7,SCH003,2022-11-13
STU02890,17,Female,12,SCH015,2026-03-27
STU02891,13,Female,7,SCH002,2024-11-25
STU02892,15,Male,9,SCH023,2026-10-17
STU02893,16,Male,11,SCH005,2023-05-05
STU02894,15,Male,9,SCH023,2025-01-27
STU02895,15,Male,8,SCH001,2024-09-07
STU02896,13,Female,7,SCH001,2026-03-25
STU02897,14,Female,9,SCH010,2025-03-12
STU02898,18,Male,11,SCH017,2026-07-12
STU02899,18,Female,11,SCH012,2026-12-23
STU02900,14,Male,7,SCH012,2022-09-06
STU02901,17,Male,12,SCH016,2022-09-08
STU02902,13,Female,8,SCH003,2026-08-12
STU02903,16,Non-binary,10,SCH022,2023-07-20
STU02904,17,Female,11,SCH007,2022-02-23
STU02905,16,Non-binary,9,SCH014,2024-04-22
STU02906,16,Male,9,SCH003,2025-04-06
STU02907,17,Male,12,SCH017,2024-11-22
STU02908,17,Female,11,SCH025,2022-10-10
STU02909,15,Female,10,SCH023,2026-01-28
STU02910,13,Female,7,SCH014,2022-09-15
STU02911,18,Male,12,SCH007,2024-02-14
STU02912,14,Male,8,SCH019,2025-07-05
STU02913,16,Male,10,SCH001,2023-06-01
STU02914,16,Female,11,SCH001,2024-09-12
STU02915,17,Male,10,SCH013,2024-02-21
STU02916,15,Female,8,SCH025,2023-04-26
STU02917,15,Male,8,SCH004,2022-11-18
STU02918,18,Female,12,SCH006,2025-04-28
STU02919,14,Male,7,SCH018,2026-10-19
STU02920,17,Male,12,SCH017,2024-11-11
STU02921,17,Male,12,SCH020,2022-07-22
STU02922,16,Male,10,SCH007,2024-12-21
STU02923,15,Female,10,SCH015,2022-01-07
STU02924,17,Female,11,SCH003,2023-10-09
STU02925,17,Female,11,SCH009,2026-07-22
STU02926,12,Female,7,SCH018,2025-10-04
STU02927,13,Female,7,SCH010,2024-12-08
STU02928,15,Male,9,SCH012,2022-05-16
STU02929,15,Female,10,SCH010,2023-05-26
STU02930,16,Female,9,SCH002,2025-01-25
STU02931,16,Male,9,SCH015,2024-08-28
STU02932,13,Female,8,SCH013,2023-09-11
STU02933,15,Female,10,SCH016,2025-08-16
STU02934,17,Female,11,SCH007,2022-10-06
STU02935,14,Female,7,SCH021,2026-08-11
STU02936,17,Female,10,SCH007,2024-09-15
STU02937,17,Non-binary,10,SCH007,2026-01-14
STU02938,17,Female,12,SCH022,2023-12-27
STU02939,14,Male,9,SCH006,2025-04-09
STU02940,15,Male,8,SCH025,2025-04-20
STU02941,18,Male,11,SCH007,2023-07-08
STU02942,16,Male,9,SCH018,2023-09-02
STU02943,15,Male,10,SCH009,2022-11-15
STU02944,15,Male,9,SCH005,2025-02-25
STU02945,14,Male,8,SCH016,2023-11-21
STU02946,19,Male,12,SCH009,2025-01-15
STU02947,14,Female,7,SCH021,2023-11-15
STU02948,17,Male,12,SCH018,2023-03-14
STU02949,17,Female,12,SCH014,2024-11-19
STU02950,14,Female,7,SCH019,2025-03-21
STU02951,17,Female,10,SCH001,2024-01-08
STU02952,15,Female,9,SCH005,2023-07-19
STU02953,14,Female,9,SCH016,2023-02-11
STU02954,13,Female,8,SCH023,2024-03-23
STU02955,17,Male,10,SCH013,2026-01-04
STU02956,15,Female,9,SCH019,2025-02-14
STU02957,14,Female,9,SCH002,2024-09-01
STU02958,18,Non-binary,12,SCH018,2024-03-28
STU02959,16,Male,9,SCH009,2025-11-26
STU02960,15,Male,8,SCH016,2025-03-19
STU02961,15,Male,10,SCH019,2022-01-12
STU02962,14,Female,7,SCH018,2025-05-04
STU02963,19,Male,12,SCH002,2025-03-14
STU02964,18,Male,12,SCH024,2022-08-16
STU02965,15,Male,9,SCH020,2023-10-18
STU02966,18,Male,12,SCH015,2026-01-26
STU02967,18,Female,11,SCH001,2023-02-16
STU02968,17,Male,11,SCH013,2024-09-23
STU02969,17,Male,11,SCH013,2022-04-01
STU02970,14,Female,7,SCH005,2026-12-19
STU02971,16,Male,10,SCH005,2026-03-25
STU02972,13,Female,8,SCH021,2023-08-20
STU02973,16,Female,9,SCH009,2026-07-26
STU02974,12,Male,7,SCH017,2023-05-28
STU02975,13,Female,7,SCH009,2025-06-08
STU02976,17,Female,11,SCH003,2022-08-01
STU02977,13,Male,8,SCH022,2025-04-14
STU02978,18,Female,11,SCH015,2023-05-20
STU02979,14,Female,8,SCH009,2026-09-05
STU02980,13,Male,7,SCH022,2023-01-23
STU02981,15,Male,10,SCH003,2025-04-17
STU02982,14,Male,9,SCH018,2022-10-10
STU02983,17,Female,11,SCH018,2024-08-08
STU02984,14,Male,8,SCH012,2022-03-19
STU02985,12,Male,7,SCH010,2024-04-18
STU02986,16,Female,11,SCH024,2023-05-20
STU02987,18,Male,11,SCH002,2022-01-28
STU02988,15,Female,8,SCH002,2022-05-18
STU02989,15,Female,10,SCH008,2023-10-28
STU02990,15,Female,10,SCH001,2025-10-02
STU02991,13,Female,7,SCH024,2024-04-09
STU02992,14,Female,7,SCH013,2026-05-12
STU02993,16,Male,10,SCH020,2026-06-01
STU02994,15,Female,9,SCH021,2026-12-11
STU02995,17,Female,12,SCH011,2023-02-20
STU02996,19,Female,12,SCH007,2023-09-20
STU02997,16,Female,10,SCH008,2026-10-02
STU02998,15,Female,9,SCH022,2025-05-17
STU02999,17,Male,10,SCH008,2024-12-17
STU03000,12,Male,7,SCH018,2026-07-28
STU03001,12,Male,7,SCH024,2022-03-25
STU03002,16,Female,11,SCH003,2026-04-01
STU03003,15,Female,8,SCH023,2026-04-21
STU03004,17,Female,10,SCH022,2025-03-10
STU03005,15,Female,8,SCH005,2023-02-05
STU03006,17,Male,12,SCH015,2022-06-17
STU03007,19,Male,12,SCH024,2025-02-23
STU03008,14,Male,8,SCH010,2022-06-06
STU03009,12,Male,7,SCH016,2024-10-26
STU03010,16,Female,9,SCH010,2022-05-21
STU03011,15,Male,9,SCH022,2026-09-12
STU03012,13,Male,8,SCH025,2025-03-23
STU03013,17,Female,12,SCH024,2026-08-18
STU03014,14,Male,7,SCH001,2023-10-22
STU03015,16,Non-binary,10,SCH024,2024-12-01
STU03016,17,Male,10,SCH012,2024-06-14
STU03017,16,Male,11,SCH013,2022-01-01
STU03018,17,Female,10,SCH012,2022-06-15
STU03019,16,Female,10,SCH014,2023-12-03
STU03020,17,Male,11,SCH025,2023-01-21
STU03021,16,Male,10,SCH014,2025-01-17
STU03022,19,Male,12,SCH009,2023-06-24
STU03023,16,Male,9,SCH010,2024-07-27
STU03024,16,Female,9,SCH005,2025-08-16
STU03025,16,Female,10,SCH025,2024-05-26
STU03026,13,Female,8,SCH011,2026-11-03
STU03027,12,Female,7,SCH008,2024-06-26
STU03028,12,Female,7,SCH004,2022-10-11
STU03029,14,Female,9,SCH009,2025-08-08
STU03030,15,Female,9,SCH019,2023-01-05
STU03031,13,Female,7,SCH013,2025-11-28
STU03032,13,Female,7,SCH010,2024-05-12
STU03033,16,Male,11,SCH013,2023-05-15
STU03034,12,Male,7,SCH018,2025-05-03
STU03035,14,Male,8,SCH025,2023-01-06
STU03036,18,Male,11,SCH002,2022-02-06
STU03037,19,Female,12,SCH010,2022-05-22
STU03038,16,Male,9,SCH009,2026-09-27
STU03039,17,Male,10,SCH019,2023-02-20
STU03040,15,Female,8,SCH009,2024-06-20
STU03041,17,Female,10,SCH001,2025-03-22
STU03042,17,Female,10,SCH016,2025-10-23
STU03043,19,Female,12,SCH010,2025-11-17
STU03044,17,Female,11,SCH008,2026-03-27
STU03045,16,Male,9,SCH009,2025-03-28
STU03046,17,Female,12,SCH014,2023-02-28
STU03047,16,Female,10,SCH021,2022-07-13
STU03048,17,Male,11,SCH010,2023-10-08
STU03049,13,Female,7,SCH017,2025-07-21
STU03050,13,Female,7,SCH013,2022-02-23
STU03051,16,Male,11,SCH007,2024-11-03
STU03052,16,Female,10,SCH004,2023-11-21
STU03053,14,Male,7,SCH002,2024-05-13
STU03054,17,Male,11,SCH012,2026-06-24
STU03055,17,Female,10,SCH015,2025-11-13
STU03056,17,Female,10,SCH013,2026-08-22
STU03057,19,Female,12,SCH001,2023-03-14
STU03058,18,Male,11,SCH001,2024-07-02
STU03059,17,Male,12,SCH007,2023-06-26
STU03060,17,Female,10,SCH001,2026-10-14
STU03061,16,Male,10,SCH014,2024-05-24
STU03062,19,Female,12,SCH004,2025-12-17
STU03063,18,Male,11,SCH016,2026-07-28
STU03064,15,Male,9,SCH017,2025-06-18
STU03065,16,Male,9,SCH012,2023-04-13
STU03066,17,Female,11,SCH015,2026-06-25
STU03067,12,Male,7,SCH024,2025-12-10
STU03068,16,Female,9,SCH020,2024-05-13
STU03069,15,Female,8,SCH013,2023-09-10
STU03070,19,Female,12,SCH012,2024-09-16
STU03071,16,Male,10,SCH024,2023-05-11
STU03072,17,Female,12,SCH013,2023-03-01
STU03073,18,Female,12,SCH003,2023-06-27
STU03074,19,Female,12,SCH007,2026-02-14
STU03075,17,Male,11,SCH025,2025-04-22
STU03076,16,Male,11,SCH003,2025-09-17
STU03077,18,Female,12,SCH016,2024-04-28
STU03078,15,Male,9,SCH009,2025-07-04
STU03079,16,Female,10,SCH003,2025-11-07
STU03080,15,Female,10,SCH022,2026-06-03
STU03081,17,Male,12,SCH022,2026-01-06
STU03082,17,Female,10,SCH009,2022-06-06
STU03083,14,Female,9,SCH007,2024-04-01
STU03084,15,Female,8,SCH020,2023-12-24
STU03085,17,Female,11,SCH008,2022-07-07
STU03086,16,Male,9,SCH016,2026-01-07
STU03087,16,Female,11,SCH011,2023-02-09
STU03088,17,Male,10,SCH005,2022-01-25
STU03089,18,Female,11,SCH005,2025-08-10
STU03090,13,Male,8,SCH014,2026-09-08
STU03091,17,Male,10,SCH011,2025-01-02
STU03092,12,Male,7,SCH015,2024-09-11
STU03093,16,Non-binary,10,SCH008,2023-08-14
STU03094,17,Female,12,SCH004,2024-01-28
STU03095,15,Male,8,SCH018,2023-01-17
STU03096,15,Female,10,SCH023,2022-05-03
STU03097,15,Male,9,SCH019,2022-10-07
STU03098,16,Female,10,SCH001,2024-04-27
STU03099,15,Female,9,SCH016,2022-01-05
STU03100,16,Male,9,SCH008,2026-07-08
STU03101,18,Male,12,SCH025,2022-06-08
STU03102,17,Female,10,SCH001,2026-04-16
STU03103,19,Female,12,SCH002,2025-12-02
STU03104,14,Male,8,SCH005,2026-06-21
STU03105,19,Male,12,SCH015,2026-02-07
STU03106,13,Female,7,SCH008,2024-01-05
STU03107,13,Male,8,SCH023,2026-04-09
STU03108,14,Female,8,SCH022,2025-12-16
STU03109,14,Female,9,SCH025,2022-03-11
STU03110,16,Female,10,SCH021,2024-03-16
STU03111,17,Female,12,SCH018,2024-07-21
STU03112,14,Female,9,SCH012,2022-09-27
STU03113,16,Female,9,SCH018,2024-06-04
STU03114,16,Male,10,SCH023,2023-05-03
STU03115,17,Female,12,SCH016,2026-04-28
STU03116,18,Male,11,SCH007,2022-06-03
STU03117,14,Female,8,SCH023,2024-11-18
STU03118,14,Male,9,SCH003,2023-01-23
STU03119,13,Male,8,SCH002,2024-03-25
STU03120,15,Male,10,SCH004,2022-07-01
STU03121,14,Female,8,SCH022,2023-12-10
STU03122,17,Female,12,SCH023,2023-03-14
STU03123,17,Female,10,SCH009,2022-07-08
STU03124,19,Female,12,SCH025,2022-10-23
STU03125,13,Female,7,SCH018,2024-07-16
STU03126,15,Female,9,SCH005,2023-06-19
STU03127,14,Male,8,SCH024,2023-12-21
STU03128,15,Male,10,SCH010,2022-12-19
STU03129,15,Male,9,SCH023,2023-01-24
STU03130,14,Male,9,SCH003,2026-02-03
STU03131,13,Female,8,SCH020,2023-03-15
STU03132,15,Female,8,SCH008,2022-07-03
STU03133,16,Male,9,SCH009,2025-02-28
STU03134,13,Male,8,SCH001,2025-05-03
STU03135,17,Male,11,SCH021,2025-03-12
STU03136,19,Female,12,SCH015,2024-09-26
STU03137,17,Male,12,SCH023,2024-10-01
STU03138,18,Female,12,SCH024,2022-02-21
STU03139,14,Female,7,SCH016,2026-01-26
STU03140,19,Female,12,SCH025,2024-08-07
STU03141,14,Female,8,SCH018,2025-01-16
STU03142,15,Female,9,SCH014,2025-08-11
STU03143,16,Female,9,SCH005,2023-01-25
STU03144,19,Female,12,SCH025,2022-12-11
STU03145,17,Female,10,SCH009,2023-10-02
STU03146,15,Male,8,SCH003,2024-05-25
STU03147,17,Male,11,SCH007,2022-01-02
STU03148,17,Male,10,SCH015,2023-04-11
STU03149,16,Female,9,SCH025,2025-02-17
STU03150,15,Male,8,SCH021,2022-10-25
STU03151,15,Female,10,SCH004,2022-10-04
STU03152,17,Male,10,SCH021,2024-11-09
STU03153,17,Male,10,SCH025,2024-03-06
STU03154,14,Male,9,SCH006,2025-10-16
STU03155,16,Female,9,SCH018,2024-04-02
STU03156,19,Male,12,SCH016,2023-07-08
STU03157,16,Female,10,SCH002,2026-07-22
STU03158,15,Female,10,SCH023,2026-11-17
STU03159,17,Male,10,SCH022,2022-02-18
STU03160,16,Male,10,SCH004,2026-10-23
STU03161,16,Female,11,SCH020,2023-08-17
STU03162,13,Male,8,SCH003,2025-10-01
STU03163,16,Male,10,SCH012,2023-03-23
STU03164,15,Male,10,SCH001,2024-04-11
STU03165,18,Male,11,SCH019,2025-01-10
STU03166,17,Male,10,SCH011,2022-12-11
STU03167,19,Female,12,SCH023,2023-06-24
STU03168,16,Male,10,SCH008,2026-12-16
STU03169,19,Male,12,SCH023,2025-01-26
STU03170,14,Female,7,SCH006,2022-04-05
STU03171,13,Female,8,SCH015,2023-12-01
STU03172,17,Male,11,SCH002,2023-01-25
STU03173,17,Male,11,SCH015,2022-10-04
STU03174,19,Female,12,SCH017,2025-11-13
STU03175,13,Female,8,SCH007,2023-01-16
STU03176,15,Female,9,SCH012,2022-04-13
STU03177,15,Female,8,SCH004,2025-02-21
STU03178,16,Male,10,SCH004,2022-04-09
STU03179,18,Female,12,SCH012,2023-08-20
STU03180,14,Female,9,SCH016,2022-08-19
STU03181,13,Male,7,SCH014,2025-03-19
STU03182,13,Male,7,SCH015,2024-11-09
STU03183,18,Female,12,SCH014,2022-03-23
STU03184,16,Female,9,SCH022,2024-07-18
STU03185,15,Male,8,SCH017,2024-06-07
STU03186,15,Female,9,SCH024,2026-06-16
STU03187,14,Female,8,SCH020,2026-04-07
STU03188,14,Male,9,SCH021,2024-01-28
STU03189,18,Female,12,SCH019,2024-02-19
STU03190,16,Female,11,SCH002,2025-10-06
STU03191,16,Male,10,SCH011,2024-01-01
STU03192,17,Female,10,SCH005,2025-06-23
STU03193,16,Female,10,SCH016,2025-10-18
STU03194,19,Non-binary,12,SCH016,2023-09-15
STU03195,13,Female,7,SCH018,2026-01-27
STU03196,16,Female,11,SCH010,2025-03-19
STU03197,17,Male,11,SCH023,2026-05-09
STU03198,17,Female,10,SCH020,2022-10-16
STU03199,16,Female,10,SCH008,2024-07-27
STU03200,15,Male,9,SCH011,2022-10-16
STU03201,17,Male,10,SCH023,2023-03-18
STU03202,15,Female,8,SCH009,2026-02-17
STU03203,16,Female,10,SCH011,2025-05-07
STU03204,15,Male,8,SCH011,2023-08-26
STU03205,17,Male,11,SCH009,2025-10-11
STU03206,14,Male,7,SCH002,2023-07-16
STU03207,14,Female,7,SCH010,2022-04-02
STU03208,13,Female,8,SCH016,2025-06-24
STU03209,16,Female,9,SCH024,2026-10-16
STU03210,16,Male,11,SCH025,2022-08-10
STU03211,17,Female,11,SCH009,2022-06-23
STU03212,15,Female,10,SCH007,2025-05-21
STU03213,17,Female,11,SCH013,2026-04-21
STU03214,13,Female,8,SCH010,2022-05-14
STU03215,14,Male,9,SCH021,2026-02-28
STU03216,14,Male,9,SCH015,2022-02-06
STU03217,14,Female,8,SCH010,2024-02-26
STU03218,19,Female,12,SCH015,2023-05-02
STU03219,16,Male,10,SCH024,2025-10-17
STU03220,16,Female,10,SCH006,2024-11-19
STU03221,17,Male,11,SCH024,2026-10-16
STU03222,13,Female,7,SCH019,2025-03-16
STU03223,16,Male,9,SCH012,2025-05-08
STU03224,16,Female,10,SCH014,2026-03-25
STU03225,18,Male,11,SCH013,2025-09-19
STU03226,15,Male,9,SCH002,2022-01-06
STU03227,19,Male,12,SCH009,2022-11-03
STU03228,16,Female,11,SCH023,2026-01-15
STU03229,16,Female,11,SCH003,2024-02-19
STU03230,14,Male,7,SCH004,2024-07-11
STU03231,15,Female,9,SCH014,2025-05-28
STU03232,14,Female,7,SCH006,2022-08-17
STU03233,15,Male,10,SCH010,2026-10-11
STU03234,15,Male,9,SCH001,2026-09-16
STU03235,16,Male,9,SCH013,2026-12-03
STU03236,14,Male,8,SCH021,2024-07-04
STU03237,13,Male,7,SCH001,2025-09-07
STU03238,17,Female,12,SCH019,2022-08-21
STU03239,19,Female,12,SCH004,2025-04-19
STU03240,17,Female,12,SCH005,2026-07-19
STU03241,16,Female,10,SCH009,2022-07-09
STU03242,16,Male,10,SCH025,2025-07-02
STU03243,15,Male,9,SCH012,2026-11-23
STU03244,19,Female,12,SCH004,2022-09-04
STU03245,16,Female,9,SCH004,2023-09-10
STU03246,16,Female,11,SCH016,2022-05-27
STU03247,14,Female,9,SCH012,2022-09-22
STU03248,17,Female,11,SCH006,2024-03-10
STU03249,17,Male,12,SCH021,2026-04-09
STU03250,17,Male,10,SCH002,2023-04-08
STU03251,13,Male,8,SCH024,2025-09-01
STU03252,18,Male,12,SCH015,2022-01-24
STU03253,16,Female,11,SCH002,2024-03-09
STU03254,18,Female,11,SCH017,2026-06-19
STU03255,16,Male,9,SCH019,2022-01-04
STU03256,15,Male,10,SCH014,2022-06-02
STU03257,16,Male,11,SCH019,2023-12-26
STU03258,16,Male,9,SCH001,2024-02-11
STU03259,18,Male,12,SCH015,2024-10-14
STU03260,15,Male,9,SCH006,2024-10-23
STU03261,12,Female,7,SCH022,2026-08-11
STU03262,19,Male,12,SCH006,2025-04-10
STU03263,18,Female,11,SCH012,2024-03-09
STU03264,14,Female,8,SCH020,2024-07-24
STU03265,15,Male,8,SCH018,2026-08-07
STU03266,14,Male,8,SCH010,2024-03-07
STU03267,14,Male,8,SCH003,2024-01-16
STU03268,14,Female,8,SCH001,2024-06-05
STU03269,17,Non-binary,10,SCH009,2025-06-01
STU03270,18,Female,11,SCH021,2023-07-24
STU03271,17,Male,10,SCH006,2022-12-08
STU03272,15,Male,9,SCH016,2026-04-21
STU03273,16,Female,9,SCH017,2025-06-03
STU03274,13,Male,7,SCH019,2023-08-18
STU03275,16,Female,11,SCH010,2022-12-26
STU03276,17,Female,10,SCH013,2024-09-16
STU03277,15,Female,10,SCH018,2026-09-02
STU03278,17,Male,10,SCH018,2026-10-28
STU03279,17,Female,10,SCH019,2026-05-03
STU03280,15,Male,10,SCH009,2026-10-04
STU03281,13,Female,7,SCH015,2023-12-16
STU03282,18,Male,11,SCH008,2026-05-02
STU03283,18,Female,11,SCH014,2024-02-09
STU03284,14,Male,9,SCH012,2022-02-21
STU03285,17,Male,10,SCH012,2026-08-18
STU03286,16,Male,9,SCH020,2022-05-04
STU03287,15,Female,9,SCH023,2026-06-10
STU03288,16,Female,9,SCH023,2022-01-01
STU03289,15,Female,10,SCH005,2025-11-17
STU03290,15,Male,8,SCH007,2026-12-23
STU03291,12,Female,7,SCH002,2024-01-11
STU03292,16,Male,11,SCH009,2023-12-19
STU03293,16,Female,10,SCH019,2023-09-05
STU03294,15,Female,9,SCH022,2026-03-09
STU03295,15,Male,10,SCH019,2023-02-06
STU03296,18,Female,11,SCH024,2026-12-11
STU03297,18,Male,11,SCH017,2026-08-21
STU03298,16,Female,10,SCH024,2024-10-02
STU03299,17,Female,10,SCH013,2025-12-23
STU03300,15,Female,9,SCH001,2022-06-02
STU03301,18,Female,12,SCH021,2025-04-12
STU03302,15,Male,8,SCH006,2025-03-05
STU03303,17,Female,10,SCH001,2026-12-11
STU03304,14,Male,7,SCH020,2024-08-25
STU03305,19,Female,12,SCH021,2025-10-28
STU03306,17,Male,12,SCH004,2025-06-08
STU03307,15,Female,8,SCH001,2023-06-19
STU03308,13,Male,7,SCH016,2024-03-09
STU03309,14,Male,8,SCH006,2023-12-01
STU03310,13,Male,7,SCH018,2022-09-07
STU03311,15,Female,9,SCH012,2024-10-01
STU03312,18,Female,12,SCH007,2023-11-08
STU03313,17,Female,10,SCH021,2025-06-09
STU03314,14,Female,9,SCH011,2022-10-10
STU03315,16,Male,9,SCH005,2025-02-15
STU03316,17,Male,10,SCH023,2022-05-20
STU03317,15,Female,8,SCH005,2026-01-03
STU03318,16,Male,10,SCH023,2026-04-14
STU03319,14,Male,7,SCH018,2024-01-15
STU03320,18,Female,11,SCH005,2025-10-03
STU03321,19,Female,12,SCH009,2023-10-03
STU03322,17,Female,12,SCH024,2025-05-28
STU03323,18,Female,12,SCH021,2022-07-21
STU03324,15,Male,10,SCH011,2024-04-11
STU03325,18,Female,12,SCH017,2025-04-13
STU03326,17,Female,10,SCH008,2025-04-19
STU03327,14,Male,9,SCH018,2026-06-14
STU03328,15,Female,10,SCH022,2024-01-01
STU03329,16,Female,11,SCH019,2026-09-18
STU03330,15,Female,9,SCH021,2025-12-28
STU03331,14,Female,8,SCH007,2023-04-11
STU03332,16,Male,10,SCH025,2024-10-13
STU03333,12,Male,7,SCH002,2023-04-04
STU03334,17,Male,10,SCH005,2025-04-18
STU03335,19,Female,12,SCH008,2023-03-24
STU03336,18,Female,11,SCH005,2025-03-02
STU03337,17,Male,11,SCH014,2023-09-14
STU03338,15,Male,8,SCH014,2026-01-18
STU03339,15,Female,10,SCH024,2024-03-27
STU03340,15,Male,9,SCH024,2025-01-08
STU03341,15,Male,8,SCH014,2024-11-18
STU03342,14,Female,7,SCH010,2026-06-16
STU03343,16,Female,11,SCH001,2025-08-25
STU03344,19,Female,12,SCH012,2026-02-22
STU03345,14,Female,8,SCH007,2025-03-12
STU03346,13,Male,8,SCH019,2024-11-20
STU03347,18,Male,11,SCH012,2024-09-26
STU03348,14,Male,7,SCH019,2022-08-08
STU03349,16,Female,10,SCH003,2022-06-20
STU03350,14,Female,9,SCH011,2023-03-07
STU03351,15,Female,9,SCH014,2026-07-03
STU03352,16,Female,11,SCH022,2022-06-15
STU03353,13,Female,7,SCH020,2022-06-09
STU03354,18,Female,11,SCH008,2026-11-26
STU03355,15,Female,10,SCH007,2023-03-22
STU03356,16,Male,11,SCH011,2026-01-07
STU03357,16,Female,11,SCH021,2025-04-02
STU03358,16,Male,9,SCH012,2024-09-06
STU03359,15,Female,10,SCH025,2025-06-16
STU03360,18,Male,11,SCH018,2022-06-25
STU03361,15,Male,10,SCH023,2026-04-03
STU03362,12,Male,7,SCH006,2024-02-12
STU03363,19,Male,12,SCH016,2025-07-10
STU03364,19,Female,12,SCH009,2022-09-05
STU03365,13,Non-binary,7,SCH015,2023-08-15
STU03366,18,Male,11,SCH010,2023-05-26
STU03367,15,Female,9,SCH024,2025-12-15
STU03368,18,Male,12,SCH014,2022-05-06
STU03369,16,Female,9,SCH019,2025-09-11
STU03370,18,Female,12,SCH013,2025-10-23
STU03371,16,Female,9,SCH005,2026-08-28
STU03372,15,Female,10,SCH010,2025-07-22
STU03373,13,Female,8,SCH014,2026-02-21
STU03374,13,Male,8,SCH007,2022-09-13
STU03375,18,Male,12,SCH008,2023-06-08
STU03376,16,Male,10,SCH010,2022-06-25
STU03377,14,Female,7,SCH018,2025-01-07
STU03378,17,Male,10,SCH023,2022-04-01
STU03379,16,Female,10,SCH009,2024-03-25
STU03380,14,Female,8,SCH007,2022-09-15
STU03381,13,Female,7,SCH015,2023-07-03
STU03382,12,Female,7,SCH018,2024-01-15
STU03383,16,Female,9,SCH007,2026-05-10
STU03384,14,Male,8,SCH011,2026-09-03
STU03385,15,Female,9,SCH012,2022-10-05
STU03386,14,Female,7,SCH006,2022-01-16
STU03387,17,Male,10,SCH024,2025-03-13
STU03388,14,Female,8,SCH007,2025-02-03
STU03389,14,Female,9,SCH005,2023-04-22
STU03390,18,Female,11,SCH010,2026-06-12
STU03391,16,Male,10,SCH020,2024-03-26
STU03392,15,Male,10,SCH012,2023-12-08
STU03393,16,Female,10,SCH018,2024-11-20
STU03394,14,Male,8,SCH017,2022-03-17
STU03395,14,Female,9,SCH008,2023-02-06
STU03396,16,Male,9,SCH023,2026-08-19
STU03397,16,Male,10,SCH021,2026-04-01
STU03398,16,Male,9,SCH020,2026-03-21
STU03399,12,Male,7,SCH005,2023-08-07
STU03400,14,Female,8,SCH006,2024-11-05
STU03401,15,Male,10,SCH005,2026-07-09
STU03402,19,Male,12,SCH025,2026-04-18
STU03403,17,Male,10,SCH001,2022-10-25
STU03404,15,Male,9,SCH011,2026-09-22
STU03405,19,Female,12,SCH003,2024-01-12
STU03406,16,Female,9,SCH016,2026-11-02
STU03407,16,Female,10,SCH013,2023-11-03
STU03408,17,Male,11,SCH005,2026-11-06
STU03409,15,Male,10,SCH006,2025-06-19
STU03410,12,Female,7,SCH025,2026-03-01
STU03411,17,Male,10,SCH020,2026-02-25
STU03412,14,Male,9,SCH011,2022-04-26
STU03413,17,Female,12,SCH012,2026-10-01
STU03414,15,Male,10,SCH017,2026-06-26
STU03415,19,Female,12,SCH001,2026-05-11
STU03416,13,Male,7,SCH010,2025-05-27
STU03417,16,Non-binary,11,SCH020,2023-03-07
STU03418,16,Male,10,SCH019,2022-03-14
STU03419,17,Male,12,SCH018,2026-04-05
STU03420,16,Female,9,SCH006,2022-07-19
STU03421,15,Female,9,SCH013,2025-01-26
STU03422,14,Female,7,SCH024,2023-05-09
STU03423,17,Female,10,SCH019,2024-08-15
STU03424,18,Male,11,SCH017,2024-07-14
STU03425,12,Female,7,SCH010,2023-03-18
STU03426,17,Female,12,SCH011,2026-06-26
STU03427,15,Male,9,SCH014,2022-12-23
STU03428,14,Female,9,SCH009,2022-04-10
STU03429,14,Female,7,SCH023,2024-09-01
STU03430,17,Female,10,SCH024,2026-06-13
STU03431,16,Male,10,SCH003,2024-06-11
STU03432,13,Female,8,SCH014,2022-11-14
STU03433,19,Female,12,SCH011,2023-04-16
STU03434,14,Male,8,SCH015,2024-07-24
STU03435,16,Female,11,SCH005,2026-03-03
STU03436,15,Male,10,SCH005,2025-07-25
STU03437,15,Female,9,SCH008,2026-01-20
STU03438,17,Female,11,SCH003,2022-02-02
STU03439,14,Male,9,SCH004,2022-08-01
STU03440,16,Male,9,SCH014,2022-11-05
STU03441,12,Male,7,SCH016,2023-10-11
STU03442,16,Male,11,SCH022,2023-07-15
STU03443,16,Female,11,SCH011,2025-07-17
STU03444,15,Male,8,SCH024,2025-06-04
STU03445,15,Male,10,SCH003,2024-08-01
STU03446,17,Female,10,SCH014,2026-08-09
STU03447,18,Female,11,SCH025,2023-11-17
STU03448,15,Non-binary,8,SCH001,2024-05-16
STU03449,15,Female,10,SCH010,2025-05-17
STU03450,17,Female,12,SCH008,2025-01-02
STU03451,14,Male,7,SCH023,2024-05-06
STU03452,16,Female,10,SCH001,2023-08-07
STU03453,15,Male,9,SCH014,2024-07-03
STU03454,14,Male,8,SCH002,2023-01-18
STU03455,14,Female,9,SCH025,2025-07-19
STU03456,17,Female,12,SCH023,2026-04-09
STU03457,13,Female,7,SCH020,2026-05-16
STU03458,18,Male,12,SCH015,2026-12-15
STU03459,16,Female,11,SCH013,2023-03-25
STU03460,14,Male,9,SCH025,2026-06-06
STU03461,18,Female,11,SCH020,2023-01-28
STU03462,13,Female,7,SCH001,2025-12-02
STU03463,15,Male,9,SCH004,2024-07-25
STU03464,13,Female,8,SCH007,2025-09-04
STU03465,17,Male,12,SCH023,2023-05-05
STU03466,16,Male,9,SCH014,2025-09-27
STU03467,16,Male,10,SCH015,2026-06-09
STU03468,17,Male,11,SCH014,2025-11-14
STU03469,16,Female,10,SCH005,2023-06-02
STU03470,15,Non-binary,8,SCH020,2026-05-19
STU03471,15,Female,10,SCH021,2022-02-08
STU03472,14,Female,9,SCH006,2023-04-21
STU03473,15,Male,9,SCH025,2024-05-01
STU03474,16,Male,9,SCH004,2026-02-09
STU03475,18,Female,12,SCH020,2024-11-09
STU03476,19,Male,12,SCH012,2024-08-17
STU03477,18,Female,11,SCH003,2024-07-25
STU03478,17,Female,10,SCH005,2023-05-03
STU03479,17,Male,10,SCH022,2022-02-21
STU03480,15,Female,8,SCH015,2025-08-16
STU03481,17,Female,12,SCH015,2023-12-27
STU03482,18,Female,12,SCH016,2024-02-02
STU03483,15,Male,8,SCH023,2026-06-11
STU03484,17,Male,12,SCH006,2022-09-16
STU03485,15,Female,8,SCH004,2025-03-21
STU03486,14,Female,7,SCH013,2026-10-21
STU03487,15,Female,9,SCH015,2026-06-28
STU03488,15,Female,9,SCH013,2023-09-24
STU03489,15,Male,9,SCH009,2025-05-11
STU03490,16,Male,9,SCH006,2023-12-14
STU03491,17,Male,11,SCH005,2025-06-19
STU03492,17,Female,10,SCH006,2022-10-09
STU03493,16,Male,9,SCH016,2023-02-06
STU03494,16,Female,9,SCH001,2023-11-16
STU03495,17,Male,10,SCH013,2025-02-05
STU03496,18,Male,12,SCH015,2024-08-06
STU03497,15,Non-binary,10,SCH012,2023-07-14
STU03498,17,Female,11,SCH023,2025-11-14
STU03499,15,Male,9,SCH019,2025-12-23
STU03500,16,Male,10,SCH002,2024-04-27
STU03501,15,Male,10,SCH011,2023-12-17
STU03502,18,Male,11,SCH002,2025-02-23
STU03503,16,Male,9,SCH012,2026-12-25
STU03504,17,Female,12,SCH003,2024-11-20
STU03505,17,Male,11,SCH001,2024-11-08
STU03506,15,Male,9,SCH001,2024-10-22
STU03507,16,Male,10,SCH001,2024-04-16
STU03508,14,Female,8,SCH024,2022-10-12
STU03509,13,Male,7,SCH019,2023-07-23
STU03510,15,Male,8,SCH005,2023-01-06
STU03511,18,Female,12,SCH019,2025-05-27
STU03512,14,Male,9,SCH024,2026-06-03
STU03513,16,Male,10,SCH012,2022-07-22
STU03514,17,Female,11,SCH013,2026-07-10
STU03515,17,Male,12,SCH007,2023-08-04
STU03516,18,Male,11,SCH025,2024-02-04
STU03517,15,Male,8,SCH015,2025-10-04
STU03518,17,Male,12,SCH020,2023-04-22
STU03519,14,Female,8,SCH020,2026-08-02
STU03520,17,Male,11,SCH006,2023-05-25
STU03521,16,Female,10,SCH025,2022-11-11
STU03522,16,Male,10,SCH018,2026-02-10
STU03523,19,Male,12,SCH011,2024-04-24
STU03524,17,Male,10,SCH009,2025-06-23
STU03525,15,Male,10,SCH014,2024-09-24
STU03526,15,Male,10,SCH001,2023-09-23
STU03527,15,Male,8,SCH016,2024-07-08
STU03528,15,Female,8,SCH021,2022-06-01
STU03529,17,Female,10,SCH004,2023-02-01
STU03530,13,Female,7,SCH022,2024-10-01
STU03531,15,Female,8,SCH024,2022-09-16
STU03532,15,Male,10,SCH006,2023-12-24
STU03533,18,Female,12,SCH009,2022-12-21
STU03534,17,Female,10,SCH009,2022-03-21
STU03535,17,Female,12,SCH023,2023-10-20
STU03536,15,Male,9,SCH012,2022-04-11
STU03537,15,Female,9,SCH024,2022-12-20
STU03538,14,Non-binary,9,SCH006,2022-03-23
STU03539,17,Male,10,SCH013,2025-02-27
STU03540,16,Male,9,SCH020,2026-06-23
STU03541,16,Male,9,SCH003,2023-12-13
STU03542,18,Male,12,SCH018,2025-04-06
STU03543,16,Female,11,SCH005,2023-08-10
STU03544,14,Female,7,SCH010,2022-03-02
STU03545,17,Female,10,SCH020,2024-04-21
STU03546,14,Male,8,SCH003,2022-06-26
STU03547,16,Female,10,SCH004,2024-07-22
STU03548,19,Female,12,SCH023,2024-10-16
STU03549,12,Male,7,SCH015,2022-03-11
STU03550,13,Male,8,SCH023,2026-08-01
STU03551,16,Male,11,SCH006,2026-07-27
STU03552,12,Female,7,SCH005,2025-03-21
STU03553,16,Male,9,SCH003,2023-06-06
STU03554,15,Female,10,SCH025,2022-03-04
STU03555,14,Male,8,SCH007,2023-10-28
STU03556,16,Male,11,SCH008,2023-02-24
STU03557,14,Male,9,SCH016,2024-08-14
STU03558,16,Female,11,SCH018,2024-08-10
STU03559,19,Male,12,SCH024,2024-09-25
STU03560,17,Female,10,SCH006,2023-03-17
STU03561,17,Female,11,SCH009,2025-06-08
STU03562,16,Female,11,SCH023,2024-10-23
STU03563,14,Female,7,SCH004,2024-04-13
STU03564,16,Female,9,SCH007,2025-11-21
STU03565,14,Female,7,SCH021,2025-10-04
STU03566,16,Female,9,SCH025,2025-06-17
STU03567,17,Male,10,SCH002,2023-07-02
STU03568,16,Female,11,SCH007,2026-02-20
STU03569,15,Female,10,SCH011,2022-09-19
STU03570,13,Male,7,SCH011,2024-08-23
STU03571,16,Female,9,SCH013,2022-11-08
STU03572,17,Male,10,SCH007,2023-02-17
STU03573,17,Male,12,SCH002,2024-08-23
STU03574,18,Female,11,SCH019,2026-11-21
STU03575,16,Non-binary,11,SCH005,2024-04-18
STU03576,15,Female,8,SCH009,2026-03-11
STU03577,13,Male,7,SCH012,2025-02-18
STU03578,13,Male,7,SCH017,2023-06-18
STU03579,16,Male,9,SCH001,2026-09-03
STU03580,18,Male,12,SCH011,2026-10-12
STU03581,16,Male,9,SCH018,2025-01-23
STU03582,16,Female,10,SCH004,2026-08-07
STU03583,14,Female,9,SCH019,2023-12-16
STU03584,14,Female,9,SCH025,2023-05-28
STU03585,17,Female,12,SCH009,2023-09-13
STU03586,17,Female,11,SCH005,2025-06-02
STU03587,18,Female,11,SCH003,2023-04-16
STU03588,18,Female,12,SCH007,2023-04-05
STU03589,13,Male,8,SCH022,2024-04-27
STU03590,19,Male,12,SCH018,2023-08-04
STU03591,12,Female,7,SCH020,2026-10-08
STU03592,17,Male,11,SCH025,2022-01-16
STU03593,14,Male,9,SCH001,2025-02-14
STU03594,19,Female,12,SCH018,2025-06-02
STU03595,17,Male,12,SCH006,2025-01-05
STU03596,17,Male,11,SCH019,2022-09-06
STU03597,14,Female,8,SCH008,2023-11-10
STU03598,12,Male,7,SCH020,2025-10-24
STU03599,19,Male,12,SCH023,2024-10-08
STU03600,18,Male,12,SCH011,2023-05-16
STU03601,12,Male,7,SCH025,2026-01-21
STU03602,17,Male,10,SCH023,2026-07-01
STU03603,15,Male,9,SCH002,2023-01-17
STU03604,14,Male,7,SCH009,2024-09-22
STU03605,15,Male,8,SCH017,2022-09-27
STU03606,15,Female,8,SCH007,2025-06-19
STU03607,18,Female,12,SCH017,2026-02-08
STU03608,16,Male,9,SCH016,2024-06-26
STU03609,17,Female,10,SCH011,2023-11-01
STU03610,18,Male,11,SCH004,2023-07-26
STU03611,16,Female,11,SCH004,2022-11-27
STU03612,16,Female,11,SCH022,2024-04-28
STU03613,16,Male,9,SCH012,2022-02-10
STU03614,12,Female,7,SCH002,2023-05-27
STU03615,19,Female,12,SCH009,2022-10-19
STU03616,15,Male,9,SCH015,2022-08-15
STU03617,19,Male,12,SCH023,2024-12-28
STU03618,16,Female,9,SCH006,2026-11-20
STU03619,13,Male,8,SCH024,2026-03-26
STU03620,16,Female,10,SCH007,2023-02-07
STU03621,17,Female,10,SCH012,2024-05-03
STU03622,13,Male,8,SCH016,2022-07-10
STU03623,17,Female,12,SCH015,2026-04-16
STU03624,13,Male,7,SCH009,2026-05-06
STU03625,16,Female,11,SCH011,2024-02-03
STU03626,16,Female,11,SCH021,2024-01-05
STU03627,14,Female,8,SCH020,2026-04-25
STU03628,12,Male,7,SCH007,2025-02-15
STU03629,15,Female,10,SCH008,2022-12-11
STU03630,18,Female,12,SCH019,2026-01-05
STU03631,12,Male,7,SCH021,2024-04-23
STU03632,18,Female,11,SCH006,2025-07-03
STU03633,13,Male,8,SCH005,2024-08-20
STU03634,18,Female,12,SCH005,2026-09-25
STU03635,16,Female,10,SCH017,2023-09-07
STU03636,17,Male,11,SCH009,2026-12-07
STU03637,18,Male,11,SCH016,2026-11-17
STU03638,16,Male,10,SCH010,2026-07-08
STU03639,14,Female,7,SCH016,2025-01-21
STU03640,17,Male,10,SCH010,2024-05-25
STU03641,15,Female,8,SCH020,2022-05-02
STU03642,14,Male,9,SCH014,2024-04-28
STU03643,16,Male,11,SCH008,2022-07-27
STU03644,15,Male,9,SCH014,2023-08-23
STU03645,15,Male,9,SCH007,2023-02-22
STU03646,19,Male,12,SCH018,2026-02-02
STU03647,16,Male,10,SCH002,2022-03-12
STU03648,12,Female,7,SCH007,2024-01-12
STU03649,15,Female,10,SCH025,2024-04-02
STU03650,17,Female,12,SCH001,2023-07-25
STU03651,18,Male,12,SCH020,2024-07-11
STU03652,17,Male,12,SCH005,2024-09-27
STU03653,16,Male,10,SCH009,2023-02-03
STU03654,18,Male,12,SCH013,2025-02-03
STU03655,17,Female,10,SCH010,2025-07-12
STU03656,15,Female,8,SCH023,2025-04-18
STU03657,14,Male,8,SCH010,2022-04-25
STU03658,19,Female,12,SCH002,2026-10-01
STU03659,16,Male,9,SCH006,2023-07-25
STU03660,16,Male,11,SCH013,2023-07-23
STU03661,17,Female,12,SCH006,2026-11-26
STU03662,17,Female,11,SCH016,2026-04-01
STU03663,18,Female,11,SCH018,2025-10-25
STU03664,19,Female,12,SCH011,2026-03-12
STU03665,18,Female,12,SCH012,2023-07-08
STU03666,18,Female,12,SCH012,2024-04-27
STU03667,12,Male,7,SCH001,2024-01-27
STU03668,17,Female,12,SCH008,2026-09-17
STU03669,17,Female,12,SCH024,2025-08-19
STU03670,17,Male,11,SCH021,2026-01-03
STU03671,18,Male,11,SCH016,2025-06-20
STU03672,18,Male,12,SCH018,2023-04-23
STU03673,16,Male,10,SCH020,2026-06-10
STU03674,17,Female,12,SCH025,2024-10-14
STU03675,17,Female,11,SCH020,2026-01-01
STU03676,17,Female,10,SCH002,2025-09-05
STU03677,15,Female,10,SCH009,2023-02-14
STU03678,12,Female,7,SCH009,2024-04-26
STU03679,15,Male,10,SCH015,2022-04-19
STU03680,16,Female,11,SCH004,2026-05-07
STU03681,15,Male,10,SCH018,2024-02-12
STU03682,18,Female,11,SCH007,2024-11-18
STU03683,13,Male,7,SCH012,2025-08-18
STU03684,15,Male,10,SCH024,2024-11-09
STU03685,16,Male,11,SCH021,2026-11-23
STU03686,17,Female,12,SCH011,2026-10-20
STU03687,12,Male,7,SCH017,2025-06-25
STU03688,14,Male,8,SCH013,2024-08-07
STU03689,15,Female,10,SCH023,2022-08-19
STU03690,17,Female,10,SCH004,2025-02-25
STU03691,17,Female,12,SCH007,2022-05-02
STU03692,18,Male,12,SCH016,2023-12-01
STU03693,13,Male,8,SCH015,2024-05-14
STU03694,14,Female,9,SCH007,2023-02-10
STU03695,19,Male,12,SCH006,2024-01-28
STU03696,17,Female,10,SCH019,2023-06-16
STU03697,18,Male,11,SCH005,2024-04-18
STU03698,19,Female,12,SCH018,2024-02-28
STU03699,16,Female,10,SCH002,2026-10-13
STU03700,15,Male,10,SCH023,2025-08-19
STU03701,17,Female,12,SCH025,2024-11-27
STU03702,14,Male,8,SCH001,2024-04-27
STU03703,15,Male,8,SCH006,2023-10-14
STU03704,14,Male,7,SCH005,2024-10-15
STU03705,15,Non-binary,10,SCH007,2026-06-07
STU03706,17,Female,12,SCH007,2026-02-23
STU03707,14,Female,7,SCH006,2025-05-02
STU03708,17,Female,11,SCH005,2025-09-16
STU03709,15,Female,10,SCH011,2024-12-27
STU03710,16,Female,11,SCH017,2022-10-05
STU03711,13,Female,8,SCH022,2022-02-21
STU03712,15,Female,8,SCH011,2024-06-27
STU03713,15,Male,10,SCH023,2024-03-28
STU03714,19,Female,12,SCH021,2026-01-14
STU03715,14,Female,9,SCH021,2022-07-11
STU03716,12,Female,7,SCH001,2022-08-17
STU03717,13,Female,8,SCH010,2022-09-08
STU03718,15,Female,9,SCH005,2025-07-18
STU03719,17,Female,10,SCH008,2024-12-12
STU03720,17,Female,11,SCH024,2022-11-15
STU03721,15,Male,9,SCH014,2023-11-16
STU03722,16,Female,10,SCH013,2023-06-20
STU03723,16,Female,9,SCH017,2026-07-22
STU03724,15,Male,9,SCH005,2022-01-07
STU03725,17,Female,11,SCH003,2024-08-10
STU03726,15,Female,9,SCH003,2023-09-11
STU03727,16,Male,9,SCH011,2022-01-16
STU03728,15,Male,10,SCH001,2026-12-25
STU03729,15,Male,9,SCH024,2026-12-07
STU03730,14,Male,8,SCH017,2026-11-16
STU03731,14,Female,8,SCH015,2025-06-27
STU03732,15,Female,8,SCH023,2024-12-02
STU03733,16,Female,11,SCH013,2024-02-03
STU03734,15,Female,9,SCH022,2024-08-22
STU03735,15,Male,10,SCH021,2022-02-23
STU03736,13,Male,7,SCH005,2022-09-06
STU03737,18,Female,11,SCH011,2026-12-23
STU03738,15,Female,10,SCH010,2022-01-13
STU03739,12,Female,7,SCH010,2026-11-08
STU03740,15,Female,10,SCH009,2026-04-22
STU03741,17,Male,12,SCH013,2022-09-01
STU03742,14,Female,7,SCH018,2024-12-23
STU03743,16,Male,9,SCH007,2026-07-26
STU03744,18,Female,12,SCH023,2024-03-07
STU03745,15,Male,9,SCH014,2026-03-28
STU03746,16,Male,10,SCH016,2022-04-22
STU03747,16,Male,10,SCH015,2024-05-21
STU03748,15,Male,8,SCH005,2022-05-15
STU03749,15,Female,10,SCH013,2025-05-17
STU03750,19,Male,12,SCH010,2025-10-10
STU03751,13,Female,8,SCH022,2024-09-10
STU03752,17,Non-binary,10,SCH005,2024-12-17
STU03753,18,Female,11,SCH019,2023-06-22
STU03754,17,Female,12,SCH025,2026-09-26
STU03755,15,Female,8,SCH007,2026-06-21
STU03756,14,Male,7,SCH004,2023-06-08
STU03757,15,Female,10,SCH022,2026-01-24
STU03758,15,Female,10,SCH016,2026-09-20
STU03759,15,Female,8,SCH011,2026-04-15
STU03760,14,Male,8,SCH012,2024-10-19
STU03761,15,Female,9,SCH008,2026-10-15
STU03762,13,Male,8,SCH024,2025-09-16
STU03763,14,Female,8,SCH015,2026-08-06
STU03764,14,Male,7,SCH009,2023-07-14
STU03765,14,Male,8,SCH015,2022-10-10
STU03766,17,Female,12,SCH004,2023-07-02
STU03767,16,Female,11,SCH014,2024-02-20
STU03768,18,Female,12,SCH002,2026-10-13
STU03769,15,Female,8,SCH006,2024-12-18
STU03770,18,Male,11,SCH023,2022-05-19
STU03771,18,Female,12,SCH010,2022-01-27
STU03772,15,Female,10,SCH006,2024-06-06
STU03773,16,Female,11,SCH025,2022-03-20
STU03774,15,Male,8,SCH008,2022-06-25
STU03775,17,Male,11,SCH013,2024-11-01
STU03776,17,Non-binary,10,SCH020,2025-04-28
STU03777,16,Male,10,SCH019,2024-03-02
STU03778,17,Female,11,SCH009,2025-07-05
STU03779,18,Female,12,SCH020,2024-05-05
STU03780,17,Female,10,SCH021,2024-08-26
STU03781,15,Female,10,SCH016,2023-12-10
STU03782,13,Female,8,SCH009,2025-04-28
STU03783,15,Female,10,SCH006,2024-12-27
STU03784,19,Female,12,SCH019,2025-12-22
STU03785,18,Female,11,SCH003,2026-02-03
STU03786,15,Male,9,SCH016,2024-09-22
STU03787,16,Female,9,SCH011,2025-02-17
STU03788,15,Male,8,SCH013,2026-09-05
STU03789,17,Male,11,SCH015,2024-01-12
STU03790,19,Female,12,SCH022,2023-02-20
STU03791,12,Male,7,SCH020,2026-01-01
STU03792,17,Male,11,SCH022,2023-06-15
STU03793,17,Female,12,SCH018,2022-10-13
STU03794,15,Male,10,SCH001,2022-05-04
STU03795,17,Male,11,SCH009,2026-02-15
STU03796,15,Female,10,SCH013,2022-04-10
STU03797,18,Female,12,SCH010,2022-03-04
STU03798,15,Female,9,SCH015,2026-12-24
STU03799,14,Male,9,SCH014,2025-03-27
STU03800,12,Female,7,SCH006,2026-03-08
STU03801,18,Female,11,SCH014,2025-07-27
STU03802,17,Female,11,SCH005,2023-08-16
STU03803,14,Male,8,SCH004,2022-02-08
STU03804,19,Female,12,SCH023,2025-05-06
STU03805,16,Female,9,SCH010,2023-02-13
STU03806,15,Female,9,SCH025,2024-08-07
STU03807,18,Female,12,SCH009,2024-03-04
STU03808,13,Male,8,SCH019,2023-11-08
STU03809,12,Female,7,SCH024,2026-10-10
STU03810,14,Female,8,SCH025,2024-05-24
STU03811,19,Male,12,SCH021,2025-03-13
STU03812,17,Male,11,SCH024,2022-02-20
STU03813,17,Female,11,SCH009,2023-03-07
STU03814,12,Female,7,SCH023,2023-12-20
STU03815,17,Female,10,SCH003,2024-04-20
STU03816,16,Female,9,SCH019,2026-03-26
STU03817,18,Male,11,SCH023,2024-03-23
STU03818,18,Male,11,SCH010,2022-09-01
STU03819,18,Female,11,SCH017,2023-08-20
STU03820,18,Male,12,SCH003,2025-06-26
STU03821,14,Female,7,SCH017,2022-09-17
STU03822,15,Male,9,SCH006,2023-03-26
STU03823,17,Male,11,SCH021,2025-04-15
STU03824,14,Female,8,SCH013,2023-05-21
STU03825,19,Female,12,SCH004,2026-01-28
STU03826,15,Male,10,SCH015,2025-04-22
STU03827,14,Female,8,SCH019,2024-12-10
STU03828,16,Female,10,SCH007,2023-01-13
STU03829,14,Female,7,SCH017,2024-11-18
STU03830,14,Female,8,SCH006,2024-04-14
STU03831,13,Female,8,SCH020,2025-06-14
STU03832,16,Male,9,SCH012,2023-06-10
STU03833,19,Female,12,SCH007,2023-09-19
STU03834,16,Male,9,SCH010,2025-09-12
STU03835,15,Female,9,SCH016,2022-11-22
STU03836,16,Female,10,SCH014,2025-01-18
STU03837,16,Male,9,SCH011,2024-10-02
STU03838,18,Male,12,SCH014,2022-02-27
STU03839,19,Female,12,SCH014,2025-10-12
STU03840,16,Female,10,SCH014,2026-07-04
STU03841,14,Male,8,SCH012,2023-07-10
STU03842,17,Female,11,SCH002,2026-06-21
STU03843,14,Female,8,SCH010,2023-12-04
STU03844,15,Male,10,SCH006,2023-03-23
STU03845,19,Male,12,SCH003,2022-08-15
STU03846,14,Male,8,SCH006,2024-09-15
STU03847,13,Female,8,SCH025,2022-12-20
STU03848,19,Male,12,SCH007,2026-10-09
STU03849,13,Male,7,SCH015,2026-07-03
STU03850,13,Female,7,SCH010,2026-10-13
STU03851,16,Male,9,SCH025,2025-08-02
STU03852,18,Female,12,SCH015,2023-10-01
STU03853,18,Male,11,SCH007,2023-11-08
STU03854,18,Male,12,SCH014,2022-01-04
STU03855,16,Female,10,SCH023,2025-02-26
STU03856,12,Female,7,SCH015,2026-10-05
STU03857,18,Male,12,SCH010,2023-03-22
STU03858,15,Male,10,SCH007,2025-10-03
STU03859,18,Female,12,SCH009,2024-04-10
STU03860,16,Female,9,SCH021,2026-09-17
STU03861,19,Female,12,SCH006,2022-04-20
STU03862,15,Female,10,SCH015,2026-04-15
STU03863,16,Male,11,SCH014,2026-04-23
STU03864,17,Female,12,SCH024,2025-11-19
STU03865,16,Male,9,SCH007,2026-12-01
STU03866,18,Female,12,SCH018,2024-07-08
STU03867,14,Male,9,SCH014,2025-02-11
STU03868,13,Female,7,SCH024,2025-12-26
STU03869,15,Male,9,SCH005,2023-11-07
STU03870,16,Male,10,SCH007,2023-08-21
STU03871,18,Female,12,SCH007,2023-05-19
STU03872,13,Male,8,SCH007,2023-05-05
STU03873,19,Male,12,SCH011,2025-04-11
STU03874,17,Female,11,SCH020,2022-07-21
STU03875,14,Male,9,SCH002,2023-04-04
STU03876,17,Male,12,SCH023,2025-06-03
STU03877,12,Female,7,SCH009,2023-08-24
STU03878,14,Male,9,SCH007,2024-06-01
STU03879,15,Male,10,SCH019,2024-11-26
STU03880,16,Female,9,SCH004,2026-01-27
STU03881,15,Non-binary,9,SCH020,2024-11-22
STU03882,12,Female,7,SCH008,2022-11-22
STU03883,15,Female,10,SCH018,2026-09-20
STU03884,14,Male,8,SCH014,2024-10-18
STU03885,16,Male,11,SCH022,2022-10-24
STU03886,18,Male,12,SCH018,2025-03-28
STU03887,12,Female,7,SCH019,2026-10-12
STU03888,18,Female,12,SCH024,2026-07-28
STU03889,18,Male,12,SCH011,2024-05-07
STU03890,18,Female,12,SCH013,2022-10-17
STU03891,18,Male,12,SCH003,2025-04-17
STU03892,19,Male,12,SCH015,2025-05-22
STU03893,18,Female,11,SCH013,2023-02-14
STU03894,15,Female,9,SCH003,2024-03-15
STU03895,12,Female,7,SCH002,2025-03-22
STU03896,14,Male,7,SCH004,2025-07-12
STU03897,17,Female,12,SCH018,2023-10-07
STU03898,18,Male,12,SCH020,2024-07-03
STU03899,13,Male,7,SCH004,2023-04-23
STU03900,17,Female,11,SCH018,2022-01-20
STU03901,18,Female,11,SCH022,2024-02-05
STU03902,17,Female,10,SCH017,2025-07-06
STU03903,17,Male,10,SCH008,2026-08-21
STU03904,16,Female,11,SCH022,2025-03-16
STU03905,18,Male,11,SCH014,2023-12-19
STU03906,16,Female,10,SCH023,2023-04-17
STU03907,16,Male,10,SCH006,2024-08-03
STU03908,14,Female,8,SCH007,2023-10-24
STU03909,17,Male,12,SCH025,2025-04-05
STU03910,16,Non-binary,9,SCH025,2025-05-05
STU03911,14,Male,7,SCH020,2022-04-14
STU03912,15,Male,9,SCH016,2024-09-01
STU03913,16,Male,11,SCH012,2026-06-02
STU03914,18,Female,11,SCH016,2026-08-03
STU03915,16,Male,10,SCH004,2022-02-12
STU03916,16,Male,9,SCH012,2026-07-23
STU03917,17,Male,12,SCH006,2025-02-25
STU03918,15,Male,8,SCH024,2024-12-05
STU03919,16,Female,11,SCH010,2024-01-26
STU03920,17,Female,10,SCH001,2026-07-01
STU03921,17,Female,12,SCH003,2025-07-17
STU03922,18,Male,11,SCH001,2025-07-22
STU03923,14,Male,9,SCH008,2025-07-12
STU03924,17,Male,12,SCH013,2023-04-22
STU03925,18,Male,11,SCH021,2025-10-05
STU03926,16,Female,9,SCH004,2023-03-23
STU03927,15,Female,10,SCH018,2024-05-01
STU03928,18,Male,12,SCH012,2023-01-25
STU03929,16,Male,9,SCH025,2025-02-02
STU03930,16,Male,11,SCH009,2023-07-19
STU03931,13,Female,7,SCH019,2025-03-27
STU03932,16,Male,10,SCH017,2022-01-11
STU03933,14,Male,9,SCH015,2022-06-28
STU03934,16,Female,11,SCH022,2023-12-28
STU03935,18,Male,11,SCH006,2025-10-28
STU03936,18,Female,12,SCH001,2023-01-28
STU03937,14,Female,7,SCH011,2026-03-05
STU03938,16,Female,11,SCH013,2022-09-21
STU03939,16,Female,11,SCH016,2024-02-18
STU03940,15,Male,10,SCH015,2022-10-27
STU03941,15,Female,8,SCH001,2025-02-23
STU03942,14,Male,7,SCH010,2022-04-06
STU03943,16,Male,11,SCH019,2025-12-02
STU03944,15,Male,8,SCH022,2025-04-22
STU03945,15,Female,10,SCH025,2024-06-12
STU03946,14,Male,7,SCH001,2026-03-12
STU03947,18,Male,12,SCH015,2024-03-20
STU03948,15,Male,9,SCH019,2023-03-19
STU03949,17,Male,11,SCH003,2024-07-05
STU03950,17,Male,11,SCH006,2022-09-15
STU03951,13,Female,8,SCH019,2026-10-22
STU03952,13,Male,7,SCH020,2022-05-20
STU03953,16,Female,11,SCH022,2024-04-27
STU03954,14,Female,9,SCH008,2022-12-22
STU03955,17,Male,12,SCH009,2024-01-01
STU03956,17,Male,12,SCH013,2023-08-10
STU03957,17,Female,12,SCH015,2022-09-12
STU03958,17,Male,10,SCH017,2023-01-09
STU03959,17,Male,11,SCH014,2025-07-14
STU03960,18,Female,12,SCH022,2024-10-24
STU03961,18,Male,12,SCH017,2026-12-09
STU03962,18,Male,11,SCH013,2024-10-17
STU03963,13,Male,8,SCH004,2025-07-16
STU03964,18,Non-binary,12,SCH004,2024-05-08
STU03965,13,Male,8,SCH011,2026-09-12
STU03966,15,Male,10,SCH022,2022-06-02
STU03967,13,Male,8,SCH025,2022-06-17
STU03968,16,Female,11,SCH008,2025-06-18
STU03969,17,Female,11,SCH014,2026-07-23
STU03970,13,Male,7,SCH003,2023-10-08
STU03971,15,Male,8,SCH014,2026-04-23
STU03972,16,Non-binary,10,SCH008,2023-03-18
STU03973,14,Male,8,SCH008,2026-11-07
STU03974,14,Male,8,SCH006,2023-11-02
STU03975,16,Male,9,SCH018,2025-07-15
STU03976,13,Female,7,SCH003,2024-04-24
STU03977,17,Male,12,SCH005,2026-09-03
STU03978,13,Female,8,SCH018,2026-09-15
STU03979,18,Female,11,SCH017,2024-10-14
STU03980,19,Male,12,SCH020,2024-11-02
STU03981,17,Male,11,SCH017,2024-01-27
STU03982,18,Male,11,SCH013,2025-11-19
STU03983,15,Male,8,SCH013,2026-12-22
STU03984,14,Male,7,SCH004,2026-12-08
STU03985,12,Male,7,SCH009,2022-12-07
STU03986,16,Male,9,SCH003,2026-09-11
STU03987,15,Female,9,SCH022,2022-02-03
STU03988,14,Female,9,SCH005,2023-11-07
STU03989,16,Male,9,SCH024,2025-01-20
STU03990,18,Non-binary,12,SCH001,2025-11-06
STU03991,18,Male,12,SCH017,2025-08-02
STU03992,16,Female,9,SCH014,2026-08-27
STU03993,13,Female,8,SCH023,2026-08-06
STU03994,13,Female,8,SCH014,2025-04-11
STU03995,15,Female,8,SCH008,2026-05-24
STU03996,15,Female,8,SCH022,2026-06-08
STU03997,15,Male,8,SCH009,2023-06-01
STU03998,13,Male,7,SCH011,2022-11-22
STU03999,18,Female,12,SCH005,2025-03-16
STU04000,17,Male,10,SCH004,2023-02-18
STU04001,18,Male,11,SCH024,2025-09-21
STU04002,16,Male,9,SCH011,2026-09-19
STU04003,14,Female,9,SCH002,2025-01-10
STU04004,15,Male,9,SCH017,2024-03-18
STU04005,15,Female,9,SCH006,2026-07-11
STU04006,14,Female,7,SCH016,2024-10-07
STU04007,13,Male,7,SCH005,2025-07-17
STU04008,19,Male,12,SCH005,2022-06-11
STU04009,15,Female,8,SCH008,2026-04-17
STU04010,18,Male,11,SCH007,2023-07-11
STU04011,17,Female,12,SCH013,2022-10-03
STU04012,19,Male,12,SCH003,2026-03-28
STU04013,16,Male,10,SCH010,2023-01-09
STU04014,18,Male,12,SCH001,2025-03-12
STU04015,15,Male,8,SCH013,2022-04-01
STU04016,17,Female,12,SCH021,2024-04-11
STU04017,17,Male,11,SCH025,2022-04-28
STU04018,13,Female,7,SCH003,2022-08-06
STU04019,16,Male,10,SCH018,2026-10-07
STU04020,19,Male,12,SCH018,2024-07-18
STU04021,15,Male,8,SCH008,2024-01-13
STU04022,13,Male,7,SCH006,2022-05-23
STU04023,19,Female,12,SCH009,2023-06-03
STU04024,15,Female,10,SCH013,2025-05-27
STU04025,15,Female,10,SCH002,2023-07-26
STU04026,18,Female,12,SCH021,2022-08-17
STU04027,14,Male,7,SCH004,2024-08-12
STU04028,17,Male,10,SCH022,2025-03-20
STU04029,13,Female,7,SCH005,2026-03-04
STU04030,16,Male,9,SCH021,2026-11-03
STU04031,15,Male,8,SCH010,2022-06-16
STU04032,15,Male,8,SCH024,2024-04-19
STU04033,16,Male,9,SCH019,2024-08-08
STU04034,15,Female,10,SCH008,2022-08-11
STU04035,17,Female,12,SCH020,2022-04-16
STU04036,16,Male,10,SCH022,2024-10-18
STU04037,14,Female,8,SCH018,2022-04-20
STU04038,16,Male,9,SCH022,2024-01-19
STU04039,18,Male,11,SCH006,2023-11-24
STU04040,15,Male,9,SCH023,2022-08-24
STU04041,13,Female,7,SCH022,2023-05-26
STU04042,18,Male,12,SCH023,2023-07-25
STU04043,16,Female,9,SCH012,2022-02-01
STU04044,18,Female,12,SCH007,2024-10-28
STU04045,18,Male,11,SCH023,2025-05-12
STU04046,17,Male,12,SCH017,2022-01-24
STU04047,16,Male,9,SCH022,2023-07-09
STU04048,13,Female,7,SCH017,2022-10-08
STU04049,15,Male,8,SCH016,2022-01-12
STU04050,17,Male,10,SCH006,2025-09-10
STU04051,17,Female,12,SCH024,2022-08-14
STU04052,15,Male,10,SCH006,2025-06-23
STU04053,15,Male,8,SCH019,2026-08-05
STU04054,18,Female,12,SCH024,2026-10-02
STU04055,14,Male,8,SCH017,2025-10-17
STU04056,14,Male,7,SCH011,2026-08-07
STU04057,17,Female,11,SCH021,2026-10-13
STU04058,14,Male,8,SCH018,2025-10-18
STU04059,15,Male,9,SCH006,2022-02-03
STU04060,13,Male,7,SCH003,2023-07-26
STU04061,14,Male,7,SCH022,2026-10-16
STU04062,17,Male,10,SCH009,2023-08-08
STU04063,15,Female,9,SCH011,2023-08-16
STU04064,15,Male,9,SCH006,2026-06-24
STU04065,17,Female,10,SCH006,2025-07-13
STU04066,16,Male,11,SCH019,2024-05-12
STU04067,16,Male,9,SCH007,2023-10-28
STU04068,12,Male,7,SCH001,2026-04-09
STU04069,15,Female,10,SCH020,2026-08-17
STU04070,16,Male,11,SCH017,2025-08-13
STU04071,17,Female,11,SCH010,2023-10-09
STU04072,18,Female,11,SCH013,2026-11-22
STU04073,16,Female,9,SCH003,2024-10-21
STU04074,17,Female,10,SCH023,2025-05-23
STU04075,14,Male,8,SCH021,2024-04-18
STU04076,16,Female,11,SCH023,2024-01-03
STU04077,14,Male,8,SCH005,2026-02-28
STU04078,16,Male,10,SCH018,2022-06-27
STU04079,15,Female,8,SCH019,2022-10-20
STU04080,16,Male,10,SCH001,2025-09-17
STU04081,15,Male,10,SCH010,2022-07-22
STU04082,16,Male,11,SCH008,2026-05-25
STU04083,14,Female,8,SCH015,2023-10-10
STU04084,17,Female,12,SCH008,2023-08-14
STU04085,17,Female,11,SCH009,2025-01-07
STU04086,15,Male,8,SCH020,2022-08-18
STU04087,19,Male,12,SCH003,2024-07-25
STU04088,16,Non-binary,10,SCH002,2022-12-17
STU04089,14,Female,8,SCH015,2025-11-01
STU04090,17,Female,10,SCH006,2023-12-18
STU04091,18,Female,12,SCH008,2024-03-15
STU04092,15,Female,10,SCH025,2025-09-16
STU04093,14,Female,9,SCH002,2023-12-15
STU04094,17,Male,10,SCH002,2022-10-10
STU04095,13,Female,8,SCH009,2026-08-16
STU04096,13,Female,8,SCH020,2026-01-14
STU04097,17,Male,10,SCH014,2025-06-05
STU04098,16,Female,9,SCH008,2026-08-11
STU04099,14,Female,8,SCH007,2025-02-28
STU04100,17,Male,10,SCH023,2023-11-13
STU04101,15,Male,9,SCH025,2023-04-05
STU04102,18,Male,12,SCH020,2023-09-17
STU04103,16,Male,11,SCH008,2024-07-16
STU04104,14,Male,7,SCH011,2025-01-28
STU04105,14,Female,7,SCH013,2022-11-04
STU04106,19,Female,12,SCH014,2022-11-15
STU04107,18,Female,12,SCH017,2023-03-26
STU04108,16,Female,11,SCH023,2025-04-17
STU04109,15,Female,8,SCH003,2025-07-11
STU04110,14,Male,8,SCH023,2026-04-25
STU04111,16,Male,11,SCH017,2024-01-01
STU04112,16,Female,10,SCH021,2024-06-04
STU04113,13,Male,8,SCH010,2023-06-21
STU04114,12,Female,7,SCH006,2026-11-02
STU04115,13,Male,8,SCH007,2023-02-26
STU04116,15,Male,10,SCH017,2022-09-14
STU04117,14,Female,7,SCH007,2023-06-17
STU04118,16,Female,10,SCH010,2025-08-22
STU04119,15,Female,10,SCH021,2022-05-28
STU04120,17,Male,12,SCH007,2022-11-16
STU04121,19,Male,12,SCH022,2026-07-26
STU04122,14,Female,8,SCH012,2024-10-21
STU04123,17,Male,12,SCH025,2023-10-28
STU04124,18,Male,12,SCH008,2026-12-03
STU04125,16,Male,9,SCH023,2025-04-12
STU04126,19,Male,12,SCH011,2025-08-25
STU04127,18,Male,12,SCH013,2022-03-17
STU04128,13,Male,8,SCH021,2024-10-17
STU04129,14,Female,8,SCH009,2023-08-15
STU04130,12,Female,7,SCH016,2023-03-27
STU04131,13,Male,8,SCH007,2022-02-17
STU04132,13,Female,8,SCH022,2022-02-16
STU04133,17,Female,11,SCH022,2022-02-08
STU04134,15,Male,8,SCH024,2025-11-10
STU04135,16,Female,11,SCH007,2026-09-05
STU04136,15,Female,10,SCH010,2024-03-16
STU04137,18,Male,11,SCH012,2024-02-18
STU04138,15,Non-binary,8,SCH014,2026-04-14
STU04139,16,Female,11,SCH011,2022-12-09
STU04140,14,Male,8,SCH003,2026-03-11
STU04141,17,Female,10,SCH025,2026-02-08
STU04142,15,Female,9,SCH004,2024-05-06
STU04143,18,Female,11,SCH023,2024-08-16
STU04144,16,Female,9,SCH008,2025-11-01
STU04145,16,Female,10,SCH005,2022-03-22
STU04146,15,Female,9,SCH016,2024-04-23
STU04147,15,Male,9,SCH016,2026-12-08
STU04148,17,Female,11,SCH019,2025-04-27
STU04149,17,Male,10,SCH020,2022-01-28
STU04150,14,Female,7,SCH019,2026-02-28
STU04151,18,Female,12,SCH006,2024-10-17
STU04152,14,Male,7,SCH025,2023-04-04
STU04153,15,Female,9,SCH017,2023-09-05
STU04154,16,Female,11,SCH013,2025-01-28
STU04155,18,Male,12,SCH002,2023-06-09
STU04156,14,Male,8,SCH021,2024-04-25
STU04157,14,Male,8,SCH024,2026-02-09
STU04158,17,Male,12,SCH009,2026-12-20
STU04159,15,Female,10,SCH014,2024-10-20
STU04160,13,Female,8,SCH003,2022-11-02
STU04161,14,Female,9,SCH011,2025-12-24
STU04162,16,Male,10,SCH009,2026-12-27
STU04163,19,Female,12,SCH018,2025-09-12
STU04164,19,Male,12,SCH008,2025-03-22
STU04165,17,Female,11,SCH013,2025-10-19
STU04166,15,Female,8,SCH007,2022-12-03
STU04167,16,Female,9,SCH024,2025-07-17
STU04168,18,Male,11,SCH004,2022-09-24
STU04169,18,Female,12,SCH004,2022-09-09
STU04170,13,Male,7,SCH002,2026-05-18
STU04171,16,Female,10,SCH012,2024-11-09
STU04172,17,Female,10,SCH024,2024-05-23
STU04173,15,Female,10,SCH009,2022-02-28
STU04174,16,Male,9,SCH015,2022-04-05
STU04175,12,Female,7,SCH013,2025-06-05
STU04176,17,Female,12,SCH008,2022-07-09
STU04177,17,Female,11,SCH023,2023-07-01
STU04178,17,Non-binary,12,SCH004,2023-11-24
STU04179,15,Non-binary,10,SCH024,2026-09-14
STU04180,18,Female,11,SCH006,2022-02-05
STU04181,19,Female,12,SCH022,2022-06-28
STU04182,16,Female,11,SCH022,2025-08-18
STU04183,13,Male,8,SCH002,2022-11-09
STU04184,17,Female,10,SCH006,2023-03-24
STU04185,17,Female,11,SCH004,2024-10-09
STU04186,17,Male,10,SCH013,2024-06-03
STU04187,16,Female,11,SCH016,2025-02-09
STU04188,16,Male,9,SCH019,2025-11-23
STU04189,17,Male,10,SCH014,2023-02-11
STU04190,17,Male,11,SCH010,2024-08-21
STU04191,14,Male,9,SCH006,2024-04-16
STU04192,15,Male,9,SCH015,2023-11-16
STU04193,16,Female,11,SCH024,2022-10-10
STU04194,17,Male,10,SCH004,2026-03-03
STU04195,15,Female,10,SCH018,2025-07-11
STU04196,13,Female,8,SCH023,2026-01-03
STU04197,18,Male,12,SCH022,2022-08-03
STU04198,17,Female,12,SCH003,2025-03-27
STU04199,13,Male,8,SCH010,2023-05-24
STU04200,16,Male,10,SCH008,2026-01-20
STU04201,16,Female,11,SCH004,2023-09-08
STU04202,14,Male,9,SCH015,2022-04-27
STU04203,16,Non-binary,11,SCH003,2025-05-15
STU04204,15,Female,10,SCH001,2025-06-23
STU04205,13,Female,8,SCH002,2024-11-24
STU04206,14,Female,7,SCH012,2026-03-11
STU04207,18,Male,11,SCH014,2022-07-19
STU04208,16,Female,10,SCH002,2023-07-09
STU04209,13,Male,7,SCH003,2022-08-18
STU04210,15,Male,10,SCH010,2023-02-11
STU04211,14,Non-binary,7,SCH006,2026-01-27
STU04212,17,Male,12,SCH021,2025-05-22
STU04213,15,Male,8,SCH003,2024-10-12
STU04214,18,Female,12,SCH002,2022-05-03
STU04215,16,Female,10,SCH024,2026-12-18
STU04216,14,Male,9,SCH025,2022-09-14
STU04217,15,Female,8,SCH004,2025-09-05
STU04218,14,Male,8,SCH021,2026-12-11
STU04219,16,Male,11,SCH013,2022-04-10
STU04220,14,Female,7,SCH008,2025-09-21
STU04221,17,Female,12,SCH008,2023-06-16
STU04222,18,Female,11,SCH020,2023-06-06
STU04223,17,Female,10,SCH023,2022-11-09
STU04224,15,Female,10,SCH013,2026-04-03
STU04225,16,Female,11,SCH021,2022-06-25
STU04226,19,Male,12,SCH006,2026-10-18
STU04227,17,Male,11,SCH015,2023-10-13
STU04228,17,Female,10,SCH023,2024-02-25
STU04229,14,Male,9,SCH025,2024-02-28
STU04230,19,Male,12,SCH017,2022-12-10
STU04231,17,Male,10,SCH016,2024-05-09
STU04232,12,Female,7,SCH008,2025-05-06
STU04233,15,Male,9,SCH018,2023-12-07
STU04234,18,Female,11,SCH024,2023-04-15
STU04235,17,Male,10,SCH007,2024-11-14
STU04236,18,Male,11,SCH023,2025-01-12
STU04237,16,Female,11,SCH020,2026-03-17
STU04238,16,Male,11,SCH025,2025-03-12
STU04239,18,Female,12,SCH018,2024-03-05
STU04240,16,Male,9,SCH010,2024-12-13
STU04241,17,Female,10,SCH002,2024-04-25
STU04242,15,Male,9,SCH025,2022-07-16
STU04243,16,Male,10,SCH017,2024-12-06
STU04244,14,Male,9,SCH018,2024-03-09
STU04245,18,Male,12,SCH021,2025-12-08
STU04246,14,Male,8,SCH024,2025-07-10
STU04247,15,Male,8,SCH015,2024-07-19
STU04248,16,Female,10,SCH018,2023-04-22
STU04249,17,Female,11,SCH016,2025-12-04
STU04250,19,Female,12,SCH017,2023-04-25
STU04251,16,Male,11,SCH001,2026-10-10
STU04252,14,Female,9,SCH005,2024-05-08
STU04253,15,Female,8,SCH002,2025-02-24
STU04254,13,Male,8,SCH012,2025-02-01
STU04255,18,Male,11,SCH021,2025-08-06
STU04256,18,Male,12,SCH024,2023-12-04
STU04257,13,Female,7,SCH010,2025-12-10
STU04258,12,Male,7,SCH024,2025-10-28
STU04259,18,Female,11,SCH002,2025-09-09
STU04260,18,Female,11,SCH023,2022-01-21
STU04261,17,Male,10,SCH010,2025-10-20
STU04262,16,Male,10,SCH024,2025-10-18
STU04263,19,Male,12,SCH022,2026-07-18
STU04264,18,Male,12,SCH023,2023-03-18
STU04265,16,Female,11,SCH014,2024-02-05
STU04266,15,Female,9,SCH005,2024-03-17
STU04267,17,Male,11,SCH024,2024-01-09
STU04268,19,Male,12,SCH002,2025-02-26
STU04269,14,Male,9,SCH007,2025-12-08
STU04270,17,Female,12,SCH022,2025-07-27
STU04271,13,Male,8,SCH015,2026-10-26
STU04272,15,Male,10,SCH007,2024-05-01
STU04273,12,Male,7,SCH025,2022-02-06
STU04274,15,Female,8,SCH004,2025-07-26
STU04275,16,Female,11,SCH006,2025-10-07
STU04276,16,Female,11,SCH003,2024-04-14
STU04277,17,Female,11,SCH012,2025-10-13
STU04278,17,Male,11,SCH012,2024-08-19
STU04279,18,Male,11,SCH009,2023-06-19
STU04280,19,Female,12,SCH017,2024-09-12
STU04281,15,Male,9,SCH001,2024-02-08
STU04282,14,Female,8,SCH017,2023-12-15
STU04283,12,Male,7,SCH002,2023-02-27
STU04284,15,Male,8,SCH009,2026-07-23
STU04285,16,Female,10,SCH012,2026-09-17
STU04286,17,Non-binary,12,SCH023,2022-07-13
STU04287,19,Male,12,SCH025,2025-02-23
STU04288,13,Male,7,SCH021,2022-12-16
STU04289,16,Male,9,SCH020,2025-07-19
STU04290,13,Female,8,SCH008,2025-12-26
STU04291,12,Male,7,SCH024,2023-06-18
STU04292,17,Male,11,SCH007,2023-03-17
STU04293,15,Female,9,SCH012,2026-12-19
STU04294,16,Female,9,SCH004,2022-03-27
STU04295,15,Female,8,SCH007,2024-01-23
STU04296,14,Female,9,SCH012,2023-11-26
STU04297,13,Male,8,SCH010,2025-06-13
STU04298,17,Female,11,SCH011,2023-08-26
STU04299,18,Female,12,SCH001,2026-10-21
STU04300,17,Female,10,SCH019,2022-08-14
STU04301,14,Female,7,SCH007,2026-04-03
STU04302,16,Female,9,SCH017,2022-12-24
STU04303,17,Female,10,SCH003,2025-10-12
STU04304,18,Male,12,SCH020,2024-04-18
STU04305,16,Male,9,SCH024,2026-10-19
STU04306,14,Female,7,SCH002,2025-01-04
STU04307,16,Male,10,SCH009,2024-02-22
STU04308,15,Male,10,SCH023,2026-07-16
STU04309,16,Female,10,SCH020,2023-10-02
STU04310,17,Male,10,SCH015,2024-06-12
STU04311,15,Male,8,SCH024,2024-07-24
STU04312,17,Male,12,SCH011,2026-07-24
STU04313,13,Male,7,SCH008,2024-11-19
STU04314,13,Female,8,SCH004,2022-08-18
STU04315,17,Male,10,SCH020,2022-06-06
STU04316,12,Male,7,SCH023,2025-06-10
STU04317,14,Female,9,SCH014,2023-10-26
STU04318,16,Female,11,SCH019,2024-09-24
STU04319,17,Female,10,SCH008,2022-06-21
STU04320,14,Female,8,SCH006,2025-12-01
STU04321,15,Female,9,SCH022,2026-04-07
STU04322,16,Female,9,SCH004,2023-11-08
STU04323,16,Female,9,SCH023,2025-06-04
STU04324,12,Male,7,SCH011,2026-12-11
STU04325,14,Female,9,SCH014,2026-09-03
STU04326,14,Female,8,SCH019,2022-10-10
STU04327,18,Male,11,SCH010,2026-07-06
STU04328,14,Female,9,SCH010,2024-10-20
STU04329,16,Female,11,SCH007,2026-12-17
STU04330,17,Female,11,SCH015,2025-02-04
STU04331,14,Female,7,SCH018,2022-10-13
STU04332,14,Non-binary,7,SCH012,2026-02-08
STU04333,19,Female,12,SCH012,2026-02-18
STU04334,15,Female,9,SCH016,2022-12-01
STU04335,17,Male,10,SCH004,2026-11-18
STU04336,16,Male,11,SCH013,2024-10-23
STU04337,17,Female,12,SCH006,2025-04-20
STU04338,15,Male,8,SCH014,2023-04-14
STU04339,12,Male,7,SCH003,2024-07-17
STU04340,13,Female,7,SCH022,2022-04-09
STU04341,15,Female,10,SCH020,2025-10-16
STU04342,18,Female,12,SCH007,2023-03-19
STU04343,17,Female,10,SCH025,2023-06-20
STU04344,16,Male,11,SCH023,2025-09-04
STU04345,13,Female,8,SCH009,2026-03-16
STU04346,18,Male,12,SCH010,2025-01-13
STU04347,16,Male,9,SCH023,2022-06-14
STU04348,16,Male,11,SCH011,2026-09-08
STU04349,13,Female,7,SCH021,2026-03-02
STU04350,18,Female,11,SCH002,2026-11-13
STU04351,14,Female,9,SCH013,2026-08-11
STU04352,19,Female,12,SCH015,2024-08-21
STU04353,14,Male,9,SCH008,2024-03-09
STU04354,14,Male,9,SCH011,2024-06-28
STU04355,17,Female,10,SCH025,2022-07-17
STU04356,16,Male,10,SCH023,2024-06-21
STU04357,19,Female,12,SCH025,2024-06-12
STU04358,17,Female,10,SCH014,2022-07-03
STU04359,16,Male,11,SCH020,2025-02-25
STU04360,16,Male,10,SCH023,2022-10-23
STU04361,16,Female,9,SCH009,2025-04-07
STU04362,16,Male,11,SCH020,2025-10-04
STU04363,18,Male,12,SCH001,2023-06-12
STU04364,17,Female,11,SCH022,2024-08-18
STU04365,15,Male,8,SCH019,2022-06-26
STU04366,15,Female,8,SCH015,2024-05-19
STU04367,12,Female,7,SCH024,2023-05-14
STU04368,16,Female,11,SCH012,2022-05-23
STU04369,14,Male,7,SCH010,2023-02-28
STU04370,15,Female,8,SCH017,2022-12-04
STU04371,12,Male,7,SCH023,2022-07-06
STU04372,18,Male,11,SCH012,2024-05-18
STU04373,14,Male,7,SCH021,2025-11-19
STU04374,16,Female,10,SCH016,2026-12-28
STU04375,18,Male,12,SCH017,2024-09-26
STU04376,19,Male,12,SCH013,2026-04-09
STU04377,17,Male,10,SCH022,2024-01-03
STU04378,15,Female,10,SCH003,2023-08-01
STU04379,16,Male,10,SCH016,2022-12-22
STU04380,13,Male,7,SCH011,2024-01-17
STU04381,15,Male,10,SCH019,2022-03-25
STU04382,16,Male,10,SCH024,2022-12-20
STU04383,16,Male,11,SCH004,2023-04-20
STU04384,14,Male,7,SCH015,2023-02-13
STU04385,15,Male,9,SCH012,2025-05-06
STU04386,17,Female,10,SCH011,2026-12-17
STU04387,14,Female,9,SCH005,2026-12-08
STU04388,17,Male,11,SCH011,2024-11-06
STU04389,15,Female,9,SCH010,2025-02-19
STU04390,17,Male,10,SCH011,2023-10-21
STU04391,12,Female,7,SCH022,2025-01-13
STU04392,15,Female,9,SCH012,2026-12-28
STU04393,18,Male,11,SCH001,2024-06-02
STU04394,15,Male,8,SCH011,2023-09-10
STU04395,13,Male,8,SCH012,2025-08-13
STU04396,17,Male,10,SCH023,2025-04-02
STU04397,19,Male,12,SCH006,2023-04-08
STU04398,15,Female,10,SCH010,2026-09-16
STU04399,16,Male,10,SCH005,2026-04-18
STU04400,14,Male,7,SCH013,2022-03-08
STU04401,16,Female,9,SCH004,2023-10-01
STU04402,17,Male,11,SCH004,2026-09-05
STU04403,16,Female,10,SCH019,2022-07-08
STU04404,14,Male,7,SCH021,2023-08-11
STU04405,19,Male,12,SCH001,2024-11-18
STU04406,15,Male,9,SCH020,2022-02-22
STU04407,18,Male,11,SCH025,2023-04-03
STU04408,19,Female,12,SCH001,2026-04-11
STU04409,14,Female,8,SCH009,2023-08-18
STU04410,17,Female,10,SCH016,2025-01-18
STU04411,15,Female,9,SCH006,2022-11-21
STU04412,17,Non-binary,10,SCH004,2024-01-21
STU04413,16,Male,10,SCH002,2022-03-07
STU04414,13,Female,7,SCH004,2022-08-12
STU04415,13,Female,7,SCH002,2026-08-28
STU04416,16,Male,11,SCH018,2025-02-17
STU04417,16,Male,9,SCH017,2023-11-13
STU04418,17,Male,10,SCH018,2024-05-17
STU04419,17,Male,12,SCH009,2023-06-15
STU04420,14,Female,8,SCH011,2024-01-13
STU04421,19,Male,12,SCH019,2026-02-19
STU04422,18,Non-binary,11,SCH017,2026-05-07
STU04423,16,Female,9,SCH024,2026-02-25
STU04424,15,Male,8,SCH011,2025-09-27
STU04425,15,Female,9,SCH017,2025-04-03
STU04426,17,Female,11,SCH002,2024-04-24
STU04427,13,Male,8,SCH024,2025-07-22
STU04428,13,Male,8,SCH023,2022-07-24
STU04429,17,Male,10,SCH020,2026-08-27
STU04430,16,Female,10,SCH020,2026-02-10
STU04431,18,Male,12,SCH018,2022-09-03
STU04432,15,Male,8,SCH010,2022-02-10
STU04433,15,Female,9,SCH007,2025-06-18
STU04434,13,Male,8,SCH014,2025-05-19
STU04435,13,Male,8,SCH004,2022-06-25
STU04436,15,Female,8,SCH020,2024-03-07
STU04437,18,Female,11,SCH025,2022-09-02
STU04438,19,Female,12,SCH006,2023-03-06
STU04439,14,Female,7,SCH010,2022-08-13
STU04440,15,Female,10,SCH021,2024-04-13
STU04441,12,Male,7,SCH008,2023-01-09
STU04442,19,Female,12,SCH019,2026-12-07
STU04443,14,Female,9,SCH024,2024-08-20
STU04444,15,Male,10,SCH013,2026-10-12
STU04445,16,Male,9,SCH004,2024-04-10
STU04446,15,Female,8,SCH023,2025-04-20
STU04447,16,Male,9,SCH004,2023-02-11
STU04448,18,Female,12,SCH021,2023-02-08
STU04449,18,Male,12,SCH013,2024-08-22
STU04450,16,Female,10,SCH019,2025-06-08
STU04451,15,Female,8,SCH009,2023-11-10
STU04452,15,Female,10,SCH024,2024-03-15
STU04453,16,Male,10,SCH008,2022-04-06
STU04454,16,Male,10,SCH019,2026-03-21
STU04455,17,Male,11,SCH015,2026-01-18
STU04456,15,Male,8,SCH014,2025-09-14
STU04457,16,Female,11,SCH023,2026-03-09
STU04458,17,Female,10,SCH015,2025-05-03
STU04459,13,Male,7,SCH023,2025-03-07
STU04460,16,Female,10,SCH022,2025-06-21
STU04461,15,Male,10,SCH005,2023-04-25
STU04462,17,Female,12,SCH008,2025-12-01
STU04463,15,Male,9,SCH005,2025-05-26
STU04464,19,Female,12,SCH024,2026-07-16
STU04465,17,Male,10,SCH005,2025-12-19
STU04466,15,Male,10,SCH023,2025-06-16
STU04467,14,Male,9,SCH013,2024-02-15
STU04468,18,Female,11,SCH024,2023-06-10
STU04469,14,Male,7,SCH009,2025-01-19
STU04470,15,Male,8,SCH006,2023-08-13
STU04471,18,Female,11,SCH024,2023-05-28
STU04472,19,Female,12,SCH019,2025-04-15
STU04473,14,Female,9,SCH018,2024-11-17
STU04474,17,Male,11,SCH021,2022-10-14
STU04475,16,Female,9,SCH011,2026-01-06
STU04476,14,Male,9,SCH023,2025-11-27
STU04477,16,Male,10,SCH004,2023-02-26
STU04478,16,Female,9,SCH009,2023-07-12
STU04479,15,Female,8,SCH017,2026-05-21
STU04480,17,Female,11,SCH007,2026-05-20
STU04481,18,Male,11,SCH019,2025-12-10
STU04482,13,Male,7,SCH024,2023-12-18
STU04483,14,Female,7,SCH018,2022-02-06
STU04484,14,Female,7,SCH010,2026-08-04
STU04485,17,Male,12,SCH019,2024-12-19
STU04486,14,Female,9,SCH002,2024-01-15
STU04487,13,Non-binary,8,SCH019,2025-07-17
STU04488,13,Male,8,SCH014,2022-08-12
STU04489,16,Female,9,SCH024,2026-08-27
STU04490,18,Male,11,SCH012,2022-03-10
STU04491,18,Female,11,SCH001,2025-05-27
STU04492,17,Female,10,SCH009,2022-09-14
STU04493,12,Female,7,SCH024,2026-09-09
STU04494,17,Female,12,SCH006,2022-08-22
STU04495,15,Male,9,SCH022,2022-04-09
STU04496,19,Male,12,SCH001,2025-11-17
STU04497,18,Female,11,SCH015,2026-12-19
STU04498,15,Female,9,SCH016,2022-09-14
STU04499,14,Male,8,SCH009,2024-02-10
STU04500,17,Male,11,SCH001,2026-05-25
STU04501,15,Female,9,SCH022,2025-07-17
STU04502,12,Female,7,SCH017,2026-05-26
STU04503,15,Female,10,SCH002,2026-09-15
STU04504,16,Male,9,SCH007,2024-10-09
STU04505,18,Female,11,SCH007,2025-08-19
STU04506,13,Male,7,SCH025,2024-01-14
STU04507,16,Male,11,SCH013,2026-01-09
STU04508,15,Male,8,SCH020,2022-11-20
STU04509,16,Female,10,SCH016,2022-03-17
STU04510,16,Male,11,SCH013,2026-08-24
STU04511,18,Male,11,SCH005,2026-09-10
STU04512,17,Male,12,SCH001,2025-05-20
STU04513,13,Female,8,SCH009,2024-08-09
STU04514,15,Male,10,SCH018,2024-09-18
STU04515,17,Male,12,SCH011,2026-10-24
STU04516,13,Male,7,SCH018,2023-09-01
STU04517,15,Female,9,SCH011,2023-12-22
STU04518,15,Male,10,SCH011,2022-10-10
STU04519,17,Female,12,SCH002,2024-10-12
STU04520,13,Male,8,SCH009,2025-01-13
STU04521,14,Female,9,SCH017,2024-09-15
STU04522,19,Male,12,SCH012,2026-12-04
STU04523,15,Female,10,SCH017,2023-07-05
STU04524,13,Male,8,SCH005,2025-04-14
STU04525,13,Non-binary,7,SCH019,2025-11-10
STU04526,16,Female,10,SCH015,2023-05-11
STU04527,19,Female,12,SCH015,2025-03-24
STU04528,16,Female,9,SCH017,2023-08-22
STU04529,18,Male,12,SCH013,2026-03-01
STU04530,15,Male,9,SCH022,2025-12-16
STU04531,17,Male,10,SCH020,2022-01-12
STU04532,18,Male,12,SCH014,2026-08-20
STU04533,16,Female,10,SCH009,2022-06-01
STU04534,14,Male,9,SCH012,2025-06-20
STU04535,18,Male,11,SCH019,2024-10-27
STU04536,15,Female,8,SCH009,2022-09-20
STU04537,15,Female,8,SCH018,2026-11-11
STU04538,18,Female,11,SCH023,2022-09-14
STU04539,18,Female,11,SCH017,2025-03-27
STU04540,18,Male,11,SCH011,2026-08-09
STU04541,15,Female,10,SCH017,2025-08-01
STU04542,16,Female,10,SCH022,2022-08-06
STU04543,16,Male,11,SCH010,2022-01-05
STU04544,18,Female,11,SCH005,2024-09-16
STU04545,15,Male,8,SCH019,2022-12-12
STU04546,15,Female,9,SCH012,2023-07-07
STU04547,19,Female,12,SCH008,2026-01-24
STU04548,14,Male,7,SCH019,2025-08-26
STU04549,15,Female,10,SCH024,2025-07-09
STU04550,15,Female,9,SCH020,2024-12-11
STU04551,13,Female,7,SCH005,2025-08-15
STU04552,16,Male,11,SCH006,2022-03-18
STU04553,16,Female,9,SCH002,2024-04-01
STU04554,15,Male,8,SCH024,2024-10-27
STU04555,16,Female,10,SCH012,2024-06-19
STU04556,14,Female,8,SCH009,2025-04-15
STU04557,18,Female,12,SCH010,2022-01-04
STU04558,16,Male,11,SCH006,2024-01-18
STU04559,17,Male,12,SCH011,2024-04-28
STU04560,14,Male,8,SCH020,2023-11-16
STU04561,15,Female,8,SCH007,2024-04-16
STU04562,15,Female,10,SCH006,2024-09-23
STU04563,18,Male,11,SCH003,2022-04-10
STU04564,14,Male,9,SCH011,2022-06-23
STU04565,15,Female,10,SCH007,2026-07-23
STU04566,19,Female,12,SCH009,2025-10-04
STU04567,15,Male,9,SCH002,2026-08-21
STU04568,18,Female,12,SCH007,2023-12-18
STU04569,15,Male,10,SCH016,2026-01-14
STU04570,15,Male,10,SCH005,2023-10-26
STU04571,15,Male,8,SCH021,2023-08-12
STU04572,16,Male,9,SCH023,2024-04-03
STU04573,16,Male,10,SCH023,2025-01-10
STU04574,14,Male,9,SCH016,2023-05-09
STU04575,18,Female,12,SCH025,2026-01-14
STU04576,14,Male,8,SCH004,2025-10-26
STU04577,17,Female,10,SCH002,2025-03-09
STU04578,12,Male,7,SCH007,2025-09-01
STU04579,14,Male,7,SCH019,2024-10-14
STU04580,18,Male,12,SCH005,2025-02-28
STU04581,17,Male,11,SCH020,2025-11-23
STU04582,14,Male,8,SCH025,2023-02-17
STU04583,18,Male,11,SCH001,2023-03-11
STU04584,18,Male,11,SCH019,2026-08-28
STU04585,17,Male,10,SCH021,2023-02-05
STU04586,17,Male,11,SCH003,2023-01-12
STU04587,18,Male,11,SCH002,2022-07-24
STU04588,17,Male,10,SCH024,2024-01-15
STU04589,16,Male,11,SCH012,2026-08-22
STU04590,15,Male,10,SCH001,2022-10-09
STU04591,17,Male,12,SCH017,2025-08-27
STU04592,17,Male,11,SCH017,2022-07-02
STU04593,17,Female,11,SCH023,2025-10-17
STU04594,18,Male,11,SCH005,2023-01-08
STU04595,18,Female,12,SCH023,2025-03-06
STU04596,17,Male,11,SCH014,2023-09-15
STU04597,17,Male,10,SCH023,2023-08-09
STU04598,14,Female,9,SCH018,2022-03-26
STU04599,15,Male,10,SCH013,2024-11-23
STU04600,15,Female,10,SCH020,2025-08-02
STU04601,15,Male,9,SCH021,2025-08-04
STU04602,16,Female,10,SCH022,2026-08-03
STU04603,13,Non-binary,8,SCH007,2023-06-22
STU04604,13,Male,8,SCH013,2025-08-11
STU04605,13,Male,8,SCH003,2026-07-02
STU04606,14,Female,8,SCH005,2024-09-13
STU04607,14,Male,9,SCH001,2024-07-21
STU04608,13,Male,7,SCH002,2026-05-10
STU04609,17,Female,11,SCH002,2022-09-21
STU04610,16,Non-binary,9,SCH014,2026-08-08
STU04611,14,Male,9,SCH009,2026-06-13
STU04612,16,Male,10,SCH011,2023-12-04
STU04613,15,Male,10,SCH012,2022-09-18
STU04614,17,Female,11,SCH021,2022-12-10
STU04615,17,Male,10,SCH010,2023-03-26
STU04616,17,Female,11,SCH019,2025-10-22
STU04617,19,Male,12,SCH020,2025-08-07
STU04618,16,Female,10,SCH005,2026-11-05
STU04619,19,Female,12,SCH021,2026-01-06
STU04620,14,Male,8,SCH016,2026-04-11
STU04621,17,Female,11,SCH005,2024-06-01
STU04622,15,Male,10,SCH001,2023-10-11
STU04623,16,Male,10,SCH019,2026-11-12
STU04624,17,Male,11,SCH003,2024-02-11
STU04625,18,Female,12,SCH023,2023-09-15
STU04626,14,Female,8,SCH008,2023-05-04
STU04627,15,Male,8,SCH019,2024-05-06
STU04628,14,Female,9,SCH022,2022-03-06
STU04629,17,Female,11,SCH016,2025-05-10
STU04630,16,Male,10,SCH012,2023-03-01
STU04631,14,Male,8,SCH007,2023-07-06
STU04632,17,Female,12,SCH023,2023-11-02
STU04633,16,Female,11,SCH011,2024-10-11
STU04634,15,Male,10,SCH017,2022-10-11
STU04635,18,Male,12,SCH005,2025-08-04
STU04636,18,Female,12,SCH010,2026-04-11
STU04637,15,Male,10,SCH003,2026-08-13
STU04638,15,Female,8,SCH008,2022-09-02
STU04639,13,Non-binary,8,SCH001,2025-12-09
STU04640,17,Female,12,SCH006,2024-12-12
STU04641,18,Female,11,SCH010,2023-05-26
STU04642,16,Male,10,SCH019,2024-05-03
STU04643,19,Male,12,SCH015,2023-05-11
STU04644,16,Female,10,SCH015,2022-05-07
STU04645,16,Female,9,SCH001,2023-10-13
STU04646,17,Male,12,SCH014,2025-04-22
STU04647,18,Male,11,SCH006,2022-04-20
STU04648,16,Male,11,SCH021,2023-04-03
STU04649,16,Female,11,SCH008,2026-03-24
STU04650,16,Female,11,SCH009,2022-05-14
STU04651,17,Female,10,SCH002,2022-01-23
STU04652,14,Male,8,SCH020,2025-04-17
STU04653,17,Female,11,SCH013,2025-09-01
STU04654,14,Male,8,SCH025,2025-12-14
STU04655,16,Female,10,SCH011,2023-05-27
STU04656,15,Male,10,SCH025,2023-04-21
STU04657,18,Male,12,SCH010,2024-07-14
STU04658,16,Female,10,SCH010,2025-09-06
STU04659,15,Female,10,SCH007,2026-09-12
STU04660,17,Male,12,SCH011,2024-08-26
STU04661,13,Female,8,SCH011,2024-10-06
STU04662,19,Male,12,SCH014,2022-08-04
STU04663,15,Female,9,SCH010,2024-03-02
STU04664,16,Male,11,SCH016,2025-06-15
STU04665,16,Male,9,SCH007,2025-12-05
STU04666,17,Male,12,SCH024,2026-04-03
STU04667,13,Male,8,SCH020,2026-11-23
STU04668,18,Female,12,SCH017,2026-03-20
STU04669,16,Female,9,SCH004,2022-10-03
STU04670,16,Female,10,SCH018,2026-10-17
STU04671,19,Male,12,SCH001,2023-08-18
STU04672,16,Non-binary,10,SCH009,2022-03-25
STU04673,15,Female,8,SCH003,2023-06-08
STU04674,13,Male,7,SCH025,2026-03-12
STU04675,13,Male,7,SCH004,2026-04-11
STU04676,13,Female,8,SCH011,2024-05-22
STU04677,18,Male,12,SCH017,2026-08-12
STU04678,14,Non-binary,8,SCH006,2023-01-20
STU04679,15,Male,8,SCH009,2025-08-02
STU04680,14,Male,8,SCH020,2023-04-26
STU04681,16,Male,10,SCH024,2022-07-18
STU04682,12,Male,7,SCH015,2025-10-19
STU04683,15,Male,10,SCH020,2024-12-08
STU04684,18,Female,12,SCH011,2026-05-22
STU04685,16,Female,10,SCH011,2023-09-21
STU04686,15,Male,8,SCH006,2023-01-03
STU04687,16,Female,9,SCH002,2022-04-16
STU04688,16,Male,10,SCH007,2024-12-14
STU04689,12,Male,7,SCH007,2026-09-06
STU04690,15,Female,8,SCH003,2022-03-02
STU04691,13,Female,7,SCH019,2024-01-21
STU04692,15,Female,10,SCH014,2023-07-12
STU04693,17,Female,10,SCH009,2023-11-18
STU04694,18,Male,12,SCH012,2024-06-27
STU04695,17,Female,10,SCH003,2022-08-09
STU04696,17,Female,11,SCH001,2026-12-22
STU04697,18,Female,11,SCH021,2023-08-07
STU04698,14,Female,9,SCH017,2023-04-23
STU04699,15,Male,9,SCH019,2022-12-24
STU04700,13,Male,8,SCH001,2024-11-05
STU04701,15,Female,10,SCH011,2022-07-04
STU04702,15,Male,9,SCH023,2026-03-02
STU04703,17,Male,10,SCH011,2022-03-24
STU04704,15,Male,9,SCH014,2024-07-06
STU04705,15,Male,10,SCH018,2025-10-22
STU04706,17,Female,10,SCH016,2023-05-04
STU04707,17,Male,11,SCH024,2024-02-03
STU04708,14,Female,9,SCH005,2025-12-01
STU04709,12,Female,7,SCH001,2023-02-03
STU04710,14,Female,8,SCH019,2024-10-01
STU04711,16,Female,10,SCH006,2023-01-26
STU04712,17,Female,10,SCH011,2023-06-25
STU04713,15,Male,9,SCH018,2025-09-27
STU04714,15,Female,9,SCH015,2024-12-15
STU04715,17,Male,11,SCH014,2025-04-12
STU04716,14,Male,7,SCH010,2023-03-05
STU04717,16,Female,10,SCH018,2026-04-01
STU04718,14,Female,9,SCH023,2026-08-23
STU04719,15,Male,10,SCH005,2023-05-20
STU04720,16,Female,10,SCH002,2025-01-12
STU04721,13,Male,7,SCH010,2024-12-02
STU04722,15,Male,8,SCH002,2023-06-13
STU04723,19,Male,12,SCH024,2023-08-05
STU04724,15,Male,10,SCH021,2025-09-19
STU04725,17,Male,11,SCH011,2025-02-06
STU04726,18,Female,11,SCH011,2022-04-21
STU04727,13,Female,8,SCH020,2023-10-01
STU04728,13,Male,7,SCH017,2022-07-27
STU04729,17,Female,10,SCH010,2026-01-10
STU04730,17,Female,11,SCH002,2026-03-16
STU04731,17,Male,11,SCH014,2024-06-13
STU04732,17,Female,10,SCH023,2025-05-17
STU04733,13,Female,7,SCH013,2023-08-16
STU04734,18,Male,12,SCH007,2025-02-27
STU04735,13,Female,7,SCH019,2026-10-24
STU04736,15,Female,10,SCH010,2025-11-02
STU04737,17,Male,11,SCH007,2023-03-27
STU04738,19,Female,12,SCH006,2022-04-12
STU04739,18,Male,11,SCH017,2026-12-13
STU04740,17,Female,12,SCH010,2026-04-11
STU04741,15,Female,10,SCH022,2025-06-16
STU04742,17,Female,10,SCH014,2025-08-14
STU04743,18,Female,11,SCH006,2022-10-28
STU04744,16,Male,10,SCH013,2025-01-28
STU04745,16,Male,11,SCH011,2022-09-04
STU04746,18,Female,12,SCH008,2025-05-04
STU04747,16,Male,9,SCH013,2024-07-27
STU04748,16,Female,9,SCH022,2026-09-07
STU04749,18,Male,12,SCH005,2026-11-05
STU04750,15,Male,10,SCH017,2025-12-15
STU04751,16,Male,11,SCH001,2025-08-19
STU04752,12,Female,7,SCH013,2024-01-03
STU04753,18,Female,12,SCH021,2026-02-09
STU04754,17,Female,11,SCH005,2022-02-13
STU04755,17,Female,12,SCH025,2026-08-21
STU04756,17,Female,11,SCH006,2025-12-23
STU04757,14,Female,8,SCH024,2022-03-13
STU04758,13,Male,8,SCH019,2025-05-14
STU04759,17,Female,11,SCH009,2026-03-24
STU04760,17,Female,11,SCH011,2026-08-12
STU04761,16,Female,9,SCH018,2023-04-28
STU04762,14,Female,7,SCH015,2024-12-05
STU04763,16,Male,10,SCH003,2026-08-12
STU04764,15,Female,10,SCH006,2024-08-07
STU04765,16,Female,9,SCH003,2026-09-09
STU04766,17,Male,11,SCH015,2026-10-15
STU04767,13,Female,7,SCH003,2024-09-23
STU04768,14,Male,8,SCH007,2024-03-08
STU04769,17,Female,11,SCH022,2026-12-20
STU04770,16,Male,10,SCH007,2023-04-25
STU04771,18,Male,11,SCH009,2026-12-05
STU04772,16,Female,11,SCH005,2023-01-16
STU04773,17,Male,10,SCH023,2022-05-15
STU04774,17,Male,10,SCH017,2023-05-02
STU04775,17,Female,12,SCH014,2025-06-14
STU04776,15,Female,10,SCH025,2025-01-03
STU04777,17,Female,10,SCH019,2025-04-06
STU04778,15,Male,10,SCH014,2024-03-09
STU04779,17,Female,11,SCH024,2024-03-18
STU04780,18,Female,12,SCH013,2026-03-08
STU04781,17,Female,11,SCH012,2025-02-05
STU04782,15,Male,10,SCH011,2022-09-19
STU04783,14,Female,9,SCH024,2024-12-14
STU04784,13,Male,7,SCH014,2023-10-03
STU04785,16,Male,9,SCH009,2024-11-25
STU04786,14,Male,9,SCH024,2022-08-13
STU04787,14,Male,9,SCH023,2024-11-19
STU04788,15,Female,8,SCH001,2022-01-02
STU04789,16,Male,10,SCH014,2025-02-08
STU04790,15,Female,9,SCH016,2025-06-09
STU04791,17,Non-binary,10,SCH018,2022-07-24
STU04792,12,Female,7,SCH010,2024-07-09
STU04793,13,Male,7,SCH020,2025-05-06
STU04794,18,Male,11,SCH017,2024-05-05
STU04795,18,Male,11,SCH002,2025-03-06
STU04796,15,Male,8,SCH016,2022-07-27
STU04797,15,Male,8,SCH009,2024-01-26
STU04798,18,Female,12,SCH012,2023-10-22
STU04799,17,Male,10,SCH015,2022-04-27
STU04800,17,Female,12,SCH011,2023-08-05
STU04801,13,Female,7,SCH010,2025-09-20
STU04802,14,Male,7,SCH007,2023-01-24
STU04803,19,Male,12,SCH016,2026-02-10
STU04804,18,Male,12,SCH007,2023-02-17
STU04805,14,Male,9,SCH002,2023-07-11
STU04806,13,Female,8,SCH012,2024-04-19
STU04807,13,Male,7,SCH014,2026-04-07
STU04808,17,Male,12,SCH025,2022-02-22
STU04809,17,Male,11,SCH020,2024-03-23
STU04810,14,Female,9,SCH013,2025-06-24
STU04811,12,Male,7,SCH016,2026-12-01
STU04812,15,Male,9,SCH005,2026-09-24
STU04813,13,Female,7,SCH023,2023-09-20
STU04814,18,Male,12,SCH017,2023-06-04
STU04815,19,Female,12,SCH023,2023-11-07
STU04816,15,Male,10,SCH006,2026-04-24
STU04817,17,Female,11,SCH017,2024-01-20
STU04818,13,Male,7,SCH013,2022-01-13
STU04819,18,Male,11,SCH021,2022-06-16
STU04820,17,Female,10,SCH018,2023-08-21
STU04821,19,Female,12,SCH007,2022-02-02
STU04822,18,Male,11,SCH015,2025-12-09
STU04823,16,Male,11,SCH004,2025-06-19
STU04824,15,Female,9,SCH010,2026-12-24
STU04825,17,Male,11,SCH024,2024-05-22
STU04826,14,Male,9,SCH019,2025-10-13
STU04827,17,Female,10,SCH014,2024-01-17
STU04828,16,Female,11,SCH023,2023-01-27
STU04829,17,Male,10,SCH018,2025-01-28
STU04830,18,Female,12,SCH020,2025-03-16
STU04831,16,Male,11,SCH025,2024-04-20
STU04832,16,Female,10,SCH016,2026-10-15
STU04833,18,Female,12,SCH023,2023-05-04
STU04834,16,Male,10,SCH009,2024-12-04
STU04835,16,Male,9,SCH011,2025-03-27
STU04836,14,Female,8,SCH017,2025-06-12
STU04837,18,Male,11,SCH002,2026-01-23
STU04838,18,Male,12,SCH023,2023-02-19
STU04839,17,Female,12,SCH010,2026-11-15
STU04840,16,Male,9,SCH008,2025-04-01
STU04841,17,Male,12,SCH006,2022-04-20
STU04842,14,Male,7,SCH003,2023-06-04
STU04843,18,Female,12,SCH021,2022-08-06
STU04844,15,Male,10,SCH002,2022-02-16
STU04845,16,Male,11,SCH005,2023-01-27
STU04846,14,Male,8,SCH014,2025-04-02
STU04847,14,Female,8,SCH015,2023-12-27
STU04848,13,Female,8,SCH020,2023-03-10
STU04849,18,Male,11,SCH014,2024-01-02
STU04850,14,Female,8,SCH023,2023-07-05
STU04851,13,Male,8,SCH017,2026-04-01
STU04852,13,Female,8,SCH010,2026-07-07
STU04853,19,Female,12,SCH022,2023-10-02
STU04854,19,Female,12,SCH002,2023-12-19
STU04855,13,Female,8,SCH020,2025-08-19
STU04856,14,Female,9,SCH018,2026-07-11
STU04857,15,Female,8,SCH024,2023-10-03
STU04858,16,Male,9,SCH001,2023-02-27
STU04859,17,Female,11,SCH024,2026-06-21
STU04860,17,Female,10,SCH024,2024-12-03
STU04861,15,Male,9,SCH015,2022-08-24
STU04862,13,Female,7,SCH024,2026-11-21
STU04863,17,Female,12,SCH018,2026-09-01
STU04864,16,Female,11,SCH015,2024-01-22
STU04865,16,Female,9,SCH007,2026-01-07
STU04866,14,Male,8,SCH024,2025-12-28
STU04867,17,Female,10,SCH020,2025-08-10
STU04868,15,Female,10,SCH004,2022-12-07
STU04869,16,Male,11,SCH004,2025-01-08
STU04870,17,Male,12,SCH002,2024-06-18
STU04871,17,Non-binary,10,SCH014,2024-04-27
STU04872,17,Male,12,SCH009,2026-08-26
STU04873,15,Male,10,SCH004,2023-03-05
STU04874,12,Female,7,SCH011,2026-05-03
STU04875,16,Male,10,SCH024,2026-08-06
STU04876,13,Male,7,SCH014,2026-05-27
STU04877,14,Female,8,SCH016,2023-06-09
STU04878,15,Female,9,SCH020,2026-09-10
STU04879,15,Male,10,SCH001,2025-10-25
STU04880,18,Male,12,SCH019,2025-04-14
STU04881,12,Male,7,SCH006,2022-02-01
STU04882,15,Female,9,SCH010,2026-01-21
STU04883,19,Male,12,SCH010,2023-02-27
STU04884,16,Female,11,SCH005,2024-03-06
STU04885,19,Female,12,SCH023,2024-03-23
STU04886,13,Non-binary,8,SCH010,2023-04-11
STU04887,16,Male,11,SCH016,2024-10-20
STU04888,15,Male,8,SCH015,2023-11-28
STU04889,17,Female,11,SCH011,2026-09-17
STU04890,13,Male,7,SCH016,2022-05-05
STU04891,14,Female,8,SCH001,2024-02-21
STU04892,18,Female,12,SCH009,2026-11-03
STU04893,17,Female,10,SCH018,2022-06-21
STU04894,17,Male,11,SCH005,2022-03-03
STU04895,16,Male,9,SCH024,2025-11-07
STU04896,16,Female,10,SCH024,2026-08-21
STU04897,18,Male,12,SCH024,2023-12-28
STU04898,16,Male,10,SCH016,2022-06-25
STU04899,14,Male,7,SCH017,2024-09-21
STU04900,14,Female,9,SCH001,2022-02-11
STU04901,14,Female,7,SCH022,2024-11-02
STU04902,14,Male,8,SCH020,2023-07-14
STU04903,18,Female,11,SCH024,2025-05-24
STU04904,19,Female,12,SCH003,2023-08-08
STU04905,17,Male,12,SCH011,2023-06-27
STU04906,15,Female,9,SCH012,2024-08-16
STU04907,15,Female,8,SCH009,2023-09-04
STU04908,15,Male,8,SCH009,2025-05-06
STU04909,17,Male,11,SCH019,2025-09-02
STU04910,14,Male,9,SCH004,2022-07-14
STU04911,15,Non-binary,8,SCH013,2023-09-16
STU04912,15,Female,9,SCH024,2026-05-02
STU04913,13,Male,8,SCH001,2026-10-03
STU04914,14,Female,8,SCH021,2025-02-02
STU04915,14,Female,7,SCH023,2022-12-05
STU04916,16,Male,11,SCH017,2026-09-19
STU04917,18,Female,11,SCH017,2024-11-13
STU04918,14,Female,7,SCH001,2024-10-14
STU04919,16,Female,11,SCH010,2023-06-19
STU04920,17,Female,12,SCH018,2026-08-10
STU04921,19,Male,12,SCH001,2022-07-09
STU04922,15,Male,10,SCH022,2026-08-20
STU04923,16,Male,10,SCH011,2022-12-26
STU04924,17,Male,12,SCH024,2025-12-16
STU04925,15,Female,8,SCH015,2023-03-04
STU04926,17,Male,12,SCH006,2024-08-10
STU04927,18,Female,12,SCH003,2022-06-25
STU04928,14,Male,8,SCH020,2025-07-19
STU04929,16,Female,11,SCH016,2022-06-16
STU04930,14,Male,9,SCH013,2024-01-18
STU04931,12,Female,7,SCH009,2022-04-07
STU04932,16,Male,11,SCH019,2025-08-16
STU04933,19,Female,12,SCH010,2023-05-07
STU04934,16,Female,10,SCH012,2023-03-04
STU04935,13,Female,8,SCH007,2026-12-03
STU04936,17,Female,10,SCH024,2024-08-17
STU04937,15,Male,8,SCH013,2023-05-02
STU04938,13,Male,8,SCH002,2022-06-18
STU04939,15,Male,9,SCH011,2024-08-14
STU04940,17,Female,12,SCH022,2023-04-18
STU04941,14,Female,8,SCH020,2024-12-03
STU04942,15,Male,8,SCH018,2022-04-05
STU04943,17,Female,10,SCH008,2023-03-16
STU04944,15,Female,8,SCH024,2026-10-16
STU04945,17,Male,11,SCH003,2025-07-17
STU04946,15,Male,9,SCH013,2023-10-21
STU04947,16,Male,9,SCH011,2026-07-03
STU04948,19,Female,12,SCH020,2023-10-10
STU04949,15,Male,10,SCH022,2023-11-18
STU04950,16,Male,10,SCH013,2022-11-16
STU04951,16,Male,11,SCH020,2022-05-22
STU04952,14,Male,8,SCH017,2023-10-07
STU04953,19,Female,12,SCH007,2023-05-17
STU04954,17,Male,11,SCH016,2023-07-24
STU04955,19,Female,12,SCH009,2026-07-01
STU04956,16,Male,10,SCH007,2023-01-19
STU04957,13,Male,7,SCH011,2023-01-21
STU04958,14,Female,8,SCH008,2025-01-18
STU04959,18,Female,11,SCH016,2025-08-14
STU04960,17,Female,12,SCH018,2023-04-13
STU04961,18,Male,11,SCH005,2026-08-01
STU04962,18,Female,11,SCH024,2024-10-10
STU04963,16,Female,9,SCH003,2024-04-12
STU04964,17,Male,10,SCH009,2026-11-21
STU04965,15,Male,8,SCH009,2022-09-02
STU04966,17,Female,12,SCH014,2023-09-25
STU04967,18,Female,11,SCH020,2022-09-20
STU04968,14,Female,7,SCH006,2023-09-01
STU04969,15,Female,10,SCH006,2022-07-09
STU04970,14,Female,9,SCH023,2023-10-08
STU04971,15,Male,8,SCH016,2026-01-27
STU04972,12,Female,7,SCH003,2025-04-05
STU04973,14,Male,9,SCH017,2023-09-27
STU04974,18,Male,12,SCH008,2024-06-15
STU04975,15,Male,9,SCH015,2023-02-11
STU04976,14,Male,9,SCH010,2025-06-28
STU04977,17,Male,10,SCH003,2024-11-08
STU04978,15,Male,10,SCH012,2022-10-10
STU04979,15,Male,9,SCH002,2025-05-02
STU04980,16,Male,10,SCH011,2024-05-23
STU04981,17,Male,10,SCH022,2023-08-06
STU04982,17,Male,11,SCH016,2024-09-17
STU04983,15,Non-binary,8,SCH011,2022-09-15
STU04984,18,Female,11,SCH002,2023-02-14
STU04985,17,Male,11,SCH020,2023-06-25
STU04986,16,Male,9,SCH010,2023-12-27
STU04987,13,Male,8,SCH019,2023-11-02
STU04988,13,Male,7,SCH024,2026-10-26
STU04989,16,Male,11,SCH007,2025-10-12
STU04990,14,Male,7,SCH005,2023-02-12
STU04991,16,Female,10,SCH016,2024-10-17
STU04992,17,Male,10,SCH003,2023-11-07
STU04993,17,Female,12,SCH017,2022-02-09
STU04994,18,Male,12,SCH011,2022-03-06
STU04995,13,Female,7,SCH018,2024-11-11
STU04996,15,Male,8,SCH009,2024-03-18
STU04997,18,Female,12,SCH011,2022-01-10
STU04998,15,Male,8,SCH016,2023-01-25
STU04999,14,Male,9,SCH023,2026-01-18
STU05000,13,Female,7,SCH025,2026-05-02
STU05001,16,Male,9,SCH010,2023-09-24
STU05002,17,Female,10,SCH017,2026-07-13
STU05003,15,Female,9,SCH002,2025-06-13
STU05004,17,Female,11,SCH011,2023-01-25
STU05005,18,Male,12,SCH015,2023-02-26
STU05006,13,Female,8,SCH018,2026-08-27
STU05007,18,Male,11,SCH025,2022-03-11
STU05008,14,Male,8,SCH001,2026-09-18
STU05009,17,Female,11,SCH024,2024-06-19
STU05010,13,Female,7,SCH005,2023-09-03
STU05011,16,Male,9,SCH025,2022-11-13
STU05012,17,Female,10,SCH003,2025-02-24
STU05013,15,Male,9,SCH015,2026-08-27
STU05014,17,Male,12,SCH015,2022-06-20
STU05015,19,Female,12,SCH001,2026-04-17
STU05016,18,Male,11,SCH025,2023-09-28
STU05017,15,Male,9,SCH011,2024-12-02
STU05018,19,Male,12,SCH021,2026-08-13
STU05019,13,Female,8,SCH005,2025-06-10
STU05020,15,Female,8,SCH004,2022-08-24
STU05021,15,Male,10,SCH006,2022-04-18
STU05022,18,Female,11,SCH024,2022-02-17
STU05023,19,Male,12,SCH007,2023-09-11
STU05024,15,Male,9,SCH003,2023-12-10
STU05025,17,Male,11,SCH013,2025-08-17
STU05026,16,Female,10,SCH012,2024-05-22
STU05027,15,Male,8,SCH014,2025-10-20
STU05028,15,Female,10,SCH023,2026-09-06
STU05029,17,Female,10,SCH020,2022-07-19
STU05030,16,Male,10,SCH020,2024-02-20
STU05031,14,Female,9,SCH010,2025-02-17
STU05032,15,Male,9,SCH005,2024-09-21
STU05033,15,Female,10,SCH018,2022-06-07
STU05034,14,Male,9,SCH001,2023-02-10
STU05035,19,Male,12,SCH004,2024-12-06
STU05036,17,Male,11,SCH002,2025-10-03
STU05037,13,Male,8,SCH017,2024-04-10
STU05038,16,Male,10,SCH005,2023-05-23
STU05039,15,Male,8,SCH025,2026-06-19
STU05040,13,Male,7,SCH016,2022-01-02
STU05041,17,Male,11,SCH025,2025-03-28
STU05042,17,Male,11,SCH001,2024-01-04
STU05043,17,Female,10,SCH006,2026-11-22
STU05044,18,Male,11,SCH017,2026-04-12
STU05045,18,Male,11,SCH012,2026-09-09
STU05046,17,Female,10,SCH013,2022-09-16
STU05047,19,Female,12,SCH012,2025-02-06
STU05048,15,Male,9,SCH017,2022-09-20
STU05049,16,Female,10,SCH005,2025-05-14
STU05050,14,Male,9,SCH025,2025-07-23
STU05051,14,Female,7,SCH002,2022-09-23
STU05052,13,Male,7,SCH018,2025-11-06
STU05053,17,Male,12,SCH002,2023-04-09
STU05054,15,Female,9,SCH021,2024-11-15
STU05055,17,Female,12,SCH008,2023-10-08
STU05056,14,Male,7,SCH024,2023-08-24
STU05057,15,Female,8,SCH001,2025-02-23
STU05058,16,Female,10,SCH012,2023-07-04
STU05059,15,Female,9,SCH005,2022-10-09
STU05060,15,Female,9,SCH023,2024-02-02
STU05061,14,Female,9,SCH023,2022-08-25
STU05062,16,Male,11,SCH004,2024-02-17
STU05063,16,Male,10,SCH019,2025-10-25
STU05064,16,Female,10,SCH001,2022-02-17
STU05065,16,Male,10,SCH022,2025-08-11
STU05066,17,Male,11,SCH010,2022-10-02
STU05067,16,Female,11,SCH014,2023-06-14
STU05068,17,Female,10,SCH001,2026-09-20
STU05069,14,Female,7,SCH003,2025-10-05
STU05070,19,Male,12,SCH017,2026-07-01
STU05071,16,Male,10,SCH012,2024-01-01
STU05072,17,Female,12,SCH003,2025-02-04
STU05073,15,Male,9,SCH009,2024-04-04
STU05074,15,Female,8,SCH019,2024-05-08
STU05075,15,Female,8,SCH004,2025-12-01
STU05076,15,Male,8,SCH016,2022-12-04
STU05077,15,Male,10,SCH005,2023-12-21
STU05078,17,Female,10,SCH003,2025-07-14
STU05079,15,Male,10,SCH017,2024-12-06
STU05080,15,Male,8,SCH025,2024-01-04
STU05081,16,Male,9,SCH024,2023-06-20
STU05082,16,Male,11,SCH014,2026-10-14
STU05083,14,Female,9,SCH009,2024-08-25
STU05084,14,Female,9,SCH019,2026-12-24
STU05085,16,Female,10,SCH022,2022-10-16
STU05086,15,Female,8,SCH007,2023-06-18
STU05087,16,Male,10,SCH013,2025-08-17
STU05088,14,Male,8,SCH016,2025-01-22
STU05089,13,Female,7,SCH014,2022-05-27
STU05090,13,Male,8,SCH025,2022-02-01
STU05091,16,Female,11,SCH002,2026-09-16
STU05092,19,Female,12,SCH002,2024-12-16
STU05093,19,Female,12,SCH013,2026-04-03
STU05094,14,Female,7,SCH007,2023-03-12
STU05095,15,Female,10,SCH020,2023-07-04
STU05096,15,Female,10,SCH022,2024-10-22
STU05097,19,Female,12,SCH021,2023-12-20
STU05098,19,Male,12,SCH021,2026-09-19
STU05099,16,Female,10,SCH016,2025-08-07
STU05100,17,Female,12,SCH017,2025-11-24
STU05101,13,Male,8,SCH017,2025-12-01
STU05102,17,Female,11,SCH017,2023-05-01
STU05103,18,Female,12,SCH005,2026-12-02
STU05104,14,Male,7,SCH017,2022-04-28
STU05105,17,Female,11,SCH005,2025-10-04
STU05106,16,Female,9,SCH025,2025-05-20
STU05107,14,Female,8,SCH009,2026-04-17
STU05108,14,Male,8,SCH006,2024-07-20
STU05109,17,Female,10,SCH015,2024-07-19
STU05110,18,Male,12,SCH024,2024-08-22
STU05111,16,Female,11,SCH021,2025-12-20
STU05112,14,Male,8,SCH008,2023-11-16
STU05113,16,Male,10,SCH003,2022-08-01
STU05114,16,Female,11,SCH021,2023-03-19
STU05115,16,Female,11,SCH014,2022-11-13
STU05116,14,Female,8,SCH008,2022-07-22
STU05117,14,Female,8,SCH001,2023-02-09
STU05118,16,Male,10,SCH013,2024-08-14
STU05119,18,Male,11,SCH005,2025-08-18
STU05120,16,Non-binary,10,SCH009,2022-08-20
STU05121,15,Male,10,SCH010,2025-11-19
STU05122,15,Male,8,SCH008,2025-02-12
STU05123,15,Male,8,SCH006,2025-06-05
STU05124,16,Female,11,SCH008,2024-02-22
STU05125,15,Male,10,SCH016,2023-10-18
STU05126,13,Male,7,SCH012,2026-03-03
STU05127,17,Female,11,SCH011,2022-04-12
STU05128,14,Male,7,SCH001,2024-05-09
STU05129,16,Male,11,SCH024,2023-08-12
STU05130,14,Female,8,SCH025,2025-02-08
STU05131,16,Male,11,SCH016,2022-10-06
STU05132,17,Female,10,SCH009,2025-11-11
STU05133,14,Male,8,SCH002,2023-11-22
STU05134,16,Female,9,SCH020,2026-02-07
STU05135,17,Female,11,SCH002,2026-09-07
STU05136,14,Male,9,SCH003,2023-07-23
STU05137,17,Male,12,SCH023,2025-05-18
STU05138,15,Female,10,SCH002,2026-05-25
STU05139,16,Male,9,SCH009,2026-01-18
STU05140,13,Female,7,SCH008,2024-12-14
STU05141,13,Female,7,SCH007,2022-06-22
STU05142,15,Female,8,SCH015,2022-12-26
STU05143,17,Male,10,SCH007,2025-05-04
STU05144,12,Female,7,SCH018,2023-02-05
STU05145,12,Male,7,SCH016,2023-12-18
STU05146,19,Male,12,SCH011,2022-10-07
STU05147,14,Female,8,SCH018,2024-06-17
STU05148,15,Female,8,SCH017,2024-06-03
STU05149,13,Male,8,SCH024,2023-08-11
STU05150,16,Male,11,SCH025,2024-01-06
STU05151,17,Male,11,SCH017,2025-10-15
STU05152,16,Female,10,SCH003,2025-11-11
STU05153,16,Female,9,SCH022,2026-03-12
STU05154,15,Male,10,SCH008,2025-10-12
STU05155,15,Male,8,SCH025,2025-07-06
STU05156,18,Male,12,SCH010,2022-11-20
STU05157,13,Male,7,SCH025,2025-07-26
STU05158,17,Female,10,SCH023,2025-01-15
STU05159,16,Male,9,SCH002,2023-03-20
STU05160,18,Male,12,SCH001,2026-12-28
STU05161,17,Female,12,SCH016,2026-12-05
STU05162,14,Male,7,SCH015,2024-08-14
STU05163,14,Female,9,SCH009,2022-04-18
STU05164,18,Male,12,SCH003,2025-11-28
STU05165,15,Female,8,SCH008,2026-11-17
STU05166,17,Male,11,SCH020,2025-06-13
STU05167,15,Male,8,SCH003,2025-03-18
STU05168,16,Male,11,SCH010,2024-12-05
STU05169,12,Male,7,SCH016,2025-03-17
STU05170,13,Female,7,SCH017,2025-01-23
STU05171,14,Male,7,SCH022,2025-07-13
STU05172,16,Male,9,SCH025,2024-03-08
STU05173,17,Male,10,SCH020,2024-06-18
STU05174,16,Male,10,SCH017,2023-04-16
STU05175,16,Male,9,SCH021,2026-04-03
STU05176,16,Female,10,SCH012,2023-11-25
STU05177,17,Male,12,SCH002,2023-11-03
STU05178,12,Male,7,SCH007,2024-01-27
STU05179,16,Male,10,SCH001,2026-06-09
STU05180,14,Male,7,SCH006,2022-01-22
STU05181,14,Male,9,SCH015,2023-04-12
STU05182,15,Female,10,SCH012,2025-12-21
STU05183,15,Female,9,SCH011,2026-09-24
STU05184,15,Female,10,SCH003,2025-02-15
STU05185,13,Male,8,SCH008,2026-11-18
STU05186,14,Male,9,SCH019,2024-09-01
STU05187,17,Male,10,SCH002,2025-10-07
STU05188,14,Male,7,SCH007,2023-07-02
STU05189,13,Female,7,SCH011,2023-06-05
STU05190,14,Female,9,SCH017,2026-03-22
STU05191,18,Male,12,SCH012,2022-03-19
STU05192,16,Male,11,SCH021,2022-04-21
STU05193,16,Male,10,SCH015,2026-10-03
STU05194,13,Female,7,SCH015,2026-06-26
STU05195,16,Male,9,SCH009,2022-12-15
STU05196,17,Female,10,SCH004,2023-01-03
STU05197,12,Male,7,SCH015,2022-06-08
STU05198,15,Male,9,SCH022,2026-10-09
STU05199,17,Female,11,SCH003,2023-04-11
STU05200,16,Female,11,SCH015,2022-07-20
STU05201,16,Male,11,SCH020,2022-04-27
STU05202,17,Male,12,SCH007,2022-05-14
STU05203,15,Male,10,SCH018,2023-12-10
STU05204,16,Female,9,SCH012,2025-06-17
STU05205,15,Female,9,SCH017,2022-05-01
STU05206,15,Male,10,SCH019,2022-03-23
STU05207,17,Male,11,SCH024,2025-09-03
STU05208,14,Male,9,SCH014,2023-11-17
STU05209,15,Male,8,SCH022,2023-08-28
STU05210,16,Male,9,SCH021,2025-09-03
STU05211,16,Female,10,SCH007,2025-05-01
STU05212,18,Male,12,SCH011,2025-12-22
STU05213,14,Female,8,SCH023,2025-11-02
STU05214,14,Female,9,SCH020,2025-03-15
STU05215,16,Male,10,SCH014,2022-01-01
STU05216,17,Male,12,SCH008,2023-12-19
STU05217,15,Female,10,SCH009,2024-11-19
STU05218,13,Female,8,SCH013,2023-01-12
STU05219,17,Female,11,SCH010,2022-11-28
STU05220,18,Male,12,SCH006,2022-11-27
STU05221,19,Male,12,SCH004,2022-04-03
STU05222,17,Male,11,SCH009,2024-10-23
STU05223,12,Male,7,SCH022,2026-10-21
STU05224,17,Female,12,SCH011,2023-12-01
STU05225,17,Male,12,SCH018,2025-04-15
STU05226,16,Female,11,SCH002,2025-06-27
STU05227,16,Male,10,SCH005,2026-12-19
STU05228,17,Male,10,SCH001,2024-06-07
STU05229,17,Female,11,SCH007,2024-10-24
STU05230,12,Female,7,SCH015,2026-10-27
STU05231,15,Male,10,SCH002,2025-11-20
STU05232,17,Male,11,SCH022,2026-04-08
STU05233,17,Male,11,SCH014,2022-11-17
STU05234,17,Female,11,SCH016,2025-12-22
STU05235,17,Female,12,SCH009,2022-03-26
STU05236,17,Female,10,SCH015,2025-01-28
STU05237,14,Female,7,SCH014,2023-03-02
STU05238,16,Male,11,SCH017,2024-07-16
STU05239,17,Female,11,SCH017,2025-12-09
STU05240,12,Male,7,SCH007,2024-05-02
STU05241,15,Male,9,SCH021,2022-04-03
STU05242,15,Female,9,SCH004,2022-10-06
STU05243,17,Male,10,SCH023,2025-08-04
STU05244,17,Female,12,SCH004,2026-10-27
STU05245,17,Male,12,SCH023,2026-05-15
STU05246,16,Male,10,SCH022,2026-07-24
STU05247,19,Female,12,SCH020,2026-08-09
STU05248,15,Male,8,SCH003,2024-01-27
STU05249,13,Male,7,SCH007,2025-11-09
STU05250,16,Male,10,SCH007,2025-04-23
STU05251,18,Male,11,SCH011,2026-09-25
STU05252,19,Female,12,SCH007,2026-02-06
STU05253,16,Male,10,SCH016,2022-07-16
STU05254,17,Male,10,SCH021,2023-09-17
STU05255,14,Male,8,SCH004,2026-06-25
STU05256,14,Male,7,SCH021,2025-04-22
STU05257,14,Female,7,SCH018,2026-10-11
STU05258,12,Male,7,SCH014,2024-02-03
STU05259,17,Male,11,SCH011,2023-10-14
STU05260,16,Female,11,SCH019,2024-01-15
STU05261,18,Male,12,SCH017,2024-06-20
STU05262,17,Female,10,SCH003,2026-10-02
STU05263,16,Male,9,SCH023,2024-02-19
STU05264,13,Male,7,SCH018,2022-01-19
STU05265,18,Female,11,SCH020,2024-04-27
STU05266,15,Male,10,SCH003,2026-05-17
STU05267,13,Female,8,SCH024,2023-07-28
STU05268,16,Female,9,SCH003,2025-09-04
STU05269,15,Male,10,SCH002,2022-11-07
STU05270,18,Female,11,SCH011,2023-03-20
STU05271,15,Female,10,SCH013,2026-07-03
STU05272,18,Female,11,SCH002,2022-09-28
STU05273,18,Male,12,SCH022,2023-09-14
STU05274,17,Female,10,SCH001,2022-07-01
STU05275,16,Male,10,SCH025,2024-11-13
STU05276,13,Male,8,SCH018,2025-03-13
STU05277,17,Male,11,SCH003,2025-02-10
STU05278,15,Male,8,SCH013,2022-10-03
STU05279,18,Male,11,SCH018,2025-06-27
STU05280,16,Female,11,SCH006,2025-10-18
STU05281,14,Female,8,SCH020,2023-10-16
STU05282,16,Male,10,SCH009,2026-03-26
STU05283,14,Female,7,SCH009,2023-02-04
STU05284,13,Female,8,SCH020,2025-04-12
STU05285,15,Female,9,SCH015,2025-08-23
STU05286,17,Male,12,SCH008,2023-04-07
STU05287,17,Female,11,SCH019,2024-01-27
STU05288,13,Male,7,SCH019,2023-03-08
STU05289,13,Male,8,SCH002,2025-12-22
STU05290,15,Female,8,SCH004,2024-11-02
STU05291,18,Male,11,SCH001,2024-04-27
STU05292,14,Female,7,SCH015,2024-07-22
STU05293,18,Female,12,SCH016,2023-05-03
STU05294,15,Female,9,SCH021,2023-05-11
STU05295,15,Male,9,SCH003,2022-11-09
STU05296,13,Female,7,SCH024,2024-01-13
STU05297,17,Male,12,SCH002,2026-02-07
STU05298,13,Male,8,SCH003,2022-05-07
STU05299,13,Male,7,SCH011,2022-05-04
STU05300,18,Male,11,SCH010,2023-07-21
STU05301,15,Female,9,SCH019,2025-05-08
STU05302,16,Female,9,SCH018,2022-06-07
STU05303,17,Female,11,SCH022,2023-08-28
STU05304,17,Female,12,SCH023,2022-06-08
STU05305,13,Female,7,SCH006,2025-10-03
STU05306,15,Female,10,SCH002,2025-03-05
STU05307,19,Male,12,SCH021,2022-10-15
STU05308,16,Female,9,SCH013,2023-11-03
STU05309,16,Male,10,SCH004,2026-04-06
STU05310,14,Male,8,SCH006,2024-04-17
STU05311,14,Female,7,SCH020,2023-09-28
STU05312,19,Male,12,SCH016,2023-10-15
STU05313,16,Male,10,SCH008,2023-03-06
STU05314,18,Female,12,SCH008,2022-02-05
STU05315,16,Female,9,SCH018,2023-09-19
STU05316,16,Male,10,SCH020,2026-02-05
STU05317,16,Male,9,SCH002,2023-12-26
STU05318,18,Female,12,SCH014,2022-06-03
STU05319,16,Male,11,SCH008,2022-11-07
STU05320,17,Non-binary,10,SCH025,2026-05-23
STU05321,14,Male,8,SCH025,2024-10-19
STU05322,17,Male,11,SCH019,2026-10-15
STU05323,15,Female,8,SCH009,2024-12-16
STU05324,17,Female,10,SCH002,2025-03-22
STU05325,18,Male,11,SCH001,2026-07-23
STU05326,16,Female,10,SCH008,2025-04-11
STU05327,15,Male,8,SCH016,2025-09-03
STU05328,15,Female,10,SCH020,2023-07-11
STU05329,17,Male,11,SCH011,2024-02-13
STU05330,14,Male,7,SCH015,2024-10-25
STU05331,15,Female,9,SCH007,2022-12-19
STU05332,17,Male,12,SCH023,2026-03-28
STU05333,16,Male,9,SCH016,2026-11-26
STU05334,15,Female,8,SCH006,2026-01-13
STU05335,14,Female,7,SCH004,2023-03-06
STU05336,15,Female,9,SCH014,2023-01-28
STU05337,17,Female,11,SCH014,2024-12-16
STU05338,17,Female,12,SCH007,2023-03-14
STU05339,12,Male,7,SCH001,2023-12-15
STU05340,17,Male,12,SCH003,2023-12-25
STU05341,15,Male,9,SCH020,2022-04-09
STU05342,15,Female,10,SCH003,2023-08-19
STU05343,15,Female,9,SCH022,2025-04-26
STU05344,18,Male,12,SCH011,2026-12-16
STU05345,15,Female,9,SCH014,2023-06-10
STU05346,13,Female,7,SCH003,2026-08-25
STU05347,16,Female,11,SCH017,2022-04-10
STU05348,16,Female,11,SCH023,2022-09-04
STU05349,17,Male,11,SCH004,2025-05-24
STU05350,13,Male,8,SCH012,2022-11-19
STU05351,14,Male,9,SCH018,2023-10-03
STU05352,17,Female,11,SCH008,2022-04-24
STU05353,18,Female,11,SCH013,2026-10-13
STU05354,18,Female,12,SCH018,2024-01-24
STU05355,15,Female,9,SCH021,2022-12-17
STU05356,15,Male,9,SCH025,2024-03-02
STU05357,16,Female,9,SCH023,2024-03-22
STU05358,13,Male,7,SCH022,2026-06-21
STU05359,17,Male,11,SCH018,2022-10-22
STU05360,13,Male,8,SCH003,2022-07-14
STU05361,15,Female,9,SCH020,2025-08-22
STU05362,15,Male,8,SCH016,2022-11-02
STU05363,16,Male,11,SCH012,2026-07-12
STU05364,13,Male,8,SCH005,2024-06-18
STU05365,13,Female,8,SCH012,2023-01-07
STU05366,17,Female,10,SCH025,2026-02-23
STU05367,17,Male,10,SCH012,2023-12-23
STU05368,18,Female,12,SCH025,2023-05-19
STU05369,17,Male,11,SCH002,2026-05-07
STU05370,15,Female,8,SCH019,2024-05-14
STU05371,19,Male,12,SCH017,2022-12-23
STU05372,19,Female,12,SCH002,2023-12-01
STU05373,14,Female,9,SCH017,2025-11-26
STU05374,14,Female,9,SCH002,2023-11-23
STU05375,17,Male,11,SCH013,2025-02-28
STU05376,16,Male,11,SCH020,2026-10-20
STU05377,19,Male,12,SCH003,2023-06-26
STU05378,18,Female,12,SCH022,2026-09-18
STU05379,14,Female,8,SCH022,2026-06-23
STU05380,13,Female,8,SCH004,2022-04-23
STU05381,17,Female,11,SCH022,2026-06-09
STU05382,17,Male,12,SCH010,2024-10-03
STU05383,13,Female,8,SCH011,2023-08-07
STU05384,17,Female,12,SCH012,2022-12-13
STU05385,13,Male,8,SCH010,2022-06-24
STU05386,15,Male,9,SCH014,2022-08-15
STU05387,14,Female,7,SCH020,2022-08-26
STU05388,16,Male,9,SCH016,2025-06-07
STU05389,16,Female,10,SCH016,2025-09-09
STU05390,16,Male,11,SCH009,2023-12-09
STU05391,15,Female,10,SCH001,2026-07-21
STU05392,19,Male,12,SCH021,2022-11-22
STU05393,18,Male,12,SCH006,2026-03-26
STU05394,14,Female,8,SCH013,2024-05-24
STU05395,18,Male,11,SCH003,2024-08-21
STU05396,15,Female,8,SCH012,2025-03-10
STU05397,19,Female,12,SCH020,2025-11-19
STU05398,17,Female,10,SCH015,2022-02-14
STU05399,17,Female,11,SCH007,2023-03-03
STU05400,16,Male,10,SCH025,2024-11-17
STU05401,17,Male,12,SCH017,2022-06-11
STU05402,18,Male,12,SCH017,2024-04-09
STU05403,18,Female,11,SCH013,2026-04-10
STU05404,16,Female,10,SCH012,2024-03-28
STU05405,14,Female,8,SCH009,2025-11-21
STU05406,14,Female,9,SCH009,2024-02-25
STU05407,17,Male,11,SCH024,2024-08-15
STU05408,13,Male,7,SCH011,2024-02-07
STU05409,13,Male,7,SCH002,2025-12-21
STU05410,18,Female,12,SCH001,2024-01-26
STU05411,17,Male,12,SCH014,2026-03-11
STU05412,17,Female,11,SCH007,2024-12-07
STU05413,15,Male,9,SCH025,2023-05-09
STU05414,15,Male,10,SCH001,2024-01-09
STU05415,18,Male,12,SCH013,2023-02-12
STU05416,14,Male,7,SCH010,2024-05-05
STU05417,19,Female,12,SCH019,2026-01-05
STU05418,16,Female,9,SCH002,2022-05-17
STU05419,16,Male,10,SCH020,2022-02-26
STU05420,19,Male,12,SCH025,2025-11-02
STU05421,15,Male,8,SCH025,2022-11-15
STU05422,13,Female,7,SCH021,2023-10-16
STU05423,16,Female,11,SCH007,2026-10-21
STU05424,13,Female,8,SCH015,2023-07-02
STU05425,17,Male,11,SCH003,2026-06-03
STU05426,16,Male,10,SCH009,2023-03-21
STU05427,18,Female,11,SCH004,2023-04-15
STU05428,14,Male,9,SCH002,2026-03-07
STU05429,16,Male,11,SCH008,2026-07-03
STU05430,16,Male,11,SCH015,2026-12-22
STU05431,14,Male,8,SCH023,2022-12-22
STU05432,16,Female,10,SCH007,2024-01-17
STU05433,16,Male,9,SCH025,2025-04-20
STU05434,12,Female,7,SCH013,2025-03-08
STU05435,12,Male,7,SCH002,2022-10-06
STU05436,19,Female,12,SCH006,2026-07-18
STU05437,14,Male,7,SCH005,2025-12-09
STU05438,13,Female,7,SCH021,2024-07-08
STU05439,14,Non-binary,7,SCH023,2025-08-05
STU05440,16,Male,9,SCH007,2024-03-03
STU05441,15,Male,8,SCH012,2026-08-24
STU05442,16,Male,11,SCH011,2024-05-02
STU05443,16,Female,11,SCH015,2022-02-09
STU05444,15,Female,10,SCH016,2026-04-26
STU05445,15,Male,9,SCH020,2026-07-05
STU05446,15,Male,9,SCH021,2026-07-13
STU05447,15,Female,10,SCH009,2022-02-18
STU05448,15,Male,10,SCH015,2022-04-17
STU05449,16,Female,11,SCH012,2022-02-24
STU05450,17,Female,10,SCH004,2025-01-17
STU05451,18,Non-binary,11,SCH022,2025-05-10
STU05452,16,Female,11,SCH018,2026-09-17
STU05453,15,Female,8,SCH008,2025-01-14
STU05454,14,Male,7,SCH024,2025-10-12
STU05455,13,Female,8,SCH024,2024-05-09
STU05456,17,Male,12,SCH005,2024-03-15
STU05457,14,Male,8,SCH023,2024-06-10
STU05458,17,Female,10,SCH015,2025-10-09
STU05459,16,Female,9,SCH007,2026-11-16
STU05460,17,Female,10,SCH015,2025-04-09
STU05461,16,Male,9,SCH015,2025-04-04
STU05462,14,Female,9,SCH018,2024-08-12
STU05463,15,Female,8,SCH011,2026-01-24
STU05464,18,Female,12,SCH001,2023-07-11
STU05465,16,Male,10,SCH005,2025-02-07
STU05466,16,Female,11,SCH018,2023-11-27
STU05467,16,Female,10,SCH011,2025-01-18
STU05468,14,Male,8,SCH013,2026-12-02
STU05469,14,Female,9,SCH025,2024-02-21
STU05470,19,Female,12,SCH002,2023-07-03
STU05471,18,Male,11,SCH017,2024-06-17
STU05472,18,Female,11,SCH019,2024-07-24
STU05473,17,Female,10,SCH017,2026-10-14
STU05474,16,Male,11,SCH011,2025-03-04
STU05475,13,Female,8,SCH020,2023-08-14
STU05476,16,Female,11,SCH015,2026-12-25
STU05477,16,Male,9,SCH015,2025-05-08
STU05478,13,Female,8,SCH021,2025-05-02
STU05479,14,Female,8,SCH009,2026-11-01
STU05480,18,Female,12,SCH003,2022-12-15
STU05481,14,Female,7,SCH024,2025-02-01
STU05482,15,Female,8,SCH013,2023-02-22
STU05483,16,Male,11,SCH018,2025-01-09
STU05484,16,Female,11,SCH005,2023-07-14
STU05485,16,Male,10,SCH022,2023-04-19
STU05486,15,Female,10,SCH021,2026-10-01
STU05487,17,Female,12,SCH021,2023-10-12
STU05488,14,Male,8,SCH018,2025-01-10
STU05489,16,Female,10,SCH003,2022-03-19
STU05490,15,Female,10,SCH025,2022-07-05
STU05491,18,Male,12,SCH023,2023-06-17
STU05492,18,Male,11,SCH019,2024-05-16
STU05493,14,Male,8,SCH009,2026-09-05
STU05494,17,Female,12,SCH007,2024-05-27
STU05495,14,Female,9,SCH006,2024-05-22
STU05496,16,Female,10,SCH015,2024-09-27
STU05497,17,Male,12,SCH021,2024-01-24
STU05498,17,Female,11,SCH025,2022-09-13
STU05499,14,Male,8,SCH001,2025-09-04
STU05500,18,Male,11,SCH012,2026-03-22
STU05501,18,Male,12,SCH021,2026-12-28
STU05502,16,Male,11,SCH004,2023-08-24
STU05503,17,Male,12,SCH008,2022-03-24
STU05504,18,Male,12,SCH012,2026-03-02
STU05505,16,Male,10,SCH016,2026-12-09
STU05506,16,Male,11,SCH001,2024-06-16
STU05507,17,Male,11,SCH006,2026-11-20
STU05508,14,Male,8,SCH010,2022-08-16
STU05509,14,Male,8,SCH002,2022-05-07
STU05510,16,Male,11,SCH001,2024-05-11
STU05511,13,Female,8,SCH020,2026-11-13
STU05512,16,Male,10,SCH012,2022-06-26
STU05513,15,Female,10,SCH014,2024-02-02
STU05514,13,Male,8,SCH008,2026-12-14
STU05515,17,Female,11,SCH015,2026-08-03
STU05516,15,Male,9,SCH006,2024-03-12
STU05517,17,Male,10,SCH002,2024-03-07
STU05518,19,Female,12,SCH006,2025-03-01
STU05519,16,Female,11,SCH005,2025-08-04
STU05520,18,Female,12,SCH007,2022-02-05
STU05521,17,Male,12,SCH024,2024-12-02
STU05522,19,Male,12,SCH018,2024-08-21
STU05523,16,Male,10,SCH003,2025-06-09
STU05524,17,Male,11,SCH018,2024-04-27
STU05525,13,Female,8,SCH013,2025-11-06
STU05526,15,Male,8,SCH018,2025-11-12
STU05527,13,Female,8,SCH001,2022-03-19
STU05528,13,Male,7,SCH005,2024-08-08
STU05529,18,Male,12,SCH021,2026-10-08
STU05530,19,Male,12,SCH011,2026-08-07
STU05531,13,Female,8,SCH025,2022-02-11
STU05532,16,Male,10,SCH008,2026-12-02
STU05533,19,Male,12,SCH003,2022-02-18
STU05534,13,Female,7,SCH004,2024-09-24
STU05535,15,Female,10,SCH021,2026-03-16
STU05536,14,Female,8,SCH023,2022-06-19
STU05537,19,Male,12,SCH010,2023-03-08
STU05538,15,Female,10,SCH009,2025-06-22
STU05539,16,Non-binary,11,SCH020,2026-06-06
STU05540,13,Female,7,SCH011,2024-04-01
STU05541,15,Female,9,SCH019,2026-05-23
STU05542,16,Female,11,SCH005,2025-03-27
STU05543,15,Male,8,SCH005,2025-12-05
STU05544,15,Female,8,SCH003,2024-03-02
STU05545,17,Male,11,SCH022,2025-04-02
STU05546,17,Female,10,SCH004,2023-01-21
STU05547,17,Female,11,SCH013,2022-02-25
STU05548,15,Female,8,SCH020,2026-09-23
STU05549,17,Male,10,SCH023,2022-05-07
STU05550,15,Male,9,SCH002,2022-04-23
STU05551,15,Male,8,SCH023,2023-01-22
STU05552,17,Female,10,SCH014,2025-03-18
STU05553,13,Female,8,SCH003,2022-12-13
STU05554,14,Male,8,SCH002,2024-09-27
STU05555,15,Male,8,SCH005,2024-01-02
STU05556,16,Male,9,SCH009,2026-04-01
STU05557,14,Male,8,SCH021,2026-12-16
STU05558,17,Male,12,SCH001,2026-09-14
STU05559,18,Female,11,SCH015,2023-02-16
STU05560,16,Male,10,SCH024,2024-10-08
STU05561,18,Non-binary,11,SCH015,2024-08-21
STU05562,17,Male,10,SCH013,2022-01-02
STU05563,14,Female,9,SCH019,2023-02-17
STU05564,16,Male,9,SCH002,2025-12-02
STU05565,16,Male,11,SCH021,2023-08-01
STU05566,16,Female,11,SCH022,2026-09-06
STU05567,16,Female,11,SCH018,2024-01-09
STU05568,18,Female,11,SCH002,2024-03-08
STU05569,17,Female,10,SCH011,2026-10-18
STU05570,14,Male,9,SCH006,2023-12-15
STU05571,15,Male,9,SCH020,2022-12-06
STU05572,18,Male,12,SCH022,2025-08-20
STU05573,13,Male,8,SCH025,2025-05-25
STU05574,14,Male,8,SCH005,2025-05-28
STU05575,14,Male,7,SCH013,2023-09-05
STU05576,18,Female,12,SCH007,2022-09-05
STU05577,14,Male,7,SCH021,2023-07-05
STU05578,18,Male,11,SCH010,2025-07-28
STU05579,12,Female,7,SCH009,2022-04-16
STU05580,12,Male,7,SCH013,2026-09-06
STU05581,12,Female,7,SCH011,2023-12-27
STU05582,16,Male,9,SCH012,2023-11-07
STU05583,15,Male,10,SCH009,2025-07-23
STU05584,18,Male,12,SCH005,2026-04-23
STU05585,14,Female,7,SCH013,2025-06-21
STU05586,15,Female,10,SCH005,2024-11-24
STU05587,17,Female,11,SCH017,2025-01-09
STU05588,15,Female,8,SCH014,2026-06-24
STU05589,14,Female,9,SCH002,2026-09-19
STU05590,13,Male,8,SCH021,2026-12-23
STU05591,15,Female,10,SCH024,2025-08-15
STU05592,14,Male,8,SCH007,2025-11-21
STU05593,13,Male,8,SCH011,2022-10-15
STU05594,15,Female,10,SCH007,2023-01-14
STU05595,18,Female,11,SCH015,2025-06-20
STU05596,17,Male,10,SCH007,2023-10-18
STU05597,13,Female,7,SCH017,2023-07-08
STU05598,15,Male,10,SCH022,2024-09-27
STU05599,16,Female,11,SCH005,2024-02-21
STU05600,16,Male,11,SCH025,2024-02-04
STU05601,19,Female,12,SCH018,2023-01-13
STU05602,17,Non-binary,11,SCH008,2025-01-19
STU05603,14,Male,8,SCH017,2026-02-12
STU05604,16,Male,10,SCH014,2023-08-04
STU05605,17,Female,10,SCH013,2023-03-10
STU05606,15,Male,9,SCH018,2025-02-14
STU05607,15,Male,9,SCH015,2023-12-20
STU05608,16,Female,10,SCH006,2025-11-23
STU05609,16,Male,10,SCH001,2023-12-01
STU05610,16,Female,11,SCH008,2023-12-23
STU05611,13,Female,7,SCH008,2026-07-15
STU05612,15,Non-binary,8,SCH004,2023-01-27
STU05613,14,Non-binary,8,SCH012,2026-11-13
STU05614,14,Male,9,SCH018,2022-04-28
STU05615,18,Male,12,SCH019,2023-09-25
STU05616,16,Female,10,SCH025,2022-06-18
STU05617,15,Female,8,SCH024,2026-01-17
STU05618,16,Male,9,SCH011,2026-10-23
STU05619,13,Male,8,SCH009,2026-06-02
STU05620,18,Female,11,SCH018,2022-12-08
STU05621,13,Female,8,SCH016,2024-06-08
STU05622,14,Female,9,SCH014,2022-03-26
STU05623,15,Male,10,SCH018,2023-11-07
STU05624,13,Male,8,SCH020,2026-11-02
STU05625,15,Female,9,SCH015,2026-02-17
STU05626,17,Male,11,SCH010,2025-05-16
STU05627,15,Female,9,SCH008,2023-01-21
STU05628,15,Female,8,SCH018,2026-12-06
STU05629,16,Male,9,SCH001,2022-01-26
STU05630,16,Male,11,SCH015,2023-04-05
STU05631,13,Male,8,SCH002,2025-07-12
STU05632,19,Female,12,SCH007,2025-09-24
STU05633,12,Female,7,SCH006,2024-10-16
STU05634,15,Female,10,SCH004,2024-10-05
STU05635,16,Female,11,SCH016,2023-02-28
STU05636,13,Male,7,SCH004,2024-12-08
STU05637,18,Female,11,SCH020,2026-05-12
STU05638,12,Female,7,SCH017,2023-05-13
STU05639,16,Female,9,SCH013,2022-03-08
STU05640,18,Male,11,SCH024,2024-01-16
STU05641,13,Male,8,SCH020,2024-01-18
STU05642,13,Male,8,SCH011,2023-02-01
STU05643,16,Male,10,SCH017,2022-06-07
STU05644,15,Female,9,SCH014,2026-12-24
STU05645,19,Male,12,SCH015,2026-07-18
STU05646,12,Male,7,SCH002,2024-04-15
STU05647,12,Female,7,SCH003,2022-11-16
STU05648,17,Male,11,SCH013,2023-08-02
STU05649,15,Male,8,SCH003,2024-07-03
STU05650,12,Female,7,SCH019,2025-11-25
STU05651,17,Male,11,SCH018,2023-08-04
STU05652,16,Female,11,SCH001,2026-12-11
STU05653,16,Male,9,SCH022,2025-09-16
STU05654,17,Female,11,SCH020,2026-11-25
STU05655,15,Female,9,SCH010,2025-10-10
STU05656,14,Male,9,SCH003,2024-10-06
STU05657,15,Female,9,SCH013,2022-11-19
STU05658,15,Non-binary,10,SCH004,2026-12-10
STU05659,17,Male,10,SCH015,2025-02-10
STU05660,13,Female,7,SCH016,2024-09-19
STU05661,12,Female,7,SCH018,2024-08-07
STU05662,19,Female,12,SCH012,2026-12-04
STU05663,17,Female,10,SCH016,2025-09-18
STU05664,16,Male,11,SCH003,2026-12-27
STU05665,17,Male,10,SCH007,2026-02-06
STU05666,17,Male,11,SCH013,2025-10-26
STU05667,18,Female,11,SCH022,2022-11-05
STU05668,15,Male,10,SCH017,2026-12-14
STU05669,14,Female,7,SCH002,2024-09-26
STU05670,18,Female,11,SCH020,2022-06-03
STU05671,18,Male,11,SCH019,2022-05-17
STU05672,18,Female,12,SCH001,2024-01-14
STU05673,15,Female,8,SCH004,2022-11-06
STU05674,15,Female,9,SCH004,2025-06-19
STU05675,19,Female,12,SCH002,2023-05-25
STU05676,14,Male,9,SCH013,2022-06-21
STU05677,16,Female,11,SCH021,2026-06-02
STU05678,14,Male,9,SCH005,2025-06-15
STU05679,17,Male,10,SCH018,2022-02-27
STU05680,15,Male,10,SCH019,2022-11-22
STU05681,14,Female,8,SCH002,2025-06-09
STU05682,16,Male,11,SCH020,2025-10-16
STU05683,14,Male,9,SCH025,2023-02-16
STU05684,16,Non-binary,11,SCH022,2025-08-19
STU05685,16,Male,11,SCH009,2022-07-17
STU05686,15,Male,9,SCH008,2026-01-04
STU05687,19,Female,12,SCH004,2024-09-02
STU05688,15,Female,8,SCH014,2025-09-22
STU05689,17,Male,12,SCH006,2025-04-26
STU05690,13,Male,8,SCH007,2025-04-06
STU05691,17,Female,10,SCH008,2022-03-23
STU05692,18,Female,12,SCH022,2022-03-11
STU05693,17,Female,10,SCH009,2022-07-22
STU05694,15,Male,9,SCH017,2026-03-19
STU05695,18,Male,11,SCH003,2024-05-06
STU05696,13,Male,7,SCH004,2024-04-18
STU05697,16,Male,10,SCH009,2026-02-06
STU05698,17,Male,10,SCH008,2024-12-01
STU05699,15,Female,8,SCH001,2025-08-11
STU05700,17,Male,11,SCH010,2023-05-16
STU05701,16,Female,11,SCH019,2024-11-28
STU05702,16,Female,10,SCH023,2024-07-24
STU05703,19,Male,12,SCH024,2022-07-20
STU05704,14,Female,9,SCH016,2023-10-13
STU05705,16,Male,9,SCH019,2026-03-15
STU05706,14,Female,7,SCH017,2025-08-19
STU05707,12,Female,7,SCH004,2023-04-25
STU05708,18,Male,12,SCH023,2026-07-28
STU05709,18,Female,12,SCH021,2026-10-22
STU05710,16,Female,10,SCH008,2025-04-07
STU05711,14,Male,7,SCH013,2025-07-21
STU05712,16,Male,10,SCH025,2025-01-12
STU05713,13,Female,8,SCH014,2025-02-25
STU05714,18,Female,12,SCH005,2022-06-16
STU05715,18,Male,12,SCH020,2022-05-13
STU05716,16,Male,10,SCH017,2022-11-19
STU05717,19,Non-binary,12,SCH006,2025-09-19
STU05718,14,Male,9,SCH007,2022-04-26
STU05719,18,Male,11,SCH006,2026-05-27
STU05720,17,Female,11,SCH001,2026-11-22
STU05721,15,Male,10,SCH023,2024-01-16
STU05722,16,Male,11,SCH009,2024-04-11
STU05723,18,Male,11,SCH008,2023-01-22
STU05724,14,Female,8,SCH013,2026-12-28
STU05725,19,Female,12,SCH014,2022-06-24
STU05726,16,Male,10,SCH023,2025-04-22
STU05727,16,Female,11,SCH002,2023-12-16
STU05728,16,Female,11,SCH021,2026-10-15
STU05729,18,Female,11,SCH007,2024-04-27
STU05730,15,Female,9,SCH017,2023-09-03
STU05731,15,Female,10,SCH010,2022-04-02
STU05732,14,Male,7,SCH024,2023-02-22
STU05733,14,Male,9,SCH017,2022-11-10
STU05734,17,Female,11,SCH015,2026-01-19
STU05735,18,Female,12,SCH010,2022-08-22
STU05736,12,Female,7,SCH020,2025-09-12
STU05737,16,Male,11,SCH001,2025-11-17
STU05738,16,Male,11,SCH011,2026-12-14
STU05739,14,Female,9,SCH013,2024-12-28
STU05740,13,Male,7,SCH002,2025-09-02
STU05741,15,Male,9,SCH018,2024-07-18
STU05742,19,Female,12,SCH004,2023-08-01
STU05743,13,Male,7,SCH014,2024-09-18
STU05744,17,Female,10,SCH014,2023-03-05
STU05745,18,Male,12,SCH015,2023-02-18
STU05746,17,Female,10,SCH016,2025-03-15
STU05747,15,Female,10,SCH025,2022-04-09
STU05748,14,Male,8,SCH014,2022-11-13
STU05749,15,Female,9,SCH010,2024-09-20
STU05750,15,Female,9,SCH009,2025-07-28
STU05751,18,Female,12,SCH003,2026-05-01
STU05752,17,Female,12,SCH007,2025-10-22
STU05753,15,Male,9,SCH015,2025-03-27
STU05754,19,Female,12,SCH014,2025-08-15
STU05755,16,Female,9,SCH020,2022-09-13
STU05756,18,Male,12,SCH016,2025-07-05
STU05757,19,Male,12,SCH006,2022-11-03
STU05758,14,Male,8,SCH003,2025-01-23
STU05759,13,Male,8,SCH023,2025-07-08
STU05760,19,Female,12,SCH011,2025-03-22
STU05761,15,Male,9,SCH012,2023-04-13
STU05762,12,Male,7,SCH004,2022-01-12
STU05763,17,Female,10,SCH019,2022-04-02
STU05764,18,Female,12,SCH005,2022-01-11
STU05765,18,Male,12,SCH018,2024-01-04
STU05766,17,Male,10,SCH019,2025-06-24
STU05767,15,Female,9,SCH020,2026-09-01
STU05768,18,Male,11,SCH021,2025-04-24
STU05769,17,Male,10,SCH009,2022-04-27
STU05770,14,Non-binary,8,SCH013,2023-12-14
STU05771,14,Female,8,SCH014,2025-03-06
STU05772,15,Male,8,SCH020,2026-03-06
STU05773,13,Female,8,SCH011,2024-09-01
STU05774,14,Female,9,SCH004,2024-01-17
STU05775,16,Male,10,SCH016,2026-02-11
STU05776,13,Female,7,SCH003,2025-11-11
STU05777,15,Female,10,SCH024,2024-11-07
STU05778,12,Male,7,SCH004,2025-06-17
STU05779,13,Male,7,SCH022,2022-03-08
STU05780,17,Female,11,SCH023,2023-06-15
STU05781,16,Male,10,SCH007,2024-11-08
STU05782,15,Male,10,SCH015,2025-01-06
STU05783,17,Male,10,SCH015,2024-02-04
STU05784,15,Male,8,SCH014,2025-02-18
STU05785,19,Male,12,SCH006,2024-01-17
STU05786,13,Male,8,SCH016,2026-09-20
STU05787,13,Female,8,SCH024,2026-01-15
STU05788,15,Female,8,SCH016,2023-11-24
STU05789,15,Male,10,SCH007,2025-04-09
STU05790,18,Male,11,SCH015,2022-08-20
STU05791,16,Female,10,SCH002,2024-08-18
STU05792,18,Male,11,SCH004,2025-07-27
STU05793,15,Female,10,SCH022,2025-01-11
STU05794,17,Female,11,SCH001,2025-09-14
STU05795,17,Male,10,SCH012,2024-06-06
STU05796,14,Male,8,SCH010,2022-01-24
STU05797,14,Female,9,SCH007,2026-02-28
STU05798,14,Male,8,SCH010,2025-12-10
STU05799,14,Male,9,SCH014,2025-04-16
STU05800,18,Female,11,SCH009,2025-12-09
STU05801,14,Female,8,SCH017,2023-03-24
STU05802,18,Female,11,SCH004,2023-11-09
STU05803,18,Male,11,SCH013,2026-01-22
STU05804,15,Female,8,SCH014,2022-07-27
STU05805,16,Female,10,SCH017,2024-08-12
STU05806,14,Male,8,SCH025,2023-02-13
STU05807,12,Female,7,SCH012,2025-12-26
STU05808,17,Female,10,SCH024,2026-11-16
STU05809,16,Female,10,SCH020,2024-05-06
STU05810,14,Female,8,SCH021,2022-12-04
STU05811,15,Female,10,SCH023,2024-02-08
STU05812,15,Female,9,SCH022,2022-01-18
STU05813,15,Male,10,SCH009,2024-05-08
STU05814,14,Male,7,SCH025,2024-12-08
STU05815,17,Male,12,SCH012,2024-09-01
STU05816,17,Male,11,SCH017,2023-01-01
STU05817,17,Male,10,SCH005,2022-08-05
STU05818,17,Male,12,SCH014,2023-10-14
STU05819,12,Female,7,SCH021,2022-02-14
STU05820,16,Female,10,SCH019,2022-08-17
STU05821,19,Female,12,SCH018,2022-01-06
STU05822,15,Female,10,SCH017,2024-04-12
STU05823,14,Non-binary,9,SCH015,2025-05-26
STU05824,17,Female,12,SCH024,2023-10-28
STU05825,17,Female,12,SCH009,2022-07-07
STU05826,16,Male,11,SCH010,2024-06-20
STU05827,14,Male,7,SCH004,2023-08-14
STU05828,15,Male,10,SCH023,2024-12-12
STU05829,14,Female,7,SCH007,2025-11-07
STU05830,16,Male,10,SCH017,2026-01-16
STU05831,16,Male,11,SCH009,2022-03-26
STU05832,15,Female,10,SCH018,2025-11-26
STU05833,17,Male,10,SCH024,2022-06-21
STU05834,16,Male,9,SCH019,2026-12-22
STU05835,15,Male,10,SCH019,2022-05-27
STU05836,14,Male,7,SCH023,2026-04-03
STU05837,14,Female,9,SCH015,2022-09-22
STU05838,17,Female,12,SCH003,2026-06-04
STU05839,17,Male,10,SCH008,2024-03-23
STU05840,15,Male,8,SCH019,2024-12-07
STU05841,15,Female,10,SCH009,2024-06-27
STU05842,17,Male,11,SCH008,2026-02-02
STU05843,17,Female,12,SCH009,2025-03-13
STU05844,16,Male,9,SCH003,2026-04-02
STU05845,16,Female,11,SCH001,2023-11-28
STU05846,13,Male,8,SCH024,2023-11-06
STU05847,14,Male,7,SCH009,2026-03-08
STU05848,13,Female,7,SCH021,2023-12-18
STU05849,15,Female,8,SCH009,2025-02-07
STU05850,17,Male,12,SCH017,2022-10-05
STU05851,15,Male,10,SCH020,2022-07-17
STU05852,14,Male,7,SCH006,2025-11-05
STU05853,14,Female,8,SCH019,2023-03-07
STU05854,18,Male,12,SCH007,2022-06-17
STU05855,17,Male,11,SCH017,2025-10-23
STU05856,18,Female,11,SCH009,2022-11-24
STU05857,17,Male,12,SCH009,2025-02-28
STU05858,14,Male,9,SCH018,2022-08-12
STU05859,15,Non-binary,8,SCH020,2023-11-26
STU05860,15,Male,9,SCH019,2023-07-05
STU05861,16,Female,11,SCH003,2023-05-06
STU05862,13,Female,7,SCH015,2022-08-05
STU05863,17,Female,12,SCH005,2024-07-17
STU05864,19,Female,12,SCH020,2026-08-17
STU05865,17,Female,10,SCH014,2023-03-28
STU05866,13,Female,7,SCH023,2023-07-04
STU05867,15,Female,9,SCH020,2024-01-24
STU05868,16,Female,9,SCH010,2023-02-27
STU05869,16,Female,10,SCH009,2026-03-13
STU05870,17,Male,11,SCH010,2025-09-21
STU05871,13,Female,8,SCH004,2024-06-13
STU05872,15,Female,10,SCH014,2022-02-06
STU05873,16,Female,9,SCH005,2023-06-16
STU05874,17,Female,11,SCH005,2022-02-25
STU05875,19,Male,12,SCH016,2024-04-22
STU05876,14,Female,7,SCH023,2026-03-11
STU05877,15,Female,8,SCH005,2024-08-27
STU05878,18,Female,11,SCH011,2022-05-22
STU05879,17,Female,10,SCH002,2025-01-22
STU05880,16,Female,11,SCH003,2026-06-01
STU05881,15,Female,10,SCH023,2025-07-19
STU05882,16,Male,10,SCH014,2022-11-26
STU05883,17,Female,10,SCH009,2025-11-03
STU05884,12,Female,7,SCH012,2022-10-07
STU05885,16,Male,10,SCH015,2025-03-26
STU05886,18,Male,11,SCH005,2023-01-04
STU05887,18,Male,11,SCH015,2025-05-05
STU05888,16,Female,10,SCH020,2022-02-01
STU05889,16,Male,11,SCH006,2023-02-12
STU05890,18,Female,12,SCH005,2022-01-05
STU05891,15,Male,8,SCH020,2025-06-18
STU05892,18,Female,12,SCH024,2024-12-01
STU05893,12,Female,7,SCH012,2025-07-01
STU05894,14,Male,7,SCH005,2025-06-05
STU05895,14,Female,9,SCH019,2025-02-24
STU05896,14,Non-binary,9,SCH019,2025-07-05
STU05897,17,Male,12,SCH003,2024-01-25
STU05898,17,Female,12,SCH003,2026-12-15
STU05899,13,Female,7,SCH007,2026-07-28
STU05900,15,Male,10,SCH011,2024-06-11
STU05901,15,Female,8,SCH021,2022-05-20
STU05902,16,Female,11,SCH022,2023-10-21
STU05903,17,Female,11,SCH013,2022-05-13
STU05904,17,Female,12,SCH017,2022-05-18
STU05905,15,Male,8,SCH011,2024-09-07
STU05906,16,Female,11,SCH018,2026-12-23
STU05907,17,Male,11,SCH001,2024-05-02
STU05908,12,Non-binary,7,SCH013,2023-10-07
STU05909,14,Female,9,SCH024,2024-09-26
STU05910,17,Female,11,SCH018,2024-07-08
STU05911,16,Female,9,SCH016,2022-05-01
STU05912,15,Female,10,SCH008,2025-09-17
STU05913,19,Female,12,SCH001,2026-02-26
STU05914,16,Female,9,SCH002,2025-10-25
STU05915,15,Female,10,SCH014,2023-12-09
STU05916,14,Male,8,SCH005,2026-11-20
STU05917,15,Male,9,SCH003,2025-08-18
STU05918,16,Female,10,SCH025,2024-04-11
STU05919,14,Female,7,SCH013,2025-05-28
STU05920,17,Male,11,SCH023,2022-07-26
STU05921,12,Female,7,SCH015,2025-09-15
STU05922,18,Male,11,SCH022,2025-04-11
STU05923,18,Male,12,SCH008,2024-11-13
STU05924,17,Female,10,SCH009,2026-11-01
STU05925,16,Male,10,SCH014,2025-03-28
STU05926,13,Female,7,SCH002,2023-04-16
STU05927,15,Female,9,SCH012,2022-11-06
STU05928,15,Female,10,SCH021,2025-05-20
STU05929,12,Male,7,SCH013,2024-05-01
STU05930,19,Female,12,SCH019,2023-01-27
STU05931,17,Non-binary,12,SCH013,2023-02-17
STU05932,18,Female,12,SCH022,2022-11-25
STU05933,16,Female,11,SCH013,2026-12-27
STU05934,14,Male,7,SCH011,2022-10-16
STU05935,17,Male,12,SCH021,2026-08-26
STU05936,14,Male,8,SCH021,2024-08-16
STU05937,15,Female,8,SCH005,2022-10-05
STU05938,13,Male,8,SCH004,2022-12-19
STU05939,15,Female,8,SCH001,2024-10-19
STU05940,17,Female,10,SCH011,2024-09-09
STU05941,17,Female,10,SCH025,2023-09-02
STU05942,19,Male,12,SCH021,2022-11-09
STU05943,18,Female,11,SCH021,2022-02-15
STU05944,18,Female,11,SCH006,2022-02-01
STU05945,17,Female,11,SCH023,2023-10-19
STU05946,16,Male,11,SCH009,2025-12-28
STU05947,16,Male,9,SCH009,2026-08-21
STU05948,17,Female,10,SCH012,2026-04-10
STU05949,13,Female,8,SCH011,2022-08-18
STU05950,14,Male,8,SCH025,2022-10-14
STU05951,16,Female,11,SCH006,2023-05-11
STU05952,16,Female,9,SCH004,2022-04-13
STU05953,15,Female,9,SCH009,2022-06-07
STU05954,14,Male,8,SCH008,2022-02-10
STU05955,18,Female,11,SCH015,2025-06-09
STU05956,17,Female,12,SCH001,2026-11-07
STU05957,17,Male,11,SCH024,2026-06-26
STU05958,14,Non-binary,7,SCH022,2022-12-10
STU05959,14,Female,7,SCH020,2022-05-24
STU05960,17,Female,12,SCH025,2023-07-19
STU05961,14,Male,8,SCH002,2025-05-27
STU05962,13,Male,7,SCH007,2023-04-16
STU05963,16,Female,9,SCH006,2022-01-13
STU05964,17,Female,10,SCH010,2025-09-06
STU05965,15,Male,8,SCH022,2026-03-13
STU05966,13,Male,7,SCH002,2024-02-24
STU05967,15,Female,10,SCH020,2025-02-10
STU05968,16,Male,9,SCH002,2024-07-13
STU05969,15,Male,8,SCH011,2026-10-14
STU05970,15,Female,10,SCH015,2026-09-03
STU05971,17,Female,11,SCH009,2022-05-21
STU05972,13,Male,7,SCH008,2025-05-27
STU05973,18,Female,11,SCH006,2022-10-02
STU05974,14,Female,7,SCH002,2023-09-27
STU05975,12,Male,7,SCH003,2022-05-11
STU05976,15,Female,9,SCH021,2022-09-21
STU05977,15,Female,9,SCH006,2026-12-06
STU05978,18,Female,11,SCH008,2024-02-08
STU05979,14,Male,7,SCH002,2026-02-12
STU05980,14,Female,8,SCH024,2023-01-12
STU05981,19,Female,12,SCH002,2024-03-04
STU05982,19,Female,12,SCH005,2022-01-19
STU05983,12,Female,7,SCH021,2025-01-22
STU05984,15,Male,9,SCH012,2024-11-04
STU05985,17,Male,12,SCH025,2026-09-19
STU05986,14,Female,7,SCH013,2023-07-05
STU05987,19,Male,12,SCH011,2025-06-06
STU05988,15,Female,8,SCH011,2023-12-11
STU05989,18,Male,11,SCH017,2026-08-28
STU05990,15,Male,8,SCH005,2022-11-16
STU05991,19,Female,12,SCH014,2022-01-11
STU05992,13,Female,7,SCH005,2026-12-14
STU05993,14,Female,9,SCH014,2026-06-09
STU05994,17,Male,11,SCH023,2024-04-27
STU05995,17,Male,10,SCH015,2022-01-10
STU05996,13,Female,7,SCH005,2025-08-23
STU05997,16,Male,11,SCH019,2026-06-26
STU05998,17,Female,10,SCH002,2022-10-01
STU05999,16,Female,9,SCH005,2023-10-28
STU06000,13,Male,8,SCH015,2023-09-05
STU06001,15,Female,9,SCH019,2022-04-22
STU06002,13,Female,8,SCH018,2023-05-24
STU06003,18,Female,12,SCH012,2025-08-21
STU06004,16,Male,11,SCH014,2024-07-15
STU06005,18,Male,12,SCH004,2026-12-02
STU06006,15,Female,9,SCH004,2024-01-26
STU06007,17,Male,10,SCH009,2024-03-09
STU06008,14,Female,9,SCH020,2025-08-26
STU06009,13,Male,8,SCH002,2025-04-20
STU06010,16,Female,9,SCH018,2024-09-19
STU06011,17,Female,11,SCH011,2026-08-21
STU06012,14,Male,8,SCH001,2026-09-08
STU06013,16,Female,11,SCH020,2022-09-02
STU06014,19,Female,12,SCH003,2026-11-11
STU06015,14,Male,8,SCH014,2025-12-06
STU06016,17,Male,10,SCH006,2024-11-02
STU06017,16,Female,9,SCH011,2024-11-25
STU06018,17,Female,10,SCH006,2025-12-28
STU06019,14,Female,7,SCH005,2023-06-25
STU06020,15,Male,8,SCH006,2026-05-21
STU06021,13,Male,8,SCH005,2022-08-27
STU06022,17,Male,12,SCH003,2025-03-25
STU06023,13,Male,8,SCH005,2022-07-14
STU06024,16,Male,9,SCH024,2024-10-20
STU06025,16,Female,10,SCH001,2024-06-14
STU06026,15,Female,8,SCH016,2023-07-02
STU06027,15,Female,9,SCH007,2026-04-08
STU06028,18,Female,12,SCH021,2024-03-12
STU06029,16,Female,10,SCH020,2022-02-21
STU06030,18,Male,12,SCH010,2024-02-08
STU06031,16,Male,11,SCH012,2024-06-16
STU06032,13,Male,8,SCH011,2024-01-08
STU06033,15,Non-binary,10,SCH019,2023-05-01
STU06034,16,Male,11,SCH005,2025-01-10
STU06035,14,Female,9,SCH001,2023-05-13
STU06036,16,Female,10,SCH011,2023-12-16
STU06037,15,Male,10,SCH002,2025-12-12
STU06038,17,Female,10,SCH015,2025-01-28
STU06039,14,Male,9,SCH022,2023-09-09
STU06040,13,Female,7,SCH001,2022-07-19
STU06041,17,Male,10,SCH025,2025-06-08
STU06042,15,Male,10,SCH009,2024-09-18
STU06043,15,Female,10,SCH002,2022-07-14
STU06044,19,Male,12,SCH005,2024-12-02
STU06045,17,Male,12,SCH014,2024-12-27
STU06046,18,Female,12,SCH024,2026-05-19
STU06047,15,Male,10,SCH018,2026-11-12
STU06048,15,Male,9,SCH001,2023-12-13
STU06049,16,Male,9,SCH014,2022-08-20
STU06050,16,Male,10,SCH015,2023-10-07
STU06051,15,Female,10,SCH023,2022-11-10
STU06052,13,Female,8,SCH012,2024-01-21
STU06053,16,Female,9,SCH002,2025-05-17
STU06054,14,Female,9,SCH011,2024-05-23
STU06055,14,Male,8,SCH009,2022-07-01
STU06056,17,Male,10,SCH024,2024-05-14
STU06057,19,Female,12,SCH013,2025-12-07
STU06058,13,Male,7,SCH001,2024-03-13
STU06059,17,Female,11,SCH018,2024-05-22
STU06060,17,Female,11,SCH022,2024-05-02
STU06061,17,Male,11,SCH020,2024-12-27
STU06062,19,Male,12,SCH018,2024-01-14
STU06063,16,Female,9,SCH014,2024-05-25
STU06064,17,Female,11,SCH008,2024-06-07
STU06065,15,Female,8,SCH007,2025-05-18
STU06066,13,Female,7,SCH005,2026-12-26
STU06067,14,Male,7,SCH024,2025-05-10
STU06068,14,Female,9,SCH010,2026-12-18
STU06069,19,Female,12,SCH009,2022-11-21
STU06070,18,Female,12,SCH017,2025-12-06
STU06071,15,Female,9,SCH018,2025-03-11
STU06072,16,Female,10,SCH020,2026-09-22
STU06073,19,Male,12,SCH019,2025-02-12
STU06074,17,Male,11,SCH017,2026-01-10
STU06075,17,Female,10,SCH016,2022-08-06
STU06076,17,Female,12,SCH015,2026-02-20
STU06077,17,Female,11,SCH003,2025-11-16
STU06078,16,Female,9,SCH007,2025-07-12
STU06079,12,Female,7,SCH013,2024-10-28
STU06080,13,Male,8,SCH003,2024-11-15
STU06081,17,Male,10,SCH017,2024-09-13
STU06082,18,Female,11,SCH012,2023-03-01
STU06083,16,Male,9,SCH008,2026-09-09
STU06084,16,Male,11,SCH020,2023-01-20
STU06085,18,Female,11,SCH024,2024-11-07
STU06086,14,Male,9,SCH005,2025-05-15
STU06087,18,Male,11,SCH012,2026-06-14
STU06088,16,Male,9,SCH020,2024-03-12
STU06089,16,Female,11,SCH012,2022-07-23
STU06090,17,Female,12,SCH022,2023-08-20
STU06091,15,Female,10,SCH015,2023-07-28
STU06092,13,Female,8,SCH022,2025-06-05
STU06093,13,Non-binary,8,SCH004,2022-10-09
STU06094,15,Male,10,SCH003,2023-04-14
STU06095,15,Male,10,SCH005,2026-08-05
STU06096,17,Male,11,SCH018,2026-03-15
STU06097,16,Female,11,SCH024,2024-01-16
STU06098,16,Male,11,SCH023,2022-06-28
STU06099,13,Male,8,SCH022,2022-10-04
STU06100,13,Female,8,SCH017,2025-08-08
STU06101,15,Male,10,SCH001,2023-10-18
STU06102,19,Female,12,SCH013,2022-05-11
STU06103,15,Male,10,SCH019,2026-08-11
STU06104,16,Male,9,SCH005,2022-03-16
STU06105,17,Female,11,SCH018,2024-12-02
STU06106,17,Male,12,SCH014,2023-08-02
STU06107,15,Male,9,SCH015,2022-07-03
STU06108,15,Female,10,SCH010,2024-12-28
STU06109,18,Female,12,SCH021,2022-10-14
STU06110,14,Male,7,SCH016,2025-01-23
STU06111,15,Female,10,SCH010,2022-03-12
STU06112,16,Male,11,SCH002,2026-07-16
STU06113,16,Male,10,SCH018,2026-09-10
STU06114,17,Male,12,SCH003,2024-05-10
STU06115,17,Female,12,SCH024,2024-03-16
STU06116,16,Male,10,SCH005,2022-12-18
STU06117,17,Female,12,SCH017,2023-08-05
STU06118,17,Female,11,SCH009,2023-12-05
STU06119,15,Female,9,SCH019,2026-01-11
STU06120,15,Male,8,SCH025,2024-01-10
STU06121,17,Female,11,SCH011,2026-09-13
STU06122,17,Female,12,SCH008,2025-06-25
STU06123,16,Male,9,SCH017,2025-09-19
STU06124,17,Female,12,SCH013,2026-08-28
STU06125,13,Female,7,SCH011,2024-12-21
STU06126,17,Male,12,SCH004,2022-03-02
STU06127,18,Female,12,SCH002,2025-11-14
STU06128,13,Female,7,SCH004,2026-05-01
STU06129,16,Male,10,SCH008,2024-05-23
STU06130,15,Female,10,SCH023,2026-07-22
STU06131,16,Female,10,SCH018,2024-06-04
STU06132,15,Male,8,SCH019,2022-10-25
STU06133,19,Male,12,SCH019,2025-11-18
STU06134,14,Male,8,SCH024,2024-03-18
STU06135,14,Male,7,SCH015,2026-05-21
STU06136,15,Female,10,SCH016,2023-02-25
STU06137,16,Male,11,SCH014,2026-06-16
STU06138,15,Male,9,SCH016,2026-05-17
STU06139,17,Female,12,SCH020,2024-08-21
STU06140,16,Female,10,SCH005,2025-08-07
STU06141,13,Male,8,SCH006,2025-03-26
STU06142,12,Male,7,SCH004,2023-01-15
STU06143,15,Female,9,SCH010,2025-05-06
STU06144,15,Male,9,SCH019,2024-05-02
STU06145,14,Male,7,SCH018,2025-03-04
STU06146,15,Female,9,SCH011,2025-12-18
STU06147,18,Female,12,SCH013,2023-01-06
STU06148,15,Female,10,SCH007,2025-04-24
STU06149,16,Male,10,SCH019,2025-08-23
STU06150,19,Male,12,SCH003,2022-07-06
STU06151,15,Female,9,SCH014,2026-08-16
STU06152,14,Female,8,SCH008,2023-04-27
STU06153,17,Female,12,SCH016,2023-04-18
STU06154,16,Female,10,SCH001,2024-05-11
STU06155,14,Female,8,SCH013,2025-05-25
STU06156,17,Female,10,SCH018,2023-10-08
STU06157,13,Female,8,SCH018,2022-02-18
STU06158,15,Male,9,SCH016,2025-05-01
STU06159,16,Female,10,SCH009,2022-09-18
STU06160,17,Male,11,SCH015,2024-08-17
STU06161,15,Male,9,SCH015,2026-09-24
STU06162,15,Female,10,SCH009,2024-11-05
STU06163,15,Male,10,SCH013,2023-08-19
STU06164,15,Female,9,SCH012,2024-01-03
STU06165,14,Male,9,SCH011,2024-01-15
STU06166,16,Female,11,SCH019,2026-12-05
STU06167,16,Female,11,SCH006,2024-10-02
STU06168,15,Female,8,SCH003,2026-11-04
STU06169,16,Male,9,SCH003,2026-04-15
STU06170,15,Female,10,SCH017,2026-12-25
STU06171,14,Female,7,SCH010,2023-02-01
STU06172,14,Female,7,SCH015,2024-10-20
STU06173,13,Male,7,SCH001,2026-12-01
STU06174,17,Female,12,SCH001,2026-09-11
STU06175,17,Female,11,SCH013,2022-07-12
STU06176,15,Male,8,SCH020,2025-12-04
STU06177,17,Female,11,SCH014,2025-12-07
STU06178,18,Male,11,SCH010,2026-02-04
STU06179,17,Female,10,SCH024,2022-11-18
STU06180,15,Male,8,SCH003,2026-09-25
STU06181,15,Female,10,SCH020,2025-11-07
STU06182,15,Male,10,SCH008,2025-08-09
STU06183,14,Male,7,SCH015,2025-02-03
STU06184,13,Female,7,SCH003,2024-01-03
STU06185,15,Male,10,SCH002,2023-01-03
STU06186,17,Female,10,SCH017,2024-08-03
STU06187,15,Female,9,SCH021,2025-12-28
STU06188,18,Female,12,SCH012,2022-06-11
STU06189,14,Female,7,SCH012,2024-05-06
STU06190,12,Female,7,SCH016,2025-02-23
STU06191,17,Female,12,SCH018,2023-11-10
STU06192,16,Male,10,SCH019,2022-07-03
STU06193,18,Male,11,SCH021,2024-05-05
STU06194,17,Male,10,SCH016,2023-04-22
STU06195,17,Female,12,SCH020,2026-08-17
STU06196,15,Male,10,SCH013,2023-04-19
STU06197,13,Female,8,SCH010,2026-07-06
STU06198,14,Female,9,SCH009,2022-11-18
STU06199,14,Male,8,SCH012,2022-10-04
STU06200,17,Male,12,SCH007,2024-05-25
STU06201,14,Male,7,SCH020,2024-07-24
STU06202,19,Male,12,SCH023,2023-10-13
STU06203,14,Male,8,SCH015,2025-11-09
STU06204,14,Female,8,SCH015,2025-06-26
STU06205,17,Male,10,SCH002,2024-02-10
STU06206,17,Non-binary,10,SCH012,2022-01-06
STU06207,17,Male,10,SCH001,2023-06-08
STU06208,16,Female,9,SCH020,2025-08-05
STU06209,16,Female,11,SCH004,2026-04-02
STU06210,17,Female,10,SCH004,2023-06-21
STU06211,16,Non-binary,10,SCH004,2023-10-18
STU06212,13,Female,8,SCH010,2026-10-13
STU06213,15,Male,10,SCH019,2026-12-27
STU06214,17,Female,11,SCH023,2026-08-14
STU06215,13,Female,8,SCH011,2024-08-03
STU06216,15,Male,10,SCH020,2023-08-28
STU06217,13,Female,8,SCH012,2023-11-22
STU06218,19,Male,12,SCH013,2026-12-19
STU06219,12,Female,7,SCH005,2026-04-03
STU06220,16,Female,10,SCH007,2022-06-16
STU06221,13,Female,8,SCH014,2026-04-04
STU06222,17,Female,12,SCH020,2025-06-15
STU06223,18,Male,11,SCH004,2022-09-13
STU06224,16,Male,10,SCH018,2022-10-09
STU06225,14,Female,8,SCH006,2026-05-28
STU06226,14,Male,8,SCH024,2023-03-09
STU06227,15,Male,8,SCH023,2023-07-22
STU06228,15,Male,10,SCH024,2026-09-09
STU06229,15,Male,10,SCH019,2025-06-05
STU06230,15,Female,10,SCH010,2025-10-15
STU06231,14,Female,9,SCH019,2022-04-09
STU06232,14,Female,7,SCH021,2022-07-26
STU06233,16,Female,10,SCH025,2023-02-01
STU06234,17,Female,12,SCH011,2025-06-03
STU06235,17,Female,11,SCH001,2026-10-13
STU06236,14,Male,9,SCH007,2022-11-25
STU06237,15,Male,9,SCH008,2022-12-14
STU06238,16,Male,9,SCH019,2022-09-07
STU06239,16,Male,10,SCH024,2025-01-26
STU06240,18,Female,12,SCH014,2026-11-10
STU06241,15,Female,8,SCH013,2022-03-22
STU06242,15,Female,9,SCH020,2024-11-18
STU06243,13,Female,8,SCH018,2025-03-13
STU06244,15,Male,8,SCH019,2025-08-03
STU06245,18,Female,12,SCH002,2023-12-20
STU06246,17,Male,10,SCH019,2026-12-24
STU06247,18,Female,12,SCH023,2024-01-09
STU06248,17,Female,12,SCH005,2024-01-08
STU06249,17,Male,10,SCH021,2024-05-22
STU06250,13,Female,7,SCH008,2025-11-17
STU06251,13,Male,8,SCH015,2026-06-09
STU06252,12,Female,7,SCH009,2024-08-12
STU06253,16,Male,11,SCH012,2026-02-09
STU06254,17,Female,12,SCH021,2025-04-16
STU06255,14,Male,7,SCH019,2023-12-20
STU06256,17,Female,12,SCH024,2025-07-23
STU06257,16,Female,10,SCH003,2023-01-25
STU06258,14,Female,7,SCH021,2022-02-28
STU06259,17,Male,10,SCH025,2024-11-27
STU06260,19,Female,12,SCH010,2023-05-02
STU06261,17,Male,11,SCH020,2022-12-09
STU06262,16,Female,9,SCH009,2026-12-02
STU06263,17,Female,11,SCH019,2023-07-05
STU06264,16,Female,10,SCH019,2026-11-02
STU06265,17,Male,11,SCH008,2026-08-26
STU06266,18,Male,11,SCH007,2023-10-24
STU06267,16,Female,11,SCH012,2025-08-14
STU06268,17,Female,10,SCH017,2024-12-25
STU06269,15,Male,8,SCH007,2022-10-07
STU06270,14,Female,8,SCH019,2026-06-11
STU06271,14,Female,7,SCH017,2026-01-01
STU06272,16,Male,9,SCH007,2023-10-08
STU06273,17,Male,11,SCH012,2022-11-08
STU06274,13,Female,7,SCH004,2022-10-10
STU06275,16,Male,10,SCH010,2023-08-09
STU06276,16,Female,10,SCH009,2024-04-03
STU06277,16,Male,11,SCH013,2025-03-14
STU06278,16,Male,9,SCH012,2026-10-21
STU06279,15,Female,10,SCH013,2026-01-22
STU06280,17,Female,12,SCH004,2025-08-21
STU06281,14,Female,8,SCH015,2026-05-02
STU06282,15,Male,10,SCH005,2022-12-27
STU06283,15,Female,10,SCH001,2022-03-24
STU06284,16,Male,10,SCH021,2026-02-21
STU06285,13,Female,8,SCH007,2023-04-07
STU06286,18,Female,11,SCH022,2023-08-03
STU06287,16,Female,9,SCH011,2023-09-27
STU06288,14,Non-binary,8,SCH016,2023-09-19
STU06289,15,Male,8,SCH013,2023-04-09
STU06290,18,Female,11,SCH016,2023-05-27
STU06291,19,Male,12,SCH021,2026-02-03
STU06292,16,Female,11,SCH023,2023-05-26
STU06293,14,Male,7,SCH015,2025-09-19
STU06294,18,Male,12,SCH009,2024-09-03
STU06295,13,Female,8,SCH002,2023-07-07
STU06296,17,Male,10,SCH021,2022-09-11
STU06297,18,Male,12,SCH012,2022-12-04
STU06298,17,Male,12,SCH013,2022-07-17
STU06299,14,Male,9,SCH016,2023-11-24
STU06300,18,Male,11,SCH016,2024-12-09
STU06301,17,Male,11,SCH015,2025-11-22
STU06302,18,Male,11,SCH004,2025-10-05
STU06303,15,Female,9,SCH005,2025-09-27
STU06304,13,Male,7,SCH012,2024-08-02
STU06305,14,Male,9,SCH009,2022-11-24
STU06306,15,Male,9,SCH002,2023-11-07
STU06307,16,Female,9,SCH017,2024-06-23
STU06308,16,Male,11,SCH015,2026-08-24
STU06309,17,Male,11,SCH006,2023-01-20
STU06310,16,Female,10,SCH021,2026-01-18
STU06311,16,Female,10,SCH005,2026-04-08
STU06312,14,Female,8,SCH004,2022-08-09
STU06313,14,Male,7,SCH014,2022-06-05
STU06314,15,Non-binary,9,SCH009,2023-12-27
STU06315,18,Female,12,SCH022,2024-05-13
STU06316,14,Female,9,SCH018,2025-02-01
STU06317,16,Male,10,SCH019,2023-02-17
STU06318,17,Male,12,SCH020,2022-07-04
STU06319,14,Female,7,SCH002,2022-09-27
STU06320,16,Male,11,SCH007,2024-01-11
STU06321,15,Female,9,SCH017,2022-02-05
STU06322,14,Female,9,SCH019,2025-02-25
STU06323,18,Female,12,SCH023,2022-01-12
STU06324,16,Male,11,SCH012,2023-05-21
STU06325,19,Female,12,SCH010,2025-07-11
STU06326,15,Female,8,SCH002,2023-06-13
STU06327,13,Female,8,SCH022,2025-10-26
STU06328,16,Male,10,SCH001,2025-08-22
STU06329,15,Female,10,SCH020,2024-03-08
STU06330,14,Male,9,SCH015,2024-10-20
STU06331,19,Male,12,SCH021,2022-11-24
STU06332,16,Female,9,SCH015,2025-03-06
STU06333,16,Female,11,SCH007,2026-03-28
STU06334,13,Female,7,SCH008,2025-10-21
STU06335,16,Male,10,SCH014,2024-12-26
STU06336,19,Male,12,SCH012,2024-07-26
STU06337,17,Male,11,SCH014,2024-02-24
STU06338,15,Female,10,SCH021,2026-10-02
STU06339,15,Male,9,SCH008,2026-03-02
STU06340,17,Female,11,SCH021,2022-05-15
STU06341,17,Female,10,SCH012,2023-02-06
STU06342,14,Female,7,SCH019,2023-01-16
STU06343,17,Male,10,SCH020,2023-06-03
STU06344,17,Female,11,SCH018,2025-07-26
STU06345,17,Male,10,SCH004,2022-03-26
STU06346,14,Female,7,SCH016,2026-11-23
STU06347,17,Female,12,SCH004,2025-12-26
STU06348,18,Male,11,SCH007,2022-07-19
STU06349,14,Female,9,SCH024,2025-02-17
STU06350,16,Female,10,SCH002,2024-12-06
STU06351,16,Male,9,SCH012,2025-04-10
STU06352,18,Female,12,SCH019,2026-12-03
STU06353,14,Female,9,SCH005,2025-08-22
STU06354,16,Male,9,SCH013,2026-04-04
STU06355,14,Female,9,SCH011,2026-02-24
STU06356,16,Female,10,SCH022,2023-08-05
STU06357,13,Female,8,SCH023,2026-09-10
STU06358,18,Male,11,SCH012,2024-09-17
STU06359,16,Male,9,SCH008,2024-01-25
STU06360,15,Female,8,SCH006,2023-06-28
STU06361,15,Male,9,SCH019,2023-04-21
STU06362,18,Female,12,SCH023,2023-12-24
STU06363,16,Female,9,SCH020,2026-02-03
STU06364,16,Non-binary,9,SCH012,2025-05-23
STU06365,17,Male,10,SCH017,2023-02-08
STU06366,17,Female,12,SCH012,2022-06-15
STU06367,16,Male,9,SCH001,2024-08-13
STU06368,13,Female,8,SCH005,2022-01-03
STU06369,16,Male,9,SCH022,2025-08-14
STU06370,18,Male,11,SCH011,2023-04-17
STU06371,17,Male,12,SCH004,2026-09-04
STU06372,16,Female,11,SCH018,2024-05-09
STU06373,18,Female,12,SCH015,2025-07-14
STU06374,13,Male,7,SCH024,2022-06-05
STU06375,17,Male,12,SCH019,2023-10-24
STU06376,18,Female,11,SCH016,2026-07-12
STU06377,14,Male,8,SCH021,2026-10-13
STU06378,14,Male,9,SCH010,2025-03-11
STU06379,15,Female,10,SCH012,2026-05-28
STU06380,17,Female,10,SCH001,2022-05-11
STU06381,14,Female,7,SCH009,2022-03-25
STU06382,17,Male,12,SCH025,2023-10-15
STU06383,16,Female,9,SCH016,2022-10-15
STU06384,16,Male,9,SCH001,2022-01-14
STU06385,15,Male,8,SCH015,2026-12-17
STU06386,15,Male,9,SCH009,2022-04-07
STU06387,14,Male,8,SCH012,2022-12-26
STU06388,15,Female,9,SCH021,2023-02-22
STU06389,16,Female,11,SCH004,2024-09-19
STU06390,19,Male,12,SCH005,2026-06-15
STU06391,16,Female,10,SCH021,2026-10-18
STU06392,13,Male,7,SCH013,2025-06-05
STU06393,12,Female,7,SCH010,2026-12-02
STU06394,13,Female,8,SCH006,2026-02-11
STU06395,12,Male,7,SCH002,2025-05-19
STU06396,14,Female,9,SCH010,2022-11-12
STU06397,17,Male,11,SCH024,2023-02-24
STU06398,18,Female,11,SCH009,2023-03-20
STU06399,15,Male,9,SCH008,2025-05-08
STU06400,18,Male,12,SCH001,2023-12-21
STU06401,15,Female,10,SCH022,2023-10-01
STU06402,13,Female,8,SCH025,2025-12-10
STU06403,15,Male,9,SCH014,2026-12-11
STU06404,17,Male,11,SCH001,2022-12-24
STU06405,12,Male,7,SCH009,2026-07-15
STU06406,14,Non-binary,8,SCH002,2026-05-14
STU06407,14,Male,9,SCH024,2026-01-11
STU06408,15,Male,10,SCH022,2025-05-02
STU06409,19,Male,12,SCH004,2023-12-28
STU06410,17,Male,11,SCH020,2026-08-15
STU06411,14,Female,9,SCH014,2023-03-17
STU06412,13,Male,8,SCH007,2026-01-09
STU06413,14,Male,7,SCH024,2026-03-14
STU06414,12,Male,7,SCH023,2022-02-16
STU06415,16,Female,10,SCH014,2026-11-16
STU06416,15,Male,10,SCH006,2022-06-19
STU06417,19,Female,12,SCH012,2024-06-28
STU06418,18,Male,12,SCH013,2026-01-14
STU06419,18,Male,12,SCH024,2025-05-15
STU06420,16,Female,11,SCH025,2022-01-03
STU06421,16,Female,10,SCH001,2023-03-20
STU06422,12,Female,7,SCH004,2025-10-05
STU06423,17,Male,12,SCH023,2026-08-10
STU06424,14,Female,7,SCH014,2026-03-13
STU06425,18,Male,11,SCH018,2022-04-05
STU06426,16,Female,11,SCH013,2023-04-20
STU06427,18,Male,11,SCH002,2026-06-16
STU06428,18,Male,12,SCH008,2026-12-13
STU06429,16,Male,9,SCH016,2022-06-13
STU06430,13,Female,7,SCH009,2026-12-03
STU06431,16,Female,11,SCH004,2023-03-06
STU06432,16,Male,10,SCH020,2024-01-13
STU06433,16,Male,10,SCH017,2026-06-18
STU06434,13,Female,8,SCH017,2023-10-21
STU06435,14,Male,7,SCH022,2023-03-03
STU06436,17,Female,12,SCH012,2025-04-13
STU06437,16,Female,9,SCH012,2023-01-20
STU06438,16,Female,11,SCH006,2023-01-08
STU06439,16,Female,9,SCH014,2022-11-07
STU06440,17,Female,10,SCH003,2024-03-23
STU06441,16,Male,9,SCH012,2024-11-04
STU06442,17,Female,11,SCH020,2026-11-01
STU06443,13,Female,8,SCH008,2026-03-12
STU06444,17,Male,10,SCH020,2023-03-25
STU06445,15,Male,9,SCH015,2025-06-14
STU06446,13,Male,7,SCH004,2024-12-16
STU06447,18,Female,12,SCH007,2023-10-09
STU06448,17,Male,12,SCH003,2024-03-16
STU06449,15,Male,10,SCH003,2026-01-08
STU06450,18,Male,11,SCH023,2025-01-06
STU06451,14,Male,7,SCH004,2023-03-11
STU06452,16,Female,9,SCH001,2026-10-14
STU06453,15,Female,8,SCH001,2023-10-04
STU06454,15,Female,10,SCH022,2025-12-23
STU06455,16,Male,11,SCH021,2024-01-14
STU06456,14,Female,9,SCH023,2025-12-03
STU06457,16,Male,9,SCH002,2024-09-19
STU06458,15,Female,10,SCH018,2024-04-08
STU06459,16,Male,11,SCH005,2025-01-18
STU06460,18,Male,12,SCH007,2022-10-19
STU06461,19,Female,12,SCH012,2023-09-23
STU06462,17,Female,12,SCH003,2023-08-15
STU06463,14,Male,9,SCH025,2022-11-08
STU06464,17,Female,11,SCH019,2025-06-28
STU06465,17,Female,11,SCH015,2024-09-22
STU06466,16,Male,9,SCH010,2026-08-24
STU06467,16,Male,11,SCH009,2023-10-04
STU06468,15,Male,8,SCH008,2023-03-23
STU06469,18,Female,11,SCH002,2025-07-01
STU06470,15,Male,8,SCH002,2024-09-13
STU06471,18,Male,12,SCH022,2023-05-01
STU06472,15,Female,10,SCH021,2024-01-06
STU06473,19,Female,12,SCH009,2024-11-10
STU06474,18,Male,11,SCH018,2025-04-23
STU06475,14,Male,9,SCH001,2026-03-24
STU06476,17,Non-binary,12,SCH014,2023-03-04
STU06477,19,Male,12,SCH020,2023-02-10
STU06478,18,Male,11,SCH024,2026-10-24
STU06479,14,Female,8,SCH007,2022-11-03
STU06480,16,Male,9,SCH015,2022-07-19
STU06481,12,Female,7,SCH009,2022-01-02
STU06482,15,Male,10,SCH025,2022-06-20
STU06483,16,Male,10,SCH008,2025-02-04
STU06484,15,Male,9,SCH016,2025-08-25
STU06485,13,Male,7,SCH023,2025-07-24
STU06486,13,Female,7,SCH024,2022-04-09
STU06487,12,Male,7,SCH001,2026-07-22
STU06488,15,Male,8,SCH015,2026-05-08
STU06489,15,Female,10,SCH019,2023-02-15
STU06490,18,Female,11,SCH003,2022-07-14
STU06491,15,Female,10,SCH014,2023-10-23
STU06492,14,Non-binary,9,SCH004,2023-01-23
STU06493,14,Male,9,SCH016,2022-09-01
STU06494,17,Male,11,SCH014,2025-07-24
STU06495,15,Male,10,SCH003,2023-01-16
STU06496,16,Male,9,SCH025,2022-06-07
STU06497,15,Male,9,SCH012,2023-09-25
STU06498,15,Male,8,SCH014,2023-02-06
STU06499,15,Female,8,SCH007,2023-11-20
STU06500,17,Male,12,SCH011,2025-07-10
STU06501,14,Male,7,SCH017,2024-02-10
STU06502,17,Male,11,SCH015,2026-09-09
STU06503,16,Female,11,SCH022,2022-05-18
STU06504,18,Female,11,SCH022,2025-05-21
STU06505,16,Female,10,SCH018,2026-11-02
STU06506,17,Female,10,SCH003,2023-07-10
STU06507,13,Male,7,SCH001,2026-02-10
STU06508,16,Male,9,SCH013,2024-11-11
STU06509,18,Female,12,SCH014,2025-01-24
STU06510,17,Female,12,SCH015,2025-06-02
STU06511,16,Female,11,SCH013,2026-03-09
STU06512,16,Male,9,SCH016,2025-11-05
STU06513,14,Non-binary,8,SCH023,2022-07-04
STU06514,17,Male,11,SCH018,2023-06-07
STU06515,14,Female,7,SCH003,2023-01-05
STU06516,15,Female,8,SCH013,2023-03-15
STU06517,15,Female,9,SCH019,2026-12-06
STU06518,18,Male,11,SCH006,2022-03-03
STU06519,14,Non-binary,7,SCH002,2025-04-18
STU06520,17,Female,12,SCH022,2022-02-26
STU06521,15,Male,9,SCH008,2022-07-02
STU06522,17,Female,12,SCH025,2026-10-22
STU06523,13,Female,8,SCH005,2022-05-15
STU06524,14,Female,9,SCH003,2025-01-26
STU06525,17,Female,12,SCH010,2022-03-14
STU06526,16,Female,9,SCH022,2024-07-17
STU06527,12,Female,7,SCH019,2024-06-24
STU06528,16,Female,10,SCH015,2026-12-23
STU06529,17,Female,10,SCH009,2022-04-09
STU06530,14,Non-binary,9,SCH004,2026-01-15
STU06531,12,Female,7,SCH016,2024-08-17
STU06532,17,Female,12,SCH023,2024-03-01
STU06533,18,Female,11,SCH001,2023-04-11
STU06534,13,Non-binary,8,SCH004,2025-10-19
STU06535,16,Male,11,SCH012,2023-07-21
STU06536,13,Female,7,SCH008,2022-03-27
STU06537,16,Female,11,SCH023,2026-05-09
STU06538,13,Male,7,SCH003,2022-04-28
STU06539,18,Female,12,SCH012,2022-03-01
STU06540,18,Male,11,SCH012,2022-02-05
STU06541,15,Male,8,SCH013,2026-03-12
STU06542,18,Male,11,SCH025,2025-05-15
STU06543,19,Female,12,SCH002,2023-02-10
STU06544,16,Male,10,SCH022,2023-05-18
STU06545,16,Male,10,SCH001,2023-11-27
STU06546,14,Male,8,SCH024,2023-06-07
STU06547,19,Male,12,SCH013,2025-03-04
STU06548,14,Male,8,SCH015,2024-12-08
STU06549,13,Female,8,SCH020,2024-03-23
STU06550,14,Male,9,SCH002,2026-11-11
STU06551,19,Female,12,SCH016,2023-07-27
STU06552,15,Male,10,SCH009,2025-09-28
STU06553,15,Male,10,SCH008,2026-12-01
STU06554,16,Non-binary,9,SCH005,2023-05-19
STU06555,15,Male,9,SCH024,2026-01-19
STU06556,17,Female,11,SCH015,2025-09-05
STU06557,15,Female,10,SCH010,2022-05-25
STU06558,17,Male,12,SCH005,2026-05-26
STU06559,15,Female,9,SCH025,2023-07-05
STU06560,13,Male,8,SCH009,2024-09-17
STU06561,17,Female,11,SCH002,2026-04-15
STU06562,16,Male,9,SCH014,2026-07-21
STU06563,14,Male,8,SCH005,2025-01-01
STU06564,15,Male,9,SCH003,2025-02-15
STU06565,16,Male,10,SCH025,2024-11-07
STU06566,15,Non-binary,10,SCH019,2026-03-08
STU06567,15,Female,9,SCH008,2024-07-21
STU06568,12,Male,7,SCH018,2026-03-13
STU06569,19,Female,12,SCH025,2025-01-20
STU06570,17,Non-binary,11,SCH008,2024-12-01
STU06571,15,Female,8,SCH017,2022-09-18
STU06572,17,Female,12,SCH007,2023-04-28
STU06573,16,Female,11,SCH001,2024-10-21
STU06574,15,Female,8,SCH019,2026-04-13
STU06575,16,Female,10,SCH019,2025-11-18
STU06576,15,Female,9,SCH023,2024-03-17
STU06577,15,Male,9,SCH025,2024-05-09
STU06578,18,Male,11,SCH011,2022-05-05
STU06579,15,Female,10,SCH004,2026-04-13
STU06580,18,Male,12,SCH013,2022-02-22
STU06581,16,Female,10,SCH019,2025-11-17
STU06582,17,Female,12,SCH015,2023-09-06
STU06583,19,Male,12,SCH004,2025-11-13
STU06584,13,Female,8,SCH017,2022-02-12
STU06585,18,Female,11,SCH006,2025-04-26
STU06586,13,Male,8,SCH018,2025-08-26
STU06587,14,Female,9,SCH022,2026-09-22
STU06588,13,Female,8,SCH020,2022-04-06
STU06589,16,Female,9,SCH021,2024-02-07
STU06590,14,Female,9,SCH024,2023-12-05
STU06591,15,Male,8,SCH025,2025-01-02
STU06592,19,Female,12,SCH012,2026-08-10
STU06593,15,Male,9,SCH018,2023-05-09
STU06594,12,Female,7,SCH015,2025-10-26
STU06595,18,Male,11,SCH022,2024-10-01
STU06596,16,Male,9,SCH016,2025-08-09
STU06597,16,Male,11,SCH015,2025-09-25
STU06598,16,Non-binary,9,SCH024,2024-05-11
STU06599,18,Non-binary,11,SCH016,2025-12-24
STU06600,15,Female,9,SCH021,2022-09-05
STU06601,15,Male,8,SCH014,2025-01-04
STU06602,12,Male,7,SCH010,2025-08-16
STU06603,15,Male,9,SCH009,2024-12-22
STU06604,14,Female,8,SCH005,2025-07-24
STU06605,15,Male,9,SCH014,2023-05-16
STU06606,14,Female,8,SCH019,2025-09-10
STU06607,17,Female,12,SCH021,2024-02-02
STU06608,15,Male,8,SCH006,2024-12-04
STU06609,14,Male,9,SCH020,2026-04-02
STU06610,14,Female,8,SCH015,2024-06-25
STU06611,17,Male,11,SCH021,2025-06-07
STU06612,14,Male,9,SCH016,2026-08-15
STU06613,14,Male,8,SCH014,2023-11-07
STU06614,17,Female,11,SCH003,2023-12-08
STU06615,12,Male,7,SCH007,2024-08-20
STU06616,13,Female,8,SCH019,2026-04-26
STU06617,17,Female,10,SCH011,2026-03-28
STU06618,15,Male,9,SCH019,2026-10-07
STU06619,16,Male,10,SCH025,2022-08-11
STU06620,12,Female,7,SCH022,2025-02-02
STU06621,18,Male,12,SCH007,2022-11-07
STU06622,19,Male,12,SCH024,2023-10-06
STU06623,18,Male,11,SCH016,2022-05-28
STU06624,17,Male,11,SCH013,2023-03-05
STU06625,16,Female,11,SCH007,2022-09-18
STU06626,17,Female,12,SCH024,2022-09-26
STU06627,15,Female,8,SCH015,2022-11-13
STU06628,12,Male,7,SCH010,2023-03-26
STU06629,16,Female,9,SCH007,2025-06-08
STU06630,19,Male,12,SCH017,2025-09-17
STU06631,17,Male,12,SCH007,2026-07-11
STU06632,16,Male,11,SCH017,2025-05-23
STU06633,15,Male,10,SCH007,2023-06-12
STU06634,18,Female,12,SCH008,2025-09-17
STU06635,18,Male,12,SCH009,2023-06-11
STU06636,16,Male,11,SCH016,2023-01-23
STU06637,15,Male,10,SCH023,2024-05-27
STU06638,16,Male,11,SCH019,2024-03-28
STU06639,13,Female,8,SCH016,2026-12-03
STU06640,12,Male,7,SCH023,2026-09-18
STU06641,13,Female,8,SCH001,2024-07-22
STU06642,17,Female,12,SCH003,2022-12-28
STU06643,19,Female,12,SCH016,2022-01-10
STU06644,16,Male,9,SCH016,2026-02-24
STU06645,14,Male,9,SCH008,2022-06-18
STU06646,14,Male,8,SCH005,2026-10-02
STU06647,14,Male,9,SCH018,2024-02-28
STU06648,17,Male,10,SCH004,2025-07-14
STU06649,16,Female,9,SCH003,2022-03-02
STU06650,14,Female,7,SCH011,2025-12-28
STU06651,19,Female,12,SCH024,2023-01-13
STU06652,15,Female,9,SCH006,2024-12-01
STU06653,13,Male,8,SCH014,2026-01-20
STU06654,15,Female,9,SCH006,2022-08-14
STU06655,16,Male,9,SCH014,2024-01-04
STU06656,15,Male,10,SCH016,2025-09-04
STU06657,15,Male,8,SCH011,2023-12-22
STU06658,15,Female,9,SCH019,2022-07-23
STU06659,19,Male,12,SCH019,2024-04-22
STU06660,13,Female,8,SCH005,2024-08-14
STU06661,16,Male,9,SCH009,2025-07-20
STU06662,18,Female,12,SCH001,2023-08-01
STU06663,17,Male,11,SCH018,2023-10-06
STU06664,16,Female,9,SCH022,2026-05-06
STU06665,16,Female,9,SCH007,2024-06-20
STU06666,14,Male,9,SCH018,2025-04-14
STU06667,17,Male,10,SCH010,2022-04-24
STU06668,14,Male,9,SCH013,2026-02-21
STU06669,17,Female,12,SCH018,2023-04-20
STU06670,14,Male,9,SCH017,2023-06-03
STU06671,15,Female,10,SCH021,2025-12-11
STU06672,14,Male,8,SCH005,2025-01-19
STU06673,15,Male,9,SCH023,2022-04-25
STU06674,16,Male,11,SCH024,2026-08-09
STU06675,14,Female,9,SCH023,2025-03-26
STU06676,17,Male,11,SCH006,2026-08-14
STU06677,15,Male,8,SCH002,2023-04-04
STU06678,14,Female,8,SCH016,2026-06-22
STU06679,14,Female,8,SCH022,2022-09-05
STU06680,18,Female,12,SCH003,2026-02-03
STU06681,14,Female,9,SCH009,2023-01-09
STU06682,14,Male,9,SCH012,2026-04-03
STU06683,19,Male,12,SCH019,2022-03-08
STU06684,17,Female,10,SCH007,2026-06-03
STU06685,16,Male,10,SCH008,2026-11-05
STU06686,13,Male,8,SCH020,2022-03-18
STU06687,16,Male,10,SCH008,2024-12-14
STU06688,16,Female,10,SCH005,2023-04-09
STU06689,17,Male,11,SCH023,2022-02-05
STU06690,16,Female,11,SCH006,2024-09-20
STU06691,15,Male,8,SCH017,2022-12-14
STU06692,15,Male,8,SCH025,2024-09-23
STU06693,15,Female,8,SCH011,2025-02-15
STU06694,16,Female,11,SCH009,2026-04-01
STU06695,17,Male,12,SCH001,2023-03-27
STU06696,17,Male,10,SCH008,2022-08-06
STU06697,17,Female,12,SCH005,2023-09-04
STU06698,14,Female,9,SCH024,2026-09-21
STU06699,14,Female,8,SCH021,2025-07-27
STU06700,12,Male,7,SCH009,2025-06-25
STU06701,19,Male,12,SCH013,2026-07-20
STU06702,13,Male,7,SCH004,2023-02-12
STU06703,13,Female,7,SCH008,2025-04-18
STU06704,16,Female,10,SCH021,2026-06-07
STU06705,16,Male,11,SCH025,2026-11-05
STU06706,17,Male,10,SCH005,2024-12-28
STU06707,17,Female,10,SCH022,2024-12-23
STU06708,17,Female,11,SCH008,2024-02-13
STU06709,17,Male,11,SCH007,2023-07-10
STU06710,16,Female,9,SCH025,2026-01-18
STU06711,19,Male,12,SCH025,2022-03-04
STU06712,15,Female,10,SCH002,2026-02-01
STU06713,13,Female,8,SCH005,2024-08-05
STU06714,13,Female,8,SCH023,2024-11-24
STU06715,17,Female,11,SCH017,2026-07-09
STU06716,13,Male,7,SCH023,2023-03-14
STU06717,17,Male,10,SCH001,2026-02-28
STU06718,14,Male,9,SCH009,2022-11-10
STU06719,17,Female,11,SCH020,2023-05-26
STU06720,19,Female,12,SCH022,2025-01-20
STU06721,19,Male,12,SCH013,2023-08-14
STU06722,16,Male,9,SCH022,2026-01-05
STU06723,16,Female,9,SCH003,2024-10-23
STU06724,17,Male,12,SCH009,2026-05-03
STU06725,16,Female,10,SCH025,2023-08-20
STU06726,15,Male,10,SCH012,2022-05-26
STU06727,16,Female,10,SCH003,2025-10-25
STU06728,16,Female,10,SCH010,2022-11-03
STU06729,15,Male,9,SCH004,2025-04-01
STU06730,15,Female,10,SCH013,2023-01-07
STU06731,14,Male,9,SCH024,2024-03-19
STU06732,17,Male,11,SCH014,2023-05-01
STU06733,15,Female,9,SCH012,2022-09-01
STU06734,14,Male,7,SCH003,2023-02-01
STU06735,19,Male,12,SCH012,2024-06-25
STU06736,15,Male,9,SCH012,2026-05-26
STU06737,18,Non-binary,12,SCH002,2022-05-23
STU06738,16,Male,9,SCH025,2023-12-16
STU06739,15,Male,8,SCH013,2024-01-28
STU06740,17,Male,11,SCH023,2025-03-03
STU06741,18,Female,11,SCH023,2026-08-22
STU06742,15,Female,8,SCH021,2024-06-14
STU06743,13,Male,8,SCH024,2023-03-22
STU06744,14,Male,9,SCH007,2026-11-14
STU06745,15,Female,10,SCH010,2023-04-28
STU06746,15,Female,10,SCH017,2026-07-10
STU06747,16,Male,11,SCH006,2026-11-06
STU06748,18,Male,12,SCH011,2024-05-25
STU06749,15,Male,9,SCH015,2025-12-02
STU06750,15,Female,10,SCH021,2025-10-24
STU06751,17,Male,10,SCH017,2024-06-21
STU06752,14,Male,8,SCH025,2023-03-27
STU06753,18,Male,11,SCH013,2026-07-10
STU06754,12,Male,7,SCH010,2023-01-07
STU06755,18,Female,12,SCH015,2024-09-16
STU06756,14,Female,8,SCH002,2024-05-01
STU06757,17,Female,10,SCH016,2025-07-15
STU06758,13,Male,8,SCH007,2025-08-18
STU06759,16,Male,10,SCH024,2023-12-24
STU06760,14,Female,8,SCH025,2022-11-11
STU06761,15,Male,9,SCH006,2026-12-16
STU06762,18,Female,11,SCH018,2023-10-09
STU06763,15,Male,9,SCH004,2023-03-19
STU06764,12,Female,7,SCH023,2024-05-21
STU06765,17,Female,11,SCH020,2024-11-05
STU06766,18,Female,12,SCH010,2022-07-13
STU06767,17,Male,12,SCH019,2025-02-23
STU06768,18,Female,12,SCH013,2025-09-25
STU06769,16,Male,9,SCH006,2025-05-22
STU06770,19,Male,12,SCH006,2023-05-03
STU06771,17,Female,11,SCH012,2023-02-07
STU06772,18,Male,12,SCH025,2026-09-16
STU06773,15,Male,9,SCH021,2024-03-18
STU06774,15,Male,8,SCH019,2025-10-03
STU06775,19,Female,12,SCH008,2023-08-26
STU06776,15,Female,9,SCH002,2024-10-13
STU06777,15,Female,10,SCH007,2024-12-23
STU06778,17,Male,11,SCH014,2022-07-01
STU06779,14,Male,8,SCH010,2024-09-12
STU06780,17,Female,12,SCH017,2026-03-15
STU06781,16,Female,10,SCH015,2024-06-03
STU06782,17,Female,12,SCH014,2025-05-02
STU06783,18,Male,11,SCH004,2023-09-23
STU06784,14,Female,7,SCH010,2024-08-26
STU06785,16,Female,11,SCH022,2022-01-18
STU06786,14,Female,9,SCH023,2022-05-23
STU06787,13,Female,7,SCH024,2024-04-15
STU06788,12,Male,7,SCH025,2024-04-06
STU06789,16,Male,11,SCH020,2023-04-02
STU06790,15,Male,9,SCH013,2024-03-19
STU06791,13,Female,8,SCH018,2025-05-12
STU06792,18,Female,12,SCH011,2023-01-11
STU06793,17,Female,12,SCH024,2026-02-09
STU06794,18,Female,11,SCH019,2022-07-17
STU06795,13,Male,7,SCH023,2026-07-28
STU06796,17,Female,11,SCH019,2024-08-12
STU06797,17,Female,11,SCH003,2026-03-09
STU06798,18,Male,12,SCH021,2025-08-10
STU06799,14,Male,9,SCH014,2024-08-28
STU06800,16,Female,9,SCH006,2023-04-06
STU06801,16,Female,9,SCH020,2025-03-19
STU06802,16,Female,9,SCH021,2024-04-16
STU06803,18,Male,12,SCH013,2022-01-07
STU06804,18,Female,11,SCH023,2023-07-11
STU06805,12,Male,7,SCH016,2024-02-07
STU06806,16,Female,10,SCH024,2026-03-17
STU06807,18,Male,11,SCH010,2025-08-14
STU06808,14,Male,9,SCH013,2022-01-15
STU06809,13,Female,7,SCH009,2022-02-24
STU06810,14,Female,8,SCH020,2024-12-07
STU06811,15,Female,9,SCH012,2024-03-02
STU06812,15,Male,10,SCH023,2026-03-06
STU06813,14,Female,9,SCH024,2022-05-25
STU06814,18,Male,12,SCH021,2026-01-06
STU06815,15,Female,10,SCH010,2023-09-03
STU06816,18,Male,12,SCH001,2023-07-27
STU06817,17,Male,12,SCH003,2023-10-19
STU06818,14,Male,8,SCH015,2022-07-16
STU06819,16,Male,9,SCH025,2026-01-14
STU06820,14,Male,8,SCH017,2024-03-13
STU06821,14,Male,7,SCH009,2024-10-06
STU06822,17,Male,12,SCH021,2024-07-02
STU06823,14,Female,8,SCH007,2022-03-15
STU06824,14,Male,8,SCH002,2024-01-14
STU06825,17,Female,12,SCH014,2025-08-09
STU06826,14,Female,8,SCH018,2024-09-05
STU06827,16,Female,10,SCH002,2023-06-20
STU06828,14,Male,9,SCH010,2023-02-01
STU06829,12,Male,7,SCH017,2022-08-03
STU06830,14,Female,7,SCH009,2022-09-28
STU06831,18,Male,12,SCH014,2022-08-01
STU06832,15,Female,10,SCH013,2026-03-27
STU06833,18,Male,11,SCH015,2022-06-04
STU06834,15,Female,9,SCH011,2025-03-08
STU06835,16,Female,10,SCH015,2024-02-11
STU06836,19,Male,12,SCH013,2022-09-01
STU06837,12,Female,7,SCH012,2022-02-09
STU06838,15,Female,8,SCH011,2026-12-14
STU06839,16,Female,11,SCH014,2026-12-11
STU06840,13,Female,7,SCH013,2022-04-09
STU06841,15,Female,8,SCH009,2025-03-28
STU06842,13,Female,8,SCH025,2025-12-11
STU06843,15,Male,9,SCH002,2025-02-01
STU06844,16,Male,10,SCH005,2022-01-07
STU06845,17,Male,11,SCH025,2024-12-07
STU06846,15,Female,10,SCH015,2026-08-21
STU06847,16,Male,10,SCH011,2025-12-16
STU06848,17,Male,11,SCH024,2024-01-02
STU06849,18,Male,12,SCH014,2022-07-21
STU06850,17,Female,11,SCH023,2022-06-13
STU06851,17,Female,11,SCH019,2026-02-18
STU06852,18,Female,11,SCH010,2024-08-21
STU06853,16,Non-binary,10,SCH001,2022-03-28
STU06854,14,Female,8,SCH017,2024-05-18
STU06855,16,Male,10,SCH021,2025-09-23
STU06856,16,Male,9,SCH005,2022-02-27
STU06857,17,Male,12,SCH003,2025-12-25
STU06858,13,Female,8,SCH008,2025-03-08
STU06859,16,Female,11,SCH025,2024-04-06
STU06860,18,Female,11,SCH024,2023-08-18
STU06861,15,Female,10,SCH009,2024-04-10
STU06862,15,Male,10,SCH011,2025-09-05
STU06863,14,Male,9,SCH016,2026-07-24
STU06864,16,Female,11,SCH014,2022-09-20
STU06865,15,Male,10,SCH001,2023-09-12
STU06866,16,Male,11,SCH022,2026-04-13
STU06867,19,Male,12,SCH014,2022-09-14
STU06868,18,Female,11,SCH009,2022-05-18
STU06869,15,Male,9,SCH003,2025-02-02
STU06870,15,Male,8,SCH021,2022-06-24
STU06871,19,Female,12,SCH016,2023-03-01
STU06872,19,Female,12,SCH013,2023-08-18
STU06873,18,Female,11,SCH011,2026-02-22
STU06874,15,Female,10,SCH012,2023-05-16
STU06875,17,Female,12,SCH002,2022-08-03
STU06876,18,Female,12,SCH007,2025-06-12
STU06877,13,Female,8,SCH022,2022-05-18
STU06878,19,Non-binary,12,SCH004,2022-05-26
STU06879,13,Female,8,SCH009,2026-07-25
STU06880,16,Male,9,SCH001,2023-09-04
STU06881,13,Female,8,SCH003,2025-11-13
STU06882,16,Female,10,SCH004,2022-08-08
STU06883,17,Male,10,SCH007,2026-10-14
STU06884,14,Male,8,SCH010,2025-10-01
STU06885,17,Male,10,SCH001,2026-11-27
STU06886,18,Male,12,SCH014,2023-01-27
STU06887,15,Male,8,SCH024,2022-10-07
STU06888,17,Female,11,SCH007,2022-08-11
STU06889,14,Male,7,SCH011,2026-10-19
STU06890,17,Male,10,SCH007,2023-06-25
STU06891,17,Female,10,SCH009,2024-10-15
STU06892,14,Male,8,SCH018,2026-10-11
STU06893,15,Male,10,SCH019,2026-08-19
STU06894,14,Male,8,SCH001,2026-09-16
STU06895,18,Female,12,SCH018,2022-08-21
STU06896,15,Female,9,SCH015,2024-04-11
STU06897,15,Male,8,SCH016,2024-10-18
STU06898,15,Female,10,SCH024,2023-05-16
STU06899,15,Female,8,SCH011,2022-03-04
STU06900,12,Female,7,SCH002,2025-02-14
STU06901,16,Male,11,SCH013,2022-12-13
STU06902,17,Male,12,SCH002,2024-11-25
STU06903,17,Male,11,SCH012,2023-02-16
STU06904,16,Female,9,SCH004,2025-04-16
STU06905,14,Female,9,SCH012,2026-09-19
STU06906,16,Male,10,SCH003,2023-06-06
STU06907,18,Female,12,SCH013,2022-10-23
STU06908,14,Female,9,SCH008,2022-01-03
STU06909,16,Female,11,SCH002,2025-02-16
STU06910,15,Female,10,SCH012,2026-09-12
STU06911,17,Female,10,SCH010,2022-02-13
STU06912,17,Male,11,SCH019,2026-11-08
STU06913,18,Female,12,SCH007,2023-03-26
STU06914,18,Female,11,SCH023,2024-10-09
STU06915,16,Female,9,SCH020,2025-09-07
STU06916,17,Male,10,SCH014,2024-08-17
STU06917,17,Male,11,SCH006,2025-09-06
STU06918,15,Male,9,SCH024,2024-02-20
STU06919,15,Male,10,SCH015,2023-07-07
STU06920,18,Male,12,SCH007,2024-04-07
STU06921,14,Female,9,SCH021,2024-12-28
STU06922,16,Male,10,SCH016,2024-09-13
STU06923,16,Male,11,SCH010,2024-11-27
STU06924,15,Male,9,SCH015,2023-05-26
STU06925,17,Female,11,SCH001,2024-11-27
STU06926,14,Male,8,SCH017,2022-10-06
STU06927,13,Male,8,SCH014,2023-10-18
STU06928,18,Female,11,SCH006,2024-12-27
STU06929,16,Female,11,SCH003,2023-08-11
STU06930,14,Male,8,SCH001,2026-04-09
STU06931,18,Male,12,SCH003,2022-12-16
STU06932,18,Non-binary,11,SCH024,2026-03-05
STU06933,18,Male,11,SCH023,2025-04-14
STU06934,13,Male,8,SCH009,2023-06-07
STU06935,16,Female,11,SCH024,2026-03-12
STU06936,19,Male,12,SCH019,2024-02-03
STU06937,15,Female,10,SCH005,2022-04-16
STU06938,18,Male,12,SCH019,2023-02-25
STU06939,16,Male,9,SCH002,2022-05-22
STU06940,16,Male,9,SCH005,2022-02-12
STU06941,13,Female,7,SCH016,2023-07-14
STU06942,18,Male,11,SCH011,2025-10-14
STU06943,14,Male,9,SCH011,2025-10-15
STU06944,16,Male,11,SCH003,2025-11-09
STU06945,18,Male,11,SCH003,2025-09-16
STU06946,16,Female,9,SCH008,2024-12-11
STU06947,15,Female,10,SCH008,2024-09-19
STU06948,19,Male,12,SCH009,2024-02-01
STU06949,17,Male,10,SCH019,2022-10-06
STU06950,12,Male,7,SCH009,2022-03-20
STU06951,13,Female,8,SCH003,2026-08-27
STU06952,15,Male,9,SCH007,2022-01-13
STU06953,13,Male,7,SCH001,2023-10-13
STU06954,12,Female,7,SCH020,2024-07-05
STU06955,14,Non-binary,7,SCH010,2024-08-02
STU06956,17,Female,10,SCH023,2026-09-12
STU06957,17,Female,11,SCH021,2023-11-02
STU06958,16,Female,9,SCH024,2026-04-27
STU06959,15,Male,9,SCH009,2025-08-20
STU06960,14,Female,7,SCH003,2022-10-06
STU06961,15,Male,9,SCH009,2023-03-12
STU06962,16,Female,9,SCH002,2026-02-17
STU06963,19,Male,12,SCH007,2023-07-27
STU06964,14,Male,8,SCH019,2025-04-03
STU06965,17,Male,11,SCH021,2025-04-23
STU06966,17,Female,12,SCH003,2025-08-17
STU06967,13,Female,7,SCH021,2022-06-17
STU06968,16,Male,11,SCH013,2024-12-13
STU06969,17,Male,10,SCH023,2026-05-18
STU06970,15,Female,9,SCH023,2025-06-15
STU06971,14,Female,8,SCH009,2025-07-28
STU06972,15,Female,9,SCH012,2026-07-11
STU06973,14,Female,8,SCH008,2023-08-03
STU06974,13,Male,7,SCH012,2022-03-12
STU06975,18,Male,12,SCH011,2022-05-28
STU06976,14,Male,9,SCH022,2026-04-18
STU06977,17,Male,10,SCH016,2022-08-16
STU06978,15,Male,8,SCH005,2022-03-25
STU06979,15,Female,10,SCH008,2022-05-04
STU06980,18,Female,11,SCH025,2026-12-18
STU06981,17,Male,10,SCH014,2023-06-15
STU06982,16,Female,11,SCH023,2023-03-22
STU06983,16,Male,9,SCH006,2023-09-17
STU06984,14,Female,8,SCH015,2023-11-09
STU06985,12,Male,7,SCH002,2024-09-01
STU06986,16,Female,11,SCH024,2026-06-14
STU06987,16,Female,9,SCH007,2026-04-14
STU06988,17,Male,10,SCH007,2025-03-04
STU06989,14,Female,7,SCH004,2023-09-26
STU06990,14,Female,7,SCH020,2025-12-06
STU06991,15,Male,10,SCH023,2025-03-12
STU06992,18,Male,11,SCH020,2022-05-09
STU06993,15,Female,10,SCH002,2024-06-23
STU06994,19,Female,12,SCH020,2025-02-18
STU06995,19,Male,12,SCH012,2024-02-20
STU06996,16,Male,10,SCH019,2024-01-24
STU06997,12,Male,7,SCH019,2022-03-26
STU06998,15,Female,10,SCH018,2026-02-24
STU06999,13,Male,8,SCH024,2025-08-05
STU07000,16,Male,11,SCH022,2023-07-08
STU07001,16,Female,9,SCH015,2024-08-28
STU07002,15,Male,10,SCH016,2026-11-14
STU07003,18,Male,11,SCH022,2026-11-12
STU07004,16,Male,9,SCH012,2022-01-24
STU07005,16,Female,9,SCH014,2023-09-02
STU07006,14,Female,9,SCH007,2022-07-18
STU07007,16,Male,10,SCH024,2025-07-15
STU07008,15,Female,10,SCH023,2025-04-26
STU07009,17,Male,10,SCH024,2023-09-26
STU07010,17,Female,12,SCH002,2026-09-21
STU07011,17,Male,10,SCH010,2024-05-25
STU07012,14,Male,7,SCH024,2023-02-23
STU07013,15,Male,8,SCH025,2022-11-12
STU07014,19,Female,12,SCH023,2024-01-04
STU07015,13,Male,7,SCH004,2026-05-24
STU07016,17,Male,10,SCH016,2022-04-05
STU07017,15,Female,9,SCH004,2025-05-10
STU07018,17,Female,10,SCH003,2026-06-07
STU07019,17,Male,10,SCH002,2024-05-26
STU07020,14,Male,9,SCH023,2025-01-04
STU07021,17,Male,11,SCH009,2022-03-24
STU07022,16,Male,9,SCH005,2026-07-17
STU07023,16,Male,9,SCH020,2024-01-19
STU07024,15,Male,10,SCH019,2026-04-06
STU07025,18,Female,11,SCH015,2025-10-15
STU07026,16,Female,9,SCH007,2025-03-27
STU07027,17,Male,11,SCH009,2022-12-14
STU07028,13,Female,7,SCH019,2025-07-16
STU07029,17,Male,10,SCH012,2024-10-18
STU07030,18,Female,12,SCH024,2022-11-26
STU07031,16,Male,10,SCH024,2024-12-17
STU07032,16,Female,10,SCH015,2023-11-16
STU07033,17,Male,10,SCH011,2026-06-12
STU07034,15,Female,10,SCH008,2023-06-15
STU07035,19,Female,12,SCH007,2022-11-09
STU07036,16,Female,11,SCH025,2025-12-12
STU07037,19,Male,12,SCH007,2023-02-06
STU07038,17,Male,10,SCH018,2022-11-24
STU07039,12,Female,7,SCH018,2023-06-24
STU07040,12,Female,7,SCH014,2023-12-08
STU07041,18,Male,12,SCH011,2024-07-15
STU07042,13,Male,7,SCH025,2022-04-08
STU07043,18,Female,12,SCH005,2026-03-03
STU07044,15,Male,10,SCH023,2022-01-01
STU07045,17,Male,10,SCH021,2025-07-27
STU07046,17,Female,12,SCH004,2023-11-28
STU07047,17,Female,10,SCH013,2025-06-26
STU07048,15,Male,10,SCH024,2023-11-20
STU07049,15,Male,9,SCH004,2026-12-16
STU07050,17,Female,12,SCH022,2024-03-08
STU07051,16,Male,9,SCH021,2023-08-03
STU07052,15,Female,9,SCH024,2025-08-07
STU07053,14,Male,8,SCH007,2026-11-06
STU07054,19,Male,12,SCH001,2023-04-24
STU07055,16,Male,9,SCH014,2025-01-03
STU07056,15,Male,9,SCH011,2024-12-10
STU07057,17,Female,11,SCH022,2022-08-23
STU07058,19,Male,12,SCH006,2026-09-24
STU07059,18,Male,12,SCH013,2024-02-01
STU07060,14,Female,9,SCH016,2025-07-14
STU07061,12,Male,7,SCH025,2025-07-27
STU07062,19,Male,12,SCH021,2023-03-22
STU07063,12,Male,7,SCH020,2025-06-22
STU07064,16,Female,9,SCH018,2024-01-23
STU07065,12,Male,7,SCH004,2025-11-18
STU07066,16,Female,10,SCH014,2022-12-18
STU07067,17,Female,10,SCH002,2022-05-04
STU07068,18,Female,12,SCH013,2023-06-12
STU07069,17,Female,11,SCH018,2022-03-22
STU07070,14,Female,7,SCH007,2026-08-10
STU07071,14,Male,9,SCH008,2024-04-25
STU07072,15,Female,9,SCH001,2025-11-26
STU07073,16,Female,10,SCH018,2025-02-15
STU07074,14,Male,7,SCH010,2026-04-05
STU07075,14,Male,8,SCH019,2024-09-07
STU07076,19,Male,12,SCH012,2024-09-18
STU07077,19,Female,12,SCH020,2024-08-18
STU07078,12,Male,7,SCH017,2024-07-15
STU07079,12,Male,7,SCH012,2025-02-12
STU07080,19,Female,12,SCH012,2026-03-01
STU07081,15,Female,10,SCH009,2022-09-23
STU07082,16,Male,10,SCH020,2023-11-17
STU07083,15,Female,9,SCH024,2024-07-21
STU07084,18,Female,12,SCH006,2022-07-28
STU07085,18,Female,12,SCH018,2022-04-04
STU07086,14,Female,8,SCH019,2023-07-16
STU07087,18,Female,12,SCH012,2022-03-18
STU07088,17,Male,10,SCH012,2024-08-14
STU07089,16,Male,11,SCH004,2025-12-13
STU07090,18,Female,11,SCH021,2026-11-06
STU07091,16,Male,10,SCH010,2023-02-16
STU07092,14,Female,9,SCH009,2025-12-20
STU07093,17,Female,12,SCH024,2024-02-02
STU07094,12,Male,7,SCH024,2024-09-19
STU07095,15,Male,9,SCH016,2022-02-13
STU07096,19,Female,12,SCH016,2022-05-16
STU07097,17,Male,11,SCH022,2026-09-06
STU07098,17,Female,11,SCH016,2024-06-14
STU07099,16,Female,11,SCH009,2022-12-15
STU07100,18,Female,12,SCH003,2022-10-16
STU07101,16,Male,10,SCH017,2026-12-02
STU07102,18,Male,12,SCH011,2024-06-20
STU07103,16,Male,10,SCH006,2025-06-08
STU07104,17,Non-binary,10,SCH020,2022-01-01
STU07105,15,Female,10,SCH015,2022-05-22
STU07106,17,Male,12,SCH014,2022-04-08
STU07107,14,Female,9,SCH013,2025-08-23
STU07108,15,Male,8,SCH010,2026-11-15
STU07109,17,Female,12,SCH001,2026-07-10
STU07110,14,Male,9,SCH021,2025-12-01
STU07111,17,Female,12,SCH025,2022-03-28
STU07112,16,Female,11,SCH022,2026-03-09
STU07113,17,Male,10,SCH014,2025-03-22
STU07114,14,Male,7,SCH025,2026-04-25
STU07115,19,Male,12,SCH022,2024-12-19
STU07116,17,Male,11,SCH003,2026-11-23
STU07117,18,Female,11,SCH013,2024-04-06
STU07118,17,Female,11,SCH003,2022-07-11
STU07119,19,Male,12,SCH012,2022-01-05
STU07120,19,Male,12,SCH006,2024-12-03
STU07121,19,Male,12,SCH018,2024-12-04
STU07122,15,Male,10,SCH003,2022-03-15
STU07123,17,Female,12,SCH012,2026-02-09
STU07124,18,Female,11,SCH006,2023-01-23
STU07125,16,Female,11,SCH012,2026-04-02
STU07126,15,Female,10,SCH006,2023-03-02
STU07127,18,Female,11,SCH015,2023-02-09
STU07128,17,Female,11,SCH014,2023-08-28
STU07129,17,Male,10,SCH015,2022-09-25
STU07130,17,Male,10,SCH005,2023-06-05
STU07131,16,Male,11,SCH009,2022-03-13
STU07132,12,Male,7,SCH003,2023-06-10
STU07133,18,Male,12,SCH013,2025-01-14
STU07134,16,Male,9,SCH015,2022-10-12
STU07135,17,Male,12,SCH025,2022-09-08
STU07136,16,Male,11,SCH009,2023-07-11
STU07137,16,Female,10,SCH025,2024-12-15
STU07138,17,Male,11,SCH009,2022-10-02
STU07139,15,Male,8,SCH011,2022-02-04
STU07140,13,Male,8,SCH007,2023-03-04
STU07141,13,Female,7,SCH017,2022-07-09
STU07142,14,Male,7,SCH024,2024-08-04
STU07143,17,Male,10,SCH012,2024-08-19
STU07144,18,Male,12,SCH024,2022-02-12
STU07145,14,Male,8,SCH021,2024-05-07
STU07146,19,Male,12,SCH014,2024-06-16
STU07147,16,Male,9,SCH017,2026-08-11
STU07148,15,Male,10,SCH008,2022-02-08
STU07149,14,Male,9,SCH009,2024-10-11
STU07150,16,Male,9,SCH022,2022-06-19
STU07151,16,Female,11,SCH025,2025-06-26
STU07152,17,Male,12,SCH023,2026-06-19
STU07153,14,Female,8,SCH025,2024-08-19
STU07154,16,Male,11,SCH010,2025-10-02
STU07155,15,Male,10,SCH015,2025-09-16
STU07156,15,Female,9,SCH008,2025-01-22
STU07157,12,Male,7,SCH021,2024-12-17
STU07158,14,Male,7,SCH012,2026-10-19
STU07159,15,Male,10,SCH005,2026-01-05
STU07160,14,Female,8,SCH008,2026-06-12
STU07161,14,Male,7,SCH014,2022-03-17
STU07162,14,Male,7,SCH018,2026-03-04
STU07163,16,Male,11,SCH024,2023-05-24
STU07164,18,Male,12,SCH016,2025-08-22
STU07165,16,Male,10,SCH007,2025-02-09
STU07166,16,Male,10,SCH019,2024-02-11
STU07167,16,Female,10,SCH016,2022-02-09
STU07168,13,Female,7,SCH016,2022-04-27
STU07169,16,Female,10,SCH025,2024-05-15
STU07170,18,Female,12,SCH014,2024-03-17
STU07171,14,Female,7,SCH017,2022-05-05
STU07172,19,Male,12,SCH022,2025-02-17
STU07173,17,Male,10,SCH014,2026-10-01
STU07174,13,Female,8,SCH012,2022-01-11
STU07175,17,Male,11,SCH020,2024-11-08
STU07176,19,Female,12,SCH010,2023-07-15
STU07177,17,Male,10,SCH014,2022-02-03
STU07178,12,Male,7,SCH013,2026-06-05
STU07179,19,Male,12,SCH022,2026-05-04
STU07180,15,Female,9,SCH022,2023-01-14
STU07181,16,Female,11,SCH013,2026-08-03
STU07182,16,Male,10,SCH016,2022-02-27
STU07183,15,Female,9,SCH013,2023-10-08
STU07184,15,Male,10,SCH014,2025-04-17
STU07185,14,Male,9,SCH012,2023-03-09
STU07186,18,Female,11,SCH020,2023-05-12
STU07187,15,Male,10,SCH003,2022-01-18
STU07188,13,Female,8,SCH021,2025-07-14
STU07189,17,Male,12,SCH016,2024-05-12
STU07190,17,Male,12,SCH014,2024-12-21
STU07191,16,Male,10,SCH023,2026-05-01
STU07192,17,Female,12,SCH003,2024-06-28
STU07193,15,Male,10,SCH020,2022-11-04
STU07194,13,Male,8,SCH003,2022-08-25
STU07195,17,Female,11,SCH022,2023-06-25
STU07196,17,Female,10,SCH023,2024-08-02
STU07197,14,Male,9,SCH015,2026-03-06
STU07198,13,Female,8,SCH024,2024-11-20
STU07199,13,Male,8,SCH019,2026-10-14
STU07200,18,Male,11,SCH005,2022-09-16
STU07201,17,Male,11,SCH009,2024-02-03
STU07202,16,Female,11,SCH009,2026-07-25
STU07203,15,Female,8,SCH020,2026-05-22
STU07204,15,Female,9,SCH012,2025-12-26
STU07205,17,Female,11,SCH002,2022-10-20
STU07206,14,Female,8,SCH006,2025-06-16
STU07207,16,Female,11,SCH005,2024-01-07
STU07208,14,Female,9,SCH007,2026-02-17
STU07209,15,Male,9,SCH007,2023-03-12
STU07210,13,Female,7,SCH010,2023-02-20
STU07211,13,Male,7,SCH009,2026-09-22
STU07212,15,Male,9,SCH014,2025-01-16
STU07213,15,Female,10,SCH009,2024-09-09
STU07214,16,Female,10,SCH004,2023-04-24
STU07215,19,Female,12,SCH008,2026-04-17
STU07216,14,Male,8,SCH020,2025-06-24
STU07217,16,Male,11,SCH013,2024-05-16
STU07218,16,Female,10,SCH018,2025-06-15
STU07219,14,Female,9,SCH009,2022-05-21
STU07220,18,Female,12,SCH003,2022-01-01
STU07221,16,Female,11,SCH005,2022-03-17
STU07222,17,Male,12,SCH018,2025-06-25
STU07223,19,Female,12,SCH017,2023-04-15
STU07224,17,Female,11,SCH020,2025-03-23
STU07225,18,Male,11,SCH006,2022-03-18
STU07226,15,Male,10,SCH001,2024-07-27
STU07227,12,Male,7,SCH023,2023-06-13
STU07228,13,Female,8,SCH005,2022-08-16
STU07229,14,Female,9,SCH005,2023-07-13
STU07230,17,Male,12,SCH012,2024-04-01
STU07231,16,Female,9,SCH017,2024-02-23
STU07232,16,Male,9,SCH001,2025-10-20
STU07233,15,Female,8,SCH008,2025-10-24
STU07234,14,Female,9,SCH025,2026-09-23
STU07235,16,Male,11,SCH018,2026-12-17
STU07236,16,Non-binary,11,SCH001,2022-11-22
STU07237,17,Male,11,SCH001,2024-09-02
STU07238,17,Male,10,SCH018,2024-02-21
STU07239,14,Female,9,SCH022,2025-09-28
STU07240,14,Female,7,SCH021,2022-06-27
STU07241,15,Female,10,SCH008,2023-01-23
STU07242,13,Male,7,SCH013,2025-05-28
STU07243,13,Male,7,SCH005,2023-06-25
STU07244,12,Male,7,SCH010,2025-12-16
STU07245,18,Male,12,SCH012,2026-10-06
STU07246,14,Male,7,SCH010,2023-07-07
STU07247,15,Female,9,SCH023,2022-09-27
STU07248,17,Male,12,SCH008,2026-08-03
STU07249,18,Female,11,SCH017,2022-09-11
STU07250,14,Female,8,SCH020,2022-08-05
STU07251,19,Female,12,SCH021,2022-09-24
STU07252,13,Male,8,SCH003,2023-06-28
STU07253,13,Female,7,SCH001,2024-05-08
STU07254,18,Male,12,SCH025,2023-03-01
STU07255,16,Female,9,SCH005,2024-01-28
STU07256,15,Female,10,SCH006,2022-08-05
STU07257,12,Female,7,SCH008,2024-03-19
STU07258,15,Female,10,SCH006,2023-06-12
STU07259,13,Female,7,SCH012,2023-11-26
STU07260,17,Male,11,SCH017,2025-02-07
STU07261,19,Male,12,SCH008,2023-09-05
STU07262,17,Female,11,SCH010,2023-06-13
STU07263,15,Female,10,SCH011,2026-09-22
STU07264,17,Male,10,SCH008,2023-04-23
STU07265,14,Female,9,SCH024,2023-02-26
STU07266,16,Male,11,SCH010,2026-01-06
STU07267,19,Female,12,SCH007,2025-11-18
STU07268,15,Male,8,SCH013,2023-09-20
STU07269,18,Male,12,SCH012,2026-10-15
STU07270,17,Male,10,SCH011,2026-08-01
STU07271,15,Non-binary,9,SCH011,2022-07-04
STU07272,12,Male,7,SCH024,2026-02-26
STU07273,15,Female,10,SCH015,2025-03-23
STU07274,14,Male,8,SCH011,2024-05-27
STU07275,15,Male,9,SCH006,2026-02-28
STU07276,14,Female,7,SCH019,2025-10-16
STU07277,13,Female,7,SCH021,2025-12-08
STU07278,14,Female,8,SCH002,2026-02-03
STU07279,17,Male,10,SCH022,2023-01-14
STU07280,18,Male,12,SCH014,2022-09-07
STU07281,15,Female,10,SCH021,2024-08-25
STU07282,16,Female,9,SCH014,2026-05-15
STU07283,12,Male,7,SCH014,2022-05-25
STU07284,13,Female,8,SCH010,2025-10-01
STU07285,16,Female,9,SCH011,2023-06-24
STU07286,15,Male,9,SCH006,2024-07-04
STU07287,19,Male,12,SCH017,2025-05-21
STU07288,14,Male,7,SCH022,2026-04-01
STU07289,17,Male,10,SCH003,2025-08-05
STU07290,14,Female,9,SCH001,2022-10-05
STU07291,14,Male,8,SCH004,2025-01-01
STU07292,15,Female,10,SCH008,2025-06-18
STU07293,15,Female,10,SCH024,2026-04-16
STU07294,19,Female,12,SCH007,2022-09-21
STU07295,19,Male,12,SCH021,2026-06-04
STU07296,16,Male,9,SCH016,2024-05-22
STU07297,12,Male,7,SCH014,2026-09-22
STU07298,15,Male,10,SCH019,2022-10-23
STU07299,17,Female,12,SCH018,2025-08-21
STU07300,14,Female,8,SCH021,2023-10-12
STU07301,14,Male,9,SCH023,2025-09-01
STU07302,15,Male,10,SCH007,2025-03-25
STU07303,19,Female,12,SCH002,2023-01-11
STU07304,18,Male,11,SCH007,2026-02-11
STU07305,15,Female,9,SCH019,2024-08-21
STU07306,14,Female,8,SCH007,2024-08-24
STU07307,14,Male,8,SCH003,2023-01-15
STU07308,14,Female,9,SCH020,2025-05-28
STU07309,16,Female,10,SCH012,2022-06-19
STU07310,14,Male,8,SCH009,2023-04-25
STU07311,18,Female,11,SCH025,2024-01-03
STU07312,17,Non-binary,12,SCH014,2022-07-17
STU07313,14,Male,8,SCH004,2024-09-04
STU07314,14,Male,8,SCH012,2023-01-17
STU07315,14,Male,9,SCH006,2022-01-25
STU07316,18,Female,11,SCH009,2022-05-12
STU07317,15,Male,8,SCH017,2026-11-06
STU07318,12,Female,7,SCH024,2026-09-12
STU07319,16,Male,9,SCH002,2024-03-08
STU07320,15,Male,8,SCH021,2024-04-23
STU07321,16,Male,10,SCH008,2023-10-25
STU07322,15,Male,10,SCH006,2023-04-06
STU07323,17,Male,10,SCH013,2022-03-28
STU07324,15,Female,9,SCH021,2026-02-19
STU07325,15,Male,8,SCH011,2023-06-02
STU07326,14,Female,8,SCH011,2023-11-21
STU07327,17,Female,12,SCH013,2026-02-20
STU07328,15,Female,10,SCH025,2024-04-22
STU07329,16,Female,11,SCH022,2024-08-27
STU07330,16,Male,11,SCH008,2022-07-13
STU07331,15,Female,8,SCH015,2022-06-27
STU07332,16,Female,11,SCH024,2024-01-20
STU07333,15,Male,9,SCH019,2026-08-01
STU07334,16,Male,11,SCH025,2025-02-11
STU07335,16,Male,10,SCH011,2026-11-12
STU07336,13,Male,7,SCH008,2024-07-10
STU07337,19,Male,12,SCH006,2023-03-28
STU07338,17,Female,12,SCH009,2024-12-19
STU07339,18,Male,11,SCH022,2023-04-24
STU07340,17,Male,12,SCH008,2024-08-21
STU07341,16,Female,10,SCH024,2026-09-23
STU07342,13,Female,7,SCH002,2023-01-09
STU07343,12,Female,7,SCH010,2026-01-21
STU07344,14,Male,9,SCH023,2025-08-24
STU07345,19,Male,12,SCH017,2025-01-06
STU07346,13,Female,7,SCH002,2025-02-09
STU07347,18,Female,12,SCH024,2026-06-12
STU07348,16,Non-binary,11,SCH006,2022-06-21
STU07349,16,Female,9,SCH010,2024-01-24
STU07350,16,Male,10,SCH020,2023-12-23
STU07351,14,Female,7,SCH021,2025-10-27
STU07352,14,Female,9,SCH011,2024-10-18
STU07353,15,Male,9,SCH025,2025-04-06
STU07354,15,Male,10,SCH022,2022-04-22
STU07355,18,Male,12,SCH025,2025-05-23
STU07356,13,Male,8,SCH025,2022-11-01
STU07357,18,Female,12,SCH023,2026-04-25
STU07358,12,Male,7,SCH020,2023-03-20
STU07359,16,Female,9,SCH015,2024-07-01
STU07360,16,Male,9,SCH014,2022-06-05
STU07361,16,Female,10,SCH017,2023-01-07
STU07362,16,Female,9,SCH019,2024-02-10
STU07363,12,Female,7,SCH002,2022-06-22
STU07364,14,Male,8,SCH008,2023-04-28
STU07365,14,Female,9,SCH005,2023-10-20
STU07366,19,Male,12,SCH025,2023-03-04
STU07367,17,Female,10,SCH013,2026-09-05
STU07368,15,Female,10,SCH018,2022-02-16
STU07369,18,Female,11,SCH016,2024-07-09
STU07370,16,Male,11,SCH004,2022-05-07
STU07371,17,Male,10,SCH005,2025-01-05
STU07372,13,Female,7,SCH019,2024-08-11
STU07373,16,Male,11,SCH008,2022-08-21
STU07374,12,Female,7,SCH009,2022-04-22
STU07375,14,Male,7,SCH004,2023-05-20
STU07376,18,Female,12,SCH007,2023-11-08
STU07377,13,Female,8,SCH021,2022-10-23
STU07378,15,Female,8,SCH006,2023-01-02
STU07379,18,Female,11,SCH019,2025-01-12
STU07380,17,Male,12,SCH024,2025-06-16
STU07381,15,Female,9,SCH004,2022-12-12
STU07382,16,Female,10,SCH005,2024-06-28
STU07383,14,Female,7,SCH014,2022-01-02
STU07384,14,Female,9,SCH008,2024-10-18
STU07385,16,Female,11,SCH020,2024-07-12
STU07386,16,Male,10,SCH021,2022-01-03
STU07387,12,Male,7,SCH012,2023-12-10
STU07388,12,Male,7,SCH019,2022-12-13
STU07389,12,Female,7,SCH012,2026-09-05
STU07390,15,Male,10,SCH008,2022-05-08
STU07391,13,Female,8,SCH022,2024-12-02
STU07392,15,Female,10,SCH019,2022-02-20
STU07393,15,Male,10,SCH022,2022-12-19
STU07394,16,Male,10,SCH004,2024-09-01
STU07395,17,Female,12,SCH024,2023-08-22
STU07396,17,Male,10,SCH019,2024-06-13
STU07397,14,Male,7,SCH005,2024-12-15
STU07398,17,Male,11,SCH014,2026-04-12
STU07399,16,Male,11,SCH018,2023-07-01
STU07400,15,Female,10,SCH002,2026-10-05
STU07401,18,Female,12,SCH024,2024-04-28
STU07402,15,Female,9,SCH014,2024-10-07
STU07403,16,Female,11,SCH023,2023-11-14
STU07404,18,Male,12,SCH014,2026-02-15
STU07405,16,Male,9,SCH022,2026-12-26
STU07406,18,Male,12,SCH020,2024-12-08
STU07407,15,Male,10,SCH008,2026-05-05
STU07408,16,Female,10,SCH001,2025-04-09
STU07409,18,Female,11,SCH002,2026-07-20
STU07410,15,Female,10,SCH022,2023-12-14
STU07411,16,Male,11,SCH014,2022-09-23
STU07412,17,Female,12,SCH002,2025-05-26
STU07413,14,Male,9,SCH002,2025-04-10
STU07414,14,Male,9,SCH015,2026-10-02
STU07415,16,Male,10,SCH017,2026-04-19
STU07416,15,Male,9,SCH003,2024-04-24
STU07417,18,Male,11,SCH019,2023-01-02
STU07418,15,Male,10,SCH006,2023-04-22
STU07419,13,Male,7,SCH003,2022-05-04
STU07420,18,Male,12,SCH015,2022-07-24
STU07421,15,Male,9,SCH018,2023-11-18
STU07422,17,Female,12,SCH025,2023-01-02
STU07423,15,Female,10,SCH015,2026-05-20
STU07424,15,Female,9,SCH015,2025-05-23
STU07425,15,Female,9,SCH012,2026-09-19
STU07426,15,Female,10,SCH013,2023-09-04
STU07427,18,Male,11,SCH013,2022-05-17
STU07428,17,Male,11,SCH019,2023-07-21
STU07429,18,Male,12,SCH008,2025-11-19
STU07430,17,Female,12,SCH022,2025-05-25
STU07431,16,Male,9,SCH021,2023-09-18
STU07432,16,Male,10,SCH011,2024-01-16
STU07433,16,Female,9,SCH001,2025-01-08
STU07434,19,Male,12,SCH012,2022-12-07
STU07435,18,Male,12,SCH024,2022-02-09
STU07436,17,Male,12,SCH023,2026-06-07
STU07437,17,Male,12,SCH001,2025-12-22
STU07438,19,Female,12,SCH017,2022-08-09
STU07439,17,Male,12,SCH010,2026-08-25
STU07440,17,Male,12,SCH001,2022-06-26
STU07441,16,Male,9,SCH025,2024-06-14
STU07442,13,Male,8,SCH015,2025-05-02
STU07443,13,Female,8,SCH023,2022-01-05
STU07444,15,Male,9,SCH011,2023-04-08
STU07445,16,Male,9,SCH004,2023-03-13
STU07446,15,Female,8,SCH004,2026-06-20
STU07447,15,Female,8,SCH007,2023-03-07
STU07448,14,Female,8,SCH024,2024-09-09
STU07449,16,Male,9,SCH023,2025-05-16
STU07450,17,Female,11,SCH014,2022-02-06
STU07451,17,Female,10,SCH019,2023-01-15
STU07452,16,Female,10,SCH005,2024-04-25
STU07453,15,Female,9,SCH008,2025-01-20
STU07454,15,Female,8,SCH003,2025-12-02
STU07455,18,Female,12,SCH021,2023-02-23
STU07456,14,Male,9,SCH017,2022-03-02
STU07457,12,Male,7,SCH002,2025-03-23
STU07458,14,Male,9,SCH014,2022-04-05
STU07459,18,Male,12,SCH020,2024-06-15
STU07460,14,Female,9,SCH024,2022-08-22
STU07461,16,Male,9,SCH008,2026-04-26
STU07462,17,Female,11,SCH022,2026-05-20
STU07463,15,Female,8,SCH008,2022-11-26
STU07464,16,Female,9,SCH011,2026-06-25
STU07465,18,Female,12,SCH005,2022-09-08
STU07466,15,Female,8,SCH018,2022-11-21
STU07467,14,Non-binary,8,SCH013,2026-06-11
STU07468,13,Female,7,SCH017,2026-06-16
STU07469,16,Male,10,SCH010,2023-02-03
STU07470,12,Female,7,SCH021,2025-12-06
STU07471,18,Male,11,SCH020,2025-08-27
STU07472,13,Female,8,SCH025,2024-05-16
STU07473,17,Female,11,SCH014,2026-04-22
STU07474,19,Female,12,SCH025,2023-06-23
STU07475,13,Male,8,SCH012,2025-05-09
STU07476,16,Male,9,SCH016,2025-03-02
STU07477,16,Male,10,SCH013,2022-09-05
STU07478,18,Male,11,SCH021,2023-07-13
STU07479,18,Female,11,SCH004,2025-04-14
STU07480,16,Female,10,SCH009,2022-12-16
STU07481,15,Female,8,SCH020,2024-01-28
STU07482,17,Female,11,SCH004,2022-12-09
STU07483,17,Male,10,SCH011,2026-10-27
STU07484,14,Female,9,SCH020,2026-05-18
STU07485,16,Female,9,SCH007,2024-11-25
STU07486,14,Male,7,SCH009,2025-04-16
STU07487,14,Male,9,SCH014,2023-06-23
STU07488,18,Female,12,SCH014,2023-09-26
STU07489,18,Female,11,SCH003,2023-01-04
STU07490,16,Female,11,SCH020,2026-03-21
STU07491,18,Male,11,SCH015,2022-04-16
STU07492,13,Male,8,SCH005,2022-02-26
STU07493,17,Male,10,SCH003,2026-08-11
STU07494,17,Female,10,SCH010,2026-04-23
STU07495,18,Male,12,SCH010,2026-03-02
STU07496,15,Male,10,SCH025,2025-09-25
STU07497,16,Female,11,SCH014,2026-07-13
STU07498,17,Male,11,SCH010,2022-01-21
STU07499,15,Male,9,SCH013,2022-09-17
STU07500,13,Female,7,SCH004,2024-01-04
STU07501,19,Female,12,SCH013,2025-10-16
STU07502,19,Female,12,SCH023,2022-03-13
STU07503,17,Male,11,SCH006,2023-07-07
STU07504,16,Male,9,SCH009,2023-08-20
STU07505,17,Female,11,SCH015,2023-09-09
STU07506,16,Male,10,SCH011,2025-10-12
STU07507,18,Male,11,SCH012,2025-03-06
STU07508,15,Male,8,SCH016,2026-07-23
STU07509,17,Male,10,SCH011,2023-05-26
STU07510,14,Male,9,SCH011,2025-03-11
STU07511,15,Male,9,SCH004,2024-09-22
STU07512,17,Male,12,SCH015,2024-08-26
STU07513,15,Male,10,SCH020,2022-12-15
STU07514,14,Male,8,SCH001,2026-04-23
STU07515,18,Male,11,SCH013,2022-10-25
STU07516,19,Female,12,SCH024,2022-02-05
STU07517,16,Male,10,SCH008,2023-07-02
STU07518,17,Male,11,SCH022,2024-12-13
STU07519,19,Female,12,SCH020,2024-04-20
STU07520,13,Female,7,SCH007,2022-03-06
STU07521,16,Male,10,SCH015,2025-02-06
STU07522,16,Male,9,SCH025,2025-02-13
STU07523,15,Male,9,SCH022,2023-11-08
STU07524,17,Male,11,SCH007,2026-02-06
STU07525,17,Male,12,SCH014,2024-03-08
STU07526,14,Male,8,SCH007,2024-07-04
STU07527,13,Female,7,SCH016,2025-05-14
STU07528,19,Female,12,SCH014,2024-01-04
STU07529,14,Female,8,SCH006,2024-01-16
STU07530,17,Male,12,SCH025,2022-06-19
STU07531,18,Female,11,SCH009,2025-06-06
STU07532,16,Female,9,SCH007,2026-03-14
STU07533,18,Male,12,SCH018,2024-03-04
STU07534,15,Male,8,SCH017,2023-01-20
STU07535,13,Female,8,SCH006,2022-09-03
STU07536,16,Male,11,SCH020,2025-11-22
STU07537,17,Male,10,SCH025,2023-11-06
STU07538,12,Male,7,SCH016,2024-11-09
STU07539,16,Male,11,SCH008,2024-02-24
STU07540,16,Female,10,SCH012,2025-09-27
STU07541,14,Male,9,SCH014,2025-03-22
STU07542,14,Female,7,SCH013,2025-06-05
STU07543,17,Female,12,SCH023,2023-07-04
STU07544,15,Female,8,SCH010,2025-01-05
STU07545,15,Male,9,SCH011,2025-03-23
STU07546,16,Male,9,SCH017,2026-10-09
STU07547,16,Female,9,SCH025,2022-05-20
STU07548,19,Female,12,SCH021,2025-12-09
STU07549,16,Non-binary,9,SCH001,2022-10-11
STU07550,17,Male,10,SCH004,2024-12-20
STU07551,16,Female,9,SCH013,2024-02-07
STU07552,14,Male,9,SCH024,2022-05-05
STU07553,17,Female,12,SCH025,2022-12-02
STU07554,18,Male,11,SCH025,2022-07-08
STU07555,14,Female,9,SCH013,2025-10-16
STU07556,16,Female,9,SCH016,2024-12-03
STU07557,15,Male,10,SCH011,2022-06-02
STU07558,17,Female,10,SCH025,2024-09-01
STU07559,14,Male,9,SCH011,2024-10-13
STU07560,14,Male,9,SCH003,2023-06-04
STU07561,18,Female,12,SCH019,2026-01-16
STU07562,14,Male,8,SCH008,2022-01-03
STU07563,14,Female,8,SCH012,2025-12-22
STU07564,12,Male,7,SCH003,2026-11-04
STU07565,19,Male,12,SCH022,2023-01-22
STU07566,15,Female,10,SCH015,2022-05-10
STU07567,18,Male,11,SCH025,2024-03-22
STU07568,15,Male,9,SCH003,2026-08-03
STU07569,14,Male,7,SCH004,2025-03-04
STU07570,14,Female,9,SCH020,2025-11-23
STU07571,13,Female,7,SCH006,2026-03-13
STU07572,14,Female,7,SCH008,2024-03-25
STU07573,13,Female,7,SCH019,2025-05-22
STU07574,14,Female,9,SCH022,2025-11-26
STU07575,17,Female,12,SCH001,2024-09-26
STU07576,17,Female,10,SCH002,2022-03-27
STU07577,16,Female,11,SCH015,2025-12-25
STU07578,17,Male,12,SCH001,2024-11-13
STU07579,17,Female,11,SCH002,2026-12-23
STU07580,14,Male,7,SCH009,2022-06-09
STU07581,18,Female,11,SCH018,2025-06-13
STU07582,16,Male,11,SCH011,2024-01-19
STU07583,16,Male,9,SCH020,2026-10-13
STU07584,12,Male,7,SCH010,2024-06-02
STU07585,18,Male,11,SCH004,2024-12-20
STU07586,15,Female,9,SCH010,2023-05-06
STU07587,15,Female,8,SCH011,2026-08-04
STU07588,18,Male,12,SCH011,2024-04-15
STU07589,14,Male,9,SCH004,2025-06-21
STU07590,15,Female,10,SCH006,2025-09-16
STU07591,18,Female,11,SCH007,2026-06-28
STU07592,16,Male,11,SCH011,2026-01-28
STU07593,17,Male,10,SCH023,2025-07-16
STU07594,15,Female,8,SCH006,2025-12-01
STU07595,17,Female,12,SCH013,2024-07-25
STU07596,19,Male,12,SCH019,2024-02-01
STU07597,17,Female,12,SCH015,2025-11-26
STU07598,15,Female,10,SCH020,2024-03-23
STU07599,18,Female,12,SCH011,2023-09-05
STU07600,18,Male,11,SCH025,2026-11-09
STU07601,17,Female,10,SCH021,2024-10-14
STU07602,18,Female,12,SCH010,2022-09-23
STU07603,13,Male,7,SCH009,2026-11-24
STU07604,13,Female,7,SCH006,2023-09-18
STU07605,18,Female,12,SCH013,2022-05-21
STU07606,13,Male,8,SCH003,2024-06-19
STU07607,13,Female,7,SCH009,2024-06-20
STU07608,15,Male,9,SCH002,2023-07-22
STU07609,15,Female,10,SCH004,2026-03-07
STU07610,13,Male,8,SCH016,2023-06-26
STU07611,16,Male,10,SCH008,2024-10-19
STU07612,14,Male,9,SCH001,2024-03-04
STU07613,13,Female,8,SCH004,2023-07-24
STU07614,17,Female,10,SCH021,2024-09-06
STU07615,16,Female,10,SCH015,2024-05-21
STU07616,19,Female,12,SCH012,2022-08-17
STU07617,14,Male,7,SCH008,2026-11-13
STU07618,13,Male,8,SCH010,2026-10-02
STU07619,17,Male,10,SCH019,2023-08-23
STU07620,13,Female,8,SCH002,2022-04-26
STU07621,16,Male,9,SCH014,2026-07-09
STU07622,18,Male,12,SCH025,2023-12-21
STU07623,14,Male,7,SCH005,2024-05-11
STU07624,16,Female,10,SCH008,2024-09-25
STU07625,13,Female,7,SCH006,2024-02-14
STU07626,14,Male,9,SCH019,2022-09-27
STU07627,15,Male,8,SCH017,2025-02-16
STU07628,14,Female,8,SCH002,2024-06-11
STU07629,15,Male,9,SCH024,2024-04-06
STU07630,18,Female,12,SCH019,2023-07-06
STU07631,13,Non-binary,7,SCH014,2022-09-27
STU07632,17,Male,10,SCH006,2026-04-27
STU07633,17,Female,10,SCH012,2026-09-27
STU07634,15,Male,9,SCH010,2023-10-13
STU07635,18,Female,12,SCH025,2023-06-21
STU07636,16,Female,11,SCH020,2022-07-06
STU07637,14,Female,9,SCH004,2022-09-09
STU07638,17,Female,12,SCH025,2022-02-05
STU07639,15,Male,9,SCH010,2022-06-28
STU07640,17,Male,12,SCH015,2023-10-03
STU07641,16,Female,10,SCH008,2022-08-09
STU07642,16,Male,11,SCH012,2026-11-27
STU07643,15,Female,8,SCH025,2023-07-09
STU07644,17,Male,11,SCH002,2022-03-18
STU07645,15,Male,10,SCH006,2023-09-15
STU07646,16,Male,9,SCH016,2026-05-28
STU07647,16,Female,10,SCH021,2026-01-06
STU07648,13,Male,8,SCH021,2026-02-24
STU07649,16,Male,10,SCH019,2025-03-13
STU07650,16,Male,11,SCH007,2025-10-10
STU07651,15,Female,8,SCH023,2022-07-05
STU07652,17,Female,11,SCH018,2026-02-14
STU07653,15,Male,9,SCH021,2023-07-14
STU07654,16,Male,10,SCH022,2022-07-12
STU07655,19,Female,12,SCH025,2022-12-14
STU07656,16,Female,9,SCH005,2025-02-10
STU07657,18,Male,12,SCH015,2022-07-15
STU07658,16,Female,11,SCH013,2022-01-17
STU07659,18,Male,11,SCH003,2026-01-09
STU07660,14,Female,7,SCH016,2022-01-17
STU07661,18,Female,11,SCH011,2025-11-17
STU07662,18,Female,11,SCH015,2022-09-06
STU07663,17,Female,11,SCH021,2026-01-07
STU07664,13,Female,8,SCH020,2022-01-22
STU07665,13,Female,8,SCH016,2025-01-10
STU07666,14,Male,9,SCH011,2023-09-26
STU07667,17,Male,10,SCH003,2022-01-02
STU07668,16,Male,9,SCH017,2022-09-02
STU07669,14,Male,7,SCH003,2022-02-13
STU07670,12,Female,7,SCH020,2025-10-23
STU07671,14,Male,7,SCH005,2023-06-19
STU07672,18,Male,12,SCH012,2022-02-16
STU07673,16,Male,11,SCH021,2026-11-14
STU07674,19,Female,12,SCH010,2024-12-27
STU07675,16,Female,10,SCH016,2022-03-13
STU07676,16,Male,10,SCH006,2023-06-16
STU07677,13,Male,8,SCH024,2022-09-16
STU07678,16,Female,11,SCH022,2022-04-21
STU07679,17,Male,10,SCH014,2025-05-10
STU07680,16,Female,11,SCH018,2023-11-08
STU07681,18,Female,11,SCH020,2026-09-12
STU07682,14,Female,9,SCH016,2025-06-12
STU07683,15,Male,9,SCH021,2022-11-27
STU07684,17,Female,10,SCH007,2026-07-24
STU07685,15,Female,10,SCH002,2023-07-21
STU07686,18,Female,11,SCH010,2024-11-24
STU07687,14,Female,8,SCH002,2022-08-27
STU07688,16,Male,9,SCH010,2022-06-12
STU07689,14,Male,7,SCH018,2024-12-20
STU07690,14,Male,9,SCH003,2025-07-12
STU07691,15,Female,9,SCH017,2025-11-17
STU07692,17,Male,12,SCH008,2025-01-28
STU07693,17,Male,12,SCH005,2026-11-06
STU07694,19,Male,12,SCH009,2022-10-02
STU07695,16,Female,11,SCH012,2023-08-21
STU07696,12,Female,7,SCH022,2022-11-18
STU07697,18,Female,11,SCH001,2022-10-26
STU07698,17,Female,10,SCH021,2025-05-16
STU07699,13,Non-binary,7,SCH001,2024-04-07
STU07700,16,Female,10,SCH023,2026-03-25
STU07701,15,Male,8,SCH016,2022-04-15
STU07702,17,Female,10,SCH020,2024-11-19
STU07703,12,Male,7,SCH025,2024-11-23
STU07704,14,Male,7,SCH014,2025-07-17
STU07705,17,Male,12,SCH012,2022-05-22
STU07706,16,Male,10,SCH013,2022-02-06
STU07707,13,Female,8,SCH005,2026-04-23
STU07708,14,Female,9,SCH023,2022-09-06
STU07709,16,Female,10,SCH008,2026-06-22
STU07710,16,Male,11,SCH019,2023-01-03
STU07711,16,Male,10,SCH001,2024-12-19
STU07712,16,Female,9,SCH023,2025-06-06
STU07713,12,Male,7,SCH016,2026-05-09
STU07714,17,Male,12,SCH024,2025-05-26
STU07715,15,Female,10,SCH010,2026-02-27
STU07716,15,Male,10,SCH001,2024-03-18
STU07717,14,Male,8,SCH015,2025-02-06
STU07718,19,Male,12,SCH020,2026-09-03
STU07719,15,Female,8,SCH015,2024-02-23
STU07720,14,Female,9,SCH010,2025-11-17
STU07721,18,Female,11,SCH021,2022-11-23
STU07722,14,Male,7,SCH003,2022-01-21
STU07723,19,Female,12,SCH014,2023-03-12
STU07724,14,Female,8,SCH018,2026-11-26
STU07725,17,Female,10,SCH013,2022-01-17
STU07726,15,Female,10,SCH006,2026-04-10
STU07727,14,Female,9,SCH010,2024-03-13
STU07728,12,Male,7,SCH003,2022-04-27
STU07729,17,Male,10,SCH009,2022-10-14
STU07730,13,Male,8,SCH010,2024-03-01
STU07731,15,Male,8,SCH002,2025-11-26
STU07732,13,Male,7,SCH021,2022-04-05
STU07733,15,Male,10,SCH022,2024-05-03
STU07734,14,Female,7,SCH023,2026-09-02
STU07735,17,Male,12,SCH020,2026-07-27
STU07736,17,Female,10,SCH006,2022-12-12
STU07737,16,Female,11,SCH019,2024-02-05
STU07738,17,Male,11,SCH019,2026-05-03
STU07739,16,Female,11,SCH019,2023-11-11
STU07740,16,Female,10,SCH004,2024-11-08
STU07741,17,Female,11,SCH017,2025-03-19
STU07742,17,Male,10,SCH024,2022-10-21
STU07743,16,Female,10,SCH016,2025-06-26
STU07744,19,Female,12,SCH002,2023-11-18
STU07745,15,Female,8,SCH009,2026-02-02
STU07746,13,Female,7,SCH020,2026-12-15
STU07747,17,Female,12,SCH011,2022-05-18
STU07748,15,Female,9,SCH005,2022-12-18
STU07749,17,Female,11,SCH005,2026-11-23
STU07750,16,Male,9,SCH012,2025-02-01
STU07751,17,Female,10,SCH017,2023-07-26
STU07752,19,Male,12,SCH015,2023-09-09
STU07753,15,Male,10,SCH021,2023-10-22
STU07754,15,Female,10,SCH002,2022-09-25
STU07755,15,Male,9,SCH010,2025-04-19
STU07756,16,Female,11,SCH002,2026-06-24
STU07757,16,Male,9,SCH004,2023-03-14
STU07758,17,Male,12,SCH023,2026-03-17
STU07759,14,Female,8,SCH012,2023-02-05
STU07760,16,Non-binary,11,SCH005,2022-05-17
STU07761,18,Male,11,SCH011,2024-05-09
STU07762,15,Female,9,SCH024,2025-09-25
STU07763,12,Female,7,SCH006,2023-04-23
STU07764,17,Male,10,SCH012,2023-06-22
STU07765,14,Female,9,SCH022,2026-05-10
STU07766,17,Female,10,SCH013,2024-08-14
STU07767,17,Male,12,SCH013,2023-08-17
STU07768,16,Female,10,SCH019,2022-05-28
STU07769,16,Male,9,SCH015,2024-04-22
STU07770,17,Female,12,SCH016,2024-03-23
STU07771,17,Male,10,SCH007,2026-05-25
STU07772,15,Male,9,SCH014,2023-11-16
STU07773,13,Male,7,SCH006,2023-11-15
STU07774,15,Female,10,SCH010,2022-12-20
STU07775,15,Male,10,SCH006,2025-05-25
STU07776,19,Male,12,SCH024,2024-05-12
STU07777,16,Female,11,SCH006,2023-07-20
STU07778,14,Male,9,SCH010,2024-01-23
STU07779,14,Female,8,SCH003,2022-05-26
STU07780,14,Male,9,SCH005,2024-05-12
STU07781,16,Female,11,SCH003,2023-11-19
STU07782,17,Male,12,SCH015,2026-09-07
STU07783,16,Female,11,SCH011,2025-03-15
STU07784,13,Male,8,SCH020,2024-10-08
STU07785,15,Male,8,SCH012,2026-08-14
STU07786,13,Female,8,SCH001,2022-07-07
STU07787,18,Male,12,SCH016,2024-01-06
STU07788,14,Male,9,SCH024,2024-10-24
STU07789,15,Male,10,SCH011,2022-06-06
STU07790,16,Female,10,SCH002,2024-09-22
STU07791,14,Female,9,SCH005,2026-05-08
STU07792,14,Male,7,SCH004,2022-06-08
STU07793,13,Female,7,SCH023,2022-07-23
STU07794,13,Male,7,SCH022,2024-12-13
STU07795,17,Female,10,SCH023,2025-10-28
STU07796,15,Male,10,SCH006,2023-11-28
STU07797,12,Male,7,SCH010,2025-07-23
STU07798,18,Male,11,SCH013,2022-05-11
STU07799,19,Female,12,SCH003,2024-08-27
STU07800,15,Female,8,SCH017,2022-08-14
STU07801,13,Male,7,SCH007,2023-08-12
STU07802,17,Female,10,SCH007,2025-12-04
STU07803,15,Male,9,SCH005,2022-10-15
STU07804,16,Male,11,SCH004,2023-07-01
STU07805,17,Male,12,SCH023,2025-11-26
STU07806,13,Female,8,SCH006,2024-01-15
STU07807,17,Male,10,SCH007,2022-02-16
STU07808,16,Male,9,SCH020,2024-11-12
STU07809,17,Female,12,SCH002,2022-09-20
STU07810,16,Female,10,SCH007,2026-06-03
STU07811,15,Male,8,SCH010,2026-10-03
STU07812,15,Female,10,SCH011,2025-02-22
STU07813,14,Female,9,SCH011,2022-02-28
STU07814,17,Male,10,SCH003,2024-07-17
STU07815,19,Male,12,SCH011,2023-05-11
STU07816,16,Female,9,SCH017,2025-08-06
STU07817,17,Male,12,SCH008,2026-07-12
STU07818,18,Male,11,SCH022,2025-02-15
STU07819,15,Male,9,SCH014,2025-12-10
STU07820,16,Female,11,SCH005,2023-12-20
STU07821,16,Male,10,SCH004,2023-10-03
STU07822,17,Female,11,SCH015,2024-05-02
STU07823,17,Male,10,SCH013,2023-12-24
STU07824,16,Female,10,SCH012,2024-10-25
STU07825,16,Male,10,SCH021,2022-10-17
STU07826,17,Male,10,SCH019,2023-04-08
STU07827,15,Male,8,SCH017,2026-11-21
STU07828,13,Male,7,SCH003,2024-05-18
STU07829,13,Male,7,SCH011,2025-09-24
STU07830,15,Female,9,SCH007,2023-02-04
STU07831,17,Non-binary,10,SCH018,2026-02-20
STU07832,13,Female,8,SCH012,2023-11-07
STU07833,18,Male,12,SCH023,2023-12-21
STU07834,15,Non-binary,8,SCH025,2026-04-09
STU07835,19,Male,12,SCH021,2022-08-04
STU07836,17,Female,11,SCH003,2022-01-24
STU07837,16,Male,9,SCH003,2026-11-12
STU07838,16,Female,10,SCH025,2022-11-27
STU07839,15,Female,9,SCH015,2022-07-14
STU07840,16,Female,10,SCH024,2022-03-20
STU07841,16,Female,10,SCH015,2025-10-06
STU07842,15,Male,8,SCH021,2024-09-27
STU07843,13,Female,7,SCH007,2023-05-01
STU07844,13,Female,7,SCH009,2025-05-21
STU07845,18,Male,11,SCH011,2026-08-09
STU07846,18,Male,11,SCH012,2026-10-06
STU07847,14,Male,8,SCH017,2025-08-22
STU07848,15,Male,9,SCH022,2025-04-28
STU07849,17,Male,11,SCH007,2023-10-11
STU07850,16,Male,11,SCH008,2023-09-11
STU07851,17,Female,10,SCH002,2023-02-16
STU07852,14,Female,8,SCH004,2023-11-09
STU07853,16,Male,9,SCH019,2023-08-06
STU07854,15,Female,10,SCH013,2022-08-24
STU07855,17,Male,10,SCH015,2022-06-28
STU07856,15,Female,9,SCH005,2026-06-24
STU07857,15,Female,10,SCH005,2022-11-04
STU07858,17,Female,12,SCH017,2023-10-14
STU07859,14,Female,8,SCH008,2022-01-20
STU07860,15,Female,10,SCH011,2025-09-25
STU07861,16,Female,10,SCH025,2022-07-25
STU07862,15,Female,9,SCH023,2023-03-28
STU07863,14,Female,8,SCH002,2026-12-13
STU07864,16,Female,9,SCH022,2023-02-24
STU07865,16,Male,11,SCH008,2024-08-02
STU07866,18,Male,12,SCH021,2024-03-11
STU07867,13,Female,7,SCH008,2023-06-06
STU07868,16,Female,9,SCH025,2022-06-17
STU07869,18,Male,11,SCH008,2026-12-14
STU07870,13,Female,8,SCH010,2024-05-28
STU07871,16,Male,9,SCH010,2024-05-17
STU07872,19,Male,12,SCH020,2025-08-26
STU07873,17,Male,11,SCH013,2024-02-19
STU07874,13,Male,8,SCH021,2024-11-22
STU07875,12,Female,7,SCH020,2022-08-14
STU07876,16,Female,10,SCH015,2025-03-25
STU07877,13,Female,7,SCH017,2023-07-05
STU07878,19,Male,12,SCH012,2024-08-22
STU07879,17,Male,10,SCH019,2022-09-01
STU07880,18,Female,12,SCH008,2023-12-22
STU07881,16,Female,9,SCH023,2025-01-06
STU07882,18,Female,12,SCH016,2023-03-10
STU07883,14,Female,7,SCH005,2024-04-24
STU07884,12,Male,7,SCH019,2026-06-27
STU07885,17,Female,12,SCH004,2025-08-01
STU07886,15,Male,8,SCH019,2025-12-02
STU07887,18,Male,11,SCH020,2026-03-13
STU07888,17,Male,10,SCH015,2024-06-22
STU07889,18,Male,11,SCH006,2023-03-15
STU07890,16,Female,9,SCH011,2022-09-16
STU07891,16,Female,11,SCH019,2025-12-04
STU07892,17,Female,10,SCH002,2023-03-08
STU07893,14,Female,9,SCH017,2026-09-14
STU07894,14,Female,7,SCH003,2022-11-03
STU07895,12,Male,7,SCH021,2026-02-24
STU07896,17,Male,10,SCH006,2022-07-08
STU07897,13,Male,8,SCH006,2024-03-17
STU07898,14,Female,7,SCH012,2022-07-16
STU07899,16,Female,11,SCH009,2023-08-11
STU07900,17,Female,11,SCH009,2022-10-09
STU07901,13,Male,7,SCH003,2023-02-27
STU07902,19,Female,12,SCH010,2026-01-12
STU07903,17,Female,12,SCH010,2022-06-15
STU07904,18,Non-binary,11,SCH019,2022-02-17
STU07905,18,Male,12,SCH014,2022-08-06
STU07906,14,Male,9,SCH005,2023-11-19
STU07907,16,Male,10,SCH013,2023-10-21
STU07908,19,Male,12,SCH016,2023-04-22
STU07909,15,Female,8,SCH009,2022-11-27
STU07910,17,Female,11,SCH001,2022-07-14
STU07911,14,Female,8,SCH006,2025-11-10
STU07912,15,Female,9,SCH020,2024-01-19
STU07913,14,Female,8,SCH013,2022-06-22
STU07914,18,Male,11,SCH003,2023-04-11
STU07915,17,Female,10,SCH003,2024-09-07
STU07916,16,Female,11,SCH012,2023-02-27
STU07917,13,Female,8,SCH014,2024-05-05
STU07918,12,Female,7,SCH003,2024-06-04
STU07919,16,Female,9,SCH006,2023-12-11
STU07920,16,Female,10,SCH001,2025-08-01
STU07921,17,Female,10,SCH008,2022-08-16
STU07922,15,Female,10,SCH025,2024-03-24
STU07923,12,Female,7,SCH014,2025-07-23
STU07924,19,Female,12,SCH019,2025-02-27
STU07925,14,Female,8,SCH001,2026-02-21
STU07926,18,Female,12,SCH016,2023-03-14
STU07927,18,Female,12,SCH008,2024-09-08
STU07928,15,Male,8,SCH024,2022-02-12
STU07929,16,Male,10,SCH017,2023-03-16
STU07930,16,Female,11,SCH012,2026-06-20
STU07931,18,Male,11,SCH023,2022-02-03
STU07932,13,Male,8,SCH020,2025-11-17
STU07933,15,Female,8,SCH023,2024-01-20
STU07934,13,Female,7,SCH005,2023-05-22
STU07935,12,Male,7,SCH019,2026-06-26
STU07936,16,Male,10,SCH009,2025-08-11
STU07937,17,Male,11,SCH024,2024-05-18
STU07938,14,Male,8,SCH002,2025-09-05
STU07939,19,Male,12,SCH013,2026-08-12
STU07940,14,Male,9,SCH008,2025-01-21
STU07941,15,Male,8,SCH020,2025-04-13
STU07942,15,Male,8,SCH016,2026-08-04
STU07943,18,Male,12,SCH017,2026-07-26
STU07944,16,Female,10,SCH010,2026-03-05
STU07945,18,Male,12,SCH014,2024-03-12
STU07946,16,Male,11,SCH002,2022-05-21
STU07947,17,Female,10,SCH022,2023-03-09
STU07948,17,Male,11,SCH008,2026-02-18
STU07949,17,Male,11,SCH009,2023-04-02
STU07950,19,Male,12,SCH008,2026-05-28
STU07951,16,Male,9,SCH005,2023-04-26
STU07952,13,Female,7,SCH003,2023-08-23
STU07953,14,Female,8,SCH017,2025-03-20
STU07954,13,Female,8,SCH020,2024-08-11
STU07955,19,Female,12,SCH013,2026-07-03
STU07956,15,Male,10,SCH001,2024-09-11
STU07957,14,Female,9,SCH023,2024-04-13
STU07958,15,Male,10,SCH004,2026-05-15
STU07959,15,Female,8,SCH012,2023-05-21
STU07960,14,Male,8,SCH006,2023-01-26
STU07961,17,Female,11,SCH019,2025-06-09
STU07962,16,Female,10,SCH008,2024-05-20
STU07963,14,Female,7,SCH009,2022-10-24
STU07964,13,Female,7,SCH010,2026-04-15
STU07965,15,Male,9,SCH013,2024-02-07
STU07966,15,Non-binary,8,SCH005,2025-11-24
STU07967,18,Male,12,SCH011,2022-05-11
STU07968,18,Female,12,SCH005,2023-11-05
STU07969,12,Male,7,SCH005,2023-11-20
STU07970,15,Female,8,SCH008,2025-03-18
STU07971,12,Female,7,SCH016,2024-09-28
STU07972,16,Female,10,SCH002,2026-02-21
STU07973,17,Male,10,SCH024,2025-06-11
STU07974,15,Female,8,SCH019,2025-04-20
STU07975,15,Male,9,SCH006,2025-06-28
STU07976,18,Female,12,SCH005,2024-03-15
STU07977,18,Non-binary,12,SCH017,2022-05-03
STU07978,14,Male,9,SCH014,2025-02-06
STU07979,17,Male,11,SCH002,2023-05-25
STU07980,15,Female,9,SCH014,2025-07-19
STU07981,17,Female,10,SCH007,2024-06-12
STU07982,14,Male,9,SCH018,2022-08-10
STU07983,16,Female,9,SCH025,2025-04-02
STU07984,17,Male,12,SCH014,2025-11-07
STU07985,16,Male,11,SCH017,2023-09-12
STU07986,16,Male,11,SCH024,2025-01-27
STU07987,13,Male,8,SCH013,2025-01-05
STU07988,16,Female,9,SCH002,2026-06-13
STU07989,19,Male,12,SCH025,2022-06-02
STU07990,13,Female,8,SCH011,2024-04-18
STU07991,17,Female,12,SCH014,2022-09-08
STU07992,17,Female,10,SCH020,2024-06-10
STU07993,14,Male,7,SCH010,2026-03-07
STU07994,18,Male,11,SCH001,2025-05-28
STU07995,19,Female,12,SCH021,2022-04-13
STU07996,14,Male,9,SCH005,2022-06-27
STU07997,18,Female,11,SCH009,2025-02-22
STU07998,17,Female,11,SCH023,2024-02-28
STU07999,17,Male,12,SCH004,2022-02-06
STU08000,17,Female,10,SCH021,2023-04-05
STU08001,16,Female,10,SCH017,2024-11-13
STU08002,16,Female,9,SCH023,2023-09-13
STU08003,18,Non-binary,11,SCH009,2025-03-23
STU08004,17,Male,12,SCH023,2026-08-02
STU08005,16,Female,9,SCH010,2022-10-25
STU08006,13,Male,8,SCH015,2026-09-11
STU08007,16,Male,11,SCH021,2024-01-04
STU08008,15,Female,9,SCH020,2024-08-02
STU08009,18,Male,11,SCH017,2026-07-04
STU08010,15,Female,9,SCH020,2024-11-03
STU08011,18,Male,11,SCH009,2023-12-16
STU08012,14,Female,9,SCH001,2025-01-14
STU08013,15,Male,8,SCH008,2024-11-03
STU08014,15,Male,10,SCH025,2026-08-07
STU08015,13,Female,7,SCH002,2023-09-23
STU08016,15,Male,9,SCH008,2023-05-04
STU08017,15,Male,10,SCH021,2022-11-17
STU08018,19,Male,12,SCH016,2023-11-14
STU08019,17,Male,12,SCH017,2022-12-22
STU08020,15,Female,10,SCH018,2025-06-10
STU08021,17,Female,12,SCH004,2025-01-09
STU08022,18,Male,11,SCH007,2022-07-04
STU08023,15,Male,9,SCH022,2023-07-09
STU08024,14,Male,9,SCH009,2025-02-21
STU08025,13,Female,8,SCH021,2023-03-17
STU08026,14,Female,7,SCH021,2022-05-13
STU08027,18,Male,11,SCH022,2025-05-12
STU08028,14,Male,8,SCH006,2022-06-01
STU08029,17,Male,11,SCH013,2023-05-24
STU08030,16,Male,9,SCH002,2022-02-15
STU08031,15,Female,10,SCH025,2026-08-05
STU08032,15,Male,8,SCH017,2024-06-03
STU08033,18,Male,12,SCH023,2023-08-02
STU08034,16,Male,10,SCH015,2025-05-09
STU08035,13,Female,8,SCH006,2025-01-16
STU08036,16,Female,10,SCH005,2025-09-07
STU08037,17,Male,11,SCH015,2023-11-23
STU08038,15,Male,9,SCH024,2025-01-03
STU08039,12,Female,7,SCH005,2023-02-23
STU08040,14,Male,8,SCH005,2024-10-14
STU08041,12,Male,7,SCH024,2026-12-09
STU08042,18,Female,12,SCH015,2022-08-20
STU08043,19,Female,12,SCH009,2026-03-07
STU08044,13,Female,8,SCH007,2023-11-16
STU08045,12,Female,7,SCH025,2024-09-21
STU08046,15,Female,9,SCH012,2025-04-14
STU08047,16,Female,11,SCH018,2025-05-10
STU08048,15,Male,10,SCH013,2026-12-07
STU08049,15,Male,9,SCH017,2024-09-28
STU08050,19,Female,12,SCH004,2026-05-05
STU08051,16,Female,10,SCH010,2022-09-24
STU08052,16,Female,10,SCH007,2025-09-11
STU08053,18,Female,12,SCH010,2026-01-15
STU08054,17,Male,10,SCH025,2025-08-17
STU08055,19,Male,12,SCH022,2026-09-02
STU08056,13,Female,7,SCH005,2026-12-19
STU08057,17,Female,11,SCH006,2023-03-04
STU08058,16,Female,9,SCH006,2023-06-21
STU08059,12,Female,7,SCH025,2024-12-11
STU08060,14,Female,7,SCH004,2024-01-06
STU08061,17,Female,10,SCH006,2026-07-19
STU08062,18,Male,12,SCH024,2026-02-28
STU08063,14,Male,9,SCH020,2025-04-15
STU08064,13,Male,8,SCH006,2025-09-19
STU08065,13,Male,8,SCH011,2025-12-15
STU08066,16,Female,10,SCH017,2025-06-26
STU08067,15,Male,9,SCH022,2025-05-01
STU08068,13,Female,7,SCH006,2022-12-15
STU08069,16,Female,10,SCH004,2024-10-15
STU08070,18,Female,11,SCH019,2023-02-15
STU08071,15,Female,10,SCH021,2025-03-16
STU08072,16,Female,10,SCH002,2024-08-05
STU08073,16,Male,10,SCH006,2026-06-13
STU08074,19,Female,12,SCH016,2025-04-06
STU08075,17,Female,10,SCH016,2022-06-11
STU08076,16,Male,10,SCH015,2024-07-26
STU08077,12,Male,7,SCH007,2023-02-18
STU08078,18,Female,12,SCH022,2025-02-10
STU08079,14,Male,7,SCH018,2024-10-06
STU08080,17,Female,11,SCH021,2024-06-19
STU08081,15,Male,10,SCH014,2025-03-05
STU08082,13,Female,8,SCH010,2023-07-20
STU08083,15,Female,9,SCH003,2022-06-10
STU08084,13,Male,7,SCH001,2025-12-22
STU08085,17,Male,10,SCH024,2024-10-19
STU08086,18,Female,11,SCH012,2024-01-09
STU08087,18,Female,11,SCH021,2024-08-28
STU08088,17,Non-binary,12,SCH016,2025-05-09
STU08089,13,Male,8,SCH025,2026-08-02
STU08090,13,Female,7,SCH025,2022-03-27
STU08091,16,Female,9,SCH006,2022-01-03
STU08092,13,Male,7,SCH015,2024-03-12
STU08093,18,Male,12,SCH024,2026-05-13
STU08094,13,Male,8,SCH004,2022-05-01
STU08095,17,Female,12,SCH018,2024-03-10
STU08096,16,Female,10,SCH019,2024-10-09
STU08097,16,Male,10,SCH025,2024-12-16
STU08098,13,Male,8,SCH013,2026-05-04
STU08099,17,Female,12,SCH023,2026-05-05
STU08100,18,Male,11,SCH015,2022-03-04
STU08101,17,Male,10,SCH014,2025-08-17
STU08102,17,Male,11,SCH006,2026-04-19
STU08103,15,Male,8,SCH006,2023-12-02
STU08104,13,Female,7,SCH021,2026-01-03
STU08105,16,Male,10,SCH006,2023-12-26
STU08106,18,Female,11,SCH008,2022-08-05
STU08107,19,Male,12,SCH024,2026-05-15
STU08108,15,Female,9,SCH020,2026-07-12
STU08109,13,Female,8,SCH012,2024-04-22
STU08110,16,Female,9,SCH021,2023-01-04
STU08111,19,Male,12,SCH006,2023-03-22
STU08112,17,Female,12,SCH002,2022-07-06
STU08113,19,Male,12,SCH002,2024-10-21
STU08114,16,Female,10,SCH016,2023-11-13
STU08115,17,Female,12,SCH008,2024-06-01
STU08116,14,Male,8,SCH008,2023-05-08
STU08117,18,Female,12,SCH004,2024-08-20
STU08118,16,Female,9,SCH008,2025-03-11
STU08119,16,Female,10,SCH002,2024-10-18
STU08120,16,Male,10,SCH002,2025-02-07
STU08121,17,Male,10,SCH024,2022-02-26
STU08122,18,Male,12,SCH009,2023-11-12
STU08123,14,Male,7,SCH024,2026-01-17
STU08124,16,Female,11,SCH024,2026-07-02
STU08125,15,Male,9,SCH003,2026-04-07
STU08126,16,Male,10,SCH003,2022-04-20
STU08127,18,Male,11,SCH022,2023-11-04
STU08128,13,Male,8,SCH020,2023-05-18
STU08129,17,Male,11,SCH003,2024-03-08
STU08130,13,Male,7,SCH011,2024-08-19
STU08131,16,Male,9,SCH004,2026-12-13
STU08132,13,Male,7,SCH002,2022-03-04
STU08133,16,Male,10,SCH001,2022-09-12
STU08134,19,Female,12,SCH002,2024-07-17
STU08135,18,Female,12,SCH014,2025-08-27
STU08136,14,Male,9,SCH003,2023-01-25
STU08137,13,Female,8,SCH015,2022-01-11
STU08138,17,Male,12,SCH021,2026-06-17
STU08139,15,Female,10,SCH013,2022-09-08
STU08140,18,Female,12,SCH010,2022-12-13
STU08141,18,Non-binary,11,SCH006,2026-11-18
STU08142,17,Female,11,SCH023,2024-08-07
STU08143,16,Male,11,SCH023,2026-02-18
STU08144,17,Female,11,SCH019,2024-05-17
STU08145,17,Female,10,SCH010,2024-07-04
STU08146,13,Female,8,SCH009,2026-11-21
STU08147,14,Female,7,SCH015,2023-04-16
STU08148,17,Female,12,SCH008,2023-03-22
STU08149,12,Female,7,SCH014,2026-07-21
STU08150,14,Female,9,SCH009,2025-03-09
STU08151,15,Female,8,SCH008,2023-12-12
STU08152,18,Male,11,SCH012,2026-08-28
STU08153,16,Male,11,SCH013,2026-07-16
STU08154,15,Male,10,SCH001,2022-09-14
STU08155,16,Male,9,SCH019,2022-10-19
STU08156,16,Male,10,SCH006,2025-09-24
STU08157,15,Male,10,SCH016,2022-10-19
STU08158,18,Male,12,SCH009,2026-02-26
STU08159,15,Female,10,SCH021,2025-02-22
STU08160,15,Male,10,SCH018,2023-02-14
STU08161,14,Female,8,SCH021,2026-07-02
STU08162,15,Female,9,SCH014,2024-09-12
STU08163,14,Male,9,SCH023,2024-11-07
STU08164,17,Female,10,SCH019,2023-05-07
STU08165,19,Female,12,SCH018,2023-12-10
STU08166,14,Female,8,SCH014,2023-08-04
STU08167,15,Male,8,SCH003,2025-02-07
STU08168,17,Female,12,SCH019,2026-11-24
STU08169,14,Male,9,SCH003,2022-01-06
STU08170,17,Male,11,SCH007,2023-01-20
STU08171,13,Male,7,SCH011,2023-12-10
STU08172,15,Female,10,SCH025,2025-12-28
STU08173,19,Male,12,SCH004,2024-02-11
STU08174,16,Female,9,SCH009,2022-07-05
STU08175,17,Female,11,SCH024,2023-10-28
STU08176,15,Male,10,SCH011,2022-08-01
STU08177,18,Male,12,SCH001,2022-11-24
STU08178,19,Male,12,SCH010,2022-09-07
STU08179,16,Female,10,SCH003,2024-10-14
STU08180,14,Male,7,SCH004,2023-12-11
STU08181,14,Female,9,SCH015,2022-10-01
STU08182,17,Male,11,SCH007,2024-07-27
STU08183,17,Male,11,SCH013,2025-01-04
STU08184,16,Male,10,SCH002,2024-07-02
STU08185,12,Female,7,SCH002,2025-11-15
STU08186,15,Female,8,SCH020,2026-02-20
STU08187,13,Male,7,SCH021,2024-12-26
STU08188,15,Female,10,SCH001,2025-12-12
STU08189,15,Male,8,SCH022,2025-11-06
STU08190,16,Female,9,SCH019,2026-10-07
STU08191,16,Male,9,SCH007,2022-09-14
STU08192,18,Female,12,SCH012,2023-07-15
STU08193,16,Female,9,SCH017,2022-12-09
STU08194,17,Female,10,SCH006,2024-01-11
STU08195,13,Female,8,SCH003,2023-01-23
STU08196,14,Female,8,SCH002,2025-12-01
STU08197,16,Male,10,SCH008,2022-12-02
STU08198,12,Female,7,SCH010,2022-06-28
STU08199,17,Male,10,SCH003,2026-02-10
STU08200,17,Male,10,SCH023,2026-08-12
STU08201,15,Female,9,SCH017,2024-09-11
STU08202,15,Male,8,SCH015,2022-03-11
STU08203,15,Female,9,SCH001,2022-03-21
STU08204,16,Male,9,SCH002,2023-01-28
STU08205,14,Male,8,SCH007,2023-01-17
STU08206,19,Female,12,SCH005,2023-08-16
STU08207,13,Male,8,SCH005,2022-01-16
STU08208,17,Female,11,SCH012,2023-07-01
STU08209,14,Female,9,SCH021,2023-07-10
STU08210,14,Male,8,SCH021,2023-01-11
STU08211,15,Male,8,SCH008,2025-01-03
STU08212,14,Female,9,SCH021,2022-11-10
STU08213,14,Female,7,SCH003,2024-07-19
STU08214,18,Female,11,SCH001,2025-10-19
STU08215,16,Male,10,SCH021,2026-12-18
STU08216,14,Female,8,SCH015,2023-10-22
STU08217,14,Female,8,SCH016,2024-08-18
STU08218,14,Female,9,SCH025,2024-02-28
STU08219,14,Male,7,SCH008,2022-02-21
STU08220,15,Female,8,SCH009,2025-02-22
STU08221,16,Female,10,SCH020,2023-11-01
STU08222,18,Female,11,SCH001,2025-04-05
STU08223,15,Female,8,SCH017,2026-03-12
STU08224,18,Female,11,SCH025,2026-12-25
STU08225,16,Female,11,SCH009,2026-12-04
STU08226,18,Female,11,SCH023,2024-12-16
STU08227,14,Male,8,SCH003,2026-03-05
STU08228,18,Female,11,SCH012,2026-12-16
STU08229,14,Female,9,SCH020,2024-10-21
STU08230,14,Female,7,SCH009,2022-09-23
STU08231,16,Female,11,SCH012,2022-01-11
STU08232,15,Female,9,SCH010,2023-04-24
STU08233,19,Female,12,SCH021,2024-08-03
STU08234,15,Male,9,SCH003,2023-10-13
STU08235,15,Female,9,SCH009,2024-01-10
STU08236,18,Male,11,SCH010,2025-09-02
STU08237,16,Female,10,SCH011,2026-06-08
STU08238,17,Male,11,SCH015,2026-05-10
STU08239,15,Male,8,SCH013,2025-01-17
STU08240,14,Female,8,SCH023,2025-07-22
STU08241,14,Female,8,SCH014,2023-04-11
STU08242,14,Female,9,SCH025,2023-03-18
STU08243,18,Female,11,SCH017,2022-04-27
STU08244,15,Female,9,SCH014,2022-11-03
STU08245,15,Female,10,SCH012,2023-01-11
STU08246,17,Female,10,SCH017,2023-10-17
STU08247,13,Male,7,SCH002,2024-12-28
STU08248,18,Female,11,SCH010,2024-04-18
STU08249,15,Female,9,SCH019,2024-03-10
STU08250,17,Female,11,SCH019,2024-01-02
STU08251,15,Female,10,SCH017,2023-12-26
STU08252,18,Female,11,SCH004,2026-06-28
STU08253,14,Male,9,SCH021,2026-12-02
STU08254,12,Male,7,SCH022,2025-12-09
STU08255,16,Female,11,SCH008,2025-05-13
STU08256,15,Female,9,SCH022,2025-01-24
STU08257,13,Female,7,SCH005,2025-07-19
STU08258,15,Male,9,SCH012,2026-01-15
STU08259,14,Male,8,SCH001,2026-03-15
STU08260,16,Male,9,SCH003,2024-11-03
STU08261,13,Male,8,SCH002,2022-09-17
STU08262,16,Male,9,SCH025,2024-03-12
STU08263,16,Male,10,SCH013,2024-09-27
STU08264,14,Male,8,SCH023,2024-06-04
STU08265,16,Male,10,SCH024,2024-09-03
STU08266,19,Male,12,SCH024,2026-10-18
STU08267,15,Female,8,SCH015,2025-03-06
STU08268,15,Female,8,SCH021,2022-02-15
STU08269,17,Male,10,SCH009,2023-05-08
STU08270,13,Female,7,SCH006,2024-04-18
STU08271,13,Male,8,SCH009,2023-07-13
STU08272,15,Female,10,SCH024,2022-07-09
STU08273,18,Non-binary,12,SCH004,2026-05-17
STU08274,18,Male,11,SCH014,2022-10-14
STU08275,15,Female,10,SCH013,2024-02-15
STU08276,17,Male,11,SCH002,2022-03-18
STU08277,17,Female,11,SCH010,2026-04-27
STU08278,19,Female,12,SCH006,2022-04-24
STU08279,17,Male,12,SCH004,2026-07-19
STU08280,14,Female,8,SCH012,2026-11-16
STU08281,18,Female,11,SCH014,2024-06-02
STU08282,15,Male,8,SCH012,2022-01-23
STU08283,13,Female,8,SCH015,2024-11-16
STU08284,16,Female,11,SCH011,2023-07-13
STU08285,14,Female,9,SCH024,2024-08-06
STU08286,19,Female,12,SCH021,2026-03-07
STU08287,13,Female,8,SCH006,2023-02-12
STU08288,14,Non-binary,9,SCH015,2022-06-06
STU08289,14,Male,9,SCH001,2026-10-26
STU08290,14,Male,7,SCH018,2023-06-20
STU08291,17,Female,12,SCH012,2026-02-09
STU08292,15,Female,10,SCH002,2026-09-08
STU08293,13,Female,8,SCH025,2024-08-06
STU08294,16,Male,10,SCH009,2022-08-25
STU08295,14,Male,8,SCH016,2022-07-25
STU08296,17,Male,11,SCH014,2024-01-21
STU08297,15,Female,10,SCH006,2022-03-26
STU08298,15,Male,10,SCH016,2024-10-02
STU08299,14,Male,7,SCH005,2022-09-19
STU08300,14,Female,8,SCH011,2022-09-12
STU08301,14,Male,8,SCH018,2022-11-14
STU08302,15,Male,8,SCH010,2023-07-06
STU08303,16,Female,10,SCH006,2022-06-27
STU08304,18,Male,11,SCH001,2024-01-08
STU08305,13,Female,7,SCH006,2023-06-18
STU08306,17,Male,10,SCH005,2026-01-18
STU08307,14,Female,7,SCH022,2025-05-24
STU08308,18,Female,12,SCH018,2025-07-18
STU08309,17,Male,11,SCH003,2025-05-25
STU08310,13,Female,7,SCH021,2025-02-14
STU08311,18,Female,11,SCH018,2025-03-05
STU08312,15,Female,10,SCH006,2024-06-09
STU08313,16,Female,10,SCH013,2023-09-18
STU08314,17,Male,10,SCH010,2023-11-27
STU08315,17,Female,11,SCH012,2026-04-22
STU08316,14,Female,9,SCH010,2025-12-02
STU08317,18,Male,11,SCH006,2023-01-03
STU08318,16,Male,10,SCH016,2026-08-08
STU08319,13,Female,8,SCH011,2026-08-12
STU08320,16,Female,10,SCH019,2023-07-26
STU08321,19,Female,12,SCH005,2022-10-13
STU08322,19,Male,12,SCH004,2025-09-09
STU08323,18,Male,12,SCH013,2025-08-12
STU08324,17,Male,12,SCH011,2025-08-22
STU08325,14,Male,9,SCH004,2026-05-04
STU08326,14,Female,9,SCH017,2026-05-20
STU08327,16,Male,10,SCH001,2024-04-23
STU08328,15,Male,10,SCH009,2023-09-19
STU08329,13,Female,8,SCH002,2026-04-20
STU08330,15,Male,10,SCH022,2023-09-07
STU08331,15,Female,9,SCH014,2024-07-11
STU08332,19,Male,12,SCH018,2023-09-05
STU08333,13,Male,8,SCH014,2025-07-26
STU08334,18,Female,12,SCH019,2022-04-15
STU08335,16,Female,11,SCH014,2023-04-20
STU08336,16,Female,10,SCH007,2026-07-02
STU08337,14,Male,9,SCH003,2025-03-22
STU08338,17,Female,12,SCH010,2025-04-16
STU08339,17,Female,11,SCH008,2026-05-22
STU08340,16,Male,9,SCH017,2025-05-06
STU08341,15,Male,8,SCH013,2025-08-28
STU08342,13,Female,7,SCH007,2024-06-03
STU08343,16,Male,9,SCH005,2023-05-07
STU08344,16,Female,10,SCH021,2025-11-21
STU08345,14,Female,7,SCH012,2026-10-17
STU08346,17,Female,12,SCH009,2023-02-28
STU08347,16,Male,11,SCH013,2024-09-13
STU08348,19,Female,12,SCH015,2026-02-21
STU08349,14,Female,7,SCH013,2025-09-10
STU08350,16,Male,11,SCH023,2024-11-17
STU08351,16,Female,10,SCH021,2025-02-06
STU08352,17,Male,12,SCH016,2024-08-24
STU08353,12,Female,7,SCH009,2022-10-23
STU08354,18,Male,11,SCH003,2022-06-23
STU08355,16,Female,9,SCH010,2022-04-23
STU08356,19,Female,12,SCH019,2022-01-04
STU08357,17,Female,10,SCH008,2025-01-23
STU08358,18,Male,11,SCH012,2025-08-08
STU08359,17,Male,11,SCH025,2024-02-16
STU08360,14,Male,8,SCH010,2026-11-22
STU08361,17,Male,12,SCH013,2022-07-13
STU08362,17,Male,11,SCH014,2026-05-06
STU08363,18,Female,11,SCH015,2022-11-11
STU08364,12,Female,7,SCH019,2023-06-28
STU08365,17,Female,10,SCH023,2025-09-17
STU08366,15,Female,8,SCH004,2022-11-07
STU08367,14,Female,8,SCH011,2024-06-05
STU08368,15,Female,10,SCH017,2024-03-24
STU08369,18,Male,12,SCH003,2023-08-10
STU08370,17,Female,10,SCH015,2026-07-02
STU08371,16,Male,9,SCH006,2022-02-20
STU08372,14,Female,9,SCH023,2024-03-28
STU08373,13,Male,8,SCH013,2024-12-11
STU08374,13,Male,8,SCH004,2022-01-19
STU08375,16,Male,9,SCH013,2026-04-17
STU08376,18,Female,12,SCH018,2024-02-25
STU08377,19,Male,12,SCH005,2024-01-20
STU08378,18,Female,11,SCH004,2026-05-20
STU08379,14,Female,9,SCH009,2025-11-04
STU08380,13,Female,8,SCH021,2022-12-28
STU08381,18,Female,11,SCH019,2024-03-23
STU08382,16,Female,11,SCH017,2025-04-22
STU08383,15,Male,10,SCH017,2024-06-27
STU08384,14,Male,7,SCH001,2026-08-21
STU08385,16,Male,11,SCH017,2025-10-09
STU08386,15,Male,8,SCH010,2022-10-03
STU08387,16,Male,11,SCH012,2024-12-26
STU08388,14,Male,8,SCH003,2023-03-13
STU08389,19,Male,12,SCH023,2023-09-09
STU08390,15,Female,10,SCH017,2026-12-28
STU08391,15,Female,10,SCH013,2026-06-12
STU08392,12,Female,7,SCH003,2023-04-17
STU08393,13,Female,8,SCH017,2023-02-20
STU08394,17,Male,10,SCH015,2024-08-26
STU08395,15,Male,10,SCH025,2022-07-28
STU08396,17,Female,12,SCH014,2024-05-20
STU08397,19,Male,12,SCH016,2024-03-06
STU08398,16,Male,11,SCH005,2024-11-28
STU08399,16,Female,9,SCH016,2025-09-05
STU08400,17,Male,10,SCH007,2025-05-15
STU08401,16,Male,9,SCH002,2025-10-07
STU08402,15,Male,9,SCH025,2022-04-07
STU08403,15,Female,9,SCH011,2026-08-08
STU08404,14,Male,9,SCH004,2025-08-24
STU08405,16,Male,9,SCH010,2024-09-04
STU08406,15,Female,8,SCH014,2026-06-10
STU08407,18,Male,12,SCH012,2026-12-15
STU08408,16,Female,11,SCH015,2022-08-24
STU08409,16,Male,10,SCH003,2025-12-27
STU08410,16,Female,10,SCH001,2022-05-23
STU08411,19,Male,12,SCH023,2025-02-24
STU08412,13,Male,8,SCH010,2026-07-22
STU08413,16,Female,10,SCH013,2025-01-05
STU08414,15,Female,8,SCH019,2025-12-20
STU08415,15,Female,8,SCH008,2025-09-03
STU08416,18,Female,11,SCH004,2022-07-09
STU08417,13,Female,7,SCH015,2023-12-05
STU08418,16,Non-binary,10,SCH021,2026-04-02
STU08419,14,Male,8,SCH006,2025-09-17
STU08420,16,Female,11,SCH002,2022-06-10
STU08421,16,Male,11,SCH015,2023-08-25
STU08422,16,Male,10,SCH017,2025-11-17
STU08423,13,Female,8,SCH003,2023-11-04
STU08424,16,Male,9,SCH013,2026-09-01
STU08425,15,Female,9,SCH006,2026-07-21
STU08426,16,Male,10,SCH023,2023-05-10
STU08427,16,Female,9,SCH014,2022-07-03
STU08428,16,Male,11,SCH010,2026-12-15
STU08429,12,Female,7,SCH007,2025-10-26
STU08430,19,Female,12,SCH013,2022-03-26
STU08431,16,Male,11,SCH014,2026-04-19
STU08432,14,Female,9,SCH009,2023-12-25
STU08433,14,Male,9,SCH025,2023-12-02
STU08434,17,Female,12,SCH004,2026-06-16
STU08435,14,Male,7,SCH014,2025-07-03
STU08436,12,Female,7,SCH018,2023-06-21
STU08437,16,Male,11,SCH019,2024-08-25
STU08438,15,Female,9,SCH007,2025-05-22
STU08439,16,Male,10,SCH020,2024-04-18
STU08440,15,Male,9,SCH018,2023-05-05
STU08441,17,Male,11,SCH005,2024-02-11
STU08442,17,Male,11,SCH012,2025-08-15
STU08443,14,Male,8,SCH006,2025-10-16
STU08444,15,Female,9,SCH017,2022-08-01
STU08445,16,Male,11,SCH001,2023-04-27
STU08446,18,Male,12,SCH009,2022-12-23
STU08447,14,Male,7,SCH025,2022-06-27
STU08448,15,Female,8,SCH015,2022-06-18
STU08449,17,Female,11,SCH022,2023-01-24
STU08450,14,Male,8,SCH022,2023-04-11
STU08451,16,Male,10,SCH017,2023-01-24
STU08452,15,Male,9,SCH011,2023-12-18
STU08453,18,Male,12,SCH023,2026-12-05
STU08454,14,Female,8,SCH014,2025-10-18
STU08455,13,Female,7,SCH013,2026-06-06
STU08456,13,Female,7,SCH004,2026-03-01
STU08457,15,Female,9,SCH019,2022-01-03
STU08458,17,Female,12,SCH012,2022-09-07
STU08459,15,Female,9,SCH016,2024-04-26
STU08460,15,Female,8,SCH012,2026-01-20
STU08461,13,Female,7,SCH007,2026-08-22
STU08462,18,Female,11,SCH016,2022-08-07
STU08463,15,Female,10,SCH007,2023-05-16
STU08464,19,Female,12,SCH012,2026-09-19
STU08465,14,Female,9,SCH020,2022-02-16
STU08466,16,Female,9,SCH011,2026-06-01
STU08467,12,Female,7,SCH003,2023-03-17
STU08468,17,Male,11,SCH016,2024-02-07
STU08469,17,Male,11,SCH014,2023-12-03
STU08470,16,Female,10,SCH019,2022-02-22
STU08471,14,Female,8,SCH018,2026-12-24
STU08472,17,Male,12,SCH010,2022-02-01
STU08473,18,Male,11,SCH010,2022-02-28
STU08474,12,Female,7,SCH015,2022-02-04
STU08475,15,Male,10,SCH009,2026-09-14
STU08476,15,Female,8,SCH022,2022-06-20
STU08477,14,Male,8,SCH013,2026-08-09
STU08478,16,Male,9,SCH019,2025-06-25
STU08479,14,Female,7,SCH012,2023-11-05
STU08480,14,Male,7,SCH016,2026-02-06
STU08481,17,Female,10,SCH001,2026-03-22
STU08482,17,Male,10,SCH014,2022-05-28
STU08483,16,Female,9,SCH016,2024-01-15
STU08484,15,Male,10,SCH024,2022-07-24
STU08485,16,Male,9,SCH004,2024-01-09
STU08486,14,Male,9,SCH002,2023-06-09
STU08487,15,Female,9,SCH023,2026-04-08
STU08488,14,Female,7,SCH024,2026-12-03
STU08489,14,Female,8,SCH006,2025-01-19
STU08490,17,Male,11,SCH009,2023-07-28
STU08491,12,Male,7,SCH005,2022-01-09
STU08492,15,Male,8,SCH015,2023-10-06
STU08493,17,Male,11,SCH020,2025-06-08
STU08494,17,Female,10,SCH012,2024-02-21
STU08495,14,Male,8,SCH002,2023-09-12
STU08496,15,Male,10,SCH015,2023-08-04
STU08497,16,Male,10,SCH011,2022-11-20
STU08498,18,Male,11,SCH006,2023-03-17
STU08499,17,Male,11,SCH013,2023-02-22
STU08500,15,Female,8,SCH023,2026-07-13
STU08501,17,Male,12,SCH020,2024-04-27
STU08502,13,Male,8,SCH006,2026-07-12
STU08503,17,Female,10,SCH009,2022-09-04
STU08504,18,Female,11,SCH020,2025-02-24
STU08505,16,Male,9,SCH013,2025-10-16
STU08506,16,Female,11,SCH007,2026-12-12
STU08507,16,Male,11,SCH007,2022-03-27
STU08508,18,Female,12,SCH008,2026-09-26
STU08509,13,Female,7,SCH014,2022-01-25
STU08510,14,Female,9,SCH007,2026-02-20
STU08511,14,Male,8,SCH004,2024-10-18
STU08512,17,Male,11,SCH021,2024-04-27
STU08513,18,Female,11,SCH022,2023-01-12
STU08514,15,Male,10,SCH005,2022-09-17
STU08515,14,Male,9,SCH015,2024-08-25
STU08516,12,Male,7,SCH002,2025-09-13
STU08517,16,Female,9,SCH009,2024-08-11
STU08518,18,Male,11,SCH016,2023-01-20
STU08519,15,Male,10,SCH011,2025-12-17
STU08520,15,Female,10,SCH006,2023-04-07
STU08521,16,Male,10,SCH002,2022-08-20
STU08522,14,Male,7,SCH006,2026-05-11
STU08523,16,Female,9,SCH013,2024-09-23
STU08524,18,Female,11,SCH016,2025-04-09
STU08525,17,Male,12,SCH012,2026-09-10
STU08526,12,Female,7,SCH025,2025-03-11
STU08527,15,Male,8,SCH011,2023-11-23
STU08528,17,Male,10,SCH004,2025-11-12
STU08529,16,Female,9,SCH013,2025-10-01
STU08530,16,Male,10,SCH019,2024-09-23
STU08531,14,Non-binary,9,SCH022,2022-07-23
STU08532,17,Male,11,SCH024,2023-01-12
STU08533,16,Male,9,SCH025,2023-02-09
STU08534,14,Female,8,SCH009,2024-10-22
STU08535,18,Female,12,SCH001,2024-07-22
STU08536,17,Male,12,SCH018,2024-10-28
STU08537,15,Female,10,SCH010,2024-11-14
STU08538,14,Female,9,SCH020,2026-08-01
STU08539,12,Female,7,SCH003,2024-09-20
STU08540,14,Female,9,SCH008,2026-03-01
STU08541,15,Female,10,SCH013,2023-02-14
STU08542,15,Male,9,SCH008,2022-11-21
STU08543,14,Female,9,SCH002,2024-12-03
STU08544,15,Female,10,SCH003,2025-07-02
STU08545,16,Male,11,SCH009,2026-01-25
STU08546,14,Male,9,SCH010,2025-06-10
STU08547,12,Female,7,SCH002,2022-06-08
STU08548,15,Female,9,SCH005,2025-11-10
STU08549,14,Female,8,SCH025,2026-09-26
STU08550,16,Non-binary,11,SCH022,2023-06-05
STU08551,16,Male,11,SCH014,2024-10-09
STU08552,14,Male,9,SCH010,2025-11-11
STU08553,16,Female,10,SCH018,2024-04-13
STU08554,15,Male,9,SCH009,2023-05-08
STU08555,15,Male,10,SCH004,2025-12-22
STU08556,15,Female,9,SCH001,2025-01-16
STU08557,18,Female,12,SCH001,2026-05-19
STU08558,17,Female,11,SCH021,2023-01-14
STU08559,17,Female,11,SCH023,2022-02-11
STU08560,16,Male,11,SCH009,2023-01-07
STU08561,18,Male,12,SCH020,2023-07-01
STU08562,17,Male,11,SCH004,2023-10-19
STU08563,13,Male,8,SCH012,2024-06-04
STU08564,16,Female,11,SCH004,2024-06-01
STU08565,18,Female,11,SCH003,2026-02-05
STU08566,16,Male,10,SCH024,2023-12-08
STU08567,14,Female,7,SCH007,2022-04-11
STU08568,15,Male,8,SCH008,2025-11-04
STU08569,16,Male,10,SCH001,2024-02-17
STU08570,17,Non-binary,11,SCH012,2024-04-04
STU08571,18,Male,12,SCH021,2024-05-03
STU08572,13,Male,7,SCH019,2026-10-22
STU08573,16,Female,11,SCH012,2024-11-09
STU08574,17,Male,11,SCH004,2025-09-21
STU08575,13,Female,8,SCH018,2025-10-07
STU08576,16,Female,11,SCH022,2022-09-02
STU08577,13,Female,8,SCH015,2024-03-02
STU08578,13,Male,7,SCH024,2025-06-19
STU08579,17,Female,12,SCH006,2023-03-11
STU08580,17,Female,12,SCH005,2025-08-09
STU08581,13,Female,8,SCH013,2025-02-26
STU08582,17,Male,12,SCH016,2022-12-21
STU08583,13,Male,7,SCH023,2024-08-24
STU08584,16,Male,11,SCH001,2024-07-17
STU08585,15,Male,9,SCH011,2024-07-07
STU08586,16,Male,10,SCH020,2025-10-21
STU08587,17,Female,10,SCH016,2024-12-11
STU08588,16,Male,11,SCH023,2022-10-19
STU08589,16,Female,10,SCH016,2022-03-22
STU08590,16,Male,10,SCH003,2025-01-09
STU08591,14,Female,8,SCH006,2022-10-20
STU08592,14,Male,9,SCH004,2026-01-19
STU08593,18,Female,12,SCH017,2025-08-24
STU08594,15,Male,10,SCH006,2023-09-28
STU08595,18,Female,11,SCH007,2023-12-10
STU08596,14,Female,7,SCH003,2023-04-20
STU08597,16,Male,11,SCH025,2023-05-13
STU08598,13,Male,8,SCH007,2024-10-19
STU08599,13,Male,7,SCH019,2024-03-05
STU08600,18,Female,12,SCH003,2026-08-20
STU08601,18,Female,12,SCH010,2026-06-09
STU08602,17,Female,11,SCH007,2025-03-28
STU08603,17,Female,10,SCH002,2026-02-22
STU08604,17,Female,10,SCH010,2023-03-06
STU08605,14,Male,8,SCH023,2023-04-26
STU08606,15,Male,9,SCH018,2022-06-21
STU08607,16,Male,11,SCH018,2023-01-28
STU08608,15,Female,8,SCH023,2022-09-07
STU08609,15,Male,9,SCH007,2022-02-08
STU08610,13,Male,7,SCH003,2025-10-11
STU08611,14,Female,7,SCH012,2022-07-06
STU08612,17,Male,10,SCH019,2024-01-20
STU08613,16,Female,9,SCH001,2025-04-18
STU08614,17,Male,11,SCH001,2022-01-06
STU08615,18,Female,12,SCH015,2023-12-08
STU08616,13,Male,8,SCH011,2026-12-15
STU08617,12,Female,7,SCH004,2026-02-24
STU08618,15,Female,9,SCH002,2025-12-04
STU08619,16,Female,10,SCH023,2024-08-26
STU08620,18,Male,11,SCH022,2025-12-27
STU08621,16,Male,9,SCH018,2023-09-23
STU08622,16,Female,10,SCH010,2023-08-08
STU08623,15,Male,9,SCH011,2022-02-02
STU08624,16,Female,11,SCH016,2024-09-28
STU08625,16,Male,9,SCH021,2026-03-07
STU08626,17,Female,11,SCH023,2022-02-02
STU08627,16,Female,9,SCH015,2022-01-01
STU08628,17,Male,10,SCH008,2022-06-01
STU08629,15,Male,10,SCH020,2024-07-26
STU08630,13,Female,7,SCH020,2026-08-03
STU08631,17,Male,11,SCH014,2026-12-28
STU08632,14,Female,7,SCH005,2024-03-09
STU08633,16,Male,10,SCH025,2026-09-25
STU08634,19,Female,12,SCH022,2023-04-05
STU08635,16,Female,9,SCH004,2026-02-10
STU08636,17,Female,12,SCH006,2022-03-16
STU08637,16,Male,11,SCH011,2024-12-14
STU08638,17,Male,11,SCH003,2024-06-17
STU08639,18,Female,12,SCH016,2024-04-19
STU08640,14,Male,8,SCH018,2026-09-14
STU08641,16,Female,9,SCH015,2024-09-10
STU08642,18,Female,11,SCH013,2024-04-28
STU08643,15,Female,8,SCH005,2022-05-24
STU08644,15,Female,9,SCH013,2026-05-20
STU08645,15,Female,10,SCH001,2024-06-03
STU08646,19,Female,12,SCH002,2026-03-21
STU08647,14,Female,7,SCH015,2025-01-16
STU08648,17,Female,11,SCH023,2023-12-25
STU08649,17,Male,10,SCH019,2024-12-06
STU08650,15,Female,10,SCH006,2022-08-06
STU08651,17,Female,11,SCH002,2022-10-04
STU08652,16,Male,11,SCH006,2022-12-08
STU08653,15,Male,10,SCH012,2024-07-19
STU08654,17,Female,10,SCH010,2023-10-01
STU08655,17,Female,10,SCH025,2022-11-17
STU08656,15,Female,8,SCH010,2025-03-05
STU08657,15,Female,10,SCH018,2025-11-09
STU08658,15,Male,8,SCH010,2025-08-15
STU08659,17,Male,10,SCH025,2023-02-21
STU08660,12,Male,7,SCH006,2024-07-01
STU08661,15,Female,10,SCH020,2024-02-18
STU08662,14,Female,8,SCH002,2022-04-06
STU08663,14,Female,7,SCH014,2026-05-23
STU08664,16,Male,11,SCH016,2023-11-05
STU08665,15,Female,8,SCH001,2022-02-24
STU08666,16,Male,11,SCH015,2022-03-01
STU08667,15,Male,9,SCH024,2026-06-21
STU08668,16,Female,11,SCH005,2023-04-10
STU08669,14,Female,8,SCH017,2023-11-09
STU08670,18,Female,11,SCH015,2023-12-05
STU08671,16,Female,11,SCH015,2024-01-01
STU08672,17,Female,12,SCH025,2026-09-04
STU08673,13,Male,8,SCH023,2022-11-01
STU08674,19,Male,12,SCH016,2024-08-13
STU08675,17,Male,11,SCH005,2025-12-26
STU08676,15,Male,10,SCH017,2024-07-19
STU08677,13,Female,7,SCH018,2025-07-27
STU08678,19,Female,12,SCH012,2022-09-07
STU08679,16,Male,10,SCH008,2022-01-02
STU08680,14,Male,7,SCH016,2022-06-23
STU08681,17,Male,11,SCH013,2025-11-15
STU08682,16,Female,9,SCH018,2024-02-08
STU08683,18,Male,12,SCH010,2026-05-02
STU08684,15,Non-binary,10,SCH001,2026-08-03
STU08685,15,Male,10,SCH012,2024-07-11
STU08686,17,Male,11,SCH011,2025-08-17
STU08687,17,Female,11,SCH015,2026-03-10
STU08688,15,Female,9,SCH023,2022-07-28
STU08689,17,Female,11,SCH006,2024-04-21
STU08690,15,Female,10,SCH006,2023-11-17
STU08691,16,Male,9,SCH013,2023-01-21
STU08692,15,Male,10,SCH016,2023-08-10
STU08693,15,Female,8,SCH024,2025-11-13
STU08694,19,Male,12,SCH015,2024-04-10
STU08695,12,Female,7,SCH004,2022-07-26
STU08696,14,Female,9,SCH005,2024-10-03
STU08697,14,Male,9,SCH014,2022-08-10
STU08698,19,Female,12,SCH015,2023-09-26
STU08699,13,Male,8,SCH025,2022-11-08
STU08700,17,Female,11,SCH014,2025-02-17
STU08701,18,Female,12,SCH001,2024-06-17
STU08702,14,Male,7,SCH022,2025-03-08
STU08703,17,Male,10,SCH021,2022-03-22
STU08704,18,Male,12,SCH001,2023-09-15
STU08705,15,Male,8,SCH018,2024-02-11
STU08706,14,Male,7,SCH010,2026-12-28
STU08707,18,Female,12,SCH014,2024-01-19
STU08708,12,Female,7,SCH015,2025-02-05
STU08709,18,Female,11,SCH020,2024-07-25
STU08710,13,Female,7,SCH006,2023-02-19
STU08711,12,Male,7,SCH005,2025-09-23
STU08712,17,Male,11,SCH025,2026-05-24
STU08713,16,Male,10,SCH018,2023-03-28
STU08714,17,Male,12,SCH003,2024-12-25
STU08715,14,Male,7,SCH022,2026-05-03
STU08716,13,Female,7,SCH019,2023-09-01
STU08717,16,Female,11,SCH016,2023-03-10
STU08718,17,Male,10,SCH001,2026-10-13
STU08719,17,Female,11,SCH016,2025-07-17
STU08720,13,Male,8,SCH002,2025-02-16
STU08721,17,Female,12,SCH019,2025-10-19
STU08722,16,Male,11,SCH012,2023-08-21
STU08723,17,Female,12,SCH025,2022-02-08
STU08724,17,Male,12,SCH012,2025-06-15
STU08725,12,Male,7,SCH018,2026-03-22
STU08726,18,Male,12,SCH015,2022-08-16
STU08727,13,Male,8,SCH014,2023-09-20
STU08728,15,Female,10,SCH020,2025-06-01
STU08729,13,Male,8,SCH002,2024-08-03
STU08730,17,Female,11,SCH010,2022-08-10
STU08731,16,Male,10,SCH007,2023-05-05
STU08732,15,Male,8,SCH002,2023-04-02
STU08733,19,Female,12,SCH012,2026-02-13
STU08734,17,Male,11,SCH002,2026-11-03
STU08735,15,Female,9,SCH014,2022-08-08
STU08736,17,Female,10,SCH020,2025-11-13
STU08737,17,Female,11,SCH024,2022-10-26
STU08738,15,Male,10,SCH025,2025-06-11
STU08739,18,Female,12,SCH012,2024-03-22
STU08740,17,Male,11,SCH014,2024-07-15
STU08741,14,Male,7,SCH012,2022-08-23
STU08742,17,Male,10,SCH010,2025-08-07
STU08743,16,Male,11,SCH017,2025-07-19
STU08744,15,Male,8,SCH005,2022-09-15
STU08745,14,Male,7,SCH003,2024-06-11
STU08746,15,Female,10,SCH003,2022-11-10
STU08747,18,Female,11,SCH009,2026-11-21
STU08748,15,Male,8,SCH010,2023-06-05
STU08749,15,Male,10,SCH024,2023-03-01
STU08750,13,Male,8,SCH015,2025-10-19
STU08751,17,Female,12,SCH008,2026-03-28
STU08752,14,Male,7,SCH007,2023-05-12
STU08753,17,Female,10,SCH018,2023-09-15
STU08754,14,Male,8,SCH014,2023-11-21
STU08755,15,Male,10,SCH009,2026-03-08
STU08756,14,Male,7,SCH021,2024-01-17
STU08757,13,Female,7,SCH001,2025-11-12
STU08758,15,Male,9,SCH018,2024-10-18
STU08759,16,Female,10,SCH015,2023-03-20
STU08760,16,Female,11,SCH006,2022-11-04
STU08761,14,Male,7,SCH025,2022-06-17
STU08762,15,Male,8,SCH020,2023-07-06
STU08763,14,Male,7,SCH002,2025-08-24
STU08764,15,Male,8,SCH024,2025-11-27
STU08765,18,Female,12,SCH014,2026-09-08
STU08766,15,Male,10,SCH021,2025-05-12
STU08767,14,Female,7,SCH022,2024-07-07
STU08768,14,Male,9,SCH015,2024-03-17
STU08769,18,Female,11,SCH006,2023-08-12
STU08770,19,Female,12,SCH008,2022-08-02
STU08771,14,Male,7,SCH004,2026-02-28
STU08772,19,Non-binary,12,SCH022,2024-01-20
STU08773,16,Male,11,SCH025,2025-03-22
STU08774,17,Female,12,SCH015,2025-02-12
STU08775,17,Male,12,SCH019,2022-06-28
STU08776,16,Male,9,SCH019,2023-03-15
STU08777,14,Female,8,SCH010,2022-06-02
STU08778,18,Male,11,SCH022,2025-12-20
STU08779,19,Female,12,SCH021,2025-12-07
STU08780,16,Female,11,SCH013,2022-08-16
STU08781,17,Female,10,SCH009,2024-12-02
STU08782,15,Male,9,SCH003,2023-03-19
STU08783,17,Male,11,SCH018,2022-04-20
STU08784,16,Female,11,SCH011,2024-09-22
STU08785,14,Male,8,SCH004,2023-10-01
STU08786,12,Female,7,SCH004,2023-11-10
STU08787,14,Female,7,SCH008,2022-01-18
STU08788,16,Male,10,SCH018,2026-03-07
STU08789,15,Female,10,SCH014,2026-01-21
STU08790,12,Male,7,SCH013,2022-10-18
STU08791,17,Male,12,SCH011,2024-03-04
STU08792,16,Male,11,SCH017,2024-11-18
STU08793,13,Male,8,SCH001,2024-09-12
STU08794,15,Male,9,SCH022,2025-02-23
STU08795,15,Male,9,SCH005,2024-08-24
STU08796,17,Female,12,SCH006,2023-03-21
STU08797,13,Male,8,SCH021,2025-07-17
STU08798,18,Female,11,SCH024,2024-04-20
STU08799,15,Male,10,SCH019,2025-06-10
STU08800,14,Female,9,SCH004,2025-10-01
STU08801,16,Female,10,SCH015,2025-07-01
STU08802,15,Male,10,SCH005,2024-08-09
STU08803,14,Female,8,SCH018,2023-03-22
STU08804,13,Female,8,SCH020,2022-09-23
STU08805,16,Non-binary,11,SCH016,2024-11-09
STU08806,18,Female,12,SCH008,2022-12-05
STU08807,16,Male,10,SCH017,2024-09-20
STU08808,18,Male,12,SCH002,2024-02-02
STU08809,14,Male,8,SCH008,2024-04-20
STU08810,14,Male,9,SCH015,2023-01-03
STU08811,15,Male,8,SCH006,2023-04-10
STU08812,15,Male,9,SCH001,2025-09-12
STU08813,15,Male,8,SCH001,2024-10-16
STU08814,16,Non-binary,10,SCH020,2025-05-05
STU08815,15,Female,8,SCH015,2024-09-21
STU08816,15,Female,10,SCH014,2026-06-07
STU08817,13,Female,7,SCH024,2025-03-07
STU08818,18,Female,11,SCH001,2025-05-16
STU08819,14,Male,9,SCH023,2024-05-05
STU08820,16,Female,11,SCH024,2026-01-20
STU08821,17,Female,11,SCH018,2024-11-14
STU08822,17,Male,10,SCH009,2024-09-25
STU08823,12,Female,7,SCH014,2024-09-05
STU08824,13,Female,8,SCH009,2026-07-05
STU08825,17,Male,10,SCH009,2025-12-06
STU08826,18,Female,12,SCH013,2026-01-05
STU08827,14,Female,7,SCH018,2026-06-07
STU08828,15,Male,8,SCH007,2026-06-03
STU08829,17,Female,10,SCH016,2024-10-06
STU08830,19,Male,12,SCH011,2026-04-22
STU08831,17,Male,10,SCH007,2026-06-20
STU08832,16,Female,10,SCH005,2023-09-03
STU08833,16,Male,9,SCH012,2023-03-15
STU08834,18,Male,12,SCH025,2025-09-14
STU08835,14,Female,9,SCH020,2024-09-03
STU08836,18,Female,12,SCH012,2025-09-25
STU08837,19,Male,12,SCH006,2022-09-06
STU08838,18,Female,11,SCH025,2026-05-03
STU08839,17,Male,11,SCH016,2025-05-22
STU08840,15,Female,8,SCH024,2023-04-01
STU08841,13,Male,7,SCH019,2022-05-13
STU08842,13,Female,8,SCH012,2023-04-27
STU08843,15,Male,10,SCH016,2024-11-07
STU08844,14,Male,8,SCH015,2025-05-05
STU08845,12,Male,7,SCH019,2025-09-11
STU08846,14,Male,9,SCH003,2023-06-21
STU08847,15,Male,9,SCH009,2025-01-19
STU08848,16,Female,11,SCH009,2026-10-16
STU08849,15,Male,9,SCH014,2025-10-20
STU08850,16,Male,11,SCH020,2024-03-25
STU08851,15,Female,10,SCH006,2026-10-27
STU08852,13,Male,7,SCH017,2022-05-12
STU08853,13,Male,8,SCH022,2025-07-14
STU08854,13,Female,8,SCH025,2025-07-08
STU08855,15,Female,10,SCH005,2025-01-28
STU08856,19,Male,12,SCH011,2023-12-27
STU08857,18,Male,11,SCH014,2026-09-23
STU08858,16,Female,11,SCH019,2022-02-16
STU08859,14,Female,8,SCH017,2025-05-06
STU08860,17,Male,11,SCH019,2026-09-01
STU08861,14,Male,9,SCH013,2026-10-26
STU08862,16,Female,11,SCH014,2024-03-21
STU08863,13,Male,8,SCH007,2022-09-12
STU08864,14,Female,8,SCH004,2026-11-13
STU08865,15,Male,10,SCH018,2025-03-07
STU08866,18,Male,12,SCH013,2025-07-12
STU08867,16,Female,10,SCH001,2026-09-26
STU08868,12,Male,7,SCH018,2023-07-28
STU08869,13,Male,8,SCH020,2024-11-01
STU08870,15,Female,8,SCH015,2023-12-11
STU08871,18,Male,12,SCH001,2024-05-17
STU08872,17,Male,11,SCH014,2023-05-23
STU08873,13,Female,8,SCH003,2025-01-27
STU08874,16,Female,9,SCH021,2025-02-08
STU08875,16,Male,10,SCH008,2025-10-25
STU08876,17,Male,11,SCH014,2024-10-11
STU08877,16,Male,9,SCH020,2024-07-13
STU08878,14,Male,8,SCH023,2024-02-16
STU08879,17,Male,11,SCH004,2022-12-10
STU08880,16,Female,9,SCH025,2026-04-23
STU08881,14,Female,9,SCH015,2022-04-16
STU08882,15,Male,10,SCH018,2022-04-12
STU08883,15,Female,10,SCH011,2023-02-21
STU08884,16,Male,10,SCH017,2025-05-11
STU08885,19,Male,12,SCH024,2023-01-26
STU08886,15,Male,10,SCH001,2026-11-04
STU08887,17,Female,10,SCH021,2026-01-27
STU08888,17,Male,10,SCH023,2025-07-22
STU08889,17,Female,10,SCH022,2026-08-28
STU08890,16,Female,11,SCH022,2022-04-14
STU08891,13,Male,7,SCH024,2025-10-22
STU08892,17,Male,12,SCH011,2026-04-14
STU08893,15,Female,8,SCH007,2025-04-28
STU08894,18,Female,12,SCH021,2022-02-14
STU08895,13,Male,8,SCH021,2022-08-11
STU08896,13,Female,8,SCH022,2025-03-25
STU08897,18,Male,11,SCH024,2023-01-15
STU08898,14,Male,8,SCH021,2022-08-16
STU08899,16,Male,11,SCH008,2023-11-26
STU08900,16,Female,9,SCH022,2022-04-20
STU08901,15,Male,10,SCH022,2023-11-13
STU08902,15,Female,9,SCH016,2023-12-09
STU08903,12,Female,7,SCH025,2022-01-22
STU08904,15,Male,8,SCH021,2025-02-27
STU08905,15,Female,8,SCH012,2024-01-24
STU08906,18,Male,12,SCH017,2025-07-28
STU08907,14,Female,7,SCH006,2025-08-24
STU08908,15,Male,8,SCH025,2023-04-18
STU08909,15,Male,9,SCH004,2026-06-16
STU08910,17,Female,11,SCH011,2022-06-14
STU08911,16,Male,11,SCH002,2022-10-03
STU08912,14,Female,7,SCH025,2024-03-24
STU08913,14,Female,9,SCH019,2025-03-12
STU08914,13,Male,7,SCH012,2024-05-09
STU08915,16,Female,9,SCH008,2022-07-17
STU08916,16,Male,11,SCH002,2022-09-20
STU08917,15,Female,10,SCH014,2025-08-22
STU08918,17,Female,11,SCH008,2022-10-28
STU08919,16,Male,10,SCH007,2023-12-21
STU08920,16,Female,10,SCH004,2023-09-02
STU08921,15,Female,9,SCH007,2025-12-09
STU08922,18,Female,11,SCH016,2024-05-22
STU08923,13,Male,8,SCH003,2022-01-06
STU08924,15,Female,9,SCH017,2026-06-03
STU08925,15,Female,9,SCH025,2024-07-20
STU08926,17,Male,12,SCH009,2023-04-28
STU08927,17,Male,11,SCH012,2024-12-26
STU08928,17,Female,11,SCH024,2026-11-13
STU08929,12,Male,7,SCH019,2026-10-21
STU08930,17,Female,12,SCH009,2024-12-16
STU08931,18,Female,12,SCH018,2022-11-01
STU08932,15,Male,9,SCH016,2026-11-12
STU08933,15,Male,9,SCH023,2024-04-24
STU08934,16,Male,9,SCH001,2024-10-04
STU08935,16,Male,9,SCH018,2022-12-18
STU08936,18,Female,12,SCH010,2025-05-12
STU08937,18,Male,11,SCH025,2023-09-08
STU08938,15,Female,8,SCH020,2023-09-15
STU08939,13,Female,7,SCH008,2025-05-04
STU08940,16,Male,10,SCH004,2026-07-22
STU08941,19,Male,12,SCH009,2024-03-17
STU08942,17,Male,11,SCH024,2025-08-15
STU08943,16,Male,9,SCH003,2022-11-26
STU08944,16,Female,9,SCH002,2026-09-17
STU08945,16,Female,10,SCH016,2026-05-22
STU08946,16,Female,10,SCH024,2026-09-03
STU08947,16,Male,10,SCH010,2025-09-28
STU08948,15,Male,8,SCH010,2023-03-26
STU08949,15,Female,10,SCH019,2024-03-16
STU08950,18,Female,11,SCH019,2024-10-04
STU08951,16,Female,10,SCH001,2024-09-01
STU08952,16,Female,11,SCH013,2026-11-18
STU08953,18,Male,12,SCH022,2024-10-05
STU08954,13,Male,7,SCH015,2025-02-03
STU08955,19,Female,12,SCH023,2025-08-24
STU08956,19,Male,12,SCH021,2022-09-05
STU08957,15,Female,8,SCH009,2026-10-02
STU08958,16,Female,10,SCH016,2026-02-04
STU08959,14,Male,9,SCH011,2025-12-15
STU08960,15,Male,8,SCH020,2023-08-05
STU08961,17,Male,12,SCH018,2025-04-25
STU08962,18,Male,11,SCH021,2026-04-08
STU08963,14,Male,9,SCH023,2024-04-21
STU08964,12,Male,7,SCH015,2025-08-05
STU08965,17,Female,12,SCH006,2023-09-26
STU08966,19,Female,12,SCH007,2023-08-07
STU08967,16,Female,11,SCH015,2022-10-23
STU08968,18,Male,11,SCH024,2026-02-25
STU08969,17,Male,11,SCH012,2026-11-16
STU08970,18,Female,12,SCH018,2023-05-19
STU08971,14,Non-binary,7,SCH016,2022-02-24
STU08972,16,Female,9,SCH024,2022-09-04
STU08973,16,Female,11,SCH015,2024-11-04
STU08974,15,Male,9,SCH007,2026-05-12
STU08975,15,Male,10,SCH021,2022-08-06
STU08976,17,Female,12,SCH025,2024-11-10
STU08977,19,Female,12,SCH015,2024-11-14
STU08978,18,Male,12,SCH025,2023-12-06
STU08979,17,Female,11,SCH009,2026-03-21
STU08980,14,Female,7,SCH011,2024-05-22
STU08981,17,Female,12,SCH021,2024-07-16
STU08982,12,Male,7,SCH010,2026-09-28
STU08983,17,Male,10,SCH011,2025-11-22
STU08984,13,Male,8,SCH015,2023-01-08
STU08985,17,Female,12,SCH009,2026-09-03
STU08986,17,Male,11,SCH013,2024-02-12
STU08987,17,Female,11,SCH025,2026-08-16
STU08988,14,Female,9,SCH006,2022-07-23
STU08989,17,Female,11,SCH022,2023-01-15
STU08990,14,Male,8,SCH005,2025-05-21
STU08991,17,Male,10,SCH003,2025-01-03
STU08992,17,Male,12,SCH012,2023-10-18
STU08993,17,Male,10,SCH019,2024-02-06
STU08994,16,Female,10,SCH014,2024-09-14
STU08995,15,Male,8,SCH015,2022-02-27
STU08996,13,Female,8,SCH009,2024-05-06
STU08997,12,Male,7,SCH004,2022-06-22
STU08998,13,Male,7,SCH015,2022-12-28
STU08999,14,Female,8,SCH001,2023-03-21
STU09000,18,Female,11,SCH005,2022-05-23
STU09001,15,Female,8,SCH014,2024-05-23
STU09002,13,Male,8,SCH006,2023-01-17
STU09003,15,Male,9,SCH019,2024-02-10
STU09004,17,Male,11,SCH007,2023-03-07
STU09005,14,Female,9,SCH007,2022-06-01
STU09006,18,Female,12,SCH009,2024-01-10
STU09007,16,Female,10,SCH020,2026-03-04
STU09008,16,Male,10,SCH003,2023-10-17
STU09009,15,Male,9,SCH009,2025-08-01
STU09010,15,Male,9,SCH011,2024-07-10
STU09011,17,Female,12,SCH011,2026-04-13
STU09012,14,Male,9,SCH013,2025-10-20
STU09013,13,Male,8,SCH025,2022-11-10
STU09014,17,Female,10,SCH024,2022-01-11
STU09015,18,Female,11,SCH012,2024-07-25
STU09016,14,Male,8,SCH013,2022-05-17
STU09017,15,Male,9,SCH015,2025-11-02
STU09018,14,Male,9,SCH017,2024-04-04
STU09019,13,Male,8,SCH024,2023-06-16
STU09020,17,Female,10,SCH011,2024-04-08
STU09021,14,Male,9,SCH010,2025-11-23
STU09022,17,Female,12,SCH003,2024-06-22
STU09023,14,Male,7,SCH003,2022-02-28
STU09024,17,Male,11,SCH024,2026-06-09
STU09025,19,Male,12,SCH011,2022-06-13
STU09026,16,Female,11,SCH014,2026-06-15
STU09027,16,Female,10,SCH011,2024-02-05
STU09028,16,Non-binary,10,SCH022,2026-02-06
STU09029,16,Male,11,SCH016,2023-08-11
STU09030,15,Male,9,SCH011,2024-02-09
STU09031,12,Male,7,SCH014,2024-05-11
STU09032,14,Male,8,SCH015,2022-08-26
STU09033,14,Male,7,SCH004,2022-07-26
STU09034,15,Male,9,SCH016,2026-04-25
STU09035,17,Male,10,SCH023,2026-06-10
STU09036,17,Male,10,SCH020,2023-11-10
STU09037,15,Female,8,SCH020,2024-02-07
STU09038,13,Female,7,SCH012,2026-10-17
STU09039,18,Female,11,SCH014,2023-04-21
STU09040,17,Male,11,SCH023,2024-01-05
STU09041,16,Male,9,SCH013,2025-03-20
STU09042,14,Male,8,SCH023,2023-10-15
STU09043,16,Female,9,SCH023,2024-10-07
STU09044,16,Female,9,SCH014,2022-12-19
STU09045,12,Male,7,SCH001,2024-08-07
STU09046,13,Female,8,SCH013,2024-05-16
STU09047,13,Female,8,SCH021,2022-07-03
STU09048,16,Female,9,SCH022,2026-02-28
STU09049,12,Male,7,SCH005,2025-04-06
STU09050,16,Female,10,SCH021,2022-04-28
STU09051,15,Male,10,SCH019,2023-11-24
STU09052,18,Female,11,SCH016,2026-07-20
STU09053,14,Male,7,SCH010,2022-07-07
STU09054,16,Male,10,SCH006,2024-08-22
STU09055,17,Female,10,SCH002,2024-07-05
STU09056,15,Female,8,SCH023,2024-06-23
STU09057,19,Female,12,SCH008,2026-10-15
STU09058,15,Female,9,SCH017,2023-06-09
STU09059,17,Male,11,SCH010,2026-07-10
STU09060,18,Female,11,SCH003,2024-05-28
STU09061,15,Female,10,SCH014,2023-01-04
STU09062,17,Female,11,SCH015,2025-07-17
STU09063,15,Female,9,SCH010,2024-01-16
STU09064,17,Male,11,SCH004,2022-03-05
STU09065,17,Female,10,SCH022,2023-08-21
STU09066,14,Female,9,SCH001,2026-09-15
STU09067,16,Male,11,SCH015,2023-06-20
STU09068,15,Female,9,SCH014,2023-08-26
STU09069,12,Male,7,SCH025,2024-09-17
STU09070,13,Female,8,SCH002,2026-06-16
STU09071,16,Female,10,SCH025,2022-10-26
STU09072,17,Male,12,SCH010,2025-02-08
STU09073,12,Male,7,SCH016,2024-04-13
STU09074,18,Male,12,SCH006,2025-09-08
STU09075,12,Female,7,SCH023,2024-12-04
STU09076,17,Male,11,SCH023,2025-02-19
STU09077,18,Female,12,SCH016,2023-11-18
STU09078,15,Male,9,SCH018,2024-04-12
STU09079,17,Male,12,SCH006,2025-12-28
STU09080,15,Female,8,SCH012,2022-10-03
STU09081,18,Male,11,SCH003,2022-07-12
STU09082,15,Male,8,SCH013,2026-03-28
STU09083,16,Male,10,SCH002,2025-04-14
STU09084,13,Male,8,SCH004,2026-07-21
STU09085,15,Male,9,SCH013,2023-07-17
STU09086,14,Female,9,SCH019,2024-03-18
STU09087,12,Female,7,SCH019,2023-12-17
STU09088,17,Female,12,SCH008,2026-12-15
STU09089,17,Female,11,SCH021,2025-08-13
STU09090,18,Male,12,SCH018,2023-09-11
STU09091,16,Female,10,SCH009,2025-05-01
STU09092,17,Female,11,SCH007,2023-08-12
STU09093,16,Male,9,SCH001,2022-10-11
STU09094,16,Male,10,SCH021,2024-03-05
STU09095,17,Male,10,SCH014,2022-07-04
STU09096,18,Female,12,SCH022,2023-12-05
STU09097,15,Male,10,SCH014,2026-09-23
STU09098,19,Male,12,SCH021,2023-12-28
STU09099,16,Female,11,SCH015,2024-06-02
STU09100,14,Male,7,SCH006,2023-10-12
STU09101,17,Male,11,SCH012,2024-06-24
STU09102,15,Male,10,SCH011,2025-04-25
STU09103,16,Female,10,SCH013,2026-06-16
STU09104,17,Male,11,SCH014,2024-04-26
STU09105,16,Male,9,SCH007,2022-05-22
STU09106,17,Female,11,SCH003,2025-01-07
STU09107,16,Male,9,SCH004,2025-04-14
STU09108,13,Female,7,SCH008,2026-02-26
STU09109,15,Male,9,SCH022,2024-11-03
STU09110,16,Female,10,SCH008,2025-02-21
STU09111,15,Male,9,SCH020,2022-09-07
STU09112,14,Female,8,SCH015,2023-10-01
STU09113,15,Male,9,SCH006,2022-03-03
STU09114,19,Female,12,SCH025,2025-06-15
STU09115,13,Female,7,SCH019,2024-06-21
STU09116,14,Female,8,SCH014,2025-02-08
STU09117,14,Female,8,SCH014,2023-09-08
STU09118,18,Male,12,SCH019,2026-06-15
STU09119,18,Female,11,SCH023,2023-09-24
STU09120,16,Male,10,SCH017,2025-01-04
STU09121,13,Male,7,SCH022,2026-02-04
STU09122,14,Female,8,SCH007,2026-04-08
STU09123,14,Female,9,SCH023,2025-03-21
STU09124,16,Male,9,SCH011,2025-03-11
STU09125,17,Male,10,SCH011,2023-05-08
STU09126,16,Female,11,SCH017,2025-07-27
STU09127,16,Female,9,SCH007,2022-03-26
STU09128,17,Male,10,SCH013,2025-08-12
STU09129,13,Female,8,SCH013,2026-11-26
STU09130,18,Male,12,SCH016,2026-10-01
STU09131,18,Female,11,SCH023,2026-01-16
STU09132,17,Female,10,SCH013,2024-09-27
STU09133,13,Male,7,SCH009,2022-09-18
STU09134,15,Male,9,SCH023,2023-11-18
STU09135,14,Female,7,SCH004,2026-06-28
STU09136,15,Female,8,SCH021,2022-10-19
STU09137,12,Male,7,SCH024,2024-10-14
STU09138,16,Female,10,SCH011,2024-08-07
STU09139,18,Female,12,SCH021,2025-06-05
STU09140,15,Male,8,SCH019,2025-08-02
STU09141,16,Male,11,SCH007,2024-09-26
STU09142,17,Female,11,SCH014,2022-07-28
STU09143,18,Male,12,SCH020,2025-12-06
STU09144,16,Female,11,SCH015,2022-04-21
STU09145,15,Non-binary,10,SCH003,2026-03-26
STU09146,19,Male,12,SCH011,2026-06-08
STU09147,19,Male,12,SCH006,2026-10-14
STU09148,15,Male,10,SCH024,2026-09-01
STU09149,13,Female,8,SCH003,2025-09-11
STU09150,16,Male,10,SCH010,2023-11-28
STU09151,16,Male,10,SCH019,2022-10-27
STU09152,14,Female,9,SCH015,2022-01-15
STU09153,18,Male,11,SCH024,2026-11-12
STU09154,14,Male,8,SCH012,2026-11-04
STU09155,16,Male,11,SCH014,2023-05-21
STU09156,14,Male,9,SCH005,2022-03-24
STU09157,13,Male,7,SCH017,2025-07-02
STU09158,14,Male,8,SCH012,2025-02-27
STU09159,16,Female,10,SCH021,2022-08-20
STU09160,15,Female,10,SCH001,2025-12-02
STU09161,19,Female,12,SCH019,2023-05-11
STU09162,17,Male,11,SCH020,2025-12-24
STU09163,15,Male,10,SCH015,2024-09-12
STU09164,12,Female,7,SCH023,2024-04-18
STU09165,15,Female,9,SCH017,2022-08-04
STU09166,18,Male,12,SCH019,2025-09-02
STU09167,14,Female,8,SCH023,2022-10-10
STU09168,16,Female,9,SCH015,2023-01-13
STU09169,14,Male,8,SCH016,2025-08-07
STU09170,15,Male,9,SCH020,2025-10-23
STU09171,18,Female,11,SCH013,2026-04-16
STU09172,17,Non-binary,11,SCH006,2022-01-20
STU09173,17,Male,12,SCH008,2024-10-25
STU09174,15,Female,10,SCH014,2022-10-25
STU09175,16,Male,9,SCH010,2025-09-04
STU09176,16,Female,10,SCH002,2022-08-28
STU09177,17,Male,12,SCH006,2024-06-21
STU09178,15,Male,8,SCH020,2024-09-02
STU09179,14,Female,8,SCH005,2024-12-16
STU09180,17,Non-binary,12,SCH007,2024-10-04
STU09181,14,Male,8,SCH025,2025-10-25
STU09182,14,Male,7,SCH007,2025-08-14
STU09183,17,Female,11,SCH012,2025-09-17
STU09184,16,Male,11,SCH012,2025-09-04
STU09185,16,Male,11,SCH012,2025-05-15
STU09186,16,Female,9,SCH011,2023-09-19
STU09187,19,Female,12,SCH008,2026-12-06
STU09188,15,Male,10,SCH011,2022-12-11
STU09189,17,Male,11,SCH005,2022-11-12
STU09190,16,Male,9,SCH014,2024-06-01
STU09191,17,Male,10,SCH005,2023-04-27
STU09192,16,Female,9,SCH011,2025-08-15
STU09193,17,Male,10,SCH002,2022-11-22
STU09194,13,Female,7,SCH024,2024-09-26
STU09195,17,Male,12,SCH022,2023-12-16
STU09196,13,Female,7,SCH021,2026-10-26
STU09197,18,Male,12,SCH014,2024-09-01
STU09198,14,Female,8,SCH007,2023-03-22
STU09199,12,Male,7,SCH025,2026-07-24
STU09200,18,Female,12,SCH015,2024-09-06
STU09201,14,Male,7,SCH003,2024-02-22
STU09202,14,Male,8,SCH020,2024-09-14
STU09203,17,Female,10,SCH011,2023-09-09
STU09204,15,Male,8,SCH002,2023-04-01
STU09205,17,Female,11,SCH003,2024-04-11
STU09206,14,Non-binary,9,SCH003,2023-10-08
STU09207,18,Female,11,SCH023,2024-04-21
STU09208,15,Male,10,SCH011,2026-12-11
STU09209,17,Male,11,SCH005,2023-08-28
STU09210,15,Male,8,SCH023,2024-12-10
STU09211,17,Female,12,SCH001,2025-11-12
STU09212,18,Male,11,SCH011,2023-07-18
STU09213,17,Female,11,SCH010,2023-12-26
STU09214,15,Female,9,SCH005,2026-06-19
STU09215,15,Male,9,SCH022,2022-05-18
STU09216,18,Female,12,SCH004,2023-11-26
STU09217,15,Male,8,SCH021,2023-09-07
STU09218,16,Male,10,SCH002,2024-04-25
STU09219,15,Female,8,SCH003,2023-10-12
STU09220,14,Female,9,SCH006,2023-10-16
STU09221,19,Female,12,SCH018,2022-07-08
STU09222,16,Male,9,SCH013,2023-11-14
STU09223,16,Male,10,SCH007,2022-09-25
STU09224,12,Female,7,SCH011,2025-08-13
STU09225,17,Female,10,SCH002,2024-02-25
STU09226,17,Female,12,SCH010,2022-06-26
STU09227,17,Male,12,SCH014,2023-08-25
STU09228,17,Female,10,SCH012,2024-05-23
STU09229,17,Male,11,SCH016,2026-04-19
STU09230,13,Female,7,SCH020,2023-03-27
STU09231,14,Male,9,SCH022,2026-07-24
STU09232,15,Female,8,SCH015,2025-06-15
STU09233,15,Female,8,SCH004,2023-03-03
STU09234,17,Male,12,SCH007,2026-01-07
STU09235,15,Female,8,SCH007,2025-08-19
STU09236,17,Male,12,SCH009,2025-04-20
STU09237,18,Female,11,SCH014,2024-08-28
STU09238,16,Female,11,SCH021,2024-04-27
STU09239,18,Male,12,SCH005,2023-03-17
STU09240,16,Female,11,SCH013,2023-12-08
STU09241,17,Male,11,SCH013,2024-08-09
STU09242,15,Male,10,SCH005,2022-09-23
STU09243,14,Female,7,SCH010,2023-12-26
STU09244,16,Female,9,SCH017,2024-05-21
STU09245,12,Male,7,SCH010,2023-04-25
STU09246,16,Male,11,SCH017,2024-04-01
STU09247,13,Female,7,SCH022,2022-07-06
STU09248,15,Female,10,SCH024,2024-07-27
STU09249,13,Female,8,SCH009,2022-07-05
STU09250,18,Male,12,SCH017,2023-09-17
STU09251,19,Male,12,SCH005,2025-06-16
STU09252,16,Male,9,SCH025,2022-10-19
STU09253,15,Male,9,SCH015,2026-07-20
STU09254,17,Female,10,SCH017,2026-05-20
STU09255,17,Female,10,SCH021,2022-09-23
STU09256,17,Male,12,SCH006,2022-07-18
STU09257,17,Female,11,SCH008,2023-07-02
STU09258,16,Male,10,SCH021,2022-05-20
STU09259,16,Female,10,SCH023,2026-12-03
STU09260,18,Male,11,SCH017,2024-09-13
STU09261,16,Female,11,SCH009,2022-06-05
STU09262,18,Female,12,SCH006,2023-11-19
STU09263,18,Female,11,SCH020,2022-08-11
STU09264,17,Female,10,SCH024,2025-11-21
STU09265,19,Male,12,SCH007,2025-04-18
STU09266,17,Male,10,SCH012,2023-12-05
STU09267,15,Male,8,SCH009,2026-03-09
STU09268,18,Female,11,SCH017,2022-02-12
STU09269,17,Female,12,SCH005,2023-03-21
STU09270,16,Male,11,SCH001,2024-02-14
STU09271,17,Male,12,SCH005,2024-06-06
STU09272,19,Male,12,SCH015,2024-09-01
STU09273,16,Female,10,SCH019,2024-07-23
STU09274,14,Male,8,SCH015,2025-12-14
STU09275,18,Female,12,SCH006,2024-04-10
STU09276,16,Male,11,SCH017,2023-06-02
STU09277,12,Male,7,SCH005,2026-04-04
STU09278,16,Male,9,SCH006,2026-07-24
STU09279,18,Male,12,SCH023,2023-09-18
STU09280,14,Female,8,SCH008,2023-09-02
STU09281,15,Male,9,SCH009,2024-04-19
STU09282,16,Female,11,SCH022,2026-04-12
STU09283,18,Female,12,SCH023,2022-04-16
STU09284,17,Male,10,SCH020,2022-11-02
STU09285,15,Male,8,SCH025,2025-11-10
STU09286,15,Female,10,SCH008,2024-09-05
STU09287,13,Male,7,SCH025,2024-11-25
STU09288,16,Male,11,SCH003,2025-09-03
STU09289,16,Male,9,SCH011,2026-04-23
STU09290,17,Male,12,SCH009,2025-01-28
STU09291,14,Male,8,SCH016,2022-08-22
STU09292,16,Female,10,SCH014,2023-10-14
STU09293,13,Female,8,SCH017,2023-09-14
STU09294,12,Male,7,SCH003,2022-11-12
STU09295,15,Male,10,SCH018,2023-08-04
STU09296,17,Female,11,SCH010,2026-12-02
STU09297,16,Male,10,SCH018,2023-01-19
STU09298,17,Male,10,SCH014,2025-07-10
STU09299,12,Male,7,SCH015,2022-10-18
STU09300,14,Female,8,SCH016,2023-04-09
STU09301,13,Female,8,SCH013,2026-11-11
STU09302,14,Male,8,SCH018,2026-02-18
STU09303,17,Male,11,SCH014,2022-08-19
STU09304,17,Female,12,SCH018,2023-09-07
STU09305,14,Female,8,SCH008,2026-02-25
STU09306,18,Male,12,SCH001,2024-04-23
STU09307,17,Male,10,SCH013,2026-03-05
STU09308,17,Male,12,SCH006,2022-11-05
STU09309,14,Female,9,SCH012,2026-04-06
STU09310,19,Male,12,SCH025,2024-10-28
STU09311,14,Male,8,SCH008,2024-07-12
STU09312,18,Male,11,SCH015,2025-03-07
STU09313,15,Female,9,SCH012,2022-08-14
STU09314,14,Female,8,SCH015,2026-11-02
STU09315,14,Female,9,SCH013,2025-05-08
STU09316,18,Female,11,SCH008,2024-11-07
STU09317,13,Male,8,SCH021,2023-05-17
STU09318,17,Female,11,SCH013,2025-10-16
STU09319,17,Female,12,SCH023,2026-10-07
STU09320,18,Female,12,SCH017,2022-02-26
STU09321,17,Male,11,SCH008,2026-06-05
STU09322,14,Female,8,SCH002,2024-09-14
STU09323,16,Male,11,SCH013,2022-09-22
STU09324,17,Female,12,SCH022,2022-12-24
STU09325,16,Female,9,SCH011,2023-03-20
STU09326,16,Female,9,SCH012,2026-12-04
STU09327,18,Female,12,SCH025,2022-09-05
STU09328,16,Female,11,SCH025,2024-09-22
STU09329,17,Female,10,SCH020,2023-05-16
STU09330,13,Male,8,SCH013,2024-06-12
STU09331,13,Female,8,SCH008,2025-09-20
STU09332,14,Male,9,SCH006,2025-12-11
STU09333,17,Male,10,SCH004,2022-08-05
STU09334,18,Female,11,SCH009,2024-05-14
STU09335,16,Female,10,SCH008,2023-04-14
STU09336,17,Male,12,SCH019,2025-11-05
STU09337,18,Male,11,SCH024,2023-07-08
STU09338,13,Female,7,SCH012,2026-01-27
STU09339,19,Male,12,SCH010,2026-05-24
STU09340,17,Female,12,SCH012,2025-09-20
STU09341,14,Male,8,SCH017,2025-11-16
STU09342,18,Male,11,SCH025,2026-12-21
STU09343,13,Female,7,SCH021,2022-02-10
STU09344,18,Female,11,SCH019,2026-06-01
STU09345,17,Female,10,SCH007,2025-05-27
STU09346,18,Female,11,SCH025,2026-09-12
STU09347,17,Female,12,SCH009,2026-11-09
STU09348,14,Male,8,SCH023,2024-11-25
STU09349,17,Non-binary,11,SCH013,2025-04-26
STU09350,14,Female,9,SCH024,2025-09-08
STU09351,19,Male,12,SCH017,2024-12-07
STU09352,18,Male,11,SCH018,2023-08-21
STU09353,18,Male,12,SCH011,2026-07-26
STU09354,14,Male,7,SCH011,2023-04-03
STU09355,15,Male,8,SCH003,2022-10-17
STU09356,16,Male,10,SCH003,2022-08-26
STU09357,14,Female,9,SCH024,2023-09-14
STU09358,14,Female,8,SCH005,2023-08-28
STU09359,16,Male,10,SCH018,2026-06-06
STU09360,16,Male,9,SCH007,2022-01-19
STU09361,18,Female,11,SCH019,2026-11-07
STU09362,15,Male,10,SCH020,2026-08-28
STU09363,13,Male,8,SCH006,2022-11-03
STU09364,16,Female,10,SCH004,2025-05-07
STU09365,15,Male,9,SCH019,2025-12-09
STU09366,16,Female,9,SCH025,2022-02-08
STU09367,17,Male,10,SCH016,2024-12-23
STU09368,12,Male,7,SCH011,2024-07-14
STU09369,15,Female,10,SCH019,2023-02-22
STU09370,14,Male,9,SCH025,2025-06-16
STU09371,17,Male,11,SCH006,2026-08-13
STU09372,18,Female,12,SCH002,2026-04-11
STU09373,15,Male,8,SCH013,2023-04-19
STU09374,16,Female,9,SCH018,2023-05-25
STU09375,17,Male,11,SCH020,2024-04-06
STU09376,14,Female,9,SCH008,2026-08-13
STU09377,17,Female,10,SCH008,2023-08-11
STU09378,15,Male,9,SCH002,2023-02-26
STU09379,14,Female,7,SCH005,2022-03-23
STU09380,17,Female,11,SCH004,2026-06-14
STU09381,15,Male,10,SCH003,2026-04-06
STU09382,18,Male,12,SCH008,2022-11-03
STU09383,14,Male,7,SCH007,2026-11-25
STU09384,14,Male,8,SCH010,2023-01-20
STU09385,15,Female,10,SCH014,2026-01-28
STU09386,18,Female,12,SCH020,2024-03-04
STU09387,13,Male,8,SCH017,2025-12-25
STU09388,15,Male,10,SCH025,2025-01-02
STU09389,13,Male,7,SCH024,2025-06-06
STU09390,14,Male,8,SCH004,2022-02-17
STU09391,16,Male,10,SCH006,2026-05-03
STU09392,14,Female,7,SCH014,2023-01-18
STU09393,19,Male,12,SCH024,2022-01-28
STU09394,16,Male,10,SCH014,2025-07-24
STU09395,18,Male,11,SCH013,2025-05-12
STU09396,16,Female,11,SCH013,2022-08-13
STU09397,18,Female,11,SCH008,2022-02-28
STU09398,17,Male,11,SCH012,2024-02-06
STU09399,17,Male,10,SCH002,2025-09-02
STU09400,12,Male,7,SCH016,2023-12-20
STU09401,15,Male,9,SCH016,2022-11-05
STU09402,18,Male,11,SCH020,2022-02-14
STU09403,15,Male,10,SCH008,2026-09-17
STU09404,15,Male,9,SCH022,2023-04-05
STU09405,14,Female,9,SCH016,2025-07-04
STU09406,14,Male,9,SCH015,2024-05-24
STU09407,15,Male,10,SCH018,2025-05-13
STU09408,15,Male,8,SCH017,2022-09-26
STU09409,14,Male,7,SCH021,2023-04-01
STU09410,17,Female,11,SCH015,2026-09-01
STU09411,18,Female,11,SCH014,2024-04-08
STU09412,15,Male,10,SCH002,2026-11-27
STU09413,14,Female,9,SCH008,2024-08-16
STU09414,18,Male,12,SCH013,2025-09-15
STU09415,19,Female,12,SCH009,2023-11-19
STU09416,17,Male,10,SCH014,2025-12-08
STU09417,15,Male,9,SCH023,2023-10-21
STU09418,17,Female,10,SCH001,2026-07-05
STU09419,19,Female,12,SCH019,2024-10-07
STU09420,15,Female,8,SCH008,2023-08-02
STU09421,13,Male,8,SCH023,2026-01-04
STU09422,16,Male,11,SCH011,2023-08-20
STU09423,15,Female,10,SCH024,2023-01-20
STU09424,16,Male,10,SCH002,2026-01-04
STU09425,13,Female,8,SCH011,2023-03-23
STU09426,12,Male,7,SCH017,2025-06-06
STU09427,16,Male,9,SCH003,2025-03-21
STU09428,17,Male,10,SCH013,2026-03-21
STU09429,13,Male,7,SCH007,2025-07-26
STU09430,18,Male,12,SCH015,2026-08-13
STU09431,13,Male,7,SCH005,2023-11-19
STU09432,19,Male,12,SCH004,2026-12-17
STU09433,16,Female,11,SCH001,2022-02-23
STU09434,19,Female,12,SCH025,2026-08-08
STU09435,14,Female,8,SCH012,2023-07-10
STU09436,13,Female,7,SCH007,2025-01-23
STU09437,16,Female,10,SCH017,2024-09-06
STU09438,14,Male,7,SCH013,2022-08-15
STU09439,17,Female,12,SCH023,2025-07-26
STU09440,14,Male,8,SCH008,2025-03-24
STU09441,17,Male,10,SCH016,2026-04-21
STU09442,17,Female,12,SCH007,2025-02-09
STU09443,18,Female,11,SCH005,2024-11-16
STU09444,14,Male,9,SCH017,2022-02-21
STU09445,18,Female,11,SCH021,2022-06-12
STU09446,18,Male,11,SCH021,2022-12-22
STU09447,14,Female,9,SCH019,2026-07-12
STU09448,15,Female,10,SCH003,2024-10-03
STU09449,14,Female,9,SCH023,2025-01-01
STU09450,15,Female,10,SCH010,2022-10-08
STU09451,17,Female,10,SCH024,2026-03-18
STU09452,19,Male,12,SCH022,2023-12-16
STU09453,15,Male,10,SCH007,2024-03-12
STU09454,16,Female,10,SCH015,2022-11-14
STU09455,17,Male,11,SCH014,2022-05-10
STU09456,19,Male,12,SCH022,2025-06-02
STU09457,16,Male,9,SCH009,2025-12-17
STU09458,13,Male,8,SCH012,2024-07-14
STU09459,13,Female,8,SCH018,2025-08-07
STU09460,18,Female,12,SCH008,2022-05-23
STU09461,14,Female,8,SCH020,2022-08-27
STU09462,16,Male,10,SCH015,2022-12-25
STU09463,13,Male,8,SCH024,2023-07-08
STU09464,14,Female,7,SCH019,2022-05-04
STU09465,14,Male,8,SCH015,2025-02-08
STU09466,15,Male,8,SCH022,2023-11-26
STU09467,14,Female,8,SCH008,2023-08-06
STU09468,17,Male,10,SCH010,2024-04-03
STU09469,14,Male,8,SCH016,2022-07-26
STU09470,12,Female,7,SCH009,2024-05-04
STU09471,15,Female,8,SCH006,2023-06-12
STU09472,19,Female,12,SCH025,2023-06-18
STU09473,18,Female,11,SCH005,2024-06-05
STU09474,12,Female,7,SCH007,2022-09-14
STU09475,15,Female,8,SCH015,2024-03-28
STU09476,13,Female,8,SCH006,2022-06-03
STU09477,15,Male,10,SCH008,2024-04-27
STU09478,18,Male,11,SCH015,2025-08-27
STU09479,17,Male,12,SCH017,2025-04-21
STU09480,14,Female,7,SCH016,2024-07-11
STU09481,15,Non-binary,9,SCH017,2023-12-25
STU09482,18,Female,12,SCH025,2026-07-19
STU09483,16,Male,10,SCH012,2026-08-14
STU09484,16,Male,9,SCH019,2024-07-01
STU09485,12,Male,7,SCH019,2026-05-27
STU09486,15,Male,8,SCH002,2025-02-06
STU09487,16,Female,11,SCH021,2025-04-16
STU09488,15,Male,10,SCH013,2024-10-02
STU09489,15,Female,9,SCH005,2023-01-20
STU09490,14,Female,7,SCH006,2023-05-21
STU09491,13,Female,7,SCH021,2025-09-02
STU09492,16,Female,10,SCH007,2024-07-21
STU09493,15,Male,10,SCH025,2023-11-11
STU09494,13,Female,8,SCH011,2025-03-02
STU09495,14,Male,7,SCH006,2024-11-22
STU09496,14,Non-binary,8,SCH024,2025-04-13
STU09497,18,Female,11,SCH021,2022-09-23
STU09498,15,Female,10,SCH013,2022-12-05
STU09499,15,Female,8,SCH017,2026-08-02
STU09500,18,Female,11,SCH008,2026-10-14
STU09501,18,Male,11,SCH019,2026-04-17
STU09502,15,Male,10,SCH001,2026-11-16
STU09503,17,Female,11,SCH014,2024-01-04
STU09504,12,Male,7,SCH014,2022-08-13
STU09505,14,Female,7,SCH015,2022-10-09
STU09506,13,Female,7,SCH017,2022-03-20
STU09507,17,Male,11,SCH004,2024-10-21
STU09508,17,Male,10,SCH015,2022-02-11
STU09509,14,Male,8,SCH008,2026-05-19
STU09510,14,Male,7,SCH024,2023-04-08
STU09511,13,Male,8,SCH015,2024-12-04
STU09512,15,Female,8,SCH007,2025-04-13
STU09513,13,Female,7,SCH013,2023-08-25
STU09514,13,Male,7,SCH008,2025-08-09
STU09515,14,Female,9,SCH006,2023-09-08
STU09516,15,Female,8,SCH023,2024-10-14
STU09517,15,Male,8,SCH016,2024-02-08
STU09518,18,Male,11,SCH008,2023-06-03
STU09519,17,Female,10,SCH008,2025-04-03
STU09520,16,Male,9,SCH003,2024-03-23
STU09521,16,Female,9,SCH024,2026-03-06
STU09522,13,Male,8,SCH014,2022-05-04
STU09523,17,Female,10,SCH017,2023-12-25
STU09524,15,Female,9,SCH021,2023-01-16
STU09525,19,Male,12,SCH011,2023-04-25
STU09526,12,Male,7,SCH023,2024-09-10
STU09527,13,Female,8,SCH009,2022-05-10
STU09528,17,Female,11,SCH008,2025-07-28
STU09529,14,Male,7,SCH008,2023-11-11
STU09530,19,Female,12,SCH003,2025-03-14
STU09531,15,Male,8,SCH020,2022-06-13
STU09532,17,Female,12,SCH013,2025-11-18
STU09533,16,Male,11,SCH024,2024-12-13
STU09534,18,Male,11,SCH024,2026-07-28
STU09535,17,Female,10,SCH006,2024-06-10
STU09536,15,Male,9,SCH001,2023-08-13
STU09537,12,Female,7,SCH012,2023-02-21
STU09538,18,Male,12,SCH019,2026-06-06
STU09539,14,Female,7,SCH018,2024-07-20
STU09540,15,Female,8,SCH021,2026-05-15
STU09541,15,Male,10,SCH004,2026-07-18
STU09542,14,Female,7,SCH024,2025-04-13
STU09543,14,Male,9,SCH003,2026-06-27
STU09544,18,Female,12,SCH002,2025-01-16
STU09545,16,Male,10,SCH006,2023-06-06
STU09546,14,Male,9,SCH025,2025-05-08
STU09547,16,Male,9,SCH011,2026-08-25
STU09548,18,Male,11,SCH013,2023-10-04
STU09549,14,Female,8,SCH025,2022-10-19
STU09550,19,Female,12,SCH005,2024-10-06
STU09551,14,Female,8,SCH015,2025-02-08
STU09552,14,Male,7,SCH001,2023-09-19
STU09553,16,Female,9,SCH024,2024-06-11
STU09554,13,Male,8,SCH018,2026-03-27
STU09555,13,Female,7,SCH005,2024-04-11
STU09556,16,Male,9,SCH020,2022-06-18
STU09557,15,Male,8,SCH015,2024-07-25
STU09558,19,Male,12,SCH017,2023-02-22
STU09559,16,Female,10,SCH013,2023-04-15
STU09560,17,Female,12,SCH012,2025-08-07
STU09561,16,Female,9,SCH022,2024-01-17
STU09562,12,Male,7,SCH011,2024-09-27
STU09563,15,Female,8,SCH002,2023-07-16
STU09564,15,Female,10,SCH011,2023-10-04
STU09565,14,Female,7,SCH001,2022-02-16
STU09566,14,Female,9,SCH023,2026-06-22
STU09567,13,Female,8,SCH017,2026-05-16
STU09568,18,Male,11,SCH015,2026-07-26
STU09569,18,Female,11,SCH020,2024-12-27
STU09570,18,Female,12,SCH017,2022-12-03
STU09571,12,Female,7,SCH023,2024-04-11
STU09572,14,Male,9,SCH009,2026-03-23
STU09573,17,Male,10,SCH003,2024-02-26
STU09574,16,Female,9,SCH009,2025-12-16
STU09575,13,Female,7,SCH010,2025-05-01
STU09576,15,Female,9,SCH008,2024-12-02
STU09577,16,Female,11,SCH004,2024-01-02
STU09578,17,Female,10,SCH016,2022-01-19
STU09579,17,Female,11,SCH023,2024-10-10
STU09580,15,Female,8,SCH014,2022-05-27
STU09581,19,Male,12,SCH021,2026-08-08
STU09582,14,Female,7,SCH009,2024-07-18
STU09583,16,Female,11,SCH011,2025-06-18
STU09584,17,Male,10,SCH005,2023-01-23
STU09585,14,Male,9,SCH020,2022-09-22
STU09586,15,Male,8,SCH012,2025-07-17
STU09587,14,Female,7,SCH002,2026-01-01
STU09588,16,Male,11,SCH013,2024-06-14
STU09589,18,Male,11,SCH024,2022-03-12
STU09590,14,Male,9,SCH003,2025-01-10
STU09591,14,Male,8,SCH023,2026-07-11
STU09592,16,Female,10,SCH002,2022-06-24
STU09593,14,Female,9,SCH008,2023-06-17
STU09594,17,Male,12,SCH005,2024-04-22
STU09595,17,Female,10,SCH011,2024-02-22
STU09596,16,Male,11,SCH002,2023-04-26
STU09597,19,Male,12,SCH019,2026-08-12
STU09598,13,Female,8,SCH008,2022-04-20
STU09599,16,Female,10,SCH018,2022-10-15
STU09600,14,Male,8,SCH015,2024-06-08
STU09601,15,Female,9,SCH009,2025-11-22
STU09602,15,Female,10,SCH014,2022-12-24
STU09603,13,Female,7,SCH023,2022-02-13
STU09604,17,Female,12,SCH011,2025-11-28
STU09605,15,Female,10,SCH021,2023-07-15
STU09606,16,Female,10,SCH011,2024-06-12
STU09607,17,Non-binary,10,SCH020,2026-02-08
STU09608,14,Male,9,SCH017,2026-12-01
STU09609,14,Female,9,SCH016,2023-11-27
STU09610,17,Male,11,SCH018,2023-05-01
STU09611,16,Female,9,SCH014,2023-06-03
STU09612,13,Male,7,SCH010,2024-03-15
STU09613,12,Male,7,SCH007,2024-11-17
STU09614,15,Male,10,SCH017,2022-07-19
STU09615,15,Female,10,SCH023,2026-02-18
STU09616,14,Male,7,SCH011,2025-10-02
STU09617,17,Male,10,SCH018,2026-11-19
STU09618,14,Male,9,SCH010,2023-11-06
STU09619,14,Female,9,SCH002,2026-06-10
STU09620,18,Male,12,SCH018,2022-08-05
STU09621,17,Male,10,SCH007,2025-11-02
STU09622,17,Male,11,SCH006,2023-01-09
STU09623,19,Female,12,SCH008,2023-05-05
STU09624,14,Female,8,SCH019,2024-12-11
STU09625,18,Female,12,SCH020,2023-07-16
STU09626,16,Male,10,SCH009,2026-12-16
STU09627,13,Male,8,SCH004,2024-07-17
STU09628,17,Male,11,SCH007,2024-12-14
STU09629,17,Male,11,SCH010,2023-04-11
STU09630,16,Female,11,SCH011,2026-11-22
STU09631,15,Female,10,SCH005,2023-06-20
STU09632,16,Female,10,SCH003,2022-12-27
STU09633,19,Female,12,SCH018,2023-08-15
STU09634,15,Male,10,SCH022,2026-04-02
STU09635,16,Female,10,SCH009,2022-09-21
STU09636,17,Female,11,SCH018,2022-01-06
STU09637,18,Female,11,SCH001,2024-12-21
STU09638,17,Female,11,SCH020,2026-08-02
STU09639,17,Male,11,SCH006,2025-01-12
STU09640,14,Male,9,SCH020,2026-12-26
STU09641,16,Male,11,SCH023,2026-08-22
STU09642,19,Male,12,SCH016,2022-09-19
STU09643,16,Female,9,SCH008,2026-02-07
STU09644,15,Male,9,SCH002,2022-10-25
STU09645,16,Female,11,SCH003,2025-09-14
STU09646,19,Male,12,SCH009,2023-12-16
STU09647,18,Female,11,SCH011,2024-03-14
STU09648,17,Female,11,SCH019,2024-07-24
STU09649,14,Male,9,SCH013,2023-07-22
STU09650,17,Female,12,SCH001,2025-03-28
STU09651,15,Male,10,SCH010,2025-04-27
STU09652,12,Male,7,SCH019,2025-05-10
STU09653,17,Female,10,SCH013,2023-04-21
STU09654,19,Male,12,SCH018,2026-05-05
STU09655,19,Male,12,SCH025,2026-08-24
STU09656,16,Female,10,SCH007,2026-05-02
STU09657,13,Male,8,SCH019,2022-10-25
STU09658,15,Female,10,SCH014,2026-02-02
STU09659,16,Female,10,SCH004,2023-10-05
STU09660,16,Male,11,SCH002,2026-11-27
STU09661,17,Female,12,SCH020,2026-06-14
STU09662,17,Male,10,SCH011,2023-11-24
STU09663,16,Female,10,SCH008,2022-06-07
STU09664,15,Female,10,SCH011,2026-12-05
STU09665,14,Female,8,SCH010,2026-06-28
STU09666,15,Male,10,SCH021,2024-02-23
STU09667,16,Male,11,SCH016,2024-09-08
STU09668,15,Male,10,SCH007,2022-04-06
STU09669,14,Male,8,SCH015,2026-06-19
STU09670,16,Male,9,SCH023,2023-03-26
STU09671,17,Female,10,SCH015,2025-12-16
STU09672,17,Male,10,SCH006,2026-12-17
STU09673,17,Female,10,SCH011,2025-01-16
STU09674,15,Male,8,SCH013,2024-09-14
STU09675,17,Female,12,SCH011,2024-09-22
STU09676,14,Female,9,SCH008,2026-08-04
STU09677,18,Male,12,SCH025,2024-08-18
STU09678,17,Female,12,SCH016,2025-11-15
STU09679,15,Male,9,SCH006,2025-04-10
STU09680,18,Female,11,SCH006,2026-04-27
STU09681,16,Female,11,SCH021,2023-07-03
STU09682,13,Female,8,SCH019,2024-10-04
STU09683,17,Male,10,SCH019,2026-06-19
STU09684,14,Female,8,SCH016,2023-05-19
STU09685,17,Male,12,SCH009,2025-09-22
STU09686,16,Female,10,SCH009,2023-03-10
STU09687,17,Male,12,SCH018,2023-02-09
STU09688,15,Male,9,SCH020,2024-02-15
STU09689,18,Male,12,SCH015,2025-09-04
STU09690,18,Female,11,SCH007,2022-12-27
STU09691,12,Male,7,SCH011,2026-11-25
STU09692,13,Male,7,SCH025,2023-12-28
STU09693,13,Male,7,SCH009,2025-06-13
STU09694,15,Male,9,SCH018,2023-10-16
STU09695,17,Male,11,SCH007,2022-09-07
STU09696,17,Male,10,SCH002,2025-12-02
STU09697,18,Female,12,SCH010,2025-11-16
STU09698,15,Female,9,SCH008,2025-09-13
STU09699,18,Male,11,SCH020,2025-01-21
STU09700,16,Female,9,SCH012,2023-01-06
STU09701,16,Female,11,SCH014,2022-03-22
STU09702,15,Female,9,SCH011,2025-01-15
STU09703,13,Male,8,SCH005,2023-11-12
STU09704,17,Female,10,SCH009,2025-11-24
STU09705,16,Male,11,SCH025,2025-09-12
STU09706,16,Female,10,SCH023,2025-05-05
STU09707,17,Male,10,SCH006,2025-02-25
STU09708,16,Female,9,SCH015,2026-07-16
STU09709,14,Female,8,SCH002,2024-03-16
STU09710,18,Male,11,SCH004,2026-03-18
STU09711,14,Female,8,SCH011,2026-09-06
STU09712,17,Male,10,SCH001,2022-11-20
STU09713,14,Male,9,SCH020,2025-11-16
STU09714,19,Female,12,SCH014,2024-06-01
STU09715,17,Male,10,SCH004,2023-12-26
STU09716,16,Female,11,SCH007,2025-11-07
STU09717,12,Female,7,SCH007,2022-04-04
STU09718,15,Male,10,SCH012,2026-04-21
STU09719,14,Male,7,SCH020,2025-02-14
STU09720,15,Female,8,SCH012,2026-02-16
STU09721,16,Male,10,SCH016,2026-03-16
STU09722,15,Female,8,SCH006,2024-01-08
STU09723,14,Male,8,SCH015,2024-09-27
STU09724,17,Male,12,SCH018,2024-02-25
STU09725,15,Female,9,SCH007,2026-02-19
STU09726,19,Male,12,SCH010,2023-10-12
STU09727,15,Female,10,SCH017,2024-01-26
STU09728,19,Male,12,SCH005,2022-11-25
STU09729,19,Female,12,SCH025,2026-11-09
STU09730,15,Female,8,SCH005,2022-01-15
STU09731,16,Male,11,SCH021,2025-01-03
STU09732,16,Female,11,SCH024,2026-06-08
STU09733,17,Male,10,SCH011,2026-02-17
STU09734,16,Male,9,SCH005,2023-06-27
STU09735,18,Male,12,SCH024,2025-07-18
STU09736,14,Male,8,SCH018,2026-12-06
STU09737,14,Male,7,SCH016,2022-11-13
STU09738,13,Female,7,SCH019,2026-10-16
STU09739,14,Male,8,SCH023,2023-04-23
STU09740,18,Female,11,SCH017,2024-02-08
STU09741,17,Female,10,SCH025,2022-10-09
STU09742,17,Male,12,SCH021,2025-01-05
STU09743,17,Male,10,SCH022,2026-09-11
STU09744,13,Male,7,SCH006,2025-10-27
STU09745,19,Female,12,SCH021,2022-11-19
STU09746,14,Female,7,SCH009,2026-03-14
STU09747,15,Female,8,SCH025,2022-07-10
STU09748,16,Female,9,SCH023,2022-04-20
STU09749,18,Female,12,SCH021,2023-09-12
STU09750,16,Male,9,SCH006,2026-06-14
STU09751,13,Female,8,SCH013,2023-12-01
STU09752,15,Male,9,SCH010,2026-07-16
STU09753,16,Male,10,SCH008,2023-05-11
STU09754,16,Female,11,SCH003,2024-06-27
STU09755,16,Male,10,SCH003,2026-05-10
STU09756,14,Female,9,SCH001,2024-02-04
STU09757,18,Male,12,SCH003,2024-08-18
STU09758,14,Male,8,SCH010,2023-01-07
STU09759,16,Female,11,SCH004,2025-09-28
STU09760,17,Male,11,SCH015,2023-02-11
STU09761,16,Female,10,SCH023,2024-03-02
STU09762,14,Female,8,SCH025,2025-06-23
STU09763,16,Non-binary,11,SCH019,2022-09-12
STU09764,16,Male,11,SCH012,2025-03-21
STU09765,15,Male,10,SCH025,2023-09-23
STU09766,15,Male,10,SCH003,2025-10-19
STU09767,16,Male,9,SCH019,2025-10-09
STU09768,19,Female,12,SCH009,2023-10-25
STU09769,16,Female,10,SCH005,2022-07-12
STU09770,18,Female,12,SCH007,2024-08-09
STU09771,14,Male,7,SCH003,2025-04-05
STU09772,15,Female,8,SCH014,2025-05-20
STU09773,17,Male,11,SCH022,2026-11-23
STU09774,17,Male,12,SCH023,2022-05-01
STU09775,17,Male,10,SCH007,2026-08-25
STU09776,18,Female,11,SCH008,2025-10-12
STU09777,16,Male,9,SCH008,2025-12-28
STU09778,16,Male,9,SCH008,2022-06-04
STU09779,17,Male,12,SCH022,2025-01-19
STU09780,13,Female,8,SCH017,2025-03-08
STU09781,14,Male,9,SCH024,2024-06-21
STU09782,17,Male,12,SCH008,2022-01-15
STU09783,14,Male,9,SCH011,2026-10-15
STU09784,15,Male,8,SCH024,2024-09-03
STU09785,14,Male,7,SCH023,2024-08-20
STU09786,14,Male,8,SCH005,2024-12-28
STU09787,17,Female,10,SCH020,2025-02-01
STU09788,13,Female,7,SCH013,2026-02-03
STU09789,17,Female,10,SCH016,2026-02-18
STU09790,18,Female,11,SCH007,2022-11-27
STU09791,17,Female,12,SCH005,2024-05-27
STU09792,18,Female,12,SCH012,2022-01-07
STU09793,17,Male,11,SCH016,2022-10-22
STU09794,16,Female,10,SCH023,2025-04-26
STU09795,16,Female,10,SCH008,2025-04-23
STU09796,15,Male,9,SCH010,2025-05-27
STU09797,12,Male,7,SCH004,2024-12-11
STU09798,13,Female,8,SCH003,2024-12-01
STU09799,17,Female,11,SCH001,2023-12-23
STU09800,16,Non-binary,11,SCH020,2024-04-06
STU09801,17,Male,11,SCH004,2022-11-16
STU09802,17,Female,12,SCH013,2022-06-28
STU09803,14,Male,8,SCH022,2026-03-25
STU09804,18,Female,11,SCH004,2022-04-01
STU09805,14,Male,7,SCH023,2023-01-01
STU09806,14,Non-binary,7,SCH012,2026-11-20
STU09807,17,Female,12,SCH006,2024-03-09
STU09808,15,Female,10,SCH005,2026-06-25
STU09809,17,Male,10,SCH008,2023-11-05
STU09810,18,Male,11,SCH021,2026-02-12
STU09811,19,Female,12,SCH019,2022-05-13
STU09812,18,Male,12,SCH022,2025-02-08
STU09813,18,Female,11,SCH013,2022-06-07
STU09814,15,Female,9,SCH017,2025-01-22
STU09815,17,Male,10,SCH025,2024-12-09
STU09816,14,Female,8,SCH014,2026-08-18
STU09817,16,Male,11,SCH004,2022-04-07
STU09818,17,Male,10,SCH011,2026-05-04
STU09819,15,Female,8,SCH021,2022-07-17
STU09820,16,Male,11,SCH002,2022-07-13
STU09821,18,Female,12,SCH009,2023-11-02
STU09822,17,Male,10,SCH015,2023-09-13
STU09823,17,Female,10,SCH006,2023-12-14
STU09824,14,Male,7,SCH006,2025-01-17
STU09825,17,Male,10,SCH011,2024-07-13
STU09826,19,Female,12,SCH023,2022-04-25
STU09827,14,Female,9,SCH005,2022-07-14
STU09828,16,Male,10,SCH013,2025-02-05
STU09829,14,Male,8,SCH025,2022-01-21
STU09830,16,Female,10,SCH014,2024-04-12
STU09831,15,Female,9,SCH023,2023-02-21
STU09832,17,Female,10,SCH005,2024-04-10
STU09833,14,Female,7,SCH004,2022-01-15
STU09834,12,Female,7,SCH010,2022-09-08
STU09835,16,Female,10,SCH007,2024-02-11
STU09836,15,Male,10,SCH005,2024-06-02
STU09837,15,Female,10,SCH014,2026-07-02
STU09838,18,Female,11,SCH008,2025-03-04
STU09839,17,Female,12,SCH024,2022-03-20
STU09840,14,Male,9,SCH009,2025-07-17
STU09841,15,Male,9,SCH008,2023-02-06
STU09842,15,Female,9,SCH021,2024-12-21
STU09843,17,Male,12,SCH020,2026-12-27
STU09844,16,Female,11,SCH011,2025-08-17
STU09845,16,Female,9,SCH017,2025-12-19
STU09846,14,Male,7,SCH008,2026-01-01
STU09847,17,Male,11,SCH020,2025-05-11
STU09848,19,Male,12,SCH015,2022-08-02
STU09849,16,Male,10,SCH018,2025-07-12
STU09850,18,Female,12,SCH002,2022-04-10
STU09851,16,Female,11,SCH024,2024-06-14
STU09852,15,Male,8,SCH013,2022-03-24
STU09853,18,Female,11,SCH021,2025-04-02
STU09854,15,Male,8,SCH012,2025-07-14
STU09855,14,Male,9,SCH016,2026-11-15
STU09856,14,Female,7,SCH006,2025-04-21
STU09857,16,Female,11,SCH020,2023-06-04
STU09858,16,Female,9,SCH012,2023-08-03
STU09859,18,Female,12,SCH004,2023-08-26
STU09860,14,Female,9,SCH007,2023-02-23
STU09861,15,Male,9,SCH015,2023-07-04
STU09862,17,Female,10,SCH019,2026-03-12
STU09863,14,Male,9,SCH006,2026-12-22
STU09864,14,Female,9,SCH003,2024-04-02
STU09865,16,Female,10,SCH022,2026-03-17
STU09866,17,Male,12,SCH017,2024-08-18
STU09867,17,Female,10,SCH004,2022-08-22
STU09868,17,Male,12,SCH009,2024-09-27
STU09869,17,Male,11,SCH001,2025-12-24
STU09870,18,Female,11,SCH021,2023-07-05
STU09871,18,Female,11,SCH007,2023-11-17
STU09872,13,Female,7,SCH021,2023-11-07
STU09873,18,Male,12,SCH005,2023-10-25
STU09874,13,Male,7,SCH024,2022-09-18
STU09875,16,Male,11,SCH017,2025-08-12
STU09876,15,Male,9,SCH012,2023-07-03
STU09877,16,Female,9,SCH013,2022-04-14
STU09878,18,Female,11,SCH022,2022-11-24
STU09879,14,Female,8,SCH003,2022-03-12
STU09880,12,Female,7,SCH004,2023-05-27
STU09881,17,Female,11,SCH018,2023-01-04
STU09882,19,Male,12,SCH005,2022-03-17
STU09883,19,Female,12,SCH004,2022-08-03
STU09884,15,Female,9,SCH017,2026-07-17
STU09885,17,Female,12,SCH002,2022-09-15
STU09886,17,Female,11,SCH024,2026-01-10
STU09887,15,Male,10,SCH007,2023-06-22
STU09888,17,Female,11,SCH023,2024-09-04
STU09889,18,Female,12,SCH018,2023-05-02
STU09890,18,Female,12,SCH015,2025-06-22
STU09891,16,Female,11,SCH022,2022-05-28
STU09892,12,Male,7,SCH007,2022-06-06
STU09893,17,Female,11,SCH001,2022-08-19
STU09894,15,Female,9,SCH021,2023-05-10
STU09895,14,Female,9,SCH010,2023-07-24
STU09896,18,Male,11,SCH001,2026-04-05
STU09897,17,Female,11,SCH012,2025-02-23
STU09898,19,Female,12,SCH011,2022-04-17
STU09899,19,Male,12,SCH024,2026-08-07
STU09900,15,Male,8,SCH007,2022-01-01
STU09901,14,Female,8,SCH014,2023-08-09
STU09902,15,Female,8,SCH014,2025-11-10
STU09903,12,Male,7,SCH021,2023-02-27
STU09904,17,Female,12,SCH004,2024-04-23
STU09905,19,Male,12,SCH013,2023-06-08
STU09906,13,Female,7,SCH009,2025-04-14
STU09907,18,Female,12,SCH005,2022-08-02
STU09908,14,Male,9,SCH006,2024-05-09
STU09909,12,Male,7,SCH004,2024-07-08
STU09910,15,Female,8,SCH024,2023-11-24
STU09911,17,Non-binary,10,SCH018,2024-06-19
STU09912,19,Male,12,SCH021,2022-03-27
STU09913,19,Male,12,SCH010,2023-09-14
STU09914,16,Female,10,SCH016,2026-03-10
STU09915,14,Male,8,SCH004,2023-11-25
STU09916,12,Male,7,SCH013,2023-03-19
STU09917,17,Male,12,SCH021,2023-11-24
STU09918,16,Non-binary,11,SCH015,2026-04-06
STU09919,14,Female,8,SCH009,2026-08-25
STU09920,15,Female,8,SCH006,2023-07-28
STU09921,17,Male,11,SCH004,2023-01-08
STU09922,15,Female,10,SCH020,2024-06-24
STU09923,15,Female,10,SCH010,2022-09-06
STU09924,18,Non-binary,12,SCH012,2026-04-07
STU09925,19,Male,12,SCH018,2022-11-16
STU09926,12,Male,7,SCH004,2023-01-16
STU09927,12,Female,7,SCH008,2025-07-12
STU09928,16,Female,10,SCH015,2024-07-04
STU09929,17,Female,12,SCH021,2024-06-21
STU09930,16,Female,9,SCH014,2026-02-09
STU09931,16,Male,9,SCH004,2025-05-14
STU09932,16,Female,11,SCH013,2024-01-18
STU09933,15,Male,10,SCH019,2026-06-01
STU09934,16,Female,11,SCH025,2022-09-20
STU09935,16,Female,10,SCH006,2024-12-14
STU09936,14,Male,9,SCH013,2022-03-06
STU09937,13,Female,7,SCH014,2025-04-19
STU09938,18,Male,12,SCH005,2022-02-15
STU09939,13,Male,7,SCH005,2022-11-24
STU09940,17,Female,12,SCH004,2025-06-11
STU09941,17,Male,11,SCH001,2025-02-26
STU09942,13,Male,8,SCH020,2025-09-05
STU09943,14,Female,7,SCH024,2025-12-06
STU09944,15,Male,10,SCH001,2026-08-19
STU09945,17,Female,11,SCH004,2026-05-03
STU09946,15,Male,10,SCH021,2022-08-27
STU09947,13,Female,8,SCH002,2023-01-15
STU09948,14,Female,8,SCH007,2023-09-22
STU09949,17,Male,11,SCH025,2023-04-17
STU09950,14,Female,8,SCH013,2024-01-07
STU09951,16,Female,9,SCH009,2023-10-07
STU09952,16,Female,9,SCH025,2025-04-12
STU09953,13,Male,8,SCH002,2025-09-24
STU09954,14,Female,8,SCH001,2026-10-19
STU09955,16,Female,10,SCH017,2024-11-26
STU09956,15,Male,10,SCH019,2022-12-15
STU09957,14,Female,8,SCH020,2024-08-14
STU09958,16,Male,9,SCH003,2024-02-15
STU09959,18,Male,12,SCH012,2026-06-24
STU09960,15,Female,10,SCH014,2022-11-06
STU09961,15,Female,8,SCH021,2025-04-09
STU09962,14,Female,7,SCH020,2023-02-14
STU09963,12,Female,7,SCH004,2026-03-21
STU09964,18,Male,12,SCH005,2025-04-26
STU09965,17,Male,12,SCH004,2022-07-08
STU09966,13,Male,7,SCH016,2024-06-08
STU09967,16,Male,10,SCH001,2023-05-12
STU09968,13,Male,8,SCH024,2026-01-22
STU09969,15,Female,9,SCH013,2022-11-07
STU09970,16,Male,9,SCH002,2025-01-09
STU09971,13,Male,7,SCH013,2024-06-15
STU09972,12,Female,7,SCH001,2024-01-21
STU09973,15,Female,9,SCH004,2025-05-03
STU09974,16,Male,11,SCH006,2024-11-04
STU09975,17,Female,10,SCH012,2026-10-16
STU09976,18,Male,12,SCH005,2024-08-10
STU09977,12,Female,7,SCH024,2022-04-15
STU09978,13,Male,8,SCH010,2026-07-27
STU09979,15,Male,9,SCH023,2025-11-07
STU09980,14,Female,7,SCH011,2025-09-26
STU09981,16,Female,9,SCH004,2023-08-10
STU09982,13,Female,7,SCH022,2024-09-03
STU09983,12,Male,7,SCH016,2023-12-07
STU09984,15,Female,9,SCH020,2025-12-10
STU09985,17,Male,12,SCH007,2022-10-12
STU09986,14,Female,7,SCH022,2023-05-04
STU09987,18,Female,12,SCH022,2022-12-09
STU09988,19,Female,12,SCH022,2024-11-16
STU09989,15,Female,9,SCH007,2022-02-12
STU09990,15,Male,10,SCH024,2023-10-28
STU09991,18,Male,12,SCH001,2022-04-28
STU09992,18,Female,12,SCH006,2026-04-25
STU09993,14,Male,8,SCH009,2023-02-21
STU09994,14,Male,9,SCH022,2023-09-22
STU09995,18,Male,12,SCH006,2024-07-05
STU09996,15,Male,10,SCH012,2024-03-16
STU09997,15,Male,8,SCH008,2023-11-28
STU09998,16,Male,9,SCH024,2025-02-06
STU09999,17,Male,12,SCH017,2023-04-23
STU10000,14,Male,9,SCH010,2024-09-19
