attendance_id,student_id,attendance_rate,days_absent,consecutive_absences,record_date
ATT00001,STU00001,78.33,14,6,2026-10-02
ATT00002,STU00002,91.22,6,2,2026-10-02
ATT00003,STU00003,90.58,6,5,2026-10-02
ATT00004,STU00004,80.79,10,4,2026-10-02
ATT00005,STU00005,89.8,9,0,2026-10-02
ATT00006,STU00006,70.69,18,3,2026-10-02
ATT00007,STU00007,100.0,2,0,2026-10-02
ATT00008,STU00008,91.41,5,1,2026-10-02
ATT00009,STU00009,60.43,23,9,2026-10-02
ATT00010,STU00010,66.91,21,8,2026-10-02
ATT00011,STU00011,81.09,11,5,2026-10-02
ATT00012,STU00012,64.14,23,5,2026-10-02
ATT00013,STU00013,71.33,21,4,2026-10-02
ATT00014,STU00014,73.22,18,3,2026-10-02
ATT00015,STU00015,91.44,5,0,2026-10-02
ATT00016,STU00016,69.43,18,4,2026-10-02
ATT00017,STU00017,59.5,24,10,2026-10-02
ATT00018,STU00018,88.52,7,2,2026-10-02
ATT00019,STU00019,76.68,15,4,2026-10-02
ATT00020,STU00020,71.89,19,4,2026-10-02
ATT00021,STU00021,55.66,30,9,2026-10-02
ATT00022,STU00022,76.47,16,6,2026-10-02
ATT00023,STU00023,95.95,1,0,2026-10-02
ATT00024,STU00024,87.24,11,4,2026-10-02
ATT00025,STU00025,92.75,4,3,2026-10-02
ATT00026,STU00026,68.17,19,4,2026-10-02
ATT00027,STU00027,76.1,14,6,2026-10-02
ATT00028,STU00028,74.59,19,5,2026-10-02
ATT00029,STU00029,92.08,8,0,2026-10-02
ATT00030,STU00030,99.64,2,0,2026-10-02
ATT00031,STU00031,81.81,10,2,2026-10-02
ATT00032,STU00032,93.51,3,1,2026-10-02
ATT00033,STU00033,63.08,24,9,2026-10-02
ATT00034,STU00034,65.0,22,6,2026-10-02
ATT00035,STU00035,98.83,0,0,2026-10-02
ATT00036,STU00036,89.87,6,1,2026-10-02
ATT00037,STU00037,84.04,13,4,2026-10-02
ATT00038,STU00038,66.39,21,4,2026-10-02
ATT00039,STU00039,88.21,8,1,2026-10-02
ATT00040,STU00040,70.21,18,3,2026-10-02
ATT00041,STU00041,92.49,5,2,2026-10-02
ATT00042,STU00042,71.33,17,4,2026-10-02
ATT00043,STU00043,92.39,6,5,2026-10-02
ATT00044,STU00044,62.26,21,7,2026-10-02
ATT00045,STU00045,92.27,7,0,2026-10-02
ATT00046,STU00046,68.86,20,4,2026-10-02
ATT00047,STU00047,85.04,9,3,2026-10-02
ATT00048,STU00048,89.11,7,0,2026-10-02
ATT00049,STU00049,50.94,32,10,2026-10-02
ATT00050,STU00050,72.88,19,6,2026-10-02
ATT00051,STU00051,96.99,0,0,2026-10-02
ATT00052,STU00052,87.47,10,2,2026-10-02
ATT00053,STU00053,77.08,15,6,2026-10-02
ATT00054,STU00054,92.82,6,0,2026-10-02
ATT00055,STU00055,78.5,15,0,2026-10-02
ATT00056,STU00056,79.81,13,7,2026-10-02
ATT00057,STU00057,68.31,21,5,2026-10-02
ATT00058,STU00058,100.0,1,0,2026-10-02
ATT00059,STU00059,85.58,7,1,2026-10-02
ATT00060,STU00060,72.44,18,8,2026-10-02
ATT00061,STU00061,77.04,15,6,2026-10-02
ATT00062,STU00062,74.68,17,5,2026-10-02
ATT00063,STU00063,68.02,21,4,2026-10-02
ATT00064,STU00064,77.23,15,5,2026-10-02
ATT00065,STU00065,75.37,15,7,2026-10-02
ATT00066,STU00066,88.48,8,0,2026-10-02
ATT00067,STU00067,91.21,7,2,2026-10-02
ATT00068,STU00068,73.15,22,5,2026-10-02
ATT00069,STU00069,76.3,16,5,2026-10-02
ATT00070,STU00070,91.15,6,3,2026-10-02
ATT00071,STU00071,86.26,12,4,2026-10-02
ATT00072,STU00072,52.71,30,11,2026-10-02
ATT00073,STU00073,89.86,4,2,2026-10-02
ATT00074,STU00074,91.8,5,0,2026-10-02
ATT00075,STU00075,90.54,5,1,2026-10-02
ATT00076,STU00076,88.15,6,4,2026-10-02
ATT00077,STU00077,86.93,9,0,2026-10-02
ATT00078,STU00078,84.75,11,3,2026-10-02
ATT00079,STU00079,74.91,18,5,2026-10-02
ATT00080,STU00080,100.0,0,0,2026-10-02
ATT00081,STU00081,81.64,12,1,2026-10-02
ATT00082,STU00082,69.68,20,7,2026-10-02
ATT00083,STU00083,69.84,21,9,2026-10-02
ATT00084,STU00084,84.7,9,3,2026-10-02
ATT00085,STU00085,65.06,23,7,2026-10-02
ATT00086,STU00086,89.7,9,1,2026-10-02
ATT00087,STU00087,97.92,0,0,2026-10-02
ATT00088,STU00088,100.0,0,0,2026-10-02
ATT00089,STU00089,77.8,15,2,2026-10-02
ATT00090,STU00090,69.59,20,8,2026-10-02
ATT00091,STU00091,80.34,10,2,2026-10-02
ATT00092,STU00092,75.54,15,4,2026-10-02
ATT00093,STU00093,100.0,0,0,2026-10-02
ATT00094,STU00094,78.56,16,2,2026-10-02
ATT00095,STU00095,74.05,19,5,2026-10-02
ATT00096,STU00096,77.84,16,4,2026-10-02
ATT00097,STU00097,80.93,11,0,2026-10-02
ATT00098,STU00098,89.17,8,2,2026-10-02
ATT00099,STU00099,82.37,12,6,2026-10-02
ATT00100,STU00100,70.14,19,5,2026-10-02
ATT00101,STU00101,82.75,11,0,2026-10-02
ATT00102,STU00102,90.34,8,0,2026-10-02
ATT00103,STU00103,80.38,13,4,2026-10-02
ATT00104,STU00104,100.0,2,0,2026-10-02
ATT00105,STU00105,83.55,10,1,2026-10-02
ATT00106,STU00106,85.13,10,2,2026-10-02
ATT00107,STU00107,100.0,2,0,2026-10-02
ATT00108,STU00108,53.69,28,9,2026-10-02
ATT00109,STU00109,78.78,15,3,2026-10-02
ATT00110,STU00110,84.28,10,2,2026-10-02
ATT00111,STU00111,70.0,21,6,2026-10-02
ATT00112,STU00112,80.29,10,3,2026-10-02
ATT00113,STU00113,80.07,14,6,2026-10-02
ATT00114,STU00114,92.25,7,4,2026-10-02
ATT00115,STU00115,73.54,19,6,2026-10-02
ATT00116,STU00116,99.17,3,0,2026-10-02
ATT00117,STU00117,84.56,10,2,2026-10-02
ATT00118,STU00118,77.29,17,5,2026-10-02
ATT00119,STU00119,82.19,12,7,2026-10-02
ATT00120,STU00120,84.38,14,5,2026-10-02
ATT00121,STU00121,98.5,1,0,2026-10-02
ATT00122,STU00122,61.33,26,9,2026-10-02
ATT00123,STU00123,74.47,17,5,2026-10-02
ATT00124,STU00124,81.68,13,5,2026-10-02
ATT00125,STU00125,61.35,22,6,2026-10-02
ATT00126,STU00126,92.52,7,3,2026-10-02
ATT00127,STU00127,57.67,25,8,2026-10-02
ATT00128,STU00128,79.16,16,8,2026-10-02
ATT00129,STU00129,88.58,8,2,2026-10-02
ATT00130,STU00130,78.55,14,1,2026-10-02
ATT00131,STU00131,70.38,19,4,2026-10-02
ATT00132,STU00132,96.28,2,0,2026-10-02
ATT00133,STU00133,92.17,6,0,2026-10-02
ATT00134,STU00134,92.21,3,1,2026-10-02
ATT00135,STU00135,83.78,12,3,2026-10-02
ATT00136,STU00136,74.87,14,3,2026-10-02
ATT00137,STU00137,78.78,14,5,2026-10-02
ATT00138,STU00138,100.0,0,0,2026-10-02
ATT00139,STU00139,88.6,7,3,2026-10-02
ATT00140,STU00140,86.68,6,5,2026-10-02
ATT00141,STU00141,71.85,17,7,2026-10-02
ATT00142,STU00142,98.81,0,0,2026-10-02
ATT00143,STU00143,79.98,15,5,2026-10-02
ATT00144,STU00144,66.39,19,5,2026-10-02
ATT00145,STU00145,67.36,20,5,2026-10-02
ATT00146,STU00146,73.62,17,7,2026-10-02
ATT00147,STU00147,100.0,0,0,2026-10-02
ATT00148,STU00148,93.61,4,1,2026-10-02
ATT00149,STU00149,95.65,5,0,2026-10-02
ATT00150,STU00150,83.44,11,3,2026-10-02
ATT00151,STU00151,66.97,22,7,2026-10-02
ATT00152,STU00152,75.64,15,4,2026-10-02
ATT00153,STU00153,95.45,7,3,2026-10-02
ATT00154,STU00154,90.32,7,3,2026-10-02
ATT00155,STU00155,75.2,12,5,2026-10-02
ATT00156,STU00156,80.89,12,5,2026-10-02
ATT00157,STU00157,72.5,20,7,2026-10-02
ATT00158,STU00158,74.05,16,5,2026-10-02
ATT00159,STU00159,65.88,24,8,2026-10-02
ATT00160,STU00160,75.71,16,6,2026-10-02
ATT00161,STU00161,100.0,0,0,2026-10-02
ATT00162,STU00162,83.91,9,3,2026-10-02
ATT00163,STU00163,67.59,23,7,2026-10-02
ATT00164,STU00164,83.2,14,6,2026-10-02
ATT00165,STU00165,59.49,27,8,2026-10-02
ATT00166,STU00166,74.63,16,4,2026-10-02
ATT00167,STU00167,80.5,10,1,2026-10-02
ATT00168,STU00168,98.04,1,0,2026-10-02
ATT00169,STU00169,87.51,11,4,2026-10-02
ATT00170,STU00170,100.0,0,0,2026-10-02
ATT00171,STU00171,79.2,13,1,2026-10-02
ATT00172,STU00172,75.06,18,6,2026-10-02
ATT00173,STU00173,98.49,3,0,2026-10-02
ATT00174,STU00174,78.78,13,4,2026-10-02
ATT00175,STU00175,93.31,4,4,2026-10-02
ATT00176,STU00176,74.2,17,3,2026-10-02
ATT00177,STU00177,76.78,15,2,2026-10-02
ATT00178,STU00178,93.81,3,0,2026-10-02
ATT00179,STU00179,70.45,20,3,2026-10-02
ATT00180,STU00180,88.14,8,4,2026-10-02
ATT00181,STU00181,79.32,12,5,2026-10-02
ATT00182,STU00182,77.27,15,3,2026-10-02
ATT00183,STU00183,90.7,6,0,2026-10-02
ATT00184,STU00184,80.21,15,6,2026-10-02
ATT00185,STU00185,71.9,18,7,2026-10-02
ATT00186,STU00186,80.31,12,5,2026-10-02
ATT00187,STU00187,78.77,14,4,2026-10-02
ATT00188,STU00188,93.48,4,0,2026-10-02
ATT00189,STU00189,79.29,15,4,2026-10-02
ATT00190,STU00190,75.77,18,5,2026-10-02
ATT00191,STU00191,80.11,13,4,2026-10-02
ATT00192,STU00192,93.71,8,2,2026-10-02
ATT00193,STU00193,92.77,8,1,2026-10-02
ATT00194,STU00194,96.53,4,0,2026-10-02
ATT00195,STU00195,74.85,15,5,2026-10-02
ATT00196,STU00196,78.21,11,0,2026-10-02
ATT00197,STU00197,86.01,9,0,2026-10-02
ATT00198,STU00198,75.39,16,2,2026-10-02
ATT00199,STU00199,66.87,22,7,2026-10-02
ATT00200,STU00200,76.81,16,3,2026-10-02
ATT00201,STU00201,75.21,14,3,2026-10-02
ATT00202,STU00202,87.23,6,2,2026-10-02
ATT00203,STU00203,100.0,0,0,2026-10-02
ATT00204,STU00204,71.91,17,4,2026-10-02
ATT00205,STU00205,79.79,12,2,2026-10-02
ATT00206,STU00206,100.0,0,0,2026-10-02
ATT00207,STU00207,100.0,2,0,2026-10-02
ATT00208,STU00208,64.5,24,6,2026-10-02
ATT00209,STU00209,93.6,1,0,2026-10-02
ATT00210,STU00210,87.18,9,0,2026-10-02
ATT00211,STU00211,87.86,5,1,2026-10-02
ATT00212,STU00212,82.28,12,5,2026-10-02
ATT00213,STU00213,100.0,0,0,2026-10-02
ATT00214,STU00214,100.0,2,0,2026-10-02
ATT00215,STU00215,70.87,16,4,2026-10-02
ATT00216,STU00216,88.37,8,2,2026-10-02
ATT00217,STU00217,75.52,16,5,2026-10-02
ATT00218,STU00218,87.16,7,6,2026-10-02
ATT00219,STU00219,85.86,9,0,2026-10-02
ATT00220,STU00220,85.85,9,2,2026-10-02
ATT00221,STU00221,87.14,8,5,2026-10-02
ATT00222,STU00222,91.8,5,1,2026-10-02
ATT00223,STU00223,100.0,0,0,2026-10-02
ATT00224,STU00224,76.07,15,3,2026-10-02
ATT00225,STU00225,85.59,10,3,2026-10-02
ATT00226,STU00226,83.82,10,2,2026-10-02
ATT00227,STU00227,100.0,1,0,2026-10-02
ATT00228,STU00228,74.7,17,5,2026-10-02
ATT00229,STU00229,100.0,0,0,2026-10-02
ATT00230,STU00230,86.54,9,1,2026-10-02
ATT00231,STU00231,67.21,22,6,2026-10-02
ATT00232,STU00232,93.9,5,0,2026-10-02
ATT00233,STU00233,75.02,17,4,2026-10-02
ATT00234,STU00234,100.0,0,0,2026-10-02
ATT00235,STU00235,88.69,9,1,2026-10-02
ATT00236,STU00236,74.22,19,6,2026-10-02
ATT00237,STU00237,50.55,33,11,2026-10-02
ATT00238,STU00238,61.68,25,7,2026-10-02
ATT00239,STU00239,73.38,17,6,2026-10-02
ATT00240,STU00240,60.82,24,9,2026-10-02
ATT00241,STU00241,80.67,11,4,2026-10-02
ATT00242,STU00242,73.31,18,5,2026-10-02
ATT00243,STU00243,78.0,15,2,2026-10-02
ATT00244,STU00244,80.22,14,2,2026-10-02
ATT00245,STU00245,80.92,12,2,2026-10-02
ATT00246,STU00246,96.12,0,0,2026-10-02
ATT00247,STU00247,64.59,22,10,2026-10-02
ATT00248,STU00248,95.37,0,0,2026-10-02
ATT00249,STU00249,64.53,23,6,2026-10-02
ATT00250,STU00250,81.59,13,5,2026-10-02
ATT00251,STU00251,64.08,23,9,2026-10-02
ATT00252,STU00252,73.97,18,4,2026-10-02
ATT00253,STU00253,84.47,11,1,2026-10-02
ATT00254,STU00254,71.72,18,4,2026-10-02
ATT00255,STU00255,76.42,14,4,2026-10-02
ATT00256,STU00256,79.28,13,2,2026-10-02
ATT00257,STU00257,76.36,17,7,2026-10-02
ATT00258,STU00258,85.82,9,3,2026-10-02
ATT00259,STU00259,78.99,14,7,2026-10-02
ATT00260,STU00260,90.14,5,0,2026-10-02
ATT00261,STU00261,75.87,15,6,2026-10-02
ATT00262,STU00262,75.71,17,1,2026-10-02
ATT00263,STU00263,61.44,27,7,2026-10-02
ATT00264,STU00264,75.85,17,6,2026-10-02
ATT00265,STU00265,89.24,7,1,2026-10-02
ATT00266,STU00266,85.05,9,4,2026-10-02
ATT00267,STU00267,67.16,23,9,2026-10-02
ATT00268,STU00268,100.0,1,0,2026-10-02
ATT00269,STU00269,67.04,20,4,2026-10-02
ATT00270,STU00270,80.12,12,2,2026-10-02
ATT00271,STU00271,69.23,18,8,2026-10-02
ATT00272,STU00272,91.21,8,3,2026-10-02
ATT00273,STU00273,81.51,14,3,2026-10-02
ATT00274,STU00274,93.18,5,1,2026-10-02
ATT00275,STU00275,65.42,25,4,2026-10-02
ATT00276,STU00276,70.35,18,4,2026-10-02
ATT00277,STU00277,86.45,10,2,2026-10-02
ATT00278,STU00278,97.12,5,1,2026-10-02
ATT00279,STU00279,78.62,13,4,2026-10-02
ATT00280,STU00280,100.0,0,0,2026-10-02
ATT00281,STU00281,82.08,13,0,2026-10-02
ATT00282,STU00282,75.91,16,5,2026-10-02
ATT00283,STU00283,72.4,18,7,2026-10-02
ATT00284,STU00284,89.39,6,0,2026-10-02
ATT00285,STU00285,81.33,11,4,2026-10-02
ATT00286,STU00286,80.97,13,6,2026-10-02
ATT00287,STU00287,82.98,9,5,2026-10-02
ATT00288,STU00288,87.67,8,3,2026-10-02
ATT00289,STU00289,77.12,14,4,2026-10-02
ATT00290,STU00290,82.99,14,4,2026-10-02
ATT00291,STU00291,74.77,18,6,2026-10-02
ATT00292,STU00292,86.25,9,2,2026-10-02
ATT00293,STU00293,89.09,8,3,2026-10-02
ATT00294,STU00294,72.47,20,7,2026-10-02
ATT00295,STU00295,64.33,25,5,2026-10-02
ATT00296,STU00296,84.21,8,5,2026-10-02
ATT00297,STU00297,84.03,10,1,2026-10-02
ATT00298,STU00298,100.0,2,2,2026-10-02
ATT00299,STU00299,99.99,0,0,2026-10-02
ATT00300,STU00300,75.25,15,7,2026-10-02
ATT00301,STU00301,68.26,21,4,2026-10-02
ATT00302,STU00302,84.22,10,0,2026-10-02
ATT00303,STU00303,94.92,3,1,2026-10-02
ATT00304,STU00304,69.29,20,6,2026-10-02
ATT00305,STU00305,88.28,6,5,2026-10-02
ATT00306,STU00306,87.95,8,2,2026-10-02
ATT00307,STU00307,78.34,14,3,2026-10-02
ATT00308,STU00308,88.13,10,1,2026-10-02
ATT00309,STU00309,78.13,15,2,2026-10-02
ATT00310,STU00310,86.48,11,5,2026-10-02
ATT00311,STU00311,83.86,13,4,2026-10-02
ATT00312,STU00312,88.96,5,0,2026-10-02
ATT00313,STU00313,75.39,16,2,2026-10-02
ATT00314,STU00314,70.77,18,6,2026-10-02
ATT00315,STU00315,80.81,13,3,2026-10-02
ATT00316,STU00316,86.48,9,6,2026-10-02
ATT00317,STU00317,82.94,14,7,2026-10-02
ATT00318,STU00318,73.97,19,3,2026-10-02
ATT00319,STU00319,100.0,0,0,2026-10-02
ATT00320,STU00320,50.05,34,12,2026-10-02
ATT00321,STU00321,96.76,3,0,2026-10-02
ATT00322,STU00322,81.64,10,5,2026-10-02
ATT00323,STU00323,65.95,22,7,2026-10-02
ATT00324,STU00324,84.92,10,2,2026-10-02
ATT00325,STU00325,81.68,10,4,2026-10-02
ATT00326,STU00326,100.0,2,0,2026-10-02
ATT00327,STU00327,73.7,19,6,2026-10-02
ATT00328,STU00328,82.99,12,4,2026-10-02
ATT00329,STU00329,77.01,16,0,2026-10-02
ATT00330,STU00330,88.33,9,3,2026-10-02
ATT00331,STU00331,56.0,28,10,2026-10-02
ATT00332,STU00332,70.61,19,3,2026-10-02
ATT00333,STU00333,75.05,15,4,2026-10-02
ATT00334,STU00334,84.12,10,5,2026-10-02
ATT00335,STU00335,69.39,18,4,2026-10-02
ATT00336,STU00336,53.18,30,7,2026-10-02
ATT00337,STU00337,72.89,16,2,2026-10-02
ATT00338,STU00338,86.91,9,0,2026-10-02
ATT00339,STU00339,78.63,12,5,2026-10-02
ATT00340,STU00340,84.23,10,2,2026-10-02
ATT00341,STU00341,77.41,14,2,2026-10-02
ATT00342,STU00342,91.08,6,1,2026-10-02
ATT00343,STU00343,84.13,10,3,2026-10-02
ATT00344,STU00344,86.65,11,3,2026-10-02
ATT00345,STU00345,42.24,38,12,2026-10-02
ATT00346,STU00346,70.07,19,4,2026-10-02
ATT00347,STU00347,61.21,26,4,2026-10-02
ATT00348,STU00348,76.8,15,7,2026-10-02
ATT00349,STU00349,86.18,10,3,2026-10-02
ATT00350,STU00350,80.84,11,1,2026-10-02
ATT00351,STU00351,86.0,10,0,2026-10-02
ATT00352,STU00352,89.83,9,2,2026-10-02
ATT00353,STU00353,86.93,8,1,2026-10-02
ATT00354,STU00354,57.96,30,11,2026-10-02
ATT00355,STU00355,97.14,0,0,2026-10-02
ATT00356,STU00356,100.0,0,0,2026-10-02
ATT00357,STU00357,77.44,16,4,2026-10-02
ATT00358,STU00358,77.57,14,6,2026-10-02
ATT00359,STU00359,62.1,25,5,2026-10-02
ATT00360,STU00360,83.83,11,5,2026-10-02
ATT00361,STU00361,81.6,14,4,2026-10-02
ATT00362,STU00362,96.59,4,0,2026-10-02
ATT00363,STU00363,69.43,22,8,2026-10-02
ATT00364,STU00364,75.43,15,6,2026-10-02
ATT00365,STU00365,100.0,0,0,2026-10-02
ATT00366,STU00366,91.52,6,5,2026-10-02
ATT00367,STU00367,85.84,8,1,2026-10-02
ATT00368,STU00368,90.63,5,1,2026-10-02
ATT00369,STU00369,71.57,19,7,2026-10-02
ATT00370,STU00370,99.92,1,0,2026-10-02
ATT00371,STU00371,76.71,15,3,2026-10-02
ATT00372,STU00372,72.87,16,5,2026-10-02
ATT00373,STU00373,78.31,14,5,2026-10-02
ATT00374,STU00374,100.0,0,0,2026-10-02
ATT00375,STU00375,89.15,7,1,2026-10-02
ATT00376,STU00376,68.95,22,7,2026-10-02
ATT00377,STU00377,81.77,11,2,2026-10-02
ATT00378,STU00378,76.77,14,2,2026-10-02
ATT00379,STU00379,95.39,3,1,2026-10-02
ATT00380,STU00380,63.91,25,11,2026-10-02
ATT00381,STU00381,91.2,4,0,2026-10-02
ATT00382,STU00382,74.31,18,4,2026-10-02
ATT00383,STU00383,84.91,10,4,2026-10-02
ATT00384,STU00384,80.57,12,5,2026-10-02
ATT00385,STU00385,72.75,17,6,2026-10-02
ATT00386,STU00386,88.97,7,0,2026-10-02
ATT00387,STU00387,66.7,20,6,2026-10-02
ATT00388,STU00388,66.36,23,4,2026-10-02
ATT00389,STU00389,81.37,13,2,2026-10-02
ATT00390,STU00390,69.69,19,5,2026-10-02
ATT00391,STU00391,88.9,5,0,2026-10-02
ATT00392,STU00392,73.7,18,6,2026-10-02
ATT00393,STU00393,91.7,5,2,2026-10-02
ATT00394,STU00394,82.7,14,2,2026-10-02
ATT00395,STU00395,71.91,19,7,2026-10-02
ATT00396,STU00396,65.9,25,10,2026-10-02
ATT00397,STU00397,70.72,21,6,2026-10-02
ATT00398,STU00398,73.62,17,0,2026-10-02
ATT00399,STU00399,72.26,18,4,2026-10-02
ATT00400,STU00400,100.0,1,0,2026-10-02
ATT00401,STU00401,64.39,22,9,2026-10-02
ATT00402,STU00402,85.22,11,4,2026-10-02
ATT00403,STU00403,72.87,18,7,2026-10-02
ATT00404,STU00404,97.94,0,0,2026-10-02
ATT00405,STU00405,75.94,17,7,2026-10-02
ATT00406,STU00406,80.96,10,4,2026-10-02
ATT00407,STU00407,84.5,11,0,2026-10-02
ATT00408,STU00408,87.98,7,0,2026-10-02
ATT00409,STU00409,96.46,2,0,2026-10-02
ATT00410,STU00410,78.44,15,6,2026-10-02
ATT00411,STU00411,97.51,0,0,2026-10-02
ATT00412,STU00412,59.76,24,7,2026-10-02
ATT00413,STU00413,84.38,12,2,2026-10-02
ATT00414,STU00414,80.23,14,3,2026-10-02
ATT00415,STU00415,82.84,14,5,2026-10-02
ATT00416,STU00416,94.01,3,0,2026-10-02
ATT00417,STU00417,74.3,20,6,2026-10-02
ATT00418,STU00418,83.49,11,0,2026-10-02
ATT00419,STU00419,86.5,9,2,2026-10-02
ATT00420,STU00420,61.96,26,6,2026-10-02
ATT00421,STU00421,90.81,6,0,2026-10-02
ATT00422,STU00422,74.54,15,3,2026-10-02
ATT00423,STU00423,85.58,11,1,2026-10-02
ATT00424,STU00424,83.1,11,1,2026-10-02
ATT00425,STU00425,89.44,7,4,2026-10-02
ATT00426,STU00426,88.76,5,0,2026-10-02
ATT00427,STU00427,85.58,10,3,2026-10-02
ATT00428,STU00428,70.49,17,4,2026-10-02
ATT00429,STU00429,49.48,33,11,2026-10-02
ATT00430,STU00430,74.49,16,6,2026-10-02
ATT00431,STU00431,85.12,9,3,2026-10-02
ATT00432,STU00432,86.06,7,4,2026-10-02
ATT00433,STU00433,82.55,12,1,2026-10-02
ATT00434,STU00434,84.26,11,2,2026-10-02
ATT00435,STU00435,91.89,5,0,2026-10-02
ATT00436,STU00436,85.83,7,0,2026-10-02
ATT00437,STU00437,76.27,16,7,2026-10-02
ATT00438,STU00438,50.77,34,11,2026-10-02
ATT00439,STU00439,82.87,11,3,2026-10-02
ATT00440,STU00440,100.0,0,0,2026-10-02
ATT00441,STU00441,78.27,14,6,2026-10-02
ATT00442,STU00442,73.71,16,6,2026-10-02
ATT00443,STU00443,78.36,14,3,2026-10-02
ATT00444,STU00444,82.0,12,5,2026-10-02
ATT00445,STU00445,62.73,23,6,2026-10-02
ATT00446,STU00446,74.3,17,3,2026-10-02
ATT00447,STU00447,98.49,2,0,2026-10-02
ATT00448,STU00448,74.03,14,8,2026-10-02
ATT00449,STU00449,94.53,5,2,2026-10-02
ATT00450,STU00450,87.7,10,3,2026-10-02
ATT00451,STU00451,100.0,1,0,2026-10-02
ATT00452,STU00452,76.83,15,3,2026-10-02
ATT00453,STU00453,70.19,21,8,2026-10-02
ATT00454,STU00454,62.9,25,7,2026-10-02
ATT00455,STU00455,71.01,18,6,2026-10-02
ATT00456,STU00456,75.11,14,1,2026-10-02
ATT00457,STU00457,81.66,13,4,2026-10-02
ATT00458,STU00458,79.76,15,4,2026-10-02
ATT00459,STU00459,57.19,31,7,2026-10-02
ATT00460,STU00460,95.64,1,0,2026-10-02
ATT00461,STU00461,97.43,2,0,2026-10-02
ATT00462,STU00462,81.9,10,4,2026-10-02
ATT00463,STU00463,74.61,16,7,2026-10-02
ATT00464,STU00464,74.07,19,5,2026-10-02
ATT00465,STU00465,74.52,15,2,2026-10-02
ATT00466,STU00466,84.87,7,0,2026-10-02
ATT00467,STU00467,86.45,8,2,2026-10-02
ATT00468,STU00468,88.67,8,1,2026-10-02
ATT00469,STU00469,100.0,0,0,2026-10-02
ATT00470,STU00470,58.22,26,8,2026-10-02
ATT00471,STU00471,88.75,8,5,2026-10-02
ATT00472,STU00472,87.88,7,2,2026-10-02
ATT00473,STU00473,87.56,5,0,2026-10-02
ATT00474,STU00474,92.2,8,1,2026-10-02
ATT00475,STU00475,55.99,29,7,2026-10-02
ATT00476,STU00476,92.61,5,1,2026-10-02
ATT00477,STU00477,95.32,5,1,2026-10-02
ATT00478,STU00478,100.0,0,0,2026-10-02
ATT00479,STU00479,87.32,8,1,2026-10-02
ATT00480,STU00480,87.3,10,5,2026-10-02
ATT00481,STU00481,70.17,19,6,2026-10-02
ATT00482,STU00482,68.99,21,5,2026-10-02
ATT00483,STU00483,83.12,9,5,2026-10-02
ATT00484,STU00484,81.37,11,3,2026-10-02
ATT00485,STU00485,90.15,7,2,2026-10-02
ATT00486,STU00486,86.97,6,4,2026-10-02
ATT00487,STU00487,69.99,20,7,2026-10-02
ATT00488,STU00488,81.59,11,0,2026-10-02
ATT00489,STU00489,85.0,7,4,2026-10-02
ATT00490,STU00490,87.58,9,0,2026-10-02
ATT00491,STU00491,78.15,14,2,2026-10-02
ATT00492,STU00492,61.66,24,9,2026-10-02
ATT00493,STU00493,83.89,11,4,2026-10-02
ATT00494,STU00494,99.63,0,0,2026-10-02
ATT00495,STU00495,70.27,20,9,2026-10-02
ATT00496,STU00496,78.65,15,6,2026-10-02
ATT00497,STU00497,79.9,14,4,2026-10-02
ATT00498,STU00498,99.16,0,0,2026-10-02
ATT00499,STU00499,92.59,1,0,2026-10-02
ATT00500,STU00500,72.75,19,5,2026-10-02
ATT00501,STU00501,68.78,21,9,2026-10-02
ATT00502,STU00502,69.52,22,7,2026-10-02
ATT00503,STU00503,93.72,6,0,2026-10-02
ATT00504,STU00504,82.83,10,0,2026-10-02
ATT00505,STU00505,85.88,10,2,2026-10-02
ATT00506,STU00506,62.54,24,7,2026-10-02
ATT00507,STU00507,63.39,24,8,2026-10-02
ATT00508,STU00508,73.4,17,9,2026-10-02
ATT00509,STU00509,82.42,10,4,2026-10-02
ATT00510,STU00510,86.13,10,0,2026-10-02
ATT00511,STU00511,86.19,13,6,2026-10-02
ATT00512,STU00512,79.89,17,4,2026-10-02
ATT00513,STU00513,73.79,18,6,2026-10-02
ATT00514,STU00514,79.31,13,6,2026-10-02
ATT00515,STU00515,77.0,12,0,2026-10-02
ATT00516,STU00516,77.22,15,3,2026-10-02
ATT00517,STU00517,90.56,7,2,2026-10-02
ATT00518,STU00518,90.99,5,0,2026-10-02
ATT00519,STU00519,78.5,15,4,2026-10-02
ATT00520,STU00520,85.82,9,3,2026-10-02
ATT00521,STU00521,63.63,24,7,2026-10-02
ATT00522,STU00522,78.63,16,4,2026-10-02
ATT00523,STU00523,79.7,15,4,2026-10-02
ATT00524,STU00524,81.21,12,3,2026-10-02
ATT00525,STU00525,70.96,21,5,2026-10-02
ATT00526,STU00526,92.61,3,3,2026-10-02
ATT00527,STU00527,86.65,10,1,2026-10-02
ATT00528,STU00528,89.56,7,3,2026-10-02
ATT00529,STU00529,58.1,27,8,2026-10-02
ATT00530,STU00530,100.0,0,0,2026-10-02
ATT00531,STU00531,90.95,7,2,2026-10-02
ATT00532,STU00532,80.93,11,4,2026-10-02
ATT00533,STU00533,84.76,10,1,2026-10-02
ATT00534,STU00534,87.7,9,1,2026-10-02
ATT00535,STU00535,76.45,17,6,2026-10-02
ATT00536,STU00536,83.66,11,4,2026-10-02
ATT00537,STU00537,67.92,20,6,2026-10-02
ATT00538,STU00538,78.81,14,3,2026-10-02
ATT00539,STU00539,66.63,23,7,2026-10-02
ATT00540,STU00540,78.57,15,5,2026-10-02
ATT00541,STU00541,58.2,27,12,2026-10-02
ATT00542,STU00542,65.22,23,6,2026-10-02
ATT00543,STU00543,75.04,18,3,2026-10-02
ATT00544,STU00544,92.59,5,0,2026-10-02
ATT00545,STU00545,80.69,16,5,2026-10-02
ATT00546,STU00546,68.55,20,9,2026-10-02
ATT00547,STU00547,68.39,23,8,2026-10-02
ATT00548,STU00548,94.19,7,1,2026-10-02
ATT00549,STU00549,77.85,15,6,2026-10-02
ATT00550,STU00550,94.44,4,0,2026-10-02
ATT00551,STU00551,85.49,6,2,2026-10-02
ATT00552,STU00552,75.56,15,2,2026-10-02
ATT00553,STU00553,78.72,15,9,2026-10-02
ATT00554,STU00554,67.84,23,4,2026-10-02
ATT00555,STU00555,89.41,6,1,2026-10-02
ATT00556,STU00556,94.97,4,2,2026-10-02
ATT00557,STU00557,83.01,14,5,2026-10-02
ATT00558,STU00558,66.05,22,8,2026-10-02
ATT00559,STU00559,78.42,16,4,2026-10-02
ATT00560,STU00560,87.13,7,3,2026-10-02
ATT00561,STU00561,79.34,13,4,2026-10-02
ATT00562,STU00562,55.05,29,8,2026-10-02
ATT00563,STU00563,89.01,8,2,2026-10-02
ATT00564,STU00564,66.64,21,5,2026-10-02
ATT00565,STU00565,80.15,16,4,2026-10-02
ATT00566,STU00566,83.94,10,1,2026-10-02
ATT00567,STU00567,79.79,13,6,2026-10-02
ATT00568,STU00568,73.75,17,2,2026-10-02
ATT00569,STU00569,77.93,15,5,2026-10-02
ATT00570,STU00570,56.15,25,8,2026-10-02
ATT00571,STU00571,74.37,16,3,2026-10-02
ATT00572,STU00572,80.13,13,5,2026-10-02
ATT00573,STU00573,79.05,14,3,2026-10-02
ATT00574,STU00574,89.02,4,0,2026-10-02
ATT00575,STU00575,66.06,23,8,2026-10-02
ATT00576,STU00576,100.0,0,0,2026-10-02
ATT00577,STU00577,73.11,21,5,2026-10-02
ATT00578,STU00578,74.95,15,1,2026-10-02
ATT00579,STU00579,65.69,21,6,2026-10-02
ATT00580,STU00580,81.65,11,3,2026-10-02
ATT00581,STU00581,51.05,31,14,2026-10-02
ATT00582,STU00582,68.89,21,3,2026-10-02
ATT00583,STU00583,87.59,8,1,2026-10-02
ATT00584,STU00584,99.33,0,0,2026-10-02
ATT00585,STU00585,68.58,21,6,2026-10-02
ATT00586,STU00586,67.15,20,5,2026-10-02
ATT00587,STU00587,79.33,13,5,2026-10-02
ATT00588,STU00588,98.9,1,0,2026-10-02
ATT00589,STU00589,80.06,13,5,2026-10-02
ATT00590,STU00590,64.39,22,4,2026-10-02
ATT00591,STU00591,81.62,11,3,2026-10-02
ATT00592,STU00592,73.97,19,7,2026-10-02
ATT00593,STU00593,77.27,17,4,2026-10-02
ATT00594,STU00594,84.21,8,3,2026-10-02
ATT00595,STU00595,83.53,12,3,2026-10-02
ATT00596,STU00596,57.62,29,10,2026-10-02
ATT00597,STU00597,78.22,13,7,2026-10-02
ATT00598,STU00598,91.62,4,0,2026-10-02
ATT00599,STU00599,71.65,19,6,2026-10-02
ATT00600,STU00600,75.67,16,5,2026-10-02
ATT00601,STU00601,60.81,26,8,2026-10-02
ATT00602,STU00602,78.87,14,7,2026-10-02
ATT00603,STU00603,97.37,0,0,2026-10-02
ATT00604,STU00604,88.71,7,0,2026-10-02
ATT00605,STU00605,92.02,5,0,2026-10-02
ATT00606,STU00606,78.81,14,3,2026-10-02
ATT00607,STU00607,96.27,3,1,2026-10-02
ATT00608,STU00608,59.63,27,7,2026-10-02
ATT00609,STU00609,71.68,18,7,2026-10-02
ATT00610,STU00610,88.28,10,5,2026-10-02
ATT00611,STU00611,95.91,3,0,2026-10-02
ATT00612,STU00612,77.42,13,4,2026-10-02
ATT00613,STU00613,84.99,8,2,2026-10-02
ATT00614,STU00614,90.0,7,3,2026-10-02
ATT00615,STU00615,68.41,18,5,2026-10-02
ATT00616,STU00616,81.41,11,5,2026-10-02
ATT00617,STU00617,76.85,15,5,2026-10-02
ATT00618,STU00618,88.19,9,2,2026-10-02
ATT00619,STU00619,100.0,0,0,2026-10-02
ATT00620,STU00620,61.92,26,8,2026-10-02
ATT00621,STU00621,73.92,20,5,2026-10-02
ATT00622,STU00622,78.27,14,6,2026-10-02
ATT00623,STU00623,94.7,7,2,2026-10-02
ATT00624,STU00624,83.07,11,6,2026-10-02
ATT00625,STU00625,85.29,13,2,2026-10-02
ATT00626,STU00626,95.67,2,1,2026-10-02
ATT00627,STU00627,76.04,18,2,2026-10-02
ATT00628,STU00628,86.54,7,0,2026-10-02
ATT00629,STU00629,82.43,11,3,2026-10-02
ATT00630,STU00630,100.0,1,0,2026-10-02
ATT00631,STU00631,65.66,20,6,2026-10-02
ATT00632,STU00632,66.55,26,9,2026-10-02
ATT00633,STU00633,75.91,16,8,2026-10-02
ATT00634,STU00634,71.42,17,5,2026-10-02
ATT00635,STU00635,90.65,5,0,2026-10-02
ATT00636,STU00636,76.6,16,0,2026-10-02
ATT00637,STU00637,85.25,10,2,2026-10-02
ATT00638,STU00638,80.72,11,1,2026-10-02
ATT00639,STU00639,85.82,7,1,2026-10-02
ATT00640,STU00640,82.56,14,7,2026-10-02
ATT00641,STU00641,74.38,15,4,2026-10-02
ATT00642,STU00642,91.33,6,4,2026-10-02
ATT00643,STU00643,70.6,20,9,2026-10-02
ATT00644,STU00644,82.25,10,3,2026-10-02
ATT00645,STU00645,84.13,10,3,2026-10-02
ATT00646,STU00646,79.31,11,2,2026-10-02
ATT00647,STU00647,84.46,14,5,2026-10-02
ATT00648,STU00648,89.22,8,2,2026-10-02
ATT00649,STU00649,82.31,10,3,2026-10-02
ATT00650,STU00650,89.44,7,0,2026-10-02
ATT00651,STU00651,85.76,10,4,2026-10-02
ATT00652,STU00652,68.45,21,9,2026-10-02
ATT00653,STU00653,68.16,21,7,2026-10-02
ATT00654,STU00654,85.29,10,3,2026-10-02
ATT00655,STU00655,85.63,10,1,2026-10-02
ATT00656,STU00656,69.17,21,6,2026-10-02
ATT00657,STU00657,95.6,3,0,2026-10-02
ATT00658,STU00658,71.39,17,5,2026-10-02
ATT00659,STU00659,95.62,1,0,2026-10-02
ATT00660,STU00660,100.0,0,0,2026-10-02
ATT00661,STU00661,99.98,2,0,2026-10-02
ATT00662,STU00662,89.55,8,4,2026-10-02
ATT00663,STU00663,100.0,0,0,2026-10-02
ATT00664,STU00664,71.16,18,5,2026-10-02
ATT00665,STU00665,78.53,14,4,2026-10-02
ATT00666,STU00666,91.48,7,3,2026-10-02
ATT00667,STU00667,72.54,17,2,2026-10-02
ATT00668,STU00668,75.12,16,4,2026-10-02
ATT00669,STU00669,72.56,17,6,2026-10-02
ATT00670,STU00670,94.1,3,0,2026-10-02
ATT00671,STU00671,49.69,33,11,2026-10-02
ATT00672,STU00672,78.7,16,6,2026-10-02
ATT00673,STU00673,100.0,0,0,2026-10-02
ATT00674,STU00674,91.44,4,0,2026-10-02
ATT00675,STU00675,84.81,9,2,2026-10-02
ATT00676,STU00676,100.0,0,0,2026-10-02
ATT00677,STU00677,98.74,1,1,2026-10-02
ATT00678,STU00678,73.16,16,3,2026-10-02
ATT00679,STU00679,83.9,9,4,2026-10-02
ATT00680,STU00680,85.23,9,5,2026-10-02
ATT00681,STU00681,75.56,17,3,2026-10-02
ATT00682,STU00682,80.72,14,1,2026-10-02
ATT00683,STU00683,76.4,14,4,2026-10-02
ATT00684,STU00684,87.22,9,1,2026-10-02
ATT00685,STU00685,65.6,24,7,2026-10-02
ATT00686,STU00686,62.52,25,9,2026-10-02
ATT00687,STU00687,82.62,14,1,2026-10-02
ATT00688,STU00688,88.98,6,0,2026-10-02
ATT00689,STU00689,88.37,6,0,2026-10-02
ATT00690,STU00690,76.58,14,1,2026-10-02
ATT00691,STU00691,83.01,7,1,2026-10-02
ATT00692,STU00692,55.75,29,8,2026-10-02
ATT00693,STU00693,100.0,2,0,2026-10-02
ATT00694,STU00694,67.95,20,6,2026-10-02
ATT00695,STU00695,61.09,26,8,2026-10-02
ATT00696,STU00696,94.77,1,1,2026-10-02
ATT00697,STU00697,94.55,6,3,2026-10-02
ATT00698,STU00698,87.96,9,0,2026-10-02
ATT00699,STU00699,77.71,16,4,2026-10-02
ATT00700,STU00700,84.0,8,1,2026-10-02
ATT00701,STU00701,50.11,35,9,2026-10-02
ATT00702,STU00702,66.89,19,5,2026-10-02
ATT00703,STU00703,72.43,17,3,2026-10-02
ATT00704,STU00704,95.37,5,0,2026-10-02
ATT00705,STU00705,88.72,8,1,2026-10-02
ATT00706,STU00706,93.75,4,0,2026-10-02
ATT00707,STU00707,80.92,10,5,2026-10-02
ATT00708,STU00708,87.03,10,2,2026-10-02
ATT00709,STU00709,54.12,28,7,2026-10-02
ATT00710,STU00710,97.09,2,1,2026-10-02
ATT00711,STU00711,78.43,11,3,2026-10-02
ATT00712,STU00712,76.79,14,4,2026-10-02
ATT00713,STU00713,90.43,5,2,2026-10-02
ATT00714,STU00714,91.72,5,2,2026-10-02
ATT00715,STU00715,82.95,12,4,2026-10-02
ATT00716,STU00716,77.03,13,1,2026-10-02
ATT00717,STU00717,79.88,12,4,2026-10-02
ATT00718,STU00718,87.44,7,3,2026-10-02
ATT00719,STU00719,71.75,18,6,2026-10-02
ATT00720,STU00720,82.01,11,8,2026-10-02
ATT00721,STU00721,97.59,1,0,2026-10-02
ATT00722,STU00722,84.74,10,0,2026-10-02
ATT00723,STU00723,55.9,28,10,2026-10-02
ATT00724,STU00724,97.45,1,0,2026-10-02
ATT00725,STU00725,88.63,10,2,2026-10-02
ATT00726,STU00726,72.2,19,5,2026-10-02
ATT00727,STU00727,87.44,8,0,2026-10-02
ATT00728,STU00728,93.37,6,0,2026-10-02
ATT00729,STU00729,84.75,7,1,2026-10-02
ATT00730,STU00730,83.87,12,4,2026-10-02
ATT00731,STU00731,73.63,15,3,2026-10-02
ATT00732,STU00732,70.68,22,7,2026-10-02
ATT00733,STU00733,83.78,11,4,2026-10-02
ATT00734,STU00734,78.6,16,7,2026-10-02
ATT00735,STU00735,70.53,18,6,2026-10-02
ATT00736,STU00736,100.0,0,0,2026-10-02
ATT00737,STU00737,76.81,15,5,2026-10-02
ATT00738,STU00738,60.37,26,9,2026-10-02
ATT00739,STU00739,91.17,6,0,2026-10-02
ATT00740,STU00740,94.64,4,1,2026-10-02
ATT00741,STU00741,72.72,17,5,2026-10-02
ATT00742,STU00742,100.0,1,1,2026-10-02
ATT00743,STU00743,77.21,16,6,2026-10-02
ATT00744,STU00744,82.93,10,3,2026-10-02
ATT00745,STU00745,86.32,9,2,2026-10-02
ATT00746,STU00746,77.63,17,4,2026-10-02
ATT00747,STU00747,100.0,0,0,2026-10-02
ATT00748,STU00748,77.33,15,6,2026-10-02
ATT00749,STU00749,72.68,16,4,2026-10-02
ATT00750,STU00750,88.12,8,0,2026-10-02
ATT00751,STU00751,92.3,6,5,2026-10-02
ATT00752,STU00752,86.81,9,3,2026-10-02
ATT00753,STU00753,83.63,11,1,2026-10-02
ATT00754,STU00754,99.81,1,0,2026-10-02
ATT00755,STU00755,93.79,5,3,2026-10-02
ATT00756,STU00756,71.82,14,6,2026-10-02
ATT00757,STU00757,82.25,15,3,2026-10-02
ATT00758,STU00758,94.08,5,2,2026-10-02
ATT00759,STU00759,91.04,4,0,2026-10-02
ATT00760,STU00760,75.2,16,4,2026-10-02
ATT00761,STU00761,92.18,6,2,2026-10-02
ATT00762,STU00762,69.36,20,2,2026-10-02
ATT00763,STU00763,87.81,9,0,2026-10-02
ATT00764,STU00764,82.51,10,3,2026-10-02
ATT00765,STU00765,100.0,3,1,2026-10-02
ATT00766,STU00766,93.4,3,0,2026-10-02
ATT00767,STU00767,76.89,14,0,2026-10-02
ATT00768,STU00768,76.04,16,2,2026-10-02
ATT00769,STU00769,91.19,5,1,2026-10-02
ATT00770,STU00770,84.26,12,4,2026-10-02
ATT00771,STU00771,92.62,4,2,2026-10-02
ATT00772,STU00772,66.39,22,7,2026-10-02
ATT00773,STU00773,77.28,14,2,2026-10-02
ATT00774,STU00774,78.04,15,5,2026-10-02
ATT00775,STU00775,89.87,5,1,2026-10-02
ATT00776,STU00776,100.0,1,0,2026-10-02
ATT00777,STU00777,82.12,13,5,2026-10-02
ATT00778,STU00778,71.31,19,7,2026-10-02
ATT00779,STU00779,95.43,2,0,2026-10-02
ATT00780,STU00780,95.13,2,0,2026-10-02
ATT00781,STU00781,82.2,12,2,2026-10-02
ATT00782,STU00782,84.74,11,4,2026-10-02
ATT00783,STU00783,96.88,1,0,2026-10-02
ATT00784,STU00784,79.42,14,5,2026-10-02
ATT00785,STU00785,69.53,20,7,2026-10-02
ATT00786,STU00786,87.93,8,2,2026-10-02
ATT00787,STU00787,100.0,0,0,2026-10-02
ATT00788,STU00788,99.42,0,0,2026-10-02
ATT00789,STU00789,85.79,10,3,2026-10-02
ATT00790,STU00790,70.5,20,7,2026-10-02
ATT00791,STU00791,85.3,10,5,2026-10-02
ATT00792,STU00792,85.33,8,1,2026-10-02
ATT00793,STU00793,88.64,10,3,2026-10-02
ATT00794,STU00794,65.44,24,5,2026-10-02
ATT00795,STU00795,92.17,6,4,2026-10-02
ATT00796,STU00796,82.68,9,2,2026-10-02
ATT00797,STU00797,86.22,8,3,2026-10-02
ATT00798,STU00798,100.0,0,0,2026-10-02
ATT00799,STU00799,69.23,19,8,2026-10-02
ATT00800,STU00800,77.46,16,4,2026-10-02
ATT00801,STU00801,86.24,10,4,2026-10-02
ATT00802,STU00802,75.09,16,4,2026-10-02
ATT00803,STU00803,77.4,15,6,2026-10-02
ATT00804,STU00804,96.37,3,0,2026-10-02
ATT00805,STU00805,64.81,24,10,2026-10-02
ATT00806,STU00806,78.74,15,5,2026-10-02
ATT00807,STU00807,70.06,18,6,2026-10-02
ATT00808,STU00808,86.26,10,5,2026-10-02
ATT00809,STU00809,75.08,17,5,2026-10-02
ATT00810,STU00810,83.53,11,1,2026-10-02
ATT00811,STU00811,89.02,6,0,2026-10-02
ATT00812,STU00812,98.51,3,0,2026-10-02
ATT00813,STU00813,83.12,10,2,2026-10-02
ATT00814,STU00814,92.5,6,1,2026-10-02
ATT00815,STU00815,81.17,13,2,2026-10-02
ATT00816,STU00816,92.11,7,0,2026-10-02
ATT00817,STU00817,85.38,11,3,2026-10-02
ATT00818,STU00818,96.9,0,0,2026-10-02
ATT00819,STU00819,90.58,4,0,2026-10-02
ATT00820,STU00820,78.56,16,1,2026-10-02
ATT00821,STU00821,86.26,8,3,2026-10-02
ATT00822,STU00822,89.17,5,2,2026-10-02
ATT00823,STU00823,77.15,15,4,2026-10-02
ATT00824,STU00824,50.08,35,9,2026-10-02
ATT00825,STU00825,100.0,0,0,2026-10-02
ATT00826,STU00826,68.14,22,7,2026-10-02
ATT00827,STU00827,95.06,1,0,2026-10-02
ATT00828,STU00828,70.14,20,5,2026-10-02
ATT00829,STU00829,77.98,12,4,2026-10-02
ATT00830,STU00830,89.15,5,0,2026-10-02
ATT00831,STU00831,86.68,7,0,2026-10-02
ATT00832,STU00832,65.93,21,5,2026-10-02
ATT00833,STU00833,85.57,10,6,2026-10-02
ATT00834,STU00834,93.82,6,0,2026-10-02
ATT00835,STU00835,96.43,3,1,2026-10-02
ATT00836,STU00836,67.8,21,5,2026-10-02
ATT00837,STU00837,62.32,24,5,2026-10-02
ATT00838,STU00838,82.77,9,4,2026-10-02
ATT00839,STU00839,88.05,10,3,2026-10-02
ATT00840,STU00840,86.28,8,0,2026-10-02
ATT00841,STU00841,79.96,13,5,2026-10-02
ATT00842,STU00842,70.75,19,6,2026-10-02
ATT00843,STU00843,69.13,21,7,2026-10-02
ATT00844,STU00844,69.03,19,5,2026-10-02
ATT00845,STU00845,88.16,8,4,2026-10-02
ATT00846,STU00846,88.52,8,6,2026-10-02
ATT00847,STU00847,57.37,30,10,2026-10-02
ATT00848,STU00848,73.44,17,6,2026-10-02
ATT00849,STU00849,96.31,3,0,2026-10-02
ATT00850,STU00850,89.93,6,1,2026-10-02
ATT00851,STU00851,88.2,8,0,2026-10-02
ATT00852,STU00852,78.76,11,4,2026-10-02
ATT00853,STU00853,82.03,9,2,2026-10-02
ATT00854,STU00854,77.88,14,5,2026-10-02
ATT00855,STU00855,68.82,21,8,2026-10-02
ATT00856,STU00856,79.43,13,4,2026-10-02
ATT00857,STU00857,78.45,12,6,2026-10-02
ATT00858,STU00858,91.07,5,0,2026-10-02
ATT00859,STU00859,94.02,4,4,2026-10-02
ATT00860,STU00860,61.88,22,6,2026-10-02
ATT00861,STU00861,81.63,13,6,2026-10-02
ATT00862,STU00862,83.56,11,5,2026-10-02
ATT00863,STU00863,100.0,0,0,2026-10-02
ATT00864,STU00864,74.6,18,6,2026-10-02
ATT00865,STU00865,64.63,23,11,2026-10-02
ATT00866,STU00866,83.46,12,3,2026-10-02
ATT00867,STU00867,76.19,17,5,2026-10-02
ATT00868,STU00868,70.07,17,7,2026-10-02
ATT00869,STU00869,71.7,20,5,2026-10-02
ATT00870,STU00870,80.38,12,1,2026-10-02
ATT00871,STU00871,83.87,11,4,2026-10-02
ATT00872,STU00872,83.87,9,2,2026-10-02
ATT00873,STU00873,83.8,9,4,2026-10-02
ATT00874,STU00874,90.86,5,0,2026-10-02
ATT00875,STU00875,79.35,14,6,2026-10-02
ATT00876,STU00876,81.63,14,4,2026-10-02
ATT00877,STU00877,73.89,16,2,2026-10-02
ATT00878,STU00878,61.58,24,7,2026-10-02
ATT00879,STU00879,97.43,3,2,2026-10-02
ATT00880,STU00880,67.29,22,5,2026-10-02
ATT00881,STU00881,84.87,6,3,2026-10-02
ATT00882,STU00882,100.0,2,0,2026-10-02
ATT00883,STU00883,95.07,5,1,2026-10-02
ATT00884,STU00884,86.88,10,1,2026-10-02
ATT00885,STU00885,97.27,3,1,2026-10-02
ATT00886,STU00886,83.48,12,3,2026-10-02
ATT00887,STU00887,86.03,10,2,2026-10-02
ATT00888,STU00888,79.56,11,0,2026-10-02
ATT00889,STU00889,87.1,9,1,2026-10-02
ATT00890,STU00890,88.09,6,0,2026-10-02
ATT00891,STU00891,87.57,5,3,2026-10-02
ATT00892,STU00892,72.24,15,2,2026-10-02
ATT00893,STU00893,100.0,0,0,2026-10-02
ATT00894,STU00894,84.63,11,3,2026-10-02
ATT00895,STU00895,89.69,8,1,2026-10-02
ATT00896,STU00896,60.75,25,6,2026-10-02
ATT00897,STU00897,72.86,18,8,2026-10-02
ATT00898,STU00898,86.52,10,6,2026-10-02
ATT00899,STU00899,65.13,24,5,2026-10-02
ATT00900,STU00900,70.92,16,7,2026-10-02
ATT00901,STU00901,85.35,8,3,2026-10-02
ATT00902,STU00902,73.97,17,5,2026-10-02
ATT00903,STU00903,79.24,15,4,2026-10-02
ATT00904,STU00904,75.6,15,4,2026-10-02
ATT00905,STU00905,74.66,16,2,2026-10-02
ATT00906,STU00906,95.81,3,0,2026-10-02
ATT00907,STU00907,73.32,17,4,2026-10-02
ATT00908,STU00908,68.83,22,9,2026-10-02
ATT00909,STU00909,81.43,11,3,2026-10-02
ATT00910,STU00910,72.09,20,7,2026-10-02
ATT00911,STU00911,94.51,4,1,2026-10-02
ATT00912,STU00912,64.23,25,8,2026-10-02
ATT00913,STU00913,74.54,17,5,2026-10-02
ATT00914,STU00914,81.48,12,4,2026-10-02
ATT00915,STU00915,75.63,18,4,2026-10-02
ATT00916,STU00916,74.53,17,2,2026-10-02
ATT00917,STU00917,100.0,0,0,2026-10-02
ATT00918,STU00918,86.99,9,0,2026-10-02
ATT00919,STU00919,80.38,12,4,2026-10-02
ATT00920,STU00920,77.84,14,6,2026-10-02
ATT00921,STU00921,82.08,11,3,2026-10-02
ATT00922,STU00922,75.4,16,4,2026-10-02
ATT00923,STU00923,92.91,5,2,2026-10-02
ATT00924,STU00924,99.43,1,1,2026-10-02
ATT00925,STU00925,73.94,17,4,2026-10-02
ATT00926,STU00926,82.15,9,3,2026-10-02
ATT00927,STU00927,80.02,12,6,2026-10-02
ATT00928,STU00928,100.0,1,0,2026-10-02
ATT00929,STU00929,81.2,12,5,2026-10-02
ATT00930,STU00930,90.03,7,2,2026-10-02
ATT00931,STU00931,74.52,19,10,2026-10-02
ATT00932,STU00932,81.19,12,5,2026-10-02
ATT00933,STU00933,66.8,20,5,2026-10-02
ATT00934,STU00934,78.33,14,3,2026-10-02
ATT00935,STU00935,72.89,18,4,2026-10-02
ATT00936,STU00936,87.75,7,2,2026-10-02
ATT00937,STU00937,56.18,29,7,2026-10-02
ATT00938,STU00938,58.16,28,8,2026-10-02
ATT00939,STU00939,72.41,18,5,2026-10-02
ATT00940,STU00940,94.23,6,0,2026-10-02
ATT00941,STU00941,92.61,7,2,2026-10-02
ATT00942,STU00942,91.18,5,0,2026-10-02
ATT00943,STU00943,83.27,8,2,2026-10-02
ATT00944,STU00944,79.79,11,3,2026-10-02
ATT00945,STU00945,89.01,5,4,2026-10-02
ATT00946,STU00946,77.39,15,3,2026-10-02
ATT00947,STU00947,75.59,13,3,2026-10-02
ATT00948,STU00948,83.32,10,1,2026-10-02
ATT00949,STU00949,100.0,0,0,2026-10-02
ATT00950,STU00950,73.63,18,7,2026-10-02
ATT00951,STU00951,61.97,27,9,2026-10-02
ATT00952,STU00952,89.18,8,3,2026-10-02
ATT00953,STU00953,88.68,9,0,2026-10-02
ATT00954,STU00954,95.28,1,0,2026-10-02
ATT00955,STU00955,88.81,8,0,2026-10-02
ATT00956,STU00956,70.73,20,5,2026-10-02
ATT00957,STU00957,75.79,18,6,2026-10-02
ATT00958,STU00958,83.97,8,1,2026-10-02
ATT00959,STU00959,90.47,6,0,2026-10-02
ATT00960,STU00960,90.79,6,4,2026-10-02
ATT00961,STU00961,84.54,9,0,2026-10-02
ATT00962,STU00962,92.9,5,0,2026-10-02
ATT00963,STU00963,82.52,12,4,2026-10-02
ATT00964,STU00964,88.13,8,4,2026-10-02
ATT00965,STU00965,83.93,12,5,2026-10-02
ATT00966,STU00966,63.15,25,9,2026-10-02
ATT00967,STU00967,67.98,21,9,2026-10-02
ATT00968,STU00968,88.28,6,1,2026-10-02
ATT00969,STU00969,86.23,10,2,2026-10-02
ATT00970,STU00970,78.46,15,3,2026-10-02
ATT00971,STU00971,93.31,3,0,2026-10-02
ATT00972,STU00972,76.92,18,8,2026-10-02
ATT00973,STU00973,97.74,2,0,2026-10-02
ATT00974,STU00974,70.96,20,7,2026-10-02
ATT00975,STU00975,77.95,15,1,2026-10-02
ATT00976,STU00976,93.71,3,1,2026-10-02
ATT00977,STU00977,66.68,19,7,2026-10-02
ATT00978,STU00978,82.41,16,4,2026-10-02
ATT00979,STU00979,64.87,23,8,2026-10-02
ATT00980,STU00980,77.76,16,6,2026-10-02
ATT00981,STU00981,100.0,3,1,2026-10-02
ATT00982,STU00982,92.93,5,3,2026-10-02
ATT00983,STU00983,73.12,19,6,2026-10-02
ATT00984,STU00984,81.81,14,7,2026-10-02
ATT00985,STU00985,73.16,16,7,2026-10-02
ATT00986,STU00986,95.39,4,0,2026-10-02
ATT00987,STU00987,87.37,10,0,2026-10-02
ATT00988,STU00988,76.69,17,4,2026-10-02
ATT00989,STU00989,71.83,19,3,2026-10-02
ATT00990,STU00990,73.0,20,6,2026-10-02
ATT00991,STU00991,78.28,14,1,2026-10-02
ATT00992,STU00992,80.47,13,2,2026-10-02
ATT00993,STU00993,100.0,0,0,2026-10-02
ATT00994,STU00994,80.06,14,1,2026-10-02
ATT00995,STU00995,100.0,0,0,2026-10-02
ATT00996,STU00996,73.02,18,6,2026-10-02
ATT00997,STU00997,76.17,17,7,2026-10-02
ATT00998,STU00998,70.14,19,8,2026-10-02
ATT00999,STU00999,73.03,16,4,2026-10-02
ATT01000,STU01000,82.03,12,2,2026-10-02
ATT01001,STU01001,60.46,23,7,2026-10-02
ATT01002,STU01002,89.49,7,0,2026-10-02
ATT01003,STU01003,100.0,0,0,2026-10-02
ATT01004,STU01004,91.27,6,3,2026-10-02
ATT01005,STU01005,100.0,2,0,2026-10-02
ATT01006,STU01006,98.17,0,0,2026-10-02
ATT01007,STU01007,93.32,2,2,2026-10-02
ATT01008,STU01008,77.92,14,0,2026-10-02
ATT01009,STU01009,60.15,23,4,2026-10-02
ATT01010,STU01010,78.66,13,3,2026-10-02
ATT01011,STU01011,93.91,3,1,2026-10-02
ATT01012,STU01012,63.26,24,9,2026-10-02
ATT01013,STU01013,87.33,6,5,2026-10-02
ATT01014,STU01014,75.91,16,2,2026-10-02
ATT01015,STU01015,75.92,20,7,2026-10-02
ATT01016,STU01016,96.15,2,2,2026-10-02
ATT01017,STU01017,83.77,10,3,2026-10-02
ATT01018,STU01018,73.48,19,8,2026-10-02
ATT01019,STU01019,64.7,24,5,2026-10-02
ATT01020,STU01020,88.0,7,0,2026-10-02
ATT01021,STU01021,98.9,1,0,2026-10-02
ATT01022,STU01022,75.05,16,2,2026-10-02
ATT01023,STU01023,96.61,2,0,2026-10-02
ATT01024,STU01024,77.25,15,7,2026-10-02
ATT01025,STU01025,65.19,24,9,2026-10-02
ATT01026,STU01026,81.64,11,4,2026-10-02
ATT01027,STU01027,99.49,1,0,2026-10-02
ATT01028,STU01028,100.0,0,0,2026-10-02
ATT01029,STU01029,71.95,16,8,2026-10-02
ATT01030,STU01030,98.3,0,0,2026-10-02
ATT01031,STU01031,74.24,17,0,2026-10-02
ATT01032,STU01032,70.58,19,5,2026-10-02
ATT01033,STU01033,83.91,12,3,2026-10-02
ATT01034,STU01034,70.05,21,5,2026-10-02
ATT01035,STU01035,69.77,21,10,2026-10-02
ATT01036,STU01036,98.56,1,0,2026-10-02
ATT01037,STU01037,73.3,17,3,2026-10-02
ATT01038,STU01038,96.92,0,0,2026-10-02
ATT01039,STU01039,84.99,8,2,2026-10-02
ATT01040,STU01040,76.36,15,5,2026-10-02
ATT01041,STU01041,73.37,16,8,2026-10-02
ATT01042,STU01042,61.52,22,8,2026-10-02
ATT01043,STU01043,79.95,13,3,2026-10-02
ATT01044,STU01044,87.29,11,0,2026-10-02
ATT01045,STU01045,77.01,14,3,2026-10-02
ATT01046,STU01046,74.61,17,6,2026-10-02
ATT01047,STU01047,64.79,23,6,2026-10-02
ATT01048,STU01048,78.0,13,4,2026-10-02
ATT01049,STU01049,73.7,18,6,2026-10-02
ATT01050,STU01050,65.14,24,7,2026-10-02
ATT01051,STU01051,98.21,1,0,2026-10-02
ATT01052,STU01052,94.36,0,0,2026-10-02
ATT01053,STU01053,84.74,10,3,2026-10-02
ATT01054,STU01054,99.09,0,0,2026-10-02
ATT01055,STU01055,61.21,23,8,2026-10-02
ATT01056,STU01056,86.3,6,2,2026-10-02
ATT01057,STU01057,80.31,9,2,2026-10-02
ATT01058,STU01058,70.49,18,6,2026-10-02
ATT01059,STU01059,99.49,1,0,2026-10-02
ATT01060,STU01060,71.79,18,8,2026-10-02
ATT01061,STU01061,89.24,8,2,2026-10-02
ATT01062,STU01062,82.09,12,2,2026-10-02
ATT01063,STU01063,86.54,8,3,2026-10-02
ATT01064,STU01064,79.71,13,1,2026-10-02
ATT01065,STU01065,61.67,24,3,2026-10-02
ATT01066,STU01066,88.23,9,3,2026-10-02
ATT01067,STU01067,84.04,11,1,2026-10-02
ATT01068,STU01068,66.39,23,3,2026-10-02
ATT01069,STU01069,95.17,3,0,2026-10-02
ATT01070,STU01070,78.99,15,2,2026-10-02
ATT01071,STU01071,73.83,15,0,2026-10-02
ATT01072,STU01072,98.77,2,1,2026-10-02
ATT01073,STU01073,80.37,10,3,2026-10-02
ATT01074,STU01074,81.6,11,2,2026-10-02
ATT01075,STU01075,80.73,12,3,2026-10-02
ATT01076,STU01076,96.71,3,3,2026-10-02
ATT01077,STU01077,74.69,20,5,2026-10-02
ATT01078,STU01078,76.96,17,5,2026-10-02
ATT01079,STU01079,83.74,10,1,2026-10-02
ATT01080,STU01080,75.89,17,7,2026-10-02
ATT01081,STU01081,80.32,14,3,2026-10-02
ATT01082,STU01082,83.21,12,1,2026-10-02
ATT01083,STU01083,65.56,21,7,2026-10-02
ATT01084,STU01084,100.0,0,0,2026-10-02
ATT01085,STU01085,81.13,15,7,2026-10-02
ATT01086,STU01086,78.35,13,3,2026-10-02
ATT01087,STU01087,96.35,3,0,2026-10-02
ATT01088,STU01088,63.17,24,9,2026-10-02
ATT01089,STU01089,76.2,13,4,2026-10-02
ATT01090,STU01090,91.63,5,0,2026-10-02
ATT01091,STU01091,75.55,14,5,2026-10-02
ATT01092,STU01092,80.96,13,2,2026-10-02
ATT01093,STU01093,83.55,10,0,2026-10-02
ATT01094,STU01094,63.8,23,7,2026-10-02
ATT01095,STU01095,93.22,3,0,2026-10-02
ATT01096,STU01096,80.68,14,3,2026-10-02
ATT01097,STU01097,66.46,21,8,2026-10-02
ATT01098,STU01098,86.46,12,8,2026-10-02
ATT01099,STU01099,76.31,16,6,2026-10-02
ATT01100,STU01100,100.0,2,0,2026-10-02
ATT01101,STU01101,67.44,20,3,2026-10-02
ATT01102,STU01102,70.22,17,3,2026-10-02
ATT01103,STU01103,74.57,17,6,2026-10-02
ATT01104,STU01104,85.8,7,2,2026-10-02
ATT01105,STU01105,84.69,9,2,2026-10-02
ATT01106,STU01106,93.42,2,2,2026-10-02
ATT01107,STU01107,93.82,4,0,2026-10-02
ATT01108,STU01108,60.93,26,8,2026-10-02
ATT01109,STU01109,83.04,9,1,2026-10-02
ATT01110,STU01110,75.69,15,4,2026-10-02
ATT01111,STU01111,85.81,6,0,2026-10-02
ATT01112,STU01112,64.9,22,4,2026-10-02
ATT01113,STU01113,76.74,16,5,2026-10-02
ATT01114,STU01114,68.02,20,6,2026-10-02
ATT01115,STU01115,75.73,17,8,2026-10-02
ATT01116,STU01116,87.94,8,2,2026-10-02
ATT01117,STU01117,81.7,12,5,2026-10-02
ATT01118,STU01118,73.96,16,4,2026-10-02
ATT01119,STU01119,100.0,2,0,2026-10-02
ATT01120,STU01120,76.92,16,4,2026-10-02
ATT01121,STU01121,99.94,1,0,2026-10-02
ATT01122,STU01122,84.98,10,1,2026-10-02
ATT01123,STU01123,83.41,12,6,2026-10-02
ATT01124,STU01124,74.4,17,7,2026-10-02
ATT01125,STU01125,83.07,11,1,2026-10-02
ATT01126,STU01126,88.9,6,2,2026-10-02
ATT01127,STU01127,92.74,4,0,2026-10-02
ATT01128,STU01128,55.71,30,8,2026-10-02
ATT01129,STU01129,100.0,0,0,2026-10-02
ATT01130,STU01130,81.8,15,6,2026-10-02
ATT01131,STU01131,69.05,19,4,2026-10-02
ATT01132,STU01132,70.39,21,7,2026-10-02
ATT01133,STU01133,76.9,15,3,2026-10-02
ATT01134,STU01134,75.01,14,6,2026-10-02
ATT01135,STU01135,85.05,11,5,2026-10-02
ATT01136,STU01136,76.74,16,4,2026-10-02
ATT01137,STU01137,84.77,10,0,2026-10-02
ATT01138,STU01138,83.24,11,2,2026-10-02
ATT01139,STU01139,75.61,18,4,2026-10-02
ATT01140,STU01140,78.75,15,5,2026-10-02
ATT01141,STU01141,91.57,6,3,2026-10-02
ATT01142,STU01142,64.82,24,4,2026-10-02
ATT01143,STU01143,91.91,5,4,2026-10-02
ATT01144,STU01144,67.79,19,5,2026-10-02
ATT01145,STU01145,67.67,19,8,2026-10-02
ATT01146,STU01146,74.77,16,6,2026-10-02
ATT01147,STU01147,83.63,12,2,2026-10-02
ATT01148,STU01148,89.18,6,0,2026-10-02
ATT01149,STU01149,84.45,10,5,2026-10-02
ATT01150,STU01150,82.55,11,2,2026-10-02
ATT01151,STU01151,73.19,16,4,2026-10-02
ATT01152,STU01152,80.0,13,3,2026-10-02
ATT01153,STU01153,68.96,19,6,2026-10-02
ATT01154,STU01154,72.43,17,6,2026-10-02
ATT01155,STU01155,88.63,8,2,2026-10-02
ATT01156,STU01156,83.81,11,1,2026-10-02
ATT01157,STU01157,99.34,0,0,2026-10-02
ATT01158,STU01158,88.37,7,1,2026-10-02
ATT01159,STU01159,92.04,4,0,2026-10-02
ATT01160,STU01160,70.26,23,8,2026-10-02
ATT01161,STU01161,66.44,20,3,2026-10-02
ATT01162,STU01162,59.71,31,8,2026-10-02
ATT01163,STU01163,84.14,14,2,2026-10-02
ATT01164,STU01164,74.75,16,8,2026-10-02
ATT01165,STU01165,77.04,14,3,2026-10-02
ATT01166,STU01166,79.07,12,1,2026-10-02
ATT01167,STU01167,70.08,19,3,2026-10-02
ATT01168,STU01168,64.58,24,8,2026-10-02
ATT01169,STU01169,77.26,15,4,2026-10-02
ATT01170,STU01170,100.0,3,0,2026-10-02
ATT01171,STU01171,85.0,10,2,2026-10-02
ATT01172,STU01172,100.0,0,0,2026-10-02
ATT01173,STU01173,82.16,13,1,2026-10-02
ATT01174,STU01174,82.71,11,3,2026-10-02
ATT01175,STU01175,83.78,8,0,2026-10-02
ATT01176,STU01176,78.42,15,4,2026-10-02
ATT01177,STU01177,89.65,8,3,2026-10-02
ATT01178,STU01178,65.81,22,7,2026-10-02
ATT01179,STU01179,93.23,4,0,2026-10-02
ATT01180,STU01180,73.34,17,4,2026-10-02
ATT01181,STU01181,84.66,10,1,2026-10-02
ATT01182,STU01182,65.6,22,4,2026-10-02
ATT01183,STU01183,69.57,19,6,2026-10-02
ATT01184,STU01184,70.98,19,6,2026-10-02
ATT01185,STU01185,72.73,19,6,2026-10-02
ATT01186,STU01186,82.91,12,3,2026-10-02
ATT01187,STU01187,90.06,4,0,2026-10-02
ATT01188,STU01188,95.03,2,0,2026-10-02
ATT01189,STU01189,100.0,1,1,2026-10-02
ATT01190,STU01190,83.52,10,4,2026-10-02
ATT01191,STU01191,76.86,15,4,2026-10-02
ATT01192,STU01192,83.74,14,2,2026-10-02
ATT01193,STU01193,85.76,9,0,2026-10-02
ATT01194,STU01194,68.16,20,5,2026-10-02
ATT01195,STU01195,84.89,12,1,2026-10-02
ATT01196,STU01196,90.64,6,1,2026-10-02
ATT01197,STU01197,84.3,13,1,2026-10-02
ATT01198,STU01198,100.0,0,0,2026-10-02
ATT01199,STU01199,75.85,18,4,2026-10-02
ATT01200,STU01200,93.72,6,0,2026-10-02
ATT01201,STU01201,73.84,20,5,2026-10-02
ATT01202,STU01202,80.21,12,0,2026-10-02
ATT01203,STU01203,78.48,12,4,2026-10-02
ATT01204,STU01204,66.71,21,6,2026-10-02
ATT01205,STU01205,74.94,19,3,2026-10-02
ATT01206,STU01206,82.94,11,0,2026-10-02
ATT01207,STU01207,86.18,9,2,2026-10-02
ATT01208,STU01208,78.72,13,0,2026-10-02
ATT01209,STU01209,52.91,30,9,2026-10-02
ATT01210,STU01210,83.84,9,4,2026-10-02
ATT01211,STU01211,67.57,24,7,2026-10-02
ATT01212,STU01212,63.76,24,8,2026-10-02
ATT01213,STU01213,91.44,5,0,2026-10-02
ATT01214,STU01214,87.0,7,0,2026-10-02
ATT01215,STU01215,70.02,21,4,2026-10-02
ATT01216,STU01216,63.3,24,9,2026-10-02
ATT01217,STU01217,89.79,8,0,2026-10-02
ATT01218,STU01218,93.49,2,0,2026-10-02
ATT01219,STU01219,78.1,14,4,2026-10-02
ATT01220,STU01220,72.12,14,3,2026-10-02
ATT01221,STU01221,94.84,5,0,2026-10-02
ATT01222,STU01222,86.24,6,0,2026-10-02
ATT01223,STU01223,89.19,7,0,2026-10-02
ATT01224,STU01224,95.53,1,1,2026-10-02
ATT01225,STU01225,99.01,1,0,2026-10-02
ATT01226,STU01226,90.33,7,3,2026-10-02
ATT01227,STU01227,65.31,22,3,2026-10-02
ATT01228,STU01228,79.81,15,3,2026-10-02
ATT01229,STU01229,70.04,19,5,2026-10-02
ATT01230,STU01230,73.67,18,6,2026-10-02
ATT01231,STU01231,78.32,15,4,2026-10-02
ATT01232,STU01232,84.35,12,3,2026-10-02
ATT01233,STU01233,82.43,8,4,2026-10-02
ATT01234,STU01234,87.23,10,4,2026-10-02
ATT01235,STU01235,61.5,25,7,2026-10-02
ATT01236,STU01236,58.22,28,7,2026-10-02
ATT01237,STU01237,100.0,0,0,2026-10-02
ATT01238,STU01238,91.47,5,1,2026-10-02
ATT01239,STU01239,89.54,7,0,2026-10-02
ATT01240,STU01240,84.22,10,4,2026-10-02
ATT01241,STU01241,72.3,19,4,2026-10-02
ATT01242,STU01242,70.1,19,6,2026-10-02
ATT01243,STU01243,100.0,0,0,2026-10-02
ATT01244,STU01244,100.0,0,0,2026-10-02
ATT01245,STU01245,84.35,10,3,2026-10-02
ATT01246,STU01246,71.73,18,2,2026-10-02
ATT01247,STU01247,70.58,19,5,2026-10-02
ATT01248,STU01248,94.04,2,0,2026-10-02
ATT01249,STU01249,78.33,15,4,2026-10-02
ATT01250,STU01250,69.62,21,8,2026-10-02
ATT01251,STU01251,68.43,21,6,2026-10-02
ATT01252,STU01252,99.6,3,1,2026-10-02
ATT01253,STU01253,73.97,20,6,2026-10-02
ATT01254,STU01254,91.12,6,1,2026-10-02
ATT01255,STU01255,92.92,5,0,2026-10-02
ATT01256,STU01256,79.29,13,5,2026-10-02
ATT01257,STU01257,81.53,15,3,2026-10-02
ATT01258,STU01258,60.64,22,7,2026-10-02
ATT01259,STU01259,71.49,20,6,2026-10-02
ATT01260,STU01260,81.65,14,1,2026-10-02
ATT01261,STU01261,86.72,7,3,2026-10-02
ATT01262,STU01262,97.33,3,1,2026-10-02
ATT01263,STU01263,55.89,28,10,2026-10-02
ATT01264,STU01264,77.56,15,2,2026-10-02
ATT01265,STU01265,76.58,13,5,2026-10-02
ATT01266,STU01266,68.01,20,5,2026-10-02
ATT01267,STU01267,75.3,16,3,2026-10-02
ATT01268,STU01268,88.35,8,1,2026-10-02
ATT01269,STU01269,83.13,10,4,2026-10-02
ATT01270,STU01270,62.08,26,5,2026-10-02
ATT01271,STU01271,73.57,19,3,2026-10-02
ATT01272,STU01272,76.27,15,3,2026-10-02
ATT01273,STU01273,92.9,6,2,2026-10-02
ATT01274,STU01274,77.56,13,7,2026-10-02
ATT01275,STU01275,72.1,20,5,2026-10-02
ATT01276,STU01276,74.0,17,2,2026-10-02
ATT01277,STU01277,70.13,19,6,2026-10-02
ATT01278,STU01278,91.54,4,0,2026-10-02
ATT01279,STU01279,100.0,0,0,2026-10-02
ATT01280,STU01280,62.38,25,10,2026-10-02
ATT01281,STU01281,95.79,3,0,2026-10-02
ATT01282,STU01282,100.0,1,0,2026-10-02
ATT01283,STU01283,84.47,7,1,2026-10-02
ATT01284,STU01284,91.67,4,0,2026-10-02
ATT01285,STU01285,70.11,22,9,2026-10-02
ATT01286,STU01286,79.8,12,3,2026-10-02
ATT01287,STU01287,74.9,16,5,2026-10-02
ATT01288,STU01288,79.04,16,4,2026-10-02
ATT01289,STU01289,83.36,11,4,2026-10-02
ATT01290,STU01290,59.61,26,7,2026-10-02
ATT01291,STU01291,87.5,12,1,2026-10-02
ATT01292,STU01292,100.0,0,0,2026-10-02
ATT01293,STU01293,56.97,28,5,2026-10-02
ATT01294,STU01294,86.93,9,3,2026-10-02
ATT01295,STU01295,73.8,17,6,2026-10-02
ATT01296,STU01296,64.7,21,6,2026-10-02
ATT01297,STU01297,87.56,8,4,2026-10-02
ATT01298,STU01298,78.76,13,2,2026-10-02
ATT01299,STU01299,95.79,5,5,2026-10-02
ATT01300,STU01300,67.56,21,7,2026-10-02
ATT01301,STU01301,68.06,20,4,2026-10-02
ATT01302,STU01302,74.38,18,5,2026-10-02
ATT01303,STU01303,94.2,1,1,2026-10-02
ATT01304,STU01304,75.39,16,3,2026-10-02
ATT01305,STU01305,92.63,4,1,2026-10-02
ATT01306,STU01306,91.17,6,1,2026-10-02
ATT01307,STU01307,90.25,8,6,2026-10-02
ATT01308,STU01308,65.45,21,9,2026-10-02
ATT01309,STU01309,93.04,3,0,2026-10-02
ATT01310,STU01310,88.82,5,3,2026-10-02
ATT01311,STU01311,81.0,13,3,2026-10-02
ATT01312,STU01312,82.85,9,0,2026-10-02
ATT01313,STU01313,77.01,16,4,2026-10-02
ATT01314,STU01314,84.76,11,1,2026-10-02
ATT01315,STU01315,60.95,27,9,2026-10-02
ATT01316,STU01316,81.29,11,6,2026-10-02
ATT01317,STU01317,86.28,11,4,2026-10-02
ATT01318,STU01318,75.53,16,4,2026-10-02
ATT01319,STU01319,84.17,10,3,2026-10-02
ATT01320,STU01320,71.23,19,8,2026-10-02
ATT01321,STU01321,84.72,9,0,2026-10-02
ATT01322,STU01322,87.94,7,1,2026-10-02
ATT01323,STU01323,83.68,8,3,2026-10-02
ATT01324,STU01324,100.0,1,0,2026-10-02
ATT01325,STU01325,75.52,16,2,2026-10-02
ATT01326,STU01326,63.57,22,6,2026-10-02
ATT01327,STU01327,76.59,16,6,2026-10-02
ATT01328,STU01328,70.14,20,1,2026-10-02
ATT01329,STU01329,83.08,11,4,2026-10-02
ATT01330,STU01330,85.27,7,0,2026-10-02
ATT01331,STU01331,80.34,14,1,2026-10-02
ATT01332,STU01332,73.58,15,5,2026-10-02
ATT01333,STU01333,79.49,11,3,2026-10-02
ATT01334,STU01334,72.53,20,4,2026-10-02
ATT01335,STU01335,80.59,13,4,2026-10-02
ATT01336,STU01336,94.25,3,0,2026-10-02
ATT01337,STU01337,67.48,22,4,2026-10-02
ATT01338,STU01338,78.83,17,4,2026-10-02
ATT01339,STU01339,77.75,14,2,2026-10-02
ATT01340,STU01340,78.81,16,5,2026-10-02
ATT01341,STU01341,87.3,7,2,2026-10-02
ATT01342,STU01342,100.0,4,0,2026-10-02
ATT01343,STU01343,80.72,12,2,2026-10-02
ATT01344,STU01344,71.92,19,7,2026-10-02
ATT01345,STU01345,90.29,6,3,2026-10-02
ATT01346,STU01346,81.71,12,2,2026-10-02
ATT01347,STU01347,83.97,9,4,2026-10-02
ATT01348,STU01348,77.43,15,5,2026-10-02
ATT01349,STU01349,68.63,21,8,2026-10-02
ATT01350,STU01350,92.14,5,0,2026-10-02
ATT01351,STU01351,78.12,12,6,2026-10-02
ATT01352,STU01352,80.73,12,2,2026-10-02
ATT01353,STU01353,77.53,16,6,2026-10-02
ATT01354,STU01354,90.99,5,1,2026-10-02
ATT01355,STU01355,85.58,9,4,2026-10-02
ATT01356,STU01356,84.05,10,3,2026-10-02
ATT01357,STU01357,56.88,23,7,2026-10-02
ATT01358,STU01358,68.64,20,7,2026-10-02
ATT01359,STU01359,70.41,19,1,2026-10-02
ATT01360,STU01360,77.62,15,7,2026-10-02
ATT01361,STU01361,88.27,5,1,2026-10-02
ATT01362,STU01362,91.24,8,1,2026-10-02
ATT01363,STU01363,78.44,13,2,2026-10-02
ATT01364,STU01364,96.88,0,0,2026-10-02
ATT01365,STU01365,94.88,2,0,2026-10-02
ATT01366,STU01366,100.0,0,0,2026-10-02
ATT01367,STU01367,84.76,10,4,2026-10-02
ATT01368,STU01368,70.68,20,7,2026-10-02
ATT01369,STU01369,66.9,22,6,2026-10-02
ATT01370,STU01370,98.77,0,0,2026-10-02
ATT01371,STU01371,60.59,25,6,2026-10-02
ATT01372,STU01372,86.41,10,4,2026-10-02
ATT01373,STU01373,64.19,22,7,2026-10-02
ATT01374,STU01374,67.65,22,9,2026-10-02
ATT01375,STU01375,100.0,0,0,2026-10-02
ATT01376,STU01376,79.15,15,9,2026-10-02
ATT01377,STU01377,85.33,11,3,2026-10-02
ATT01378,STU01378,68.48,20,8,2026-10-02
ATT01379,STU01379,84.32,10,3,2026-10-02
ATT01380,STU01380,100.0,1,0,2026-10-02
ATT01381,STU01381,72.78,18,7,2026-10-02
ATT01382,STU01382,67.63,21,6,2026-10-02
ATT01383,STU01383,89.68,6,0,2026-10-02
ATT01384,STU01384,92.35,6,0,2026-10-02
ATT01385,STU01385,84.09,12,0,2026-10-02
ATT01386,STU01386,78.01,16,0,2026-10-02
ATT01387,STU01387,81.33,9,3,2026-10-02
ATT01388,STU01388,54.23,32,9,2026-10-02
ATT01389,STU01389,98.38,0,0,2026-10-02
ATT01390,STU01390,76.69,14,6,2026-10-02
ATT01391,STU01391,64.53,22,7,2026-10-02
ATT01392,STU01392,72.4,17,2,2026-10-02
ATT01393,STU01393,84.88,12,5,2026-10-02
ATT01394,STU01394,80.83,12,5,2026-10-02
ATT01395,STU01395,80.85,12,4,2026-10-02
ATT01396,STU01396,76.85,13,4,2026-10-02
ATT01397,STU01397,83.39,11,1,2026-10-02
ATT01398,STU01398,87.82,13,1,2026-10-02
ATT01399,STU01399,78.31,13,3,2026-10-02
ATT01400,STU01400,74.69,17,5,2026-10-02
ATT01401,STU01401,73.41,18,5,2026-10-02
ATT01402,STU01402,83.99,10,3,2026-10-02
ATT01403,STU01403,100.0,3,0,2026-10-02
ATT01404,STU01404,69.88,19,4,2026-10-02
ATT01405,STU01405,78.68,16,3,2026-10-02
ATT01406,STU01406,71.41,20,3,2026-10-02
ATT01407,STU01407,80.45,14,4,2026-10-02
ATT01408,STU01408,61.17,22,5,2026-10-02
ATT01409,STU01409,84.91,12,3,2026-10-02
ATT01410,STU01410,75.56,15,5,2026-10-02
ATT01411,STU01411,64.8,22,4,2026-10-02
ATT01412,STU01412,72.47,15,3,2026-10-02
ATT01413,STU01413,100.0,3,3,2026-10-02
ATT01414,STU01414,100.0,0,0,2026-10-02
ATT01415,STU01415,84.63,8,3,2026-10-02
ATT01416,STU01416,64.8,22,12,2026-10-02
ATT01417,STU01417,73.5,17,7,2026-10-02
ATT01418,STU01418,69.41,18,4,2026-10-02
ATT01419,STU01419,80.57,16,6,2026-10-02
ATT01420,STU01420,65.17,23,8,2026-10-02
ATT01421,STU01421,85.91,8,1,2026-10-02
ATT01422,STU01422,76.02,17,8,2026-10-02
ATT01423,STU01423,85.2,10,0,2026-10-02
ATT01424,STU01424,74.75,16,2,2026-10-02
ATT01425,STU01425,81.92,12,2,2026-10-02
ATT01426,STU01426,82.82,12,3,2026-10-02
ATT01427,STU01427,80.58,12,0,2026-10-02
ATT01428,STU01428,90.77,7,2,2026-10-02
ATT01429,STU01429,76.6,13,3,2026-10-02
ATT01430,STU01430,98.78,0,0,2026-10-02
ATT01431,STU01431,96.59,3,1,2026-10-02
ATT01432,STU01432,82.83,12,5,2026-10-02
ATT01433,STU01433,98.99,1,0,2026-10-02
ATT01434,STU01434,59.58,27,11,2026-10-02
ATT01435,STU01435,93.35,3,1,2026-10-02
ATT01436,STU01436,100.0,3,0,2026-10-02
ATT01437,STU01437,77.26,16,4,2026-10-02
ATT01438,STU01438,87.89,7,0,2026-10-02
ATT01439,STU01439,64.56,21,6,2026-10-02
ATT01440,STU01440,67.32,21,7,2026-10-02
ATT01441,STU01441,76.71,13,4,2026-10-02
ATT01442,STU01442,85.14,9,0,2026-10-02
ATT01443,STU01443,79.6,13,4,2026-10-02
ATT01444,STU01444,64.52,24,9,2026-10-02
ATT01445,STU01445,84.09,11,5,2026-10-02
ATT01446,STU01446,76.92,18,5,2026-10-02
ATT01447,STU01447,69.59,16,6,2026-10-02
ATT01448,STU01448,62.14,27,7,2026-10-02
ATT01449,STU01449,68.16,22,6,2026-10-02
ATT01450,STU01450,85.41,9,1,2026-10-02
ATT01451,STU01451,87.76,7,1,2026-10-02
ATT01452,STU01452,84.69,10,3,2026-10-02
ATT01453,STU01453,92.58,5,0,2026-10-02
ATT01454,STU01454,85.32,11,6,2026-10-02
ATT01455,STU01455,99.49,0,0,2026-10-02
ATT01456,STU01456,75.11,17,7,2026-10-02
ATT01457,STU01457,89.94,5,3,2026-10-02
ATT01458,STU01458,91.24,7,3,2026-10-02
ATT01459,STU01459,75.1,15,0,2026-10-02
ATT01460,STU01460,66.08,22,4,2026-10-02
ATT01461,STU01461,72.9,16,6,2026-10-02
ATT01462,STU01462,68.86,20,6,2026-10-02
ATT01463,STU01463,83.47,11,3,2026-10-02
ATT01464,STU01464,65.14,24,6,2026-10-02
ATT01465,STU01465,62.61,23,8,2026-10-02
ATT01466,STU01466,78.15,13,1,2026-10-02
ATT01467,STU01467,69.54,16,4,2026-10-02
ATT01468,STU01468,82.47,12,3,2026-10-02
ATT01469,STU01469,79.43,15,5,2026-10-02
ATT01470,STU01470,100.0,1,0,2026-10-02
ATT01471,STU01471,89.95,4,0,2026-10-02
ATT01472,STU01472,78.97,14,4,2026-10-02
ATT01473,STU01473,89.22,5,0,2026-10-02
ATT01474,STU01474,71.3,20,6,2026-10-02
ATT01475,STU01475,80.23,16,4,2026-10-02
ATT01476,STU01476,81.85,13,3,2026-10-02
ATT01477,STU01477,85.02,10,2,2026-10-02
ATT01478,STU01478,77.22,14,5,2026-10-02
ATT01479,STU01479,91.99,5,2,2026-10-02
ATT01480,STU01480,80.06,10,1,2026-10-02
ATT01481,STU01481,78.49,11,3,2026-10-02
ATT01482,STU01482,77.97,14,3,2026-10-02
ATT01483,STU01483,71.03,19,3,2026-10-02
ATT01484,STU01484,58.9,27,5,2026-10-02
ATT01485,STU01485,77.16,14,6,2026-10-02
ATT01486,STU01486,87.18,9,5,2026-10-02
ATT01487,STU01487,100.0,0,0,2026-10-02
ATT01488,STU01488,96.42,3,0,2026-10-02
ATT01489,STU01489,78.22,13,3,2026-10-02
ATT01490,STU01490,100.0,0,0,2026-10-02
ATT01491,STU01491,85.51,9,0,2026-10-02
ATT01492,STU01492,75.97,16,3,2026-10-02
ATT01493,STU01493,80.38,10,2,2026-10-02
ATT01494,STU01494,69.07,18,4,2026-10-02
ATT01495,STU01495,70.77,19,4,2026-10-02
ATT01496,STU01496,86.3,7,1,2026-10-02
ATT01497,STU01497,99.14,0,0,2026-10-02
ATT01498,STU01498,90.33,3,0,2026-10-02
ATT01499,STU01499,67.64,21,7,2026-10-02
ATT01500,STU01500,100.0,0,0,2026-10-02
ATT01501,STU01501,86.07,6,4,2026-10-02
ATT01502,STU01502,90.88,6,4,2026-10-02
ATT01503,STU01503,100.0,0,0,2026-10-02
ATT01504,STU01504,100.0,0,0,2026-10-02
ATT01505,STU01505,89.84,4,1,2026-10-02
ATT01506,STU01506,52.38,30,13,2026-10-02
ATT01507,STU01507,72.67,17,3,2026-10-02
ATT01508,STU01508,87.37,8,0,2026-10-02
ATT01509,STU01509,93.13,4,0,2026-10-02
ATT01510,STU01510,73.05,18,5,2026-10-02
ATT01511,STU01511,99.29,0,0,2026-10-02
ATT01512,STU01512,100.0,3,0,2026-10-02
ATT01513,STU01513,70.52,22,10,2026-10-02
ATT01514,STU01514,84.43,11,1,2026-10-02
ATT01515,STU01515,76.68,15,6,2026-10-02
ATT01516,STU01516,63.82,24,8,2026-10-02
ATT01517,STU01517,93.07,4,1,2026-10-02
ATT01518,STU01518,73.27,16,7,2026-10-02
ATT01519,STU01519,78.85,12,2,2026-10-02
ATT01520,STU01520,93.57,4,1,2026-10-02
ATT01521,STU01521,100.0,0,0,2026-10-02
ATT01522,STU01522,58.79,27,10,2026-10-02
ATT01523,STU01523,72.71,16,4,2026-10-02
ATT01524,STU01524,72.04,17,4,2026-10-02
ATT01525,STU01525,57.21,28,8,2026-10-02
ATT01526,STU01526,57.58,29,11,2026-10-02
ATT01527,STU01527,76.19,15,6,2026-10-02
ATT01528,STU01528,83.02,12,2,2026-10-02
ATT01529,STU01529,79.14,17,7,2026-10-02
ATT01530,STU01530,62.54,25,6,2026-10-02
ATT01531,STU01531,53.57,30,8,2026-10-02
ATT01532,STU01532,51.59,31,11,2026-10-02
ATT01533,STU01533,100.0,0,0,2026-10-02
ATT01534,STU01534,82.99,13,3,2026-10-02
ATT01535,STU01535,95.04,2,0,2026-10-02
ATT01536,STU01536,71.59,18,6,2026-10-02
ATT01537,STU01537,73.38,15,3,2026-10-02
ATT01538,STU01538,88.91,7,1,2026-10-02
ATT01539,STU01539,85.99,9,0,2026-10-02
ATT01540,STU01540,86.06,11,6,2026-10-02
ATT01541,STU01541,83.16,14,2,2026-10-02
ATT01542,STU01542,92.75,6,2,2026-10-02
ATT01543,STU01543,68.64,21,7,2026-10-02
ATT01544,STU01544,82.0,13,3,2026-10-02
ATT01545,STU01545,88.92,7,2,2026-10-02
ATT01546,STU01546,68.42,22,9,2026-10-02
ATT01547,STU01547,71.11,20,7,2026-10-02
ATT01548,STU01548,84.23,10,4,2026-10-02
ATT01549,STU01549,91.33,5,2,2026-10-02
ATT01550,STU01550,73.68,16,4,2026-10-02
ATT01551,STU01551,79.56,14,1,2026-10-02
ATT01552,STU01552,89.26,7,1,2026-10-02
ATT01553,STU01553,86.83,6,1,2026-10-02
ATT01554,STU01554,90.44,7,3,2026-10-02
ATT01555,STU01555,82.58,9,1,2026-10-02
ATT01556,STU01556,86.6,7,3,2026-10-02
ATT01557,STU01557,86.04,9,3,2026-10-02
ATT01558,STU01558,92.24,6,3,2026-10-02
ATT01559,STU01559,78.59,14,5,2026-10-02
ATT01560,STU01560,84.87,7,3,2026-10-02
ATT01561,STU01561,74.46,18,5,2026-10-02
ATT01562,STU01562,100.0,0,0,2026-10-02
ATT01563,STU01563,85.72,8,2,2026-10-02
ATT01564,STU01564,90.57,6,0,2026-10-02
ATT01565,STU01565,87.17,6,1,2026-10-02
ATT01566,STU01566,89.67,8,3,2026-10-02
ATT01567,STU01567,75.39,17,3,2026-10-02
ATT01568,STU01568,91.92,8,5,2026-10-02
ATT01569,STU01569,88.24,9,2,2026-10-02
ATT01570,STU01570,74.91,16,6,2026-10-02
ATT01571,STU01571,88.55,6,1,2026-10-02
ATT01572,STU01572,72.33,20,1,2026-10-02
ATT01573,STU01573,77.89,13,4,2026-10-02
ATT01574,STU01574,88.91,6,2,2026-10-02
ATT01575,STU01575,87.18,8,3,2026-10-02
ATT01576,STU01576,97.31,1,0,2026-10-02
ATT01577,STU01577,59.74,28,8,2026-10-02
ATT01578,STU01578,98.23,1,0,2026-10-02
ATT01579,STU01579,61.18,24,9,2026-10-02
ATT01580,STU01580,99.91,0,0,2026-10-02
ATT01581,STU01581,82.88,8,3,2026-10-02
ATT01582,STU01582,71.66,19,4,2026-10-02
ATT01583,STU01583,80.2,13,0,2026-10-02
ATT01584,STU01584,100.0,0,0,2026-10-02
ATT01585,STU01585,79.75,15,1,2026-10-02
ATT01586,STU01586,87.71,8,2,2026-10-02
ATT01587,STU01587,79.61,12,4,2026-10-02
ATT01588,STU01588,96.01,1,0,2026-10-02
ATT01589,STU01589,98.03,0,0,2026-10-02
ATT01590,STU01590,71.75,16,3,2026-10-02
ATT01591,STU01591,87.5,5,0,2026-10-02
ATT01592,STU01592,69.13,21,6,2026-10-02
ATT01593,STU01593,72.25,19,4,2026-10-02
ATT01594,STU01594,77.14,15,2,2026-10-02
ATT01595,STU01595,82.3,9,4,2026-10-02
ATT01596,STU01596,66.14,26,10,2026-10-02
ATT01597,STU01597,93.21,6,0,2026-10-02
ATT01598,STU01598,85.42,9,0,2026-10-02
ATT01599,STU01599,88.53,9,2,2026-10-02
ATT01600,STU01600,82.38,12,4,2026-10-02
ATT01601,STU01601,84.32,9,1,2026-10-02
ATT01602,STU01602,90.13,4,1,2026-10-02
ATT01603,STU01603,79.7,12,3,2026-10-02
ATT01604,STU01604,65.38,21,6,2026-10-02
ATT01605,STU01605,86.08,8,5,2026-10-02
ATT01606,STU01606,80.7,11,0,2026-10-02
ATT01607,STU01607,94.0,6,0,2026-10-02
ATT01608,STU01608,65.49,23,6,2026-10-02
ATT01609,STU01609,86.95,8,3,2026-10-02
ATT01610,STU01610,68.23,20,6,2026-10-02
ATT01611,STU01611,95.86,2,0,2026-10-02
ATT01612,STU01612,86.76,7,4,2026-10-02
ATT01613,STU01613,81.98,11,1,2026-10-02
ATT01614,STU01614,98.4,0,0,2026-10-02
ATT01615,STU01615,82.38,11,2,2026-10-02
ATT01616,STU01616,75.64,15,5,2026-10-02
ATT01617,STU01617,86.29,8,0,2026-10-02
ATT01618,STU01618,78.02,15,5,2026-10-02
ATT01619,STU01619,92.84,7,3,2026-10-02
ATT01620,STU01620,98.98,0,0,2026-10-02
ATT01621,STU01621,72.39,20,6,2026-10-02
ATT01622,STU01622,78.76,13,7,2026-10-02
ATT01623,STU01623,82.89,9,3,2026-10-02
ATT01624,STU01624,61.04,27,7,2026-10-02
ATT01625,STU01625,68.61,21,5,2026-10-02
ATT01626,STU01626,78.09,15,6,2026-10-02
ATT01627,STU01627,95.67,5,2,2026-10-02
ATT01628,STU01628,100.0,0,0,2026-10-02
ATT01629,STU01629,71.11,20,7,2026-10-02
ATT01630,STU01630,80.04,13,7,2026-10-02
ATT01631,STU01631,74.3,15,4,2026-10-02
ATT01632,STU01632,97.81,1,1,2026-10-02
ATT01633,STU01633,100.0,0,0,2026-10-02
ATT01634,STU01634,61.87,24,5,2026-10-02
ATT01635,STU01635,82.47,10,2,2026-10-02
ATT01636,STU01636,87.5,6,1,2026-10-02
ATT01637,STU01637,83.94,9,1,2026-10-02
ATT01638,STU01638,86.17,9,0,2026-10-02
ATT01639,STU01639,80.58,12,5,2026-10-02
ATT01640,STU01640,64.58,22,7,2026-10-02
ATT01641,STU01641,82.53,12,2,2026-10-02
ATT01642,STU01642,73.4,15,2,2026-10-02
ATT01643,STU01643,90.24,6,2,2026-10-02
ATT01644,STU01644,95.79,4,0,2026-10-02
ATT01645,STU01645,80.64,13,3,2026-10-02
ATT01646,STU01646,75.06,16,4,2026-10-02
ATT01647,STU01647,87.75,9,2,2026-10-02
ATT01648,STU01648,71.69,18,4,2026-10-02
ATT01649,STU01649,88.7,8,0,2026-10-02
ATT01650,STU01650,82.28,12,9,2026-10-02
ATT01651,STU01651,70.92,19,3,2026-10-02
ATT01652,STU01652,89.41,4,0,2026-10-02
ATT01653,STU01653,87.47,8,5,2026-10-02
ATT01654,STU01654,93.67,5,2,2026-10-02
ATT01655,STU01655,81.16,12,3,2026-10-02
ATT01656,STU01656,71.42,17,3,2026-10-02
ATT01657,STU01657,85.86,9,3,2026-10-02
ATT01658,STU01658,87.35,7,3,2026-10-02
ATT01659,STU01659,95.38,2,0,2026-10-02
ATT01660,STU01660,82.95,12,2,2026-10-02
ATT01661,STU01661,92.02,6,2,2026-10-02
ATT01662,STU01662,88.57,9,0,2026-10-02
ATT01663,STU01663,84.03,12,0,2026-10-02
ATT01664,STU01664,76.91,17,8,2026-10-02
ATT01665,STU01665,86.48,9,0,2026-10-02
ATT01666,STU01666,78.68,15,5,2026-10-02
ATT01667,STU01667,91.89,4,1,2026-10-02
ATT01668,STU01668,83.97,11,2,2026-10-02
ATT01669,STU01669,78.82,15,0,2026-10-02
ATT01670,STU01670,77.02,15,2,2026-10-02
ATT01671,STU01671,85.8,9,1,2026-10-02
ATT01672,STU01672,92.91,4,0,2026-10-02
ATT01673,STU01673,72.95,17,7,2026-10-02
ATT01674,STU01674,77.19,17,5,2026-10-02
ATT01675,STU01675,76.45,17,2,2026-10-02
ATT01676,STU01676,79.11,14,3,2026-10-02
ATT01677,STU01677,72.47,18,4,2026-10-02
ATT01678,STU01678,85.27,8,1,2026-10-02
ATT01679,STU01679,85.47,8,1,2026-10-02
ATT01680,STU01680,78.72,13,6,2026-10-02
ATT01681,STU01681,69.91,22,6,2026-10-02
ATT01682,STU01682,100.0,3,0,2026-10-02
ATT01683,STU01683,89.39,8,0,2026-10-02
ATT01684,STU01684,73.33,19,5,2026-10-02
ATT01685,STU01685,96.18,5,0,2026-10-02
ATT01686,STU01686,97.47,0,0,2026-10-02
ATT01687,STU01687,69.07,21,6,2026-10-02
ATT01688,STU01688,91.17,6,0,2026-10-02
ATT01689,STU01689,64.19,24,7,2026-10-02
ATT01690,STU01690,77.11,15,4,2026-10-02
ATT01691,STU01691,85.84,8,3,2026-10-02
ATT01692,STU01692,95.86,5,0,2026-10-02
ATT01693,STU01693,62.73,22,8,2026-10-02
ATT01694,STU01694,99.89,0,0,2026-10-02
ATT01695,STU01695,76.52,18,5,2026-10-02
ATT01696,STU01696,87.8,9,0,2026-10-02
ATT01697,STU01697,81.09,14,2,2026-10-02
ATT01698,STU01698,89.59,7,1,2026-10-02
ATT01699,STU01699,79.05,12,3,2026-10-02
ATT01700,STU01700,100.0,0,0,2026-10-02
ATT01701,STU01701,85.63,10,1,2026-10-02
ATT01702,STU01702,74.71,18,3,2026-10-02
ATT01703,STU01703,85.09,9,1,2026-10-02
ATT01704,STU01704,95.5,1,0,2026-10-02
ATT01705,STU01705,97.56,2,0,2026-10-02
ATT01706,STU01706,89.5,7,2,2026-10-02
ATT01707,STU01707,82.58,10,5,2026-10-02
ATT01708,STU01708,63.76,23,5,2026-10-02
ATT01709,STU01709,86.17,10,2,2026-10-02
ATT01710,STU01710,98.69,0,0,2026-10-02
ATT01711,STU01711,87.33,10,3,2026-10-02
ATT01712,STU01712,85.82,12,2,2026-10-02
ATT01713,STU01713,71.56,19,8,2026-10-02
ATT01714,STU01714,89.78,4,0,2026-10-02
ATT01715,STU01715,75.85,15,6,2026-10-02
ATT01716,STU01716,81.32,10,2,2026-10-02
ATT01717,STU01717,75.58,14,5,2026-10-02
ATT01718,STU01718,83.46,10,2,2026-10-02
ATT01719,STU01719,66.14,24,6,2026-10-02
ATT01720,STU01720,86.8,10,4,2026-10-02
ATT01721,STU01721,86.38,8,0,2026-10-02
ATT01722,STU01722,72.44,16,3,2026-10-02
ATT01723,STU01723,97.63,0,0,2026-10-02
ATT01724,STU01724,54.1,31,10,2026-10-02
ATT01725,STU01725,82.94,9,4,2026-10-02
ATT01726,STU01726,67.65,19,3,2026-10-02
ATT01727,STU01727,96.56,3,2,2026-10-02
ATT01728,STU01728,92.31,5,0,2026-10-02
ATT01729,STU01729,65.49,22,6,2026-10-02
ATT01730,STU01730,76.57,15,4,2026-10-02
ATT01731,STU01731,77.59,17,2,2026-10-02
ATT01732,STU01732,86.19,7,0,2026-10-02
ATT01733,STU01733,100.0,0,0,2026-10-02
ATT01734,STU01734,83.58,13,1,2026-10-02
ATT01735,STU01735,81.78,13,6,2026-10-02
ATT01736,STU01736,88.39,6,0,2026-10-02
ATT01737,STU01737,82.24,11,3,2026-10-02
ATT01738,STU01738,76.47,15,7,2026-10-02
ATT01739,STU01739,83.01,10,1,2026-10-02
ATT01740,STU01740,54.55,32,11,2026-10-02
ATT01741,STU01741,74.97,17,4,2026-10-02
ATT01742,STU01742,100.0,0,0,2026-10-02
ATT01743,STU01743,77.1,14,4,2026-10-02
ATT01744,STU01744,69.99,21,8,2026-10-02
ATT01745,STU01745,79.43,14,3,2026-10-02
ATT01746,STU01746,76.38,14,4,2026-10-02
ATT01747,STU01747,85.62,8,1,2026-10-02
ATT01748,STU01748,88.15,7,1,2026-10-02
ATT01749,STU01749,99.48,0,0,2026-10-02
ATT01750,STU01750,100.0,0,0,2026-10-02
ATT01751,STU01751,81.92,15,5,2026-10-02
ATT01752,STU01752,92.8,1,0,2026-10-02
ATT01753,STU01753,82.96,10,6,2026-10-02
ATT01754,STU01754,72.05,19,6,2026-10-02
ATT01755,STU01755,84.22,10,6,2026-10-02
ATT01756,STU01756,99.92,2,0,2026-10-02
ATT01757,STU01757,78.5,11,2,2026-10-02
ATT01758,STU01758,84.72,8,2,2026-10-02
ATT01759,STU01759,79.36,16,2,2026-10-02
ATT01760,STU01760,72.74,17,6,2026-10-02
ATT01761,STU01761,89.62,6,1,2026-10-02
ATT01762,STU01762,78.06,13,2,2026-10-02
ATT01763,STU01763,82.37,12,4,2026-10-02
ATT01764,STU01764,79.78,14,2,2026-10-02
ATT01765,STU01765,72.69,17,3,2026-10-02
ATT01766,STU01766,83.77,13,4,2026-10-02
ATT01767,STU01767,80.2,15,4,2026-10-02
ATT01768,STU01768,74.35,16,4,2026-10-02
ATT01769,STU01769,81.11,11,3,2026-10-02
ATT01770,STU01770,80.66,13,4,2026-10-02
ATT01771,STU01771,76.83,13,1,2026-10-02
ATT01772,STU01772,73.69,15,7,2026-10-02
ATT01773,STU01773,76.18,16,3,2026-10-02
ATT01774,STU01774,99.47,0,0,2026-10-02
ATT01775,STU01775,73.56,19,7,2026-10-02
ATT01776,STU01776,55.22,26,8,2026-10-02
ATT01777,STU01777,96.63,3,2,2026-10-02
ATT01778,STU01778,84.26,9,3,2026-10-02
ATT01779,STU01779,77.61,12,4,2026-10-02
ATT01780,STU01780,90.63,4,0,2026-10-02
ATT01781,STU01781,69.75,20,7,2026-10-02
ATT01782,STU01782,78.62,16,4,2026-10-02
ATT01783,STU01783,78.2,16,4,2026-10-02
ATT01784,STU01784,74.92,15,5,2026-10-02
ATT01785,STU01785,84.13,10,5,2026-10-02
ATT01786,STU01786,82.59,9,4,2026-10-02
ATT01787,STU01787,78.17,14,4,2026-10-02
ATT01788,STU01788,96.02,2,1,2026-10-02
ATT01789,STU01789,81.5,11,4,2026-10-02
ATT01790,STU01790,78.99,15,6,2026-10-02
ATT01791,STU01791,99.91,4,0,2026-10-02
ATT01792,STU01792,96.88,2,0,2026-10-02
ATT01793,STU01793,91.93,4,0,2026-10-02
ATT01794,STU01794,85.7,11,1,2026-10-02
ATT01795,STU01795,94.38,4,0,2026-10-02
ATT01796,STU01796,84.12,13,4,2026-10-02
ATT01797,STU01797,77.54,16,8,2026-10-02
ATT01798,STU01798,71.25,19,6,2026-10-02
ATT01799,STU01799,72.76,17,6,2026-10-02
ATT01800,STU01800,92.41,6,5,2026-10-02
ATT01801,STU01801,85.64,10,1,2026-10-02
ATT01802,STU01802,85.02,10,1,2026-10-02
ATT01803,STU01803,86.24,6,0,2026-10-02
ATT01804,STU01804,63.12,23,6,2026-10-02
ATT01805,STU01805,89.45,11,3,2026-10-02
ATT01806,STU01806,75.6,14,4,2026-10-02
ATT01807,STU01807,85.38,10,2,2026-10-02
ATT01808,STU01808,95.83,2,0,2026-10-02
ATT01809,STU01809,91.43,3,1,2026-10-02
ATT01810,STU01810,52.71,32,9,2026-10-02
ATT01811,STU01811,70.03,20,5,2026-10-02
ATT01812,STU01812,73.63,18,5,2026-10-02
ATT01813,STU01813,100.0,0,0,2026-10-02
ATT01814,STU01814,92.68,5,0,2026-10-02
ATT01815,STU01815,84.62,10,3,2026-10-02
ATT01816,STU01816,62.8,23,7,2026-10-02
ATT01817,STU01817,77.46,17,3,2026-10-02
ATT01818,STU01818,72.21,16,5,2026-10-02
ATT01819,STU01819,80.85,10,1,2026-10-02
ATT01820,STU01820,86.95,6,3,2026-10-02
ATT01821,STU01821,85.79,10,0,2026-10-02
ATT01822,STU01822,85.48,11,4,2026-10-02
ATT01823,STU01823,70.82,17,8,2026-10-02
ATT01824,STU01824,86.13,11,7,2026-10-02
ATT01825,STU01825,75.79,19,6,2026-10-02
ATT01826,STU01826,77.09,15,4,2026-10-02
ATT01827,STU01827,89.56,8,0,2026-10-02
ATT01828,STU01828,79.09,13,4,2026-10-02
ATT01829,STU01829,88.54,9,5,2026-10-02
ATT01830,STU01830,62.71,25,9,2026-10-02
ATT01831,STU01831,81.15,13,5,2026-10-02
ATT01832,STU01832,92.28,8,0,2026-10-02
ATT01833,STU01833,76.3,18,5,2026-10-02
ATT01834,STU01834,80.38,11,2,2026-10-02
ATT01835,STU01835,99.74,0,0,2026-10-02
ATT01836,STU01836,69.41,23,6,2026-10-02
ATT01837,STU01837,81.41,11,4,2026-10-02
ATT01838,STU01838,87.48,8,1,2026-10-02
ATT01839,STU01839,83.5,11,4,2026-10-02
ATT01840,STU01840,57.74,28,11,2026-10-02
ATT01841,STU01841,87.55,9,1,2026-10-02
ATT01842,STU01842,79.2,17,6,2026-10-02
ATT01843,STU01843,74.59,16,4,2026-10-02
ATT01844,STU01844,81.36,13,5,2026-10-02
ATT01845,STU01845,79.82,14,6,2026-10-02
ATT01846,STU01846,69.25,17,7,2026-10-02
ATT01847,STU01847,86.27,7,2,2026-10-02
ATT01848,STU01848,67.19,22,7,2026-10-02
ATT01849,STU01849,99.51,3,2,2026-10-02
ATT01850,STU01850,87.92,8,1,2026-10-02
ATT01851,STU01851,68.73,20,5,2026-10-02
ATT01852,STU01852,85.03,10,3,2026-10-02
ATT01853,STU01853,66.83,22,6,2026-10-02
ATT01854,STU01854,89.24,9,3,2026-10-02
ATT01855,STU01855,76.07,16,3,2026-10-02
ATT01856,STU01856,79.05,14,3,2026-10-02
ATT01857,STU01857,77.95,16,6,2026-10-02
ATT01858,STU01858,74.02,18,5,2026-10-02
ATT01859,STU01859,75.61,15,3,2026-10-02
ATT01860,STU01860,65.44,25,11,2026-10-02
ATT01861,STU01861,86.36,10,0,2026-10-02
ATT01862,STU01862,64.29,26,6,2026-10-02
ATT01863,STU01863,82.82,11,3,2026-10-02
ATT01864,STU01864,74.65,16,4,2026-10-02
ATT01865,STU01865,57.89,26,9,2026-10-02
ATT01866,STU01866,92.81,3,0,2026-10-02
ATT01867,STU01867,92.27,6,0,2026-10-02
ATT01868,STU01868,80.35,13,4,2026-10-02
ATT01869,STU01869,95.23,4,4,2026-10-02
ATT01870,STU01870,82.81,13,0,2026-10-02
ATT01871,STU01871,95.27,3,0,2026-10-02
ATT01872,STU01872,88.03,8,3,2026-10-02
ATT01873,STU01873,77.02,14,3,2026-10-02
ATT01874,STU01874,82.61,10,5,2026-10-02
ATT01875,STU01875,75.63,15,7,2026-10-02
ATT01876,STU01876,91.21,7,0,2026-10-02
ATT01877,STU01877,72.89,17,9,2026-10-02
ATT01878,STU01878,98.31,0,0,2026-10-02
ATT01879,STU01879,64.52,27,8,2026-10-02
ATT01880,STU01880,92.58,5,0,2026-10-02
ATT01881,STU01881,68.62,20,4,2026-10-02
ATT01882,STU01882,97.27,2,1,2026-10-02
ATT01883,STU01883,100.0,0,0,2026-10-02
ATT01884,STU01884,98.24,2,2,2026-10-02
ATT01885,STU01885,82.83,12,3,2026-10-02
ATT01886,STU01886,77.06,15,3,2026-10-02
ATT01887,STU01887,82.37,15,4,2026-10-02
ATT01888,STU01888,72.05,18,3,2026-10-02
ATT01889,STU01889,60.57,26,7,2026-10-02
ATT01890,STU01890,75.57,17,6,2026-10-02
ATT01891,STU01891,75.75,15,4,2026-10-02
ATT01892,STU01892,79.42,12,5,2026-10-02
ATT01893,STU01893,72.22,18,4,2026-10-02
ATT01894,STU01894,75.28,14,5,2026-10-02
ATT01895,STU01895,89.92,8,1,2026-10-02
ATT01896,STU01896,87.02,8,0,2026-10-02
ATT01897,STU01897,76.22,16,5,2026-10-02
ATT01898,STU01898,74.35,20,5,2026-10-02
ATT01899,STU01899,78.98,14,4,2026-10-02
ATT01900,STU01900,97.9,0,0,2026-10-02
ATT01901,STU01901,95.1,2,0,2026-10-02
ATT01902,STU01902,90.35,6,0,2026-10-02
ATT01903,STU01903,85.51,12,6,2026-10-02
ATT01904,STU01904,84.46,11,1,2026-10-02
ATT01905,STU01905,67.93,21,5,2026-10-02
ATT01906,STU01906,73.11,19,6,2026-10-02
ATT01907,STU01907,76.56,14,4,2026-10-02
ATT01908,STU01908,74.77,17,5,2026-10-02
ATT01909,STU01909,67.77,23,5,2026-10-02
ATT01910,STU01910,73.05,17,7,2026-10-02
ATT01911,STU01911,91.54,5,0,2026-10-02
ATT01912,STU01912,76.51,14,4,2026-10-02
ATT01913,STU01913,65.34,21,6,2026-10-02
ATT01914,STU01914,97.51,2,0,2026-10-02
ATT01915,STU01915,86.16,11,5,2026-10-02
ATT01916,STU01916,89.7,6,1,2026-10-02
ATT01917,STU01917,82.96,14,3,2026-10-02
ATT01918,STU01918,55.62,27,11,2026-10-02
ATT01919,STU01919,71.38,22,8,2026-10-02
ATT01920,STU01920,72.06,17,4,2026-10-02
ATT01921,STU01921,87.28,7,1,2026-10-02
ATT01922,STU01922,78.8,12,4,2026-10-02
ATT01923,STU01923,64.78,24,4,2026-10-02
ATT01924,STU01924,83.79,11,3,2026-10-02
ATT01925,STU01925,82.8,10,2,2026-10-02
ATT01926,STU01926,93.36,6,0,2026-10-02
ATT01927,STU01927,84.12,11,3,2026-10-02
ATT01928,STU01928,89.72,7,0,2026-10-02
ATT01929,STU01929,89.05,6,1,2026-10-02
ATT01930,STU01930,77.92,14,3,2026-10-02
ATT01931,STU01931,80.7,12,1,2026-10-02
ATT01932,STU01932,96.64,4,1,2026-10-02
ATT01933,STU01933,70.91,20,6,2026-10-02
ATT01934,STU01934,89.25,8,0,2026-10-02
ATT01935,STU01935,100.0,1,0,2026-10-02
ATT01936,STU01936,83.29,9,0,2026-10-02
ATT01937,STU01937,81.45,11,5,2026-10-02
ATT01938,STU01938,79.55,13,5,2026-10-02
ATT01939,STU01939,64.42,22,10,2026-10-02
ATT01940,STU01940,84.66,9,3,2026-10-02
ATT01941,STU01941,94.01,4,0,2026-10-02
ATT01942,STU01942,88.31,8,0,2026-10-02
ATT01943,STU01943,65.0,21,6,2026-10-02
ATT01944,STU01944,72.23,21,6,2026-10-02
ATT01945,STU01945,88.17,6,0,2026-10-02
ATT01946,STU01946,76.29,15,4,2026-10-02
ATT01947,STU01947,74.38,18,6,2026-10-02
ATT01948,STU01948,86.47,9,2,2026-10-02
ATT01949,STU01949,75.33,18,5,2026-10-02
ATT01950,STU01950,78.95,13,5,2026-10-02
ATT01951,STU01951,98.22,1,0,2026-10-02
ATT01952,STU01952,82.12,9,0,2026-10-02
ATT01953,STU01953,81.24,14,1,2026-10-02
ATT01954,STU01954,70.61,17,7,2026-10-02
ATT01955,STU01955,75.19,18,4,2026-10-02
ATT01956,STU01956,61.54,24,8,2026-10-02
ATT01957,STU01957,75.15,15,5,2026-10-02
ATT01958,STU01958,88.05,6,0,2026-10-02
ATT01959,STU01959,100.0,3,1,2026-10-02
ATT01960,STU01960,67.7,21,7,2026-10-02
ATT01961,STU01961,64.8,22,7,2026-10-02
ATT01962,STU01962,89.38,6,0,2026-10-02
ATT01963,STU01963,85.96,10,0,2026-10-02
ATT01964,STU01964,100.0,2,0,2026-10-02
ATT01965,STU01965,91.12,6,3,2026-10-02
ATT01966,STU01966,89.64,7,2,2026-10-02
ATT01967,STU01967,66.85,21,3,2026-10-02
ATT01968,STU01968,81.36,13,1,2026-10-02
ATT01969,STU01969,73.3,16,5,2026-10-02
ATT01970,STU01970,72.77,18,4,2026-10-02
ATT01971,STU01971,82.17,13,4,2026-10-02
ATT01972,STU01972,72.71,19,7,2026-10-02
ATT01973,STU01973,58.37,27,7,2026-10-02
ATT01974,STU01974,82.8,12,1,2026-10-02
ATT01975,STU01975,73.02,16,4,2026-10-02
ATT01976,STU01976,100.0,0,0,2026-10-02
ATT01977,STU01977,85.63,8,6,2026-10-02
ATT01978,STU01978,70.97,20,8,2026-10-02
ATT01979,STU01979,83.58,11,5,2026-10-02
ATT01980,STU01980,74.73,15,5,2026-10-02
ATT01981,STU01981,88.56,5,1,2026-10-02
ATT01982,STU01982,76.57,12,2,2026-10-02
ATT01983,STU01983,65.37,20,6,2026-10-02
ATT01984,STU01984,94.38,2,0,2026-10-02
ATT01985,STU01985,93.12,5,0,2026-10-02
ATT01986,STU01986,84.4,12,6,2026-10-02
ATT01987,STU01987,86.88,6,1,2026-10-02
ATT01988,STU01988,72.32,18,6,2026-10-02
ATT01989,STU01989,85.38,9,0,2026-10-02
ATT01990,STU01990,83.33,11,2,2026-10-02
ATT01991,STU01991,77.04,13,0,2026-10-02
ATT01992,STU01992,72.78,19,8,2026-10-02
ATT01993,STU01993,82.03,9,1,2026-10-02
ATT01994,STU01994,80.65,12,5,2026-10-02
ATT01995,STU01995,88.69,8,4,2026-10-02
ATT01996,STU01996,72.4,17,3,2026-10-02
ATT01997,STU01997,74.45,15,7,2026-10-02
ATT01998,STU01998,86.33,7,1,2026-10-02
ATT01999,STU01999,71.52,18,5,2026-10-02
ATT02000,STU02000,74.57,18,4,2026-10-02
ATT02001,STU02001,67.62,22,6,2026-10-02
ATT02002,STU02002,76.1,15,5,2026-10-02
ATT02003,STU02003,100.0,0,0,2026-10-02
ATT02004,STU02004,86.18,13,0,2026-10-02
ATT02005,STU02005,95.54,5,0,2026-10-02
ATT02006,STU02006,100.0,0,0,2026-10-02
ATT02007,STU02007,69.51,22,9,2026-10-02
ATT02008,STU02008,66.72,23,6,2026-10-02
ATT02009,STU02009,62.64,22,7,2026-10-02
ATT02010,STU02010,83.48,12,5,2026-10-02
ATT02011,STU02011,100.0,1,0,2026-10-02
ATT02012,STU02012,79.28,13,1,2026-10-02
ATT02013,STU02013,74.87,19,3,2026-10-02
ATT02014,STU02014,84.93,6,3,2026-10-02
ATT02015,STU02015,77.02,16,7,2026-10-02
ATT02016,STU02016,69.97,19,9,2026-10-02
ATT02017,STU02017,68.3,22,5,2026-10-02
ATT02018,STU02018,91.89,6,0,2026-10-02
ATT02019,STU02019,74.85,17,6,2026-10-02
ATT02020,STU02020,65.06,23,6,2026-10-02
ATT02021,STU02021,100.0,0,0,2026-10-02
ATT02022,STU02022,88.34,4,1,2026-10-02
ATT02023,STU02023,74.21,17,5,2026-10-02
ATT02024,STU02024,77.54,13,3,2026-10-02
ATT02025,STU02025,100.0,0,0,2026-10-02
ATT02026,STU02026,90.2,6,0,2026-10-02
ATT02027,STU02027,80.01,12,4,2026-10-02
ATT02028,STU02028,66.04,20,6,2026-10-02
ATT02029,STU02029,75.5,14,4,2026-10-02
ATT02030,STU02030,75.69,14,3,2026-10-02
ATT02031,STU02031,96.11,1,0,2026-10-02
ATT02032,STU02032,75.89,14,7,2026-10-02
ATT02033,STU02033,64.14,23,8,2026-10-02
ATT02034,STU02034,97.01,4,0,2026-10-02
ATT02035,STU02035,89.32,5,1,2026-10-02
ATT02036,STU02036,82.91,12,3,2026-10-02
ATT02037,STU02037,74.86,18,4,2026-10-02
ATT02038,STU02038,82.18,13,1,2026-10-02
ATT02039,STU02039,76.34,14,7,2026-10-02
ATT02040,STU02040,94.6,3,0,2026-10-02
ATT02041,STU02041,87.88,10,3,2026-10-02
ATT02042,STU02042,69.83,18,3,2026-10-02
ATT02043,STU02043,70.21,20,3,2026-10-02
ATT02044,STU02044,72.46,18,4,2026-10-02
ATT02045,STU02045,87.66,9,1,2026-10-02
ATT02046,STU02046,92.16,4,2,2026-10-02
ATT02047,STU02047,77.37,13,3,2026-10-02
ATT02048,STU02048,77.06,15,5,2026-10-02
ATT02049,STU02049,73.55,18,4,2026-10-02
ATT02050,STU02050,77.22,17,6,2026-10-02
ATT02051,STU02051,87.08,9,2,2026-10-02
ATT02052,STU02052,72.04,19,5,2026-10-02
ATT02053,STU02053,84.91,12,2,2026-10-02
ATT02054,STU02054,98.1,1,0,2026-10-02
ATT02055,STU02055,78.79,15,3,2026-10-02
ATT02056,STU02056,73.54,17,5,2026-10-02
ATT02057,STU02057,84.16,11,3,2026-10-02
ATT02058,STU02058,70.6,20,4,2026-10-02
ATT02059,STU02059,76.24,14,6,2026-10-02
ATT02060,STU02060,77.33,14,5,2026-10-02
ATT02061,STU02061,91.72,7,0,2026-10-02
ATT02062,STU02062,91.77,6,2,2026-10-02
ATT02063,STU02063,71.56,16,4,2026-10-02
ATT02064,STU02064,85.33,11,1,2026-10-02
ATT02065,STU02065,83.37,9,0,2026-10-02
ATT02066,STU02066,94.99,3,2,2026-10-02
ATT02067,STU02067,87.31,9,2,2026-10-02
ATT02068,STU02068,74.85,15,3,2026-10-02
ATT02069,STU02069,78.84,13,2,2026-10-02
ATT02070,STU02070,83.66,9,3,2026-10-02
ATT02071,STU02071,60.8,27,9,2026-10-02
ATT02072,STU02072,99.02,1,0,2026-10-02
ATT02073,STU02073,74.08,18,8,2026-10-02
ATT02074,STU02074,59.2,23,11,2026-10-02
ATT02075,STU02075,94.18,3,0,2026-10-02
ATT02076,STU02076,89.19,8,2,2026-10-02
ATT02077,STU02077,70.57,21,6,2026-10-02
ATT02078,STU02078,49.02,34,13,2026-10-02
ATT02079,STU02079,65.82,21,3,2026-10-02
ATT02080,STU02080,73.78,16,6,2026-10-02
ATT02081,STU02081,87.27,8,3,2026-10-02
ATT02082,STU02082,62.03,25,11,2026-10-02
ATT02083,STU02083,88.15,8,0,2026-10-02
ATT02084,STU02084,80.88,13,4,2026-10-02
ATT02085,STU02085,100.0,1,0,2026-10-02
ATT02086,STU02086,75.3,12,4,2026-10-02
ATT02087,STU02087,95.36,5,2,2026-10-02
ATT02088,STU02088,100.0,2,0,2026-10-02
ATT02089,STU02089,79.94,12,3,2026-10-02
ATT02090,STU02090,87.57,9,4,2026-10-02
ATT02091,STU02091,100.0,2,0,2026-10-02
ATT02092,STU02092,91.6,6,1,2026-10-02
ATT02093,STU02093,86.71,9,2,2026-10-02
ATT02094,STU02094,63.08,24,6,2026-10-02
ATT02095,STU02095,76.7,13,4,2026-10-02
ATT02096,STU02096,84.58,12,0,2026-10-02
ATT02097,STU02097,69.15,20,3,2026-10-02
ATT02098,STU02098,88.81,4,4,2026-10-02
ATT02099,STU02099,74.31,17,6,2026-10-02
ATT02100,STU02100,75.09,16,6,2026-10-02
ATT02101,STU02101,100.0,0,0,2026-10-02
ATT02102,STU02102,80.61,11,0,2026-10-02
ATT02103,STU02103,85.45,10,0,2026-10-02
ATT02104,STU02104,70.39,18,7,2026-10-02
ATT02105,STU02105,95.37,4,2,2026-10-02
ATT02106,STU02106,80.42,14,3,2026-10-02
ATT02107,STU02107,85.55,8,2,2026-10-02
ATT02108,STU02108,95.93,1,0,2026-10-02
ATT02109,STU02109,83.02,10,7,2026-10-02
ATT02110,STU02110,98.93,1,0,2026-10-02
ATT02111,STU02111,84.94,13,0,2026-10-02
ATT02112,STU02112,76.88,16,5,2026-10-02
ATT02113,STU02113,57.47,29,11,2026-10-02
ATT02114,STU02114,73.02,16,5,2026-10-02
ATT02115,STU02115,79.62,13,0,2026-10-02
ATT02116,STU02116,70.33,18,4,2026-10-02
ATT02117,STU02117,80.35,12,4,2026-10-02
ATT02118,STU02118,75.52,14,6,2026-10-02
ATT02119,STU02119,65.3,24,7,2026-10-02
ATT02120,STU02120,79.25,14,7,2026-10-02
ATT02121,STU02121,83.89,11,4,2026-10-02
ATT02122,STU02122,79.78,12,0,2026-10-02
ATT02123,STU02123,100.0,0,0,2026-10-02
ATT02124,STU02124,94.99,4,2,2026-10-02
ATT02125,STU02125,95.94,3,0,2026-10-02
ATT02126,STU02126,100.0,0,0,2026-10-02
ATT02127,STU02127,76.12,15,3,2026-10-02
ATT02128,STU02128,66.64,20,9,2026-10-02
ATT02129,STU02129,92.65,5,0,2026-10-02
ATT02130,STU02130,70.42,18,5,2026-10-02
ATT02131,STU02131,62.98,27,9,2026-10-02
ATT02132,STU02132,80.99,13,1,2026-10-02
ATT02133,STU02133,99.23,0,0,2026-10-02
ATT02134,STU02134,100.0,0,0,2026-10-02
ATT02135,STU02135,77.43,15,5,2026-10-02
ATT02136,STU02136,68.91,21,6,2026-10-02
ATT02137,STU02137,90.76,7,0,2026-10-02
ATT02138,STU02138,70.29,22,5,2026-10-02
ATT02139,STU02139,88.05,8,1,2026-10-02
ATT02140,STU02140,81.5,12,1,2026-10-02
ATT02141,STU02141,100.0,0,0,2026-10-02
ATT02142,STU02142,85.88,10,1,2026-10-02
ATT02143,STU02143,89.97,8,4,2026-10-02
ATT02144,STU02144,68.86,20,4,2026-10-02
ATT02145,STU02145,72.81,20,3,2026-10-02
ATT02146,STU02146,73.16,18,4,2026-10-02
ATT02147,STU02147,82.13,11,1,2026-10-02
ATT02148,STU02148,62.57,23,10,2026-10-02
ATT02149,STU02149,71.26,18,3,2026-10-02
ATT02150,STU02150,95.27,3,1,2026-10-02
ATT02151,STU02151,63.46,23,5,2026-10-02
ATT02152,STU02152,88.68,8,0,2026-10-02
ATT02153,STU02153,76.4,16,7,2026-10-02
ATT02154,STU02154,76.35,17,7,2026-10-02
ATT02155,STU02155,64.52,22,8,2026-10-02
ATT02156,STU02156,100.0,0,0,2026-10-02
ATT02157,STU02157,100.0,3,0,2026-10-02
ATT02158,STU02158,78.7,12,3,2026-10-02
ATT02159,STU02159,92.51,6,4,2026-10-02
ATT02160,STU02160,92.5,3,3,2026-10-02
ATT02161,STU02161,83.59,12,4,2026-10-02
ATT02162,STU02162,68.09,20,5,2026-10-02
ATT02163,STU02163,82.06,9,1,2026-10-02
ATT02164,STU02164,100.0,3,1,2026-10-02
ATT02165,STU02165,51.6,34,11,2026-10-02
ATT02166,STU02166,89.28,9,0,2026-10-02
ATT02167,STU02167,71.16,16,2,2026-10-02
ATT02168,STU02168,76.5,15,2,2026-10-02
ATT02169,STU02169,85.31,12,4,2026-10-02
ATT02170,STU02170,66.91,20,6,2026-10-02
ATT02171,STU02171,82.36,13,4,2026-10-02
ATT02172,STU02172,80.02,13,7,2026-10-02
ATT02173,STU02173,72.49,20,5,2026-10-02
ATT02174,STU02174,41.17,34,10,2026-10-02
ATT02175,STU02175,78.68,14,0,2026-10-02
ATT02176,STU02176,79.64,12,5,2026-10-02
ATT02177,STU02177,67.95,20,7,2026-10-02
ATT02178,STU02178,88.69,9,1,2026-10-02
ATT02179,STU02179,86.59,10,2,2026-10-02
ATT02180,STU02180,79.95,15,4,2026-10-02
ATT02181,STU02181,62.7,23,7,2026-10-02
ATT02182,STU02182,82.3,13,3,2026-10-02
ATT02183,STU02183,92.24,5,1,2026-10-02
ATT02184,STU02184,80.91,12,3,2026-10-02
ATT02185,STU02185,77.91,14,6,2026-10-02
ATT02186,STU02186,67.78,20,7,2026-10-02
ATT02187,STU02187,75.24,18,8,2026-10-02
ATT02188,STU02188,98.72,1,0,2026-10-02
ATT02189,STU02189,83.61,9,2,2026-10-02
ATT02190,STU02190,73.38,18,4,2026-10-02
ATT02191,STU02191,75.18,17,4,2026-10-02
ATT02192,STU02192,95.22,2,1,2026-10-02
ATT02193,STU02193,87.67,7,1,2026-10-02
ATT02194,STU02194,87.36,9,0,2026-10-02
ATT02195,STU02195,77.73,16,4,2026-10-02
ATT02196,STU02196,63.65,23,7,2026-10-02
ATT02197,STU02197,88.1,7,1,2026-10-02
ATT02198,STU02198,82.31,13,3,2026-10-02
ATT02199,STU02199,84.41,11,2,2026-10-02
ATT02200,STU02200,96.16,1,1,2026-10-02
ATT02201,STU02201,99.74,0,0,2026-10-02
ATT02202,STU02202,60.45,26,7,2026-10-02
ATT02203,STU02203,72.68,20,6,2026-10-02
ATT02204,STU02204,100.0,0,0,2026-10-02
ATT02205,STU02205,73.14,16,4,2026-10-02
ATT02206,STU02206,87.19,7,0,2026-10-02
ATT02207,STU02207,71.72,20,7,2026-10-02
ATT02208,STU02208,93.34,3,0,2026-10-02
ATT02209,STU02209,100.0,0,0,2026-10-02
ATT02210,STU02210,94.59,8,1,2026-10-02
ATT02211,STU02211,63.78,23,7,2026-10-02
ATT02212,STU02212,87.5,7,1,2026-10-02
ATT02213,STU02213,82.38,14,5,2026-10-02
ATT02214,STU02214,68.79,21,7,2026-10-02
ATT02215,STU02215,99.5,2,0,2026-10-02
ATT02216,STU02216,73.23,16,1,2026-10-02
ATT02217,STU02217,73.7,17,5,2026-10-02
ATT02218,STU02218,78.44,16,3,2026-10-02
ATT02219,STU02219,66.14,24,9,2026-10-02
ATT02220,STU02220,83.46,13,4,2026-10-02
ATT02221,STU02221,82.39,10,1,2026-10-02
ATT02222,STU02222,52.43,31,7,2026-10-02
ATT02223,STU02223,85.26,9,1,2026-10-02
ATT02224,STU02224,61.49,24,8,2026-10-02
ATT02225,STU02225,80.54,12,1,2026-10-02
ATT02226,STU02226,66.27,19,5,2026-10-02
ATT02227,STU02227,71.63,18,6,2026-10-02
ATT02228,STU02228,88.03,8,1,2026-10-02
ATT02229,STU02229,63.88,24,6,2026-10-02
ATT02230,STU02230,93.22,3,0,2026-10-02
ATT02231,STU02231,74.01,17,3,2026-10-02
ATT02232,STU02232,91.0,7,0,2026-10-02
ATT02233,STU02233,67.15,23,5,2026-10-02
ATT02234,STU02234,80.23,12,6,2026-10-02
ATT02235,STU02235,92.74,5,5,2026-10-02
ATT02236,STU02236,78.75,14,7,2026-10-02
ATT02237,STU02237,79.0,15,1,2026-10-02
ATT02238,STU02238,73.16,15,7,2026-10-02
ATT02239,STU02239,100.0,0,0,2026-10-02
ATT02240,STU02240,94.0,3,0,2026-10-02
ATT02241,STU02241,91.07,4,0,2026-10-02
ATT02242,STU02242,94.56,6,0,2026-10-02
ATT02243,STU02243,76.33,13,5,2026-10-02
ATT02244,STU02244,79.62,12,4,2026-10-02
ATT02245,STU02245,96.76,0,0,2026-10-02
ATT02246,STU02246,93.37,3,0,2026-10-02
ATT02247,STU02247,71.23,20,10,2026-10-02
ATT02248,STU02248,70.37,22,10,2026-10-02
ATT02249,STU02249,85.7,9,4,2026-10-02
ATT02250,STU02250,77.79,14,4,2026-10-02
ATT02251,STU02251,94.0,6,1,2026-10-02
ATT02252,STU02252,76.83,16,4,2026-10-02
ATT02253,STU02253,75.63,16,6,2026-10-02
ATT02254,STU02254,86.89,8,1,2026-10-02
ATT02255,STU02255,97.9,0,0,2026-10-02
ATT02256,STU02256,91.9,4,2,2026-10-02
ATT02257,STU02257,70.35,19,3,2026-10-02
ATT02258,STU02258,84.76,10,3,2026-10-02
ATT02259,STU02259,89.34,6,0,2026-10-02
ATT02260,STU02260,82.48,13,4,2026-10-02
ATT02261,STU02261,94.25,5,0,2026-10-02
ATT02262,STU02262,84.59,10,3,2026-10-02
ATT02263,STU02263,83.55,9,0,2026-10-02
ATT02264,STU02264,70.92,22,5,2026-10-02
ATT02265,STU02265,69.74,21,6,2026-10-02
ATT02266,STU02266,72.56,17,3,2026-10-02
ATT02267,STU02267,100.0,0,0,2026-10-02
ATT02268,STU02268,76.96,14,5,2026-10-02
ATT02269,STU02269,78.28,15,5,2026-10-02
ATT02270,STU02270,89.8,4,1,2026-10-02
ATT02271,STU02271,64.34,23,4,2026-10-02
ATT02272,STU02272,79.77,14,6,2026-10-02
ATT02273,STU02273,84.45,8,5,2026-10-02
ATT02274,STU02274,78.96,12,2,2026-10-02
ATT02275,STU02275,97.2,4,0,2026-10-02
ATT02276,STU02276,92.93,4,2,2026-10-02
ATT02277,STU02277,92.58,5,0,2026-10-02
ATT02278,STU02278,85.28,7,4,2026-10-02
ATT02279,STU02279,86.44,8,2,2026-10-02
ATT02280,STU02280,98.29,0,0,2026-10-02
ATT02281,STU02281,100.0,2,0,2026-10-02
ATT02282,STU02282,98.76,1,0,2026-10-02
ATT02283,STU02283,73.68,16,4,2026-10-02
ATT02284,STU02284,87.13,6,1,2026-10-02
ATT02285,STU02285,88.44,8,6,2026-10-02
ATT02286,STU02286,89.64,9,2,2026-10-02
ATT02287,STU02287,76.14,17,8,2026-10-02
ATT02288,STU02288,72.55,16,4,2026-10-02
ATT02289,STU02289,84.93,10,4,2026-10-02
ATT02290,STU02290,79.23,11,2,2026-10-02
ATT02291,STU02291,81.67,10,2,2026-10-02
ATT02292,STU02292,73.99,17,6,2026-10-02
ATT02293,STU02293,75.55,15,2,2026-10-02
ATT02294,STU02294,100.0,0,0,2026-10-02
ATT02295,STU02295,97.35,1,0,2026-10-02
ATT02296,STU02296,70.11,22,7,2026-10-02
ATT02297,STU02297,56.78,26,8,2026-10-02
ATT02298,STU02298,88.17,9,2,2026-10-02
ATT02299,STU02299,85.62,10,4,2026-10-02
ATT02300,STU02300,88.34,7,2,2026-10-02
ATT02301,STU02301,73.12,19,6,2026-10-02
ATT02302,STU02302,93.77,3,0,2026-10-02
ATT02303,STU02303,65.84,23,10,2026-10-02
ATT02304,STU02304,97.85,5,0,2026-10-02
ATT02305,STU02305,76.2,14,4,2026-10-02
ATT02306,STU02306,79.93,16,2,2026-10-02
ATT02307,STU02307,80.03,15,3,2026-10-02
ATT02308,STU02308,57.41,27,9,2026-10-02
ATT02309,STU02309,70.59,19,7,2026-10-02
ATT02310,STU02310,73.6,19,7,2026-10-02
ATT02311,STU02311,87.44,8,3,2026-10-02
ATT02312,STU02312,100.0,3,0,2026-10-02
ATT02313,STU02313,82.86,8,1,2026-10-02
ATT02314,STU02314,84.92,11,3,2026-10-02
ATT02315,STU02315,85.3,8,4,2026-10-02
ATT02316,STU02316,92.01,5,1,2026-10-02
ATT02317,STU02317,86.8,11,1,2026-10-02
ATT02318,STU02318,73.91,19,8,2026-10-02
ATT02319,STU02319,84.03,10,0,2026-10-02
ATT02320,STU02320,83.86,11,3,2026-10-02
ATT02321,STU02321,91.84,5,0,2026-10-02
ATT02322,STU02322,72.62,19,5,2026-10-02
ATT02323,STU02323,68.29,18,8,2026-10-02
ATT02324,STU02324,89.01,5,2,2026-10-02
ATT02325,STU02325,88.14,8,1,2026-10-02
ATT02326,STU02326,89.52,8,1,2026-10-02
ATT02327,STU02327,82.02,10,0,2026-10-02
ATT02328,STU02328,87.42,10,4,2026-10-02
ATT02329,STU02329,95.23,1,0,2026-10-02
ATT02330,STU02330,68.12,23,6,2026-10-02
ATT02331,STU02331,77.12,14,4,2026-10-02
ATT02332,STU02332,76.27,14,4,2026-10-02
ATT02333,STU02333,70.73,20,5,2026-10-02
ATT02334,STU02334,75.91,16,3,2026-10-02
ATT02335,STU02335,69.37,17,6,2026-10-02
ATT02336,STU02336,92.64,5,0,2026-10-02
ATT02337,STU02337,80.38,13,4,2026-10-02
ATT02338,STU02338,85.33,10,2,2026-10-02
ATT02339,STU02339,88.28,7,2,2026-10-02
ATT02340,STU02340,96.32,5,0,2026-10-02
ATT02341,STU02341,82.11,11,0,2026-10-02
ATT02342,STU02342,88.41,8,0,2026-10-02
ATT02343,STU02343,78.26,14,2,2026-10-02
ATT02344,STU02344,86.7,6,1,2026-10-02
ATT02345,STU02345,96.9,4,0,2026-10-02
ATT02346,STU02346,69.01,20,8,2026-10-02
ATT02347,STU02347,93.46,4,1,2026-10-02
ATT02348,STU02348,85.04,10,1,2026-10-02
ATT02349,STU02349,69.38,17,5,2026-10-02
ATT02350,STU02350,77.76,13,4,2026-10-02
ATT02351,STU02351,88.31,11,4,2026-10-02
ATT02352,STU02352,90.95,7,0,2026-10-02
ATT02353,STU02353,73.92,15,6,2026-10-02
ATT02354,STU02354,94.3,3,0,2026-10-02
ATT02355,STU02355,75.45,14,5,2026-10-02
ATT02356,STU02356,77.62,15,5,2026-10-02
ATT02357,STU02357,82.48,11,2,2026-10-02
ATT02358,STU02358,63.36,25,11,2026-10-02
ATT02359,STU02359,98.02,1,0,2026-10-02
ATT02360,STU02360,77.73,13,3,2026-10-02
ATT02361,STU02361,67.88,26,5,2026-10-02
ATT02362,STU02362,92.83,6,3,2026-10-02
ATT02363,STU02363,93.74,5,1,2026-10-02
ATT02364,STU02364,76.1,16,3,2026-10-02
ATT02365,STU02365,75.27,16,4,2026-10-02
ATT02366,STU02366,68.08,21,6,2026-10-02
ATT02367,STU02367,87.26,9,1,2026-10-02
ATT02368,STU02368,82.79,13,4,2026-10-02
ATT02369,STU02369,81.33,8,6,2026-10-02
ATT02370,STU02370,72.52,19,5,2026-10-02
ATT02371,STU02371,93.19,4,0,2026-10-02
ATT02372,STU02372,100.0,0,0,2026-10-02
ATT02373,STU02373,72.87,18,5,2026-10-02
ATT02374,STU02374,71.35,17,7,2026-10-02
ATT02375,STU02375,79.82,13,2,2026-10-02
ATT02376,STU02376,85.95,10,0,2026-10-02
ATT02377,STU02377,88.16,11,1,2026-10-02
ATT02378,STU02378,97.58,1,0,2026-10-02
ATT02379,STU02379,67.82,19,5,2026-10-02
ATT02380,STU02380,72.77,18,7,2026-10-02
ATT02381,STU02381,85.2,9,3,2026-10-02
ATT02382,STU02382,77.47,16,0,2026-10-02
ATT02383,STU02383,86.85,7,4,2026-10-02
ATT02384,STU02384,70.53,20,9,2026-10-02
ATT02385,STU02385,87.58,9,4,2026-10-02
ATT02386,STU02386,62.91,25,5,2026-10-02
ATT02387,STU02387,55.48,30,9,2026-10-02
ATT02388,STU02388,76.48,16,3,2026-10-02
ATT02389,STU02389,81.17,13,6,2026-10-02
ATT02390,STU02390,92.97,5,4,2026-10-02
ATT02391,STU02391,73.27,15,6,2026-10-02
ATT02392,STU02392,75.04,13,4,2026-10-02
ATT02393,STU02393,71.87,20,3,2026-10-02
ATT02394,STU02394,85.63,11,2,2026-10-02
ATT02395,STU02395,72.37,17,6,2026-10-02
ATT02396,STU02396,88.08,6,5,2026-10-02
ATT02397,STU02397,83.1,11,1,2026-10-02
ATT02398,STU02398,85.05,10,4,2026-10-02
ATT02399,STU02399,69.4,21,7,2026-10-02
ATT02400,STU02400,82.1,12,1,2026-10-02
ATT02401,STU02401,96.58,3,2,2026-10-02
ATT02402,STU02402,74.56,18,7,2026-10-02
ATT02403,STU02403,67.75,21,4,2026-10-02
ATT02404,STU02404,56.53,27,7,2026-10-02
ATT02405,STU02405,89.28,8,0,2026-10-02
ATT02406,STU02406,69.92,21,7,2026-10-02
ATT02407,STU02407,79.73,11,2,2026-10-02
ATT02408,STU02408,100.0,0,0,2026-10-02
ATT02409,STU02409,68.61,21,9,2026-10-02
ATT02410,STU02410,72.12,17,3,2026-10-02
ATT02411,STU02411,83.06,11,1,2026-10-02
ATT02412,STU02412,94.67,4,0,2026-10-02
ATT02413,STU02413,83.93,12,2,2026-10-02
ATT02414,STU02414,86.12,8,2,2026-10-02
ATT02415,STU02415,75.57,16,6,2026-10-02
ATT02416,STU02416,58.46,25,12,2026-10-02
ATT02417,STU02417,74.27,18,8,2026-10-02
ATT02418,STU02418,85.64,8,1,2026-10-02
ATT02419,STU02419,100.0,0,0,2026-10-02
ATT02420,STU02420,58.6,24,9,2026-10-02
ATT02421,STU02421,80.85,13,4,2026-10-02
ATT02422,STU02422,74.7,15,4,2026-10-02
ATT02423,STU02423,96.24,4,0,2026-10-02
ATT02424,STU02424,80.23,11,6,2026-10-02
ATT02425,STU02425,69.32,19,6,2026-10-02
ATT02426,STU02426,78.48,16,4,2026-10-02
ATT02427,STU02427,88.11,7,0,2026-10-02
ATT02428,STU02428,86.8,6,0,2026-10-02
ATT02429,STU02429,95.81,4,4,2026-10-02
ATT02430,STU02430,89.66,7,4,2026-10-02
ATT02431,STU02431,87.39,9,2,2026-10-02
ATT02432,STU02432,78.57,14,3,2026-10-02
ATT02433,STU02433,57.51,27,10,2026-10-02
ATT02434,STU02434,77.38,15,5,2026-10-02
ATT02435,STU02435,81.91,13,3,2026-10-02
ATT02436,STU02436,88.08,8,5,2026-10-02
ATT02437,STU02437,95.32,2,0,2026-10-02
ATT02438,STU02438,100.0,0,0,2026-10-02
ATT02439,STU02439,98.71,0,0,2026-10-02
ATT02440,STU02440,73.95,19,7,2026-10-02
ATT02441,STU02441,73.85,18,5,2026-10-02
ATT02442,STU02442,98.95,3,0,2026-10-02
ATT02443,STU02443,72.6,19,10,2026-10-02
ATT02444,STU02444,73.06,19,5,2026-10-02
ATT02445,STU02445,67.45,20,5,2026-10-02
ATT02446,STU02446,77.0,14,4,2026-10-02
ATT02447,STU02447,95.91,1,0,2026-10-02
ATT02448,STU02448,88.73,7,3,2026-10-02
ATT02449,STU02449,88.76,7,0,2026-10-02
ATT02450,STU02450,86.96,9,1,2026-10-02
ATT02451,STU02451,83.75,11,3,2026-10-02
ATT02452,STU02452,84.77,9,0,2026-10-02
ATT02453,STU02453,99.19,0,0,2026-10-02
ATT02454,STU02454,88.21,6,1,2026-10-02
ATT02455,STU02455,100.0,0,0,2026-10-02
ATT02456,STU02456,80.49,13,7,2026-10-02
ATT02457,STU02457,89.91,9,4,2026-10-02
ATT02458,STU02458,82.18,12,2,2026-10-02
ATT02459,STU02459,92.89,5,0,2026-10-02
ATT02460,STU02460,65.03,22,7,2026-10-02
ATT02461,STU02461,89.19,8,0,2026-10-02
ATT02462,STU02462,84.77,9,2,2026-10-02
ATT02463,STU02463,96.0,2,0,2026-10-02
ATT02464,STU02464,76.21,16,6,2026-10-02
ATT02465,STU02465,85.09,10,2,2026-10-02
ATT02466,STU02466,100.0,0,0,2026-10-02
ATT02467,STU02467,85.58,12,1,2026-10-02
ATT02468,STU02468,76.5,16,6,2026-10-02
ATT02469,STU02469,81.82,12,1,2026-10-02
ATT02470,STU02470,83.72,7,1,2026-10-02
ATT02471,STU02471,71.53,18,4,2026-10-02
ATT02472,STU02472,67.19,21,6,2026-10-02
ATT02473,STU02473,100.0,0,0,2026-10-02
ATT02474,STU02474,80.92,12,3,2026-10-02
ATT02475,STU02475,72.78,16,4,2026-10-02
ATT02476,STU02476,86.62,8,0,2026-10-02
ATT02477,STU02477,85.77,12,1,2026-10-02
ATT02478,STU02478,64.76,23,5,2026-10-02
ATT02479,STU02479,82.54,9,3,2026-10-02
ATT02480,STU02480,80.17,14,3,2026-10-02
ATT02481,STU02481,87.47,8,1,2026-10-02
ATT02482,STU02482,72.21,18,6,2026-10-02
ATT02483,STU02483,69.16,20,5,2026-10-02
ATT02484,STU02484,88.42,5,1,2026-10-02
ATT02485,STU02485,96.03,4,3,2026-10-02
ATT02486,STU02486,80.81,13,2,2026-10-02
ATT02487,STU02487,62.52,26,8,2026-10-02
ATT02488,STU02488,78.68,14,3,2026-10-02
ATT02489,STU02489,95.33,5,0,2026-10-02
ATT02490,STU02490,89.9,6,0,2026-10-02
ATT02491,STU02491,83.54,12,2,2026-10-02
ATT02492,STU02492,84.96,10,1,2026-10-02
ATT02493,STU02493,83.96,12,4,2026-10-02
ATT02494,STU02494,88.89,7,4,2026-10-02
ATT02495,STU02495,90.58,3,2,2026-10-02
ATT02496,STU02496,75.74,15,6,2026-10-02
ATT02497,STU02497,83.18,8,0,2026-10-02
ATT02498,STU02498,80.22,15,1,2026-10-02
ATT02499,STU02499,59.2,25,8,2026-10-02
ATT02500,STU02500,82.19,11,3,2026-10-02
ATT02501,STU02501,55.63,29,11,2026-10-02
ATT02502,STU02502,64.06,22,5,2026-10-02
ATT02503,STU02503,85.09,12,3,2026-10-02
ATT02504,STU02504,88.75,7,2,2026-10-02
ATT02505,STU02505,97.94,0,0,2026-10-02
ATT02506,STU02506,82.0,11,5,2026-10-02
ATT02507,STU02507,100.0,1,0,2026-10-02
ATT02508,STU02508,99.97,0,0,2026-10-02
ATT02509,STU02509,80.12,16,2,2026-10-02
ATT02510,STU02510,97.26,1,0,2026-10-02
ATT02511,STU02511,82.26,9,3,2026-10-02
ATT02512,STU02512,87.13,10,2,2026-10-02
ATT02513,STU02513,61.8,26,10,2026-10-02
ATT02514,STU02514,78.75,16,2,2026-10-02
ATT02515,STU02515,71.75,21,5,2026-10-02
ATT02516,STU02516,92.58,5,4,2026-10-02
ATT02517,STU02517,99.07,2,0,2026-10-02
ATT02518,STU02518,75.67,17,7,2026-10-02
ATT02519,STU02519,65.89,23,6,2026-10-02
ATT02520,STU02520,86.43,10,3,2026-10-02
ATT02521,STU02521,79.12,14,0,2026-10-02
ATT02522,STU02522,83.2,10,2,2026-10-02
ATT02523,STU02523,88.86,7,0,2026-10-02
ATT02524,STU02524,86.02,9,2,2026-10-02
ATT02525,STU02525,99.06,1,1,2026-10-02
ATT02526,STU02526,74.88,16,5,2026-10-02
ATT02527,STU02527,58.54,26,8,2026-10-02
ATT02528,STU02528,63.76,27,9,2026-10-02
ATT02529,STU02529,89.36,6,1,2026-10-02
ATT02530,STU02530,83.95,11,3,2026-10-02
ATT02531,STU02531,98.88,0,0,2026-10-02
ATT02532,STU02532,73.11,18,7,2026-10-02
ATT02533,STU02533,75.34,15,2,2026-10-02
ATT02534,STU02534,87.57,8,4,2026-10-02
ATT02535,STU02535,68.74,20,4,2026-10-02
ATT02536,STU02536,65.1,24,6,2026-10-02
ATT02537,STU02537,90.05,6,1,2026-10-02
ATT02538,STU02538,69.92,20,6,2026-10-02
ATT02539,STU02539,72.93,19,6,2026-10-02
ATT02540,STU02540,70.61,18,5,2026-10-02
ATT02541,STU02541,74.13,18,2,2026-10-02
ATT02542,STU02542,84.36,10,4,2026-10-02
ATT02543,STU02543,76.1,15,4,2026-10-02
ATT02544,STU02544,96.69,2,0,2026-10-02
ATT02545,STU02545,87.78,8,0,2026-10-02
ATT02546,STU02546,95.81,0,0,2026-10-02
ATT02547,STU02547,78.62,16,3,2026-10-02
ATT02548,STU02548,84.23,9,2,2026-10-02
ATT02549,STU02549,99.6,0,0,2026-10-02
ATT02550,STU02550,79.55,11,3,2026-10-02
ATT02551,STU02551,78.45,12,5,2026-10-02
ATT02552,STU02552,79.9,14,3,2026-10-02
ATT02553,STU02553,100.0,0,0,2026-10-02
ATT02554,STU02554,68.71,20,6,2026-10-02
ATT02555,STU02555,88.49,8,2,2026-10-02
ATT02556,STU02556,78.72,13,5,2026-10-02
ATT02557,STU02557,73.93,19,2,2026-10-02
ATT02558,STU02558,97.57,3,0,2026-10-02
ATT02559,STU02559,75.28,18,4,2026-10-02
ATT02560,STU02560,77.03,15,6,2026-10-02
ATT02561,STU02561,79.99,12,3,2026-10-02
ATT02562,STU02562,93.12,4,0,2026-10-02
ATT02563,STU02563,88.67,8,0,2026-10-02
ATT02564,STU02564,50.24,34,12,2026-10-02
ATT02565,STU02565,95.68,1,0,2026-10-02
ATT02566,STU02566,97.34,4,0,2026-10-02
ATT02567,STU02567,96.23,1,0,2026-10-02
ATT02568,STU02568,82.89,12,3,2026-10-02
ATT02569,STU02569,73.33,18,4,2026-10-02
ATT02570,STU02570,90.42,6,2,2026-10-02
ATT02571,STU02571,99.21,1,0,2026-10-02
ATT02572,STU02572,92.61,6,0,2026-10-02
ATT02573,STU02573,86.92,8,2,2026-10-02
ATT02574,STU02574,100.0,0,0,2026-10-02
ATT02575,STU02575,74.76,13,3,2026-10-02
ATT02576,STU02576,80.19,12,3,2026-10-02
ATT02577,STU02577,66.43,23,6,2026-10-02
ATT02578,STU02578,72.0,19,3,2026-10-02
ATT02579,STU02579,79.35,12,4,2026-10-02
ATT02580,STU02580,79.14,13,5,2026-10-02
ATT02581,STU02581,83.86,8,5,2026-10-02
ATT02582,STU02582,62.48,25,8,2026-10-02
ATT02583,STU02583,86.95,10,2,2026-10-02
ATT02584,STU02584,100.0,0,0,2026-10-02
ATT02585,STU02585,78.22,16,3,2026-10-02
ATT02586,STU02586,73.38,16,5,2026-10-02
ATT02587,STU02587,73.29,14,6,2026-10-02
ATT02588,STU02588,91.29,7,1,2026-10-02
ATT02589,STU02589,72.04,19,4,2026-10-02
ATT02590,STU02590,98.33,1,0,2026-10-02
ATT02591,STU02591,79.84,12,4,2026-10-02
ATT02592,STU02592,57.2,28,11,2026-10-02
ATT02593,STU02593,89.92,5,0,2026-10-02
ATT02594,STU02594,100.0,0,0,2026-10-02
ATT02595,STU02595,68.44,21,8,2026-10-02
ATT02596,STU02596,81.33,14,3,2026-10-02
ATT02597,STU02597,99.33,1,0,2026-10-02
ATT02598,STU02598,78.88,13,5,2026-10-02
ATT02599,STU02599,72.05,21,7,2026-10-02
ATT02600,STU02600,88.87,7,0,2026-10-02
ATT02601,STU02601,75.99,16,4,2026-10-02
ATT02602,STU02602,75.38,16,4,2026-10-02
ATT02603,STU02603,66.44,20,6,2026-10-02
ATT02604,STU02604,100.0,0,0,2026-10-02
ATT02605,STU02605,65.78,22,6,2026-10-02
ATT02606,STU02606,79.98,14,3,2026-10-02
ATT02607,STU02607,76.02,16,3,2026-10-02
ATT02608,STU02608,83.54,11,4,2026-10-02
ATT02609,STU02609,66.23,23,3,2026-10-02
ATT02610,STU02610,75.69,17,6,2026-10-02
ATT02611,STU02611,88.82,6,0,2026-10-02
ATT02612,STU02612,84.44,9,3,2026-10-02
ATT02613,STU02613,78.67,13,2,2026-10-02
ATT02614,STU02614,100.0,0,0,2026-10-02
ATT02615,STU02615,83.14,13,3,2026-10-02
ATT02616,STU02616,68.73,21,7,2026-10-02
ATT02617,STU02617,75.11,15,4,2026-10-02
ATT02618,STU02618,89.71,6,0,2026-10-02
ATT02619,STU02619,81.72,14,4,2026-10-02
ATT02620,STU02620,69.02,17,3,2026-10-02
ATT02621,STU02621,62.24,22,6,2026-10-02
ATT02622,STU02622,89.67,7,1,2026-10-02
ATT02623,STU02623,67.05,21,6,2026-10-02
ATT02624,STU02624,82.61,12,5,2026-10-02
ATT02625,STU02625,72.11,19,3,2026-10-02
ATT02626,STU02626,59.97,23,8,2026-10-02
ATT02627,STU02627,70.68,19,4,2026-10-02
ATT02628,STU02628,80.41,13,2,2026-10-02
ATT02629,STU02629,76.81,15,2,2026-10-02
ATT02630,STU02630,80.85,12,5,2026-10-02
ATT02631,STU02631,79.63,11,3,2026-10-02
ATT02632,STU02632,77.16,17,6,2026-10-02
ATT02633,STU02633,92.42,8,0,2026-10-02
ATT02634,STU02634,71.65,21,8,2026-10-02
ATT02635,STU02635,86.95,8,1,2026-10-02
ATT02636,STU02636,89.2,5,0,2026-10-02
ATT02637,STU02637,80.97,12,2,2026-10-02
ATT02638,STU02638,81.46,12,3,2026-10-02
ATT02639,STU02639,64.67,25,7,2026-10-02
ATT02640,STU02640,100.0,0,0,2026-10-02
ATT02641,STU02641,79.82,13,5,2026-10-02
ATT02642,STU02642,82.85,12,1,2026-10-02
ATT02643,STU02643,91.76,4,1,2026-10-02
ATT02644,STU02644,80.86,15,3,2026-10-02
ATT02645,STU02645,86.04,8,2,2026-10-02
ATT02646,STU02646,87.43,8,3,2026-10-02
ATT02647,STU02647,85.88,8,0,2026-10-02
ATT02648,STU02648,55.39,27,8,2026-10-02
ATT02649,STU02649,93.34,4,1,2026-10-02
ATT02650,STU02650,100.0,0,0,2026-10-02
ATT02651,STU02651,84.67,10,2,2026-10-02
ATT02652,STU02652,71.09,19,6,2026-10-02
ATT02653,STU02653,90.62,9,2,2026-10-02
ATT02654,STU02654,90.7,5,0,2026-10-02
ATT02655,STU02655,82.65,12,6,2026-10-02
ATT02656,STU02656,65.37,21,3,2026-10-02
ATT02657,STU02657,89.66,6,4,2026-10-02
ATT02658,STU02658,74.03,15,4,2026-10-02
ATT02659,STU02659,92.16,7,0,2026-10-02
ATT02660,STU02660,55.7,30,9,2026-10-02
ATT02661,STU02661,89.3,7,6,2026-10-02
ATT02662,STU02662,80.83,14,7,2026-10-02
ATT02663,STU02663,81.35,13,1,2026-10-02
ATT02664,STU02664,96.29,3,2,2026-10-02
ATT02665,STU02665,81.67,12,4,2026-10-02
ATT02666,STU02666,75.38,15,3,2026-10-02
ATT02667,STU02667,73.52,16,3,2026-10-02
ATT02668,STU02668,88.5,9,3,2026-10-02
ATT02669,STU02669,86.04,9,0,2026-10-02
ATT02670,STU02670,79.45,15,4,2026-10-02
ATT02671,STU02671,66.81,16,2,2026-10-02
ATT02672,STU02672,59.48,27,5,2026-10-02
ATT02673,STU02673,76.35,13,6,2026-10-02
ATT02674,STU02674,87.2,10,1,2026-10-02
ATT02675,STU02675,81.07,12,3,2026-10-02
ATT02676,STU02676,97.69,1,0,2026-10-02
ATT02677,STU02677,84.89,12,4,2026-10-02
ATT02678,STU02678,98.57,2,0,2026-10-02
ATT02679,STU02679,88.48,6,4,2026-10-02
ATT02680,STU02680,86.09,7,2,2026-10-02
ATT02681,STU02681,100.0,1,0,2026-10-02
ATT02682,STU02682,90.01,3,2,2026-10-02
ATT02683,STU02683,99.78,3,0,2026-10-02
ATT02684,STU02684,88.12,6,1,2026-10-02
ATT02685,STU02685,81.0,11,2,2026-10-02
ATT02686,STU02686,100.0,0,0,2026-10-02
ATT02687,STU02687,96.72,1,1,2026-10-02
ATT02688,STU02688,86.25,9,2,2026-10-02
ATT02689,STU02689,96.7,5,0,2026-10-02
ATT02690,STU02690,67.11,21,8,2026-10-02
ATT02691,STU02691,83.34,8,2,2026-10-02
ATT02692,STU02692,74.86,15,4,2026-10-02
ATT02693,STU02693,76.22,14,1,2026-10-02
ATT02694,STU02694,87.86,6,4,2026-10-02
ATT02695,STU02695,74.99,14,2,2026-10-02
ATT02696,STU02696,91.61,5,3,2026-10-02
ATT02697,STU02697,83.58,10,1,2026-10-02
ATT02698,STU02698,78.71,17,7,2026-10-02
ATT02699,STU02699,82.86,11,7,2026-10-02
ATT02700,STU02700,80.42,14,5,2026-10-02
ATT02701,STU02701,80.69,12,5,2026-10-02
ATT02702,STU02702,74.58,18,5,2026-10-02
ATT02703,STU02703,67.23,19,3,2026-10-02
ATT02704,STU02704,82.06,12,2,2026-10-02
ATT02705,STU02705,69.11,21,6,2026-10-02
ATT02706,STU02706,79.95,14,0,2026-10-02
ATT02707,STU02707,91.3,5,1,2026-10-02
ATT02708,STU02708,73.22,19,4,2026-10-02
ATT02709,STU02709,90.26,7,0,2026-10-02
ATT02710,STU02710,74.38,16,2,2026-10-02
ATT02711,STU02711,88.53,5,2,2026-10-02
ATT02712,STU02712,75.35,16,6,2026-10-02
ATT02713,STU02713,79.86,16,4,2026-10-02
ATT02714,STU02714,100.0,0,0,2026-10-02
ATT02715,STU02715,74.77,15,7,2026-10-02
ATT02716,STU02716,66.13,23,8,2026-10-02
ATT02717,STU02717,68.1,22,8,2026-10-02
ATT02718,STU02718,70.13,16,3,2026-10-02
ATT02719,STU02719,100.0,1,0,2026-10-02
ATT02720,STU02720,98.8,0,0,2026-10-02
ATT02721,STU02721,91.88,2,1,2026-10-02
ATT02722,STU02722,78.14,13,3,2026-10-02
ATT02723,STU02723,68.41,22,6,2026-10-02
ATT02724,STU02724,100.0,2,0,2026-10-02
ATT02725,STU02725,73.87,16,7,2026-10-02
ATT02726,STU02726,97.36,3,1,2026-10-02
ATT02727,STU02727,77.43,15,5,2026-10-02
ATT02728,STU02728,88.66,6,1,2026-10-02
ATT02729,STU02729,90.06,5,0,2026-10-02
ATT02730,STU02730,92.47,7,0,2026-10-02
ATT02731,STU02731,75.69,17,5,2026-10-02
ATT02732,STU02732,95.97,2,0,2026-10-02
ATT02733,STU02733,87.6,8,2,2026-10-02
ATT02734,STU02734,73.17,14,8,2026-10-02
ATT02735,STU02735,54.7,26,8,2026-10-02
ATT02736,STU02736,91.93,7,1,2026-10-02
ATT02737,STU02737,68.45,20,7,2026-10-02
ATT02738,STU02738,67.33,21,9,2026-10-02
ATT02739,STU02739,91.63,6,0,2026-10-02
ATT02740,STU02740,74.21,16,7,2026-10-02
ATT02741,STU02741,80.21,15,6,2026-10-02
ATT02742,STU02742,100.0,1,0,2026-10-02
ATT02743,STU02743,87.59,7,0,2026-10-02
ATT02744,STU02744,80.95,12,1,2026-10-02
ATT02745,STU02745,85.58,10,2,2026-10-02
ATT02746,STU02746,85.44,9,1,2026-10-02
ATT02747,STU02747,86.99,8,0,2026-10-02
ATT02748,STU02748,87.43,9,1,2026-10-02
ATT02749,STU02749,66.74,21,6,2026-10-02
ATT02750,STU02750,84.91,11,5,2026-10-02
ATT02751,STU02751,81.99,14,4,2026-10-02
ATT02752,STU02752,100.0,0,0,2026-10-02
ATT02753,STU02753,88.15,5,1,2026-10-02
ATT02754,STU02754,72.14,17,3,2026-10-02
ATT02755,STU02755,100.0,0,0,2026-10-02
ATT02756,STU02756,86.23,9,0,2026-10-02
ATT02757,STU02757,87.99,8,3,2026-10-02
ATT02758,STU02758,88.56,9,0,2026-10-02
ATT02759,STU02759,84.47,10,2,2026-10-02
ATT02760,STU02760,75.26,14,3,2026-10-02
ATT02761,STU02761,69.53,19,3,2026-10-02
ATT02762,STU02762,100.0,1,0,2026-10-02
ATT02763,STU02763,71.26,19,5,2026-10-02
ATT02764,STU02764,86.39,10,4,2026-10-02
ATT02765,STU02765,100.0,0,0,2026-10-02
ATT02766,STU02766,85.57,10,4,2026-10-02
ATT02767,STU02767,64.59,24,7,2026-10-02
ATT02768,STU02768,85.9,10,3,2026-10-02
ATT02769,STU02769,76.37,15,3,2026-10-02
ATT02770,STU02770,80.83,13,3,2026-10-02
ATT02771,STU02771,72.28,19,4,2026-10-02
ATT02772,STU02772,80.98,11,4,2026-10-02
ATT02773,STU02773,70.01,21,6,2026-10-02
ATT02774,STU02774,89.94,7,0,2026-10-02
ATT02775,STU02775,81.24,12,0,2026-10-02
ATT02776,STU02776,85.77,8,3,2026-10-02
ATT02777,STU02777,65.47,22,6,2026-10-02
ATT02778,STU02778,83.93,13,2,2026-10-02
ATT02779,STU02779,84.96,11,6,2026-10-02
ATT02780,STU02780,84.45,10,3,2026-10-02
ATT02781,STU02781,73.29,18,6,2026-10-02
ATT02782,STU02782,93.27,5,0,2026-10-02
ATT02783,STU02783,84.65,8,6,2026-10-02
ATT02784,STU02784,79.83,13,5,2026-10-02
ATT02785,STU02785,73.99,16,5,2026-10-02
ATT02786,STU02786,100.0,0,0,2026-10-02
ATT02787,STU02787,71.44,19,6,2026-10-02
ATT02788,STU02788,88.67,5,2,2026-10-02
ATT02789,STU02789,100.0,0,0,2026-10-02
ATT02790,STU02790,78.69,13,4,2026-10-02
ATT02791,STU02791,80.06,14,4,2026-10-02
ATT02792,STU02792,82.74,12,3,2026-10-02
ATT02793,STU02793,77.07,15,6,2026-10-02
ATT02794,STU02794,69.46,21,5,2026-10-02
ATT02795,STU02795,87.35,10,5,2026-10-02
ATT02796,STU02796,83.01,12,5,2026-10-02
ATT02797,STU02797,68.59,22,7,2026-10-02
ATT02798,STU02798,82.01,12,4,2026-10-02
ATT02799,STU02799,75.15,18,3,2026-10-02
ATT02800,STU02800,95.62,2,0,2026-10-02
ATT02801,STU02801,69.22,19,4,2026-10-02
ATT02802,STU02802,80.29,15,5,2026-10-02
ATT02803,STU02803,91.65,6,0,2026-10-02
ATT02804,STU02804,76.61,14,4,2026-10-02
ATT02805,STU02805,93.35,4,1,2026-10-02
ATT02806,STU02806,76.61,14,5,2026-10-02
ATT02807,STU02807,78.88,16,6,2026-10-02
ATT02808,STU02808,87.05,7,0,2026-10-02
ATT02809,STU02809,78.48,13,5,2026-10-02
ATT02810,STU02810,100.0,0,0,2026-10-02
ATT02811,STU02811,76.16,14,6,2026-10-02
ATT02812,STU02812,96.94,2,0,2026-10-02
ATT02813,STU02813,88.21,7,5,2026-10-02
ATT02814,STU02814,78.03,13,3,2026-10-02
ATT02815,STU02815,86.9,9,4,2026-10-02
ATT02816,STU02816,89.72,7,1,2026-10-02
ATT02817,STU02817,80.01,14,3,2026-10-02
ATT02818,STU02818,83.95,7,0,2026-10-02
ATT02819,STU02819,60.86,24,9,2026-10-02
ATT02820,STU02820,78.71,14,5,2026-10-02
ATT02821,STU02821,84.65,11,0,2026-10-02
ATT02822,STU02822,93.38,3,3,2026-10-02
ATT02823,STU02823,75.39,14,0,2026-10-02
ATT02824,STU02824,74.1,16,7,2026-10-02
ATT02825,STU02825,100.0,1,0,2026-10-02
ATT02826,STU02826,100.0,3,0,2026-10-02
ATT02827,STU02827,67.44,20,5,2026-10-02
ATT02828,STU02828,86.47,7,1,2026-10-02
ATT02829,STU02829,73.08,19,8,2026-10-02
ATT02830,STU02830,65.08,24,8,2026-10-02
ATT02831,STU02831,73.1,20,6,2026-10-02
ATT02832,STU02832,66.19,21,7,2026-10-02
ATT02833,STU02833,84.37,13,4,2026-10-02
ATT02834,STU02834,76.89,16,3,2026-10-02
ATT02835,STU02835,88.27,8,1,2026-10-02
ATT02836,STU02836,79.31,13,5,2026-10-02
ATT02837,STU02837,71.31,16,11,2026-10-02
ATT02838,STU02838,70.08,19,3,2026-10-02
ATT02839,STU02839,71.74,20,6,2026-10-02
ATT02840,STU02840,75.38,18,5,2026-10-02
ATT02841,STU02841,100.0,1,0,2026-10-02
ATT02842,STU02842,99.44,1,0,2026-10-02
ATT02843,STU02843,87.97,8,4,2026-10-02
ATT02844,STU02844,89.43,7,2,2026-10-02
ATT02845,STU02845,84.32,9,3,2026-10-02
ATT02846,STU02846,89.64,7,3,2026-10-02
ATT02847,STU02847,80.85,13,4,2026-10-02
ATT02848,STU02848,99.78,0,0,2026-10-02
ATT02849,STU02849,88.06,11,1,2026-10-02
ATT02850,STU02850,86.14,11,4,2026-10-02
ATT02851,STU02851,81.85,13,1,2026-10-02
ATT02852,STU02852,73.09,16,8,2026-10-02
ATT02853,STU02853,76.49,15,1,2026-10-02
ATT02854,STU02854,78.37,16,4,2026-10-02
ATT02855,STU02855,90.47,9,0,2026-10-02
ATT02856,STU02856,92.31,8,3,2026-10-02
ATT02857,STU02857,84.24,12,2,2026-10-02
ATT02858,STU02858,65.85,21,4,2026-10-02
ATT02859,STU02859,85.76,9,0,2026-10-02
ATT02860,STU02860,72.62,19,4,2026-10-02
ATT02861,STU02861,72.72,19,7,2026-10-02
ATT02862,STU02862,93.86,5,1,2026-10-02
ATT02863,STU02863,82.97,11,0,2026-10-02
ATT02864,STU02864,88.54,9,0,2026-10-02
ATT02865,STU02865,90.31,8,0,2026-10-02
ATT02866,STU02866,72.37,22,6,2026-10-02
ATT02867,STU02867,87.8,8,2,2026-10-02
ATT02868,STU02868,65.64,21,5,2026-10-02
ATT02869,STU02869,83.35,12,3,2026-10-02
ATT02870,STU02870,57.86,26,9,2026-10-02
ATT02871,STU02871,69.54,20,6,2026-10-02
ATT02872,STU02872,97.83,3,1,2026-10-02
ATT02873,STU02873,98.65,1,1,2026-10-02
ATT02874,STU02874,92.43,5,1,2026-10-02
ATT02875,STU02875,93.38,5,0,2026-10-02
ATT02876,STU02876,100.0,2,0,2026-10-02
ATT02877,STU02877,80.2,16,3,2026-10-02
ATT02878,STU02878,72.36,17,7,2026-10-02
ATT02879,STU02879,75.78,15,4,2026-10-02
ATT02880,STU02880,74.02,18,3,2026-10-02
ATT02881,STU02881,87.97,10,3,2026-10-02
ATT02882,STU02882,72.61,20,4,2026-10-02
ATT02883,STU02883,86.26,11,0,2026-10-02
ATT02884,STU02884,92.69,6,0,2026-10-02
ATT02885,STU02885,78.47,12,0,2026-10-02
ATT02886,STU02886,86.82,9,0,2026-10-02
ATT02887,STU02887,100.0,0,0,2026-10-02
ATT02888,STU02888,79.19,15,5,2026-10-02
ATT02889,STU02889,69.79,19,3,2026-10-02
ATT02890,STU02890,52.72,30,7,2026-10-02
ATT02891,STU02891,82.63,10,3,2026-10-02
ATT02892,STU02892,92.7,5,2,2026-10-02
ATT02893,STU02893,68.48,20,5,2026-10-02
ATT02894,STU02894,85.73,10,3,2026-10-02
ATT02895,STU02895,93.18,6,2,2026-10-02
ATT02896,STU02896,88.22,6,0,2026-10-02
ATT02897,STU02897,64.46,23,8,2026-10-02
ATT02898,STU02898,63.66,26,7,2026-10-02
ATT02899,STU02899,96.09,2,0,2026-10-02
ATT02900,STU02900,90.47,6,1,2026-10-02
ATT02901,STU02901,89.37,10,2,2026-10-02
ATT02902,STU02902,82.92,12,6,2026-10-02
ATT02903,STU02903,89.82,7,0,2026-10-02
ATT02904,STU02904,59.73,23,9,2026-10-02
ATT02905,STU02905,63.21,24,7,2026-10-02
ATT02906,STU02906,61.76,25,7,2026-10-02
ATT02907,STU02907,74.4,17,5,2026-10-02
ATT02908,STU02908,86.8,9,1,2026-10-02
ATT02909,STU02909,83.99,11,1,2026-10-02
ATT02910,STU02910,100.0,0,0,2026-10-02
ATT02911,STU02911,95.52,5,0,2026-10-02
ATT02912,STU02912,63.01,24,9,2026-10-02
ATT02913,STU02913,91.82,8,2,2026-10-02
ATT02914,STU02914,71.17,17,2,2026-10-02
ATT02915,STU02915,65.88,25,7,2026-10-02
ATT02916,STU02916,68.75,19,2,2026-10-02
ATT02917,STU02917,93.76,2,0,2026-10-02
ATT02918,STU02918,62.63,24,8,2026-10-02
ATT02919,STU02919,83.75,12,4,2026-10-02
ATT02920,STU02920,87.76,9,3,2026-10-02
ATT02921,STU02921,86.45,9,3,2026-10-02
ATT02922,STU02922,73.26,16,3,2026-10-02
ATT02923,STU02923,77.74,13,6,2026-10-02
ATT02924,STU02924,79.82,12,4,2026-10-02
ATT02925,STU02925,82.96,12,2,2026-10-02
ATT02926,STU02926,72.3,18,7,2026-10-02
ATT02927,STU02927,70.48,21,5,2026-10-02
ATT02928,STU02928,90.05,6,0,2026-10-02
ATT02929,STU02929,97.81,3,2,2026-10-02
ATT02930,STU02930,88.89,5,0,2026-10-02
ATT02931,STU02931,90.73,8,7,2026-10-02
ATT02932,STU02932,79.56,14,0,2026-10-02
ATT02933,STU02933,83.38,11,3,2026-10-02
ATT02934,STU02934,75.97,16,2,2026-10-02
ATT02935,STU02935,63.52,22,5,2026-10-02
ATT02936,STU02936,60.02,26,7,2026-10-02
ATT02937,STU02937,50.93,32,13,2026-10-02
ATT02938,STU02938,90.41,6,1,2026-10-02
ATT02939,STU02939,77.38,15,6,2026-10-02
ATT02940,STU02940,90.75,6,0,2026-10-02
ATT02941,STU02941,100.0,0,0,2026-10-02
ATT02942,STU02942,96.69,1,1,2026-10-02
ATT02943,STU02943,85.83,7,2,2026-10-02
ATT02944,STU02944,67.65,22,5,2026-10-02
ATT02945,STU02945,93.9,6,0,2026-10-02
ATT02946,STU02946,84.04,12,2,2026-10-02
ATT02947,STU02947,78.17,15,1,2026-10-02
ATT02948,STU02948,79.1,13,6,2026-10-02
ATT02949,STU02949,88.34,7,0,2026-10-02
ATT02950,STU02950,100.0,3,0,2026-10-02
ATT02951,STU02951,67.62,23,11,2026-10-02
ATT02952,STU02952,83.97,8,0,2026-10-02
ATT02953,STU02953,88.41,10,2,2026-10-02
ATT02954,STU02954,67.28,21,1,2026-10-02
ATT02955,STU02955,100.0,0,0,2026-10-02
ATT02956,STU02956,88.67,8,1,2026-10-02
ATT02957,STU02957,95.09,2,0,2026-10-02
ATT02958,STU02958,100.0,0,0,2026-10-02
ATT02959,STU02959,96.23,2,1,2026-10-02
ATT02960,STU02960,59.39,26,8,2026-10-02
ATT02961,STU02961,91.17,6,3,2026-10-02
ATT02962,STU02962,95.07,2,2,2026-10-02
ATT02963,STU02963,95.33,1,0,2026-10-02
ATT02964,STU02964,86.54,7,0,2026-10-02
ATT02965,STU02965,85.83,9,1,2026-10-02
ATT02966,STU02966,72.02,21,5,2026-10-02
ATT02967,STU02967,83.74,10,0,2026-10-02
ATT02968,STU02968,73.9,18,3,2026-10-02
ATT02969,STU02969,77.86,13,5,2026-10-02
ATT02970,STU02970,65.51,21,8,2026-10-02
ATT02971,STU02971,56.2,29,7,2026-10-02
ATT02972,STU02972,58.65,26,7,2026-10-02
ATT02973,STU02973,75.63,16,6,2026-10-02
ATT02974,STU02974,79.16,12,3,2026-10-02
ATT02975,STU02975,83.98,10,0,2026-10-02
ATT02976,STU02976,77.74,16,0,2026-10-02
ATT02977,STU02977,85.25,10,0,2026-10-02
ATT02978,STU02978,100.0,1,0,2026-10-02
ATT02979,STU02979,82.08,12,2,2026-10-02
ATT02980,STU02980,67.09,21,6,2026-10-02
ATT02981,STU02981,99.86,0,0,2026-10-02
ATT02982,STU02982,88.18,10,5,2026-10-02
ATT02983,STU02983,66.64,21,10,2026-10-02
ATT02984,STU02984,77.57,15,6,2026-10-02
ATT02985,STU02985,85.62,10,1,2026-10-02
ATT02986,STU02986,89.26,4,4,2026-10-02
ATT02987,STU02987,100.0,0,0,2026-10-02
ATT02988,STU02988,83.66,12,5,2026-10-02
ATT02989,STU02989,69.87,19,5,2026-10-02
ATT02990,STU02990,92.9,4,0,2026-10-02
ATT02991,STU02991,95.2,3,0,2026-10-02
ATT02992,STU02992,75.14,14,6,2026-10-02
ATT02993,STU02993,86.07,9,3,2026-10-02
ATT02994,STU02994,83.47,13,6,2026-10-02
ATT02995,STU02995,99.44,0,0,2026-10-02
ATT02996,STU02996,82.37,11,2,2026-10-02
ATT02997,STU02997,75.75,15,5,2026-10-02
ATT02998,STU02998,76.62,16,4,2026-10-02
ATT02999,STU02999,92.99,6,0,2026-10-02
ATT03000,STU03000,97.14,3,0,2026-10-02
ATT03001,STU03001,81.73,12,6,2026-10-02
ATT03002,STU03002,94.46,2,1,2026-10-02
ATT03003,STU03003,80.91,12,7,2026-10-02
ATT03004,STU03004,77.82,14,5,2026-10-02
ATT03005,STU03005,69.4,20,4,2026-10-02
ATT03006,STU03006,81.49,12,3,2026-10-02
ATT03007,STU03007,86.67,9,0,2026-10-02
ATT03008,STU03008,71.7,17,6,2026-10-02
ATT03009,STU03009,73.04,18,9,2026-10-02
ATT03010,STU03010,100.0,1,0,2026-10-02
ATT03011,STU03011,76.85,15,3,2026-10-02
ATT03012,STU03012,77.55,17,2,2026-10-02
ATT03013,STU03013,69.07,22,7,2026-10-02
ATT03014,STU03014,76.26,16,8,2026-10-02
ATT03015,STU03015,96.96,4,0,2026-10-02
ATT03016,STU03016,68.56,22,4,2026-10-02
ATT03017,STU03017,89.09,5,0,2026-10-02
ATT03018,STU03018,92.27,2,0,2026-10-02
ATT03019,STU03019,73.92,18,6,2026-10-02
ATT03020,STU03020,89.91,6,3,2026-10-02
ATT03021,STU03021,75.95,14,5,2026-10-02
ATT03022,STU03022,70.69,20,6,2026-10-02
ATT03023,STU03023,82.64,10,3,2026-10-02
ATT03024,STU03024,86.34,8,4,2026-10-02
ATT03025,STU03025,70.43,20,6,2026-10-02
ATT03026,STU03026,81.63,9,4,2026-10-02
ATT03027,STU03027,72.2,17,6,2026-10-02
ATT03028,STU03028,84.21,8,1,2026-10-02
ATT03029,STU03029,76.6,15,4,2026-10-02
ATT03030,STU03030,66.34,21,8,2026-10-02
ATT03031,STU03031,80.24,12,2,2026-10-02
ATT03032,STU03032,93.04,5,2,2026-10-02
ATT03033,STU03033,84.01,8,2,2026-10-02
ATT03034,STU03034,59.68,28,7,2026-10-02
ATT03035,STU03035,67.92,20,4,2026-10-02
ATT03036,STU03036,70.0,19,6,2026-10-02
ATT03037,STU03037,75.3,17,4,2026-10-02
ATT03038,STU03038,76.53,16,4,2026-10-02
ATT03039,STU03039,85.72,9,1,2026-10-02
ATT03040,STU03040,75.01,17,6,2026-10-02
ATT03041,STU03041,80.52,13,3,2026-10-02
ATT03042,STU03042,100.0,0,0,2026-10-02
ATT03043,STU03043,90.66,7,0,2026-10-02
ATT03044,STU03044,75.27,18,6,2026-10-02
ATT03045,STU03045,71.49,20,9,2026-10-02
ATT03046,STU03046,82.7,12,3,2026-10-02
ATT03047,STU03047,84.44,10,1,2026-10-02
ATT03048,STU03048,87.5,6,2,2026-10-02
ATT03049,STU03049,70.23,19,7,2026-10-02
ATT03050,STU03050,81.48,12,1,2026-10-02
ATT03051,STU03051,71.09,18,3,2026-10-02
ATT03052,STU03052,75.28,17,6,2026-10-02
ATT03053,STU03053,75.77,16,4,2026-10-02
ATT03054,STU03054,88.71,7,1,2026-10-02
ATT03055,STU03055,91.52,4,0,2026-10-02
ATT03056,STU03056,72.88,17,5,2026-10-02
ATT03057,STU03057,72.32,17,7,2026-10-02
ATT03058,STU03058,81.96,11,2,2026-10-02
ATT03059,STU03059,81.05,11,2,2026-10-02
ATT03060,STU03060,82.03,12,2,2026-10-02
ATT03061,STU03061,67.59,20,5,2026-10-02
ATT03062,STU03062,80.87,14,5,2026-10-02
ATT03063,STU03063,91.52,5,1,2026-10-02
ATT03064,STU03064,74.81,13,0,2026-10-02
ATT03065,STU03065,84.26,11,5,2026-10-02
ATT03066,STU03066,88.11,7,0,2026-10-02
ATT03067,STU03067,66.23,21,6,2026-10-02
ATT03068,STU03068,62.21,24,9,2026-10-02
ATT03069,STU03069,88.55,6,0,2026-10-02
ATT03070,STU03070,94.13,4,3,2026-10-02
ATT03071,STU03071,77.94,15,3,2026-10-02
ATT03072,STU03072,85.72,11,3,2026-10-02
ATT03073,STU03073,85.69,12,0,2026-10-02
ATT03074,STU03074,81.86,12,1,2026-10-02
ATT03075,STU03075,83.39,9,3,2026-10-02
ATT03076,STU03076,75.56,18,1,2026-10-02
ATT03077,STU03077,70.44,19,7,2026-10-02
ATT03078,STU03078,75.5,17,3,2026-10-02
ATT03079,STU03079,78.11,15,4,2026-10-02
ATT03080,STU03080,85.13,9,3,2026-10-02
ATT03081,STU03081,90.22,5,0,2026-10-02
ATT03082,STU03082,64.22,21,5,2026-10-02
ATT03083,STU03083,91.09,7,4,2026-10-02
ATT03084,STU03084,77.68,15,3,2026-10-02
ATT03085,STU03085,65.83,22,5,2026-10-02
ATT03086,STU03086,79.62,12,2,2026-10-02
ATT03087,STU03087,75.61,17,4,2026-10-02
ATT03088,STU03088,84.94,10,2,2026-10-02
ATT03089,STU03089,81.95,10,4,2026-10-02
ATT03090,STU03090,98.51,0,0,2026-10-02
ATT03091,STU03091,79.3,11,4,2026-10-02
ATT03092,STU03092,63.85,22,6,2026-10-02
ATT03093,STU03093,67.61,21,6,2026-10-02
ATT03094,STU03094,62.44,26,4,2026-10-02
ATT03095,STU03095,90.06,5,0,2026-10-02
ATT03096,STU03096,68.29,19,7,2026-10-02
ATT03097,STU03097,77.27,14,0,2026-10-02
ATT03098,STU03098,81.68,9,3,2026-10-02
ATT03099,STU03099,88.23,9,5,2026-10-02
ATT03100,STU03100,60.14,25,9,2026-10-02
ATT03101,STU03101,62.76,26,7,2026-10-02
ATT03102,STU03102,78.87,14,3,2026-10-02
ATT03103,STU03103,61.89,24,10,2026-10-02
ATT03104,STU03104,83.44,9,1,2026-10-02
ATT03105,STU03105,75.89,17,5,2026-10-02
ATT03106,STU03106,81.14,13,4,2026-10-02
ATT03107,STU03107,92.83,3,0,2026-10-02
ATT03108,STU03108,78.81,15,4,2026-10-02
ATT03109,STU03109,100.0,0,0,2026-10-02
ATT03110,STU03110,98.96,1,0,2026-10-02
ATT03111,STU03111,63.65,24,8,2026-10-02
ATT03112,STU03112,91.8,4,4,2026-10-02
ATT03113,STU03113,63.93,22,9,2026-10-02
ATT03114,STU03114,100.0,0,0,2026-10-02
ATT03115,STU03115,89.59,6,2,2026-10-02
ATT03116,STU03116,100.0,2,0,2026-10-02
ATT03117,STU03117,92.06,8,3,2026-10-02
ATT03118,STU03118,66.25,22,5,2026-10-02
ATT03119,STU03119,88.63,7,3,2026-10-02
ATT03120,STU03120,93.19,5,0,2026-10-02
ATT03121,STU03121,92.62,7,1,2026-10-02
ATT03122,STU03122,87.58,7,2,2026-10-02
ATT03123,STU03123,91.41,6,0,2026-10-02
ATT03124,STU03124,77.5,15,3,2026-10-02
ATT03125,STU03125,90.84,8,4,2026-10-02
ATT03126,STU03126,77.85,14,2,2026-10-02
ATT03127,STU03127,83.86,10,2,2026-10-02
ATT03128,STU03128,94.07,5,0,2026-10-02
ATT03129,STU03129,73.48,17,6,2026-10-02
ATT03130,STU03130,83.68,12,5,2026-10-02
ATT03131,STU03131,83.1,11,3,2026-10-02
ATT03132,STU03132,84.32,10,3,2026-10-02
ATT03133,STU03133,67.54,23,8,2026-10-02
ATT03134,STU03134,100.0,1,0,2026-10-02
ATT03135,STU03135,60.94,24,8,2026-10-02
ATT03136,STU03136,89.25,6,0,2026-10-02
ATT03137,STU03137,83.54,11,2,2026-10-02
ATT03138,STU03138,83.85,11,3,2026-10-02
ATT03139,STU03139,100.0,0,0,2026-10-02
ATT03140,STU03140,71.9,20,4,2026-10-02
ATT03141,STU03141,75.84,18,5,2026-10-02
ATT03142,STU03142,78.31,15,3,2026-10-02
ATT03143,STU03143,76.84,15,3,2026-10-02
ATT03144,STU03144,74.44,15,5,2026-10-02
ATT03145,STU03145,70.65,23,5,2026-10-02
ATT03146,STU03146,94.23,2,0,2026-10-02
ATT03147,STU03147,77.82,15,5,2026-10-02
ATT03148,STU03148,86.23,8,2,2026-10-02
ATT03149,STU03149,72.59,19,6,2026-10-02
ATT03150,STU03150,79.62,14,4,2026-10-02
ATT03151,STU03151,72.42,19,4,2026-10-02
ATT03152,STU03152,89.88,4,1,2026-10-02
ATT03153,STU03153,93.49,4,0,2026-10-02
ATT03154,STU03154,69.92,21,6,2026-10-02
ATT03155,STU03155,70.28,22,9,2026-10-02
ATT03156,STU03156,82.68,13,5,2026-10-02
ATT03157,STU03157,80.85,12,3,2026-10-02
ATT03158,STU03158,78.07,14,5,2026-10-02
ATT03159,STU03159,72.08,18,7,2026-10-02
ATT03160,STU03160,72.59,17,6,2026-10-02
ATT03161,STU03161,77.92,13,4,2026-10-02
ATT03162,STU03162,86.49,10,0,2026-10-02
ATT03163,STU03163,93.23,3,0,2026-10-02
ATT03164,STU03164,83.13,13,0,2026-10-02
ATT03165,STU03165,76.23,18,7,2026-10-02
ATT03166,STU03166,81.61,11,4,2026-10-02
ATT03167,STU03167,87.83,8,0,2026-10-02
ATT03168,STU03168,88.2,6,2,2026-10-02
ATT03169,STU03169,76.89,15,6,2026-10-02
ATT03170,STU03170,70.92,21,8,2026-10-02
ATT03171,STU03171,90.99,4,1,2026-10-02
ATT03172,STU03172,56.3,28,7,2026-10-02
ATT03173,STU03173,82.66,11,1,2026-10-02
ATT03174,STU03174,72.32,18,5,2026-10-02
ATT03175,STU03175,77.96,14,6,2026-10-02
ATT03176,STU03176,73.6,20,5,2026-10-02
ATT03177,STU03177,86.3,8,1,2026-10-02
ATT03178,STU03178,94.99,3,2,2026-10-02
ATT03179,STU03179,85.82,7,4,2026-10-02
ATT03180,STU03180,66.09,22,7,2026-10-02
ATT03181,STU03181,67.04,20,8,2026-10-02
ATT03182,STU03182,71.01,20,3,2026-10-02
ATT03183,STU03183,79.82,13,2,2026-10-02
ATT03184,STU03184,88.25,6,1,2026-10-02
ATT03185,STU03185,90.65,8,0,2026-10-02
ATT03186,STU03186,73.85,17,5,2026-10-02
ATT03187,STU03187,83.78,13,4,2026-10-02
ATT03188,STU03188,99.93,0,0,2026-10-02
ATT03189,STU03189,82.61,9,1,2026-10-02
ATT03190,STU03190,92.05,6,0,2026-10-02
ATT03191,STU03191,95.94,2,1,2026-10-02
ATT03192,STU03192,66.86,22,5,2026-10-02
ATT03193,STU03193,88.31,7,2,2026-10-02
ATT03194,STU03194,99.7,0,0,2026-10-02
ATT03195,STU03195,72.32,18,6,2026-10-02
ATT03196,STU03196,89.28,5,3,2026-10-02
ATT03197,STU03197,91.33,6,0,2026-10-02
ATT03198,STU03198,74.78,16,4,2026-10-02
ATT03199,STU03199,82.57,12,3,2026-10-02
ATT03200,STU03200,60.89,24,6,2026-10-02
ATT03201,STU03201,79.56,13,6,2026-10-02
ATT03202,STU03202,76.3,14,6,2026-10-02
ATT03203,STU03203,83.63,10,4,2026-10-02
ATT03204,STU03204,72.78,20,5,2026-10-02
ATT03205,STU03205,98.52,2,0,2026-10-02
ATT03206,STU03206,84.26,7,4,2026-10-02
ATT03207,STU03207,70.85,17,4,2026-10-02
ATT03208,STU03208,99.81,0,0,2026-10-02
ATT03209,STU03209,94.44,0,0,2026-10-02
ATT03210,STU03210,97.24,2,1,2026-10-02
ATT03211,STU03211,75.43,16,1,2026-10-02
ATT03212,STU03212,90.37,7,1,2026-10-02
ATT03213,STU03213,91.32,7,0,2026-10-02
ATT03214,STU03214,100.0,0,0,2026-10-02
ATT03215,STU03215,69.45,19,7,2026-10-02
ATT03216,STU03216,71.6,19,5,2026-10-02
ATT03217,STU03217,85.43,9,2,2026-10-02
ATT03218,STU03218,87.71,8,3,2026-10-02
ATT03219,STU03219,88.39,4,0,2026-10-02
ATT03220,STU03220,90.47,8,3,2026-10-02
ATT03221,STU03221,89.41,6,1,2026-10-02
ATT03222,STU03222,67.83,21,6,2026-10-02
ATT03223,STU03223,68.9,20,6,2026-10-02
ATT03224,STU03224,81.65,10,0,2026-10-02
ATT03225,STU03225,92.07,6,0,2026-10-02
ATT03226,STU03226,76.21,18,5,2026-10-02
ATT03227,STU03227,88.74,7,1,2026-10-02
ATT03228,STU03228,88.91,6,0,2026-10-02
ATT03229,STU03229,99.19,1,0,2026-10-02
ATT03230,STU03230,80.38,13,5,2026-10-02
ATT03231,STU03231,90.15,7,0,2026-10-02
ATT03232,STU03232,82.81,13,1,2026-10-02
ATT03233,STU03233,88.61,6,0,2026-10-02
ATT03234,STU03234,87.51,11,2,2026-10-02
ATT03235,STU03235,72.64,17,7,2026-10-02
ATT03236,STU03236,72.94,20,4,2026-10-02
ATT03237,STU03237,64.96,24,7,2026-10-02
ATT03238,STU03238,81.74,11,2,2026-10-02
ATT03239,STU03239,62.14,27,7,2026-10-02
ATT03240,STU03240,79.04,13,4,2026-10-02
ATT03241,STU03241,77.16,15,6,2026-10-02
ATT03242,STU03242,72.88,18,3,2026-10-02
ATT03243,STU03243,96.49,6,0,2026-10-02
ATT03244,STU03244,72.78,14,4,2026-10-02
ATT03245,STU03245,100.0,0,0,2026-10-02
ATT03246,STU03246,100.0,1,0,2026-10-02
ATT03247,STU03247,71.83,17,8,2026-10-02
ATT03248,STU03248,92.7,7,0,2026-10-02
ATT03249,STU03249,78.83,12,6,2026-10-02
ATT03250,STU03250,80.51,11,1,2026-10-02
ATT03251,STU03251,72.15,21,5,2026-10-02
ATT03252,STU03252,84.49,10,3,2026-10-02
ATT03253,STU03253,69.99,22,7,2026-10-02
ATT03254,STU03254,49.38,33,11,2026-10-02
ATT03255,STU03255,81.19,12,4,2026-10-02
ATT03256,STU03256,71.15,19,5,2026-10-02
ATT03257,STU03257,80.1,10,2,2026-10-02
ATT03258,STU03258,81.23,11,3,2026-10-02
ATT03259,STU03259,78.62,12,5,2026-10-02
ATT03260,STU03260,91.62,4,0,2026-10-02
ATT03261,STU03261,79.67,12,3,2026-10-02
ATT03262,STU03262,72.86,18,5,2026-10-02
ATT03263,STU03263,86.2,12,6,2026-10-02
ATT03264,STU03264,94.54,3,0,2026-10-02
ATT03265,STU03265,83.12,9,3,2026-10-02
ATT03266,STU03266,69.09,18,6,2026-10-02
ATT03267,STU03267,87.75,7,0,2026-10-02
ATT03268,STU03268,92.85,5,0,2026-10-02
ATT03269,STU03269,78.31,13,5,2026-10-02
ATT03270,STU03270,65.46,24,12,2026-10-02
ATT03271,STU03271,91.56,4,2,2026-10-02
ATT03272,STU03272,99.43,4,0,2026-10-02
ATT03273,STU03273,64.88,21,6,2026-10-02
ATT03274,STU03274,86.77,6,0,2026-10-02
ATT03275,STU03275,76.64,17,6,2026-10-02
ATT03276,STU03276,100.0,1,1,2026-10-02
ATT03277,STU03277,88.64,9,0,2026-10-02
ATT03278,STU03278,78.0,14,1,2026-10-02
ATT03279,STU03279,90.97,6,1,2026-10-02
ATT03280,STU03280,73.1,17,5,2026-10-02
ATT03281,STU03281,73.92,20,6,2026-10-02
ATT03282,STU03282,87.08,8,3,2026-10-02
ATT03283,STU03283,62.21,23,7,2026-10-02
ATT03284,STU03284,86.35,7,0,2026-10-02
ATT03285,STU03285,86.43,9,5,2026-10-02
ATT03286,STU03286,86.25,10,2,2026-10-02
ATT03287,STU03287,78.4,17,7,2026-10-02
ATT03288,STU03288,81.97,12,4,2026-10-02
ATT03289,STU03289,91.8,4,0,2026-10-02
ATT03290,STU03290,80.9,10,0,2026-10-02
ATT03291,STU03291,62.55,26,6,2026-10-02
ATT03292,STU03292,73.83,18,5,2026-10-02
ATT03293,STU03293,78.52,15,3,2026-10-02
ATT03294,STU03294,100.0,1,0,2026-10-02
ATT03295,STU03295,92.94,5,0,2026-10-02
ATT03296,STU03296,88.28,7,2,2026-10-02
ATT03297,STU03297,73.16,18,5,2026-10-02
ATT03298,STU03298,73.02,17,4,2026-10-02
ATT03299,STU03299,88.98,7,2,2026-10-02
ATT03300,STU03300,74.55,18,5,2026-10-02
ATT03301,STU03301,85.66,9,1,2026-10-02
ATT03302,STU03302,86.96,8,1,2026-10-02
ATT03303,STU03303,70.57,19,3,2026-10-02
ATT03304,STU03304,75.62,16,6,2026-10-02
ATT03305,STU03305,92.49,5,0,2026-10-02
ATT03306,STU03306,60.31,26,6,2026-10-02
ATT03307,STU03307,100.0,0,0,2026-10-02
ATT03308,STU03308,89.65,5,2,2026-10-02
ATT03309,STU03309,89.25,6,0,2026-10-02
ATT03310,STU03310,100.0,0,0,2026-10-02
ATT03311,STU03311,89.99,6,2,2026-10-02
ATT03312,STU03312,79.58,15,5,2026-10-02
ATT03313,STU03313,98.89,1,0,2026-10-02
ATT03314,STU03314,71.18,19,5,2026-10-02
ATT03315,STU03315,62.33,24,9,2026-10-02
ATT03316,STU03316,91.81,7,0,2026-10-02
ATT03317,STU03317,78.12,14,3,2026-10-02
ATT03318,STU03318,76.22,14,5,2026-10-02
ATT03319,STU03319,100.0,0,0,2026-10-02
ATT03320,STU03320,61.87,24,7,2026-10-02
ATT03321,STU03321,100.0,0,0,2026-10-02
ATT03322,STU03322,62.18,28,12,2026-10-02
ATT03323,STU03323,94.05,4,0,2026-10-02
ATT03324,STU03324,80.97,12,2,2026-10-02
ATT03325,STU03325,75.96,15,1,2026-10-02
ATT03326,STU03326,93.87,6,2,2026-10-02
ATT03327,STU03327,97.95,0,0,2026-10-02
ATT03328,STU03328,98.16,2,0,2026-10-02
ATT03329,STU03329,74.79,15,2,2026-10-02
ATT03330,STU03330,72.33,19,6,2026-10-02
ATT03331,STU03331,94.99,4,3,2026-10-02
ATT03332,STU03332,64.18,24,7,2026-10-02
ATT03333,STU03333,71.64,20,7,2026-10-02
ATT03334,STU03334,96.3,5,2,2026-10-02
ATT03335,STU03335,81.7,11,3,2026-10-02
ATT03336,STU03336,91.01,5,0,2026-10-02
ATT03337,STU03337,75.99,17,6,2026-10-02
ATT03338,STU03338,67.28,21,6,2026-10-02
ATT03339,STU03339,80.55,11,0,2026-10-02
ATT03340,STU03340,86.75,12,3,2026-10-02
ATT03341,STU03341,91.76,7,1,2026-10-02
ATT03342,STU03342,85.82,10,2,2026-10-02
ATT03343,STU03343,54.88,33,10,2026-10-02
ATT03344,STU03344,66.68,22,6,2026-10-02
ATT03345,STU03345,69.1,21,5,2026-10-02
ATT03346,STU03346,81.99,13,2,2026-10-02
ATT03347,STU03347,73.23,18,6,2026-10-02
ATT03348,STU03348,80.65,14,3,2026-10-02
ATT03349,STU03349,73.96,17,4,2026-10-02
ATT03350,STU03350,86.47,8,1,2026-10-02
ATT03351,STU03351,99.31,2,2,2026-10-02
ATT03352,STU03352,78.11,13,2,2026-10-02
ATT03353,STU03353,73.74,16,4,2026-10-02
ATT03354,STU03354,71.17,19,3,2026-10-02
ATT03355,STU03355,93.51,7,0,2026-10-02
ATT03356,STU03356,99.07,4,0,2026-10-02
ATT03357,STU03357,75.17,17,7,2026-10-02
ATT03358,STU03358,75.66,16,5,2026-10-02
ATT03359,STU03359,75.52,15,6,2026-10-02
ATT03360,STU03360,82.04,14,0,2026-10-02
ATT03361,STU03361,95.26,4,2,2026-10-02
ATT03362,STU03362,91.82,5,2,2026-10-02
ATT03363,STU03363,64.55,23,8,2026-10-02
ATT03364,STU03364,91.59,6,1,2026-10-02
ATT03365,STU03365,86.78,10,0,2026-10-02
ATT03366,STU03366,71.38,20,5,2026-10-02
ATT03367,STU03367,66.83,23,9,2026-10-02
ATT03368,STU03368,97.22,5,2,2026-10-02
ATT03369,STU03369,84.02,10,2,2026-10-02
ATT03370,STU03370,88.92,6,2,2026-10-02
ATT03371,STU03371,83.6,12,0,2026-10-02
ATT03372,STU03372,97.7,2,0,2026-10-02
ATT03373,STU03373,78.94,14,2,2026-10-02
ATT03374,STU03374,100.0,1,1,2026-10-02
ATT03375,STU03375,100.0,2,0,2026-10-02
ATT03376,STU03376,81.6,11,3,2026-10-02
ATT03377,STU03377,71.62,17,8,2026-10-02
ATT03378,STU03378,90.26,9,0,2026-10-02
ATT03379,STU03379,88.55,7,0,2026-10-02
ATT03380,STU03380,88.94,8,2,2026-10-02
ATT03381,STU03381,91.25,7,3,2026-10-02
ATT03382,STU03382,64.01,24,7,2026-10-02
ATT03383,STU03383,100.0,2,0,2026-10-02
ATT03384,STU03384,87.45,9,1,2026-10-02
ATT03385,STU03385,93.96,3,0,2026-10-02
ATT03386,STU03386,80.87,11,2,2026-10-02
ATT03387,STU03387,84.65,9,4,2026-10-02
ATT03388,STU03388,74.27,18,7,2026-10-02
ATT03389,STU03389,80.57,12,6,2026-10-02
ATT03390,STU03390,75.91,19,7,2026-10-02
ATT03391,STU03391,72.2,16,2,2026-10-02
ATT03392,STU03392,76.95,11,3,2026-10-02
ATT03393,STU03393,82.55,13,2,2026-10-02
ATT03394,STU03394,83.05,9,0,2026-10-02
ATT03395,STU03395,88.22,6,2,2026-10-02
ATT03396,STU03396,88.77,7,3,2026-10-02
ATT03397,STU03397,69.05,19,5,2026-10-02
ATT03398,STU03398,82.05,11,4,2026-10-02
ATT03399,STU03399,60.47,27,11,2026-10-02
ATT03400,STU03400,72.62,17,6,2026-10-02
ATT03401,STU03401,96.31,3,0,2026-10-02
ATT03402,STU03402,98.1,2,0,2026-10-02
ATT03403,STU03403,79.21,14,3,2026-10-02
ATT03404,STU03404,85.39,8,2,2026-10-02
ATT03405,STU03405,82.62,12,5,2026-10-02
ATT03406,STU03406,81.17,13,5,2026-10-02
ATT03407,STU03407,83.2,10,1,2026-10-02
ATT03408,STU03408,100.0,0,0,2026-10-02
ATT03409,STU03409,81.96,11,2,2026-10-02
ATT03410,STU03410,86.68,8,0,2026-10-02
ATT03411,STU03411,84.52,10,0,2026-10-02
ATT03412,STU03412,74.66,20,4,2026-10-02
ATT03413,STU03413,78.56,13,2,2026-10-02
ATT03414,STU03414,74.05,17,2,2026-10-02
ATT03415,STU03415,80.63,12,0,2026-10-02
ATT03416,STU03416,92.55,4,3,2026-10-02
ATT03417,STU03417,87.89,9,2,2026-10-02
ATT03418,STU03418,81.82,11,2,2026-10-02
ATT03419,STU03419,78.88,12,2,2026-10-02
ATT03420,STU03420,100.0,0,0,2026-10-02
ATT03421,STU03421,84.3,10,4,2026-10-02
ATT03422,STU03422,83.65,10,3,2026-10-02
ATT03423,STU03423,99.97,0,0,2026-10-02
ATT03424,STU03424,85.37,10,5,2026-10-02
ATT03425,STU03425,79.15,14,9,2026-10-02
ATT03426,STU03426,82.24,12,4,2026-10-02
ATT03427,STU03427,86.8,9,3,2026-10-02
ATT03428,STU03428,92.8,3,0,2026-10-02
ATT03429,STU03429,66.85,22,8,2026-10-02
ATT03430,STU03430,73.95,16,7,2026-10-02
ATT03431,STU03431,83.5,10,1,2026-10-02
ATT03432,STU03432,72.28,20,5,2026-10-02
ATT03433,STU03433,76.62,15,4,2026-10-02
ATT03434,STU03434,96.93,4,2,2026-10-02
ATT03435,STU03435,85.97,9,2,2026-10-02
ATT03436,STU03436,92.62,4,0,2026-10-02
ATT03437,STU03437,86.18,10,1,2026-10-02
ATT03438,STU03438,74.09,17,1,2026-10-02
ATT03439,STU03439,100.0,0,0,2026-10-02
ATT03440,STU03440,82.44,14,3,2026-10-02
ATT03441,STU03441,76.6,14,5,2026-10-02
ATT03442,STU03442,78.17,14,6,2026-10-02
ATT03443,STU03443,81.9,13,2,2026-10-02
ATT03444,STU03444,74.07,18,2,2026-10-02
ATT03445,STU03445,54.17,30,11,2026-10-02
ATT03446,STU03446,84.47,13,3,2026-10-02
ATT03447,STU03447,75.87,16,7,2026-10-02
ATT03448,STU03448,83.39,12,4,2026-10-02
ATT03449,STU03449,79.83,13,1,2026-10-02
ATT03450,STU03450,75.17,16,5,2026-10-02
ATT03451,STU03451,84.69,8,1,2026-10-02
ATT03452,STU03452,86.26,8,1,2026-10-02
ATT03453,STU03453,77.87,15,6,2026-10-02
ATT03454,STU03454,68.91,21,5,2026-10-02
ATT03455,STU03455,77.99,11,4,2026-10-02
ATT03456,STU03456,92.26,2,0,2026-10-02
ATT03457,STU03457,97.73,2,1,2026-10-02
ATT03458,STU03458,79.27,13,3,2026-10-02
ATT03459,STU03459,74.59,20,5,2026-10-02
ATT03460,STU03460,74.16,19,3,2026-10-02
ATT03461,STU03461,96.46,4,0,2026-10-02
ATT03462,STU03462,77.87,13,3,2026-10-02
ATT03463,STU03463,74.93,16,9,2026-10-02
ATT03464,STU03464,81.21,14,3,2026-10-02
ATT03465,STU03465,80.23,15,1,2026-10-02
ATT03466,STU03466,65.05,23,5,2026-10-02
ATT03467,STU03467,78.32,13,3,2026-10-02
ATT03468,STU03468,87.54,8,2,2026-10-02
ATT03469,STU03469,71.77,18,4,2026-10-02
ATT03470,STU03470,88.51,5,2,2026-10-02
ATT03471,STU03471,82.91,10,2,2026-10-02
ATT03472,STU03472,69.76,18,5,2026-10-02
ATT03473,STU03473,81.89,11,3,2026-10-02
ATT03474,STU03474,74.26,18,6,2026-10-02
ATT03475,STU03475,82.76,12,3,2026-10-02
ATT03476,STU03476,92.43,4,1,2026-10-02
ATT03477,STU03477,77.33,14,4,2026-10-02
ATT03478,STU03478,71.6,18,8,2026-10-02
ATT03479,STU03479,77.45,15,6,2026-10-02
ATT03480,STU03480,70.53,19,3,2026-10-02
ATT03481,STU03481,70.9,17,5,2026-10-02
ATT03482,STU03482,95.38,2,0,2026-10-02
ATT03483,STU03483,92.59,3,0,2026-10-02
ATT03484,STU03484,76.6,18,1,2026-10-02
ATT03485,STU03485,75.92,15,4,2026-10-02
ATT03486,STU03486,82.65,10,2,2026-10-02
ATT03487,STU03487,89.26,6,1,2026-10-02
ATT03488,STU03488,88.11,8,2,2026-10-02
ATT03489,STU03489,77.72,15,5,2026-10-02
ATT03490,STU03490,78.02,15,6,2026-10-02
ATT03491,STU03491,87.4,9,4,2026-10-02
ATT03492,STU03492,83.08,10,3,2026-10-02
ATT03493,STU03493,73.46,18,7,2026-10-02
ATT03494,STU03494,71.57,16,8,2026-10-02
ATT03495,STU03495,77.99,16,3,2026-10-02
ATT03496,STU03496,78.24,14,7,2026-10-02
ATT03497,STU03497,95.75,5,1,2026-10-02
ATT03498,STU03498,93.32,3,0,2026-10-02
ATT03499,STU03499,85.84,10,1,2026-10-02
ATT03500,STU03500,71.22,15,3,2026-10-02
ATT03501,STU03501,70.05,18,8,2026-10-02
ATT03502,STU03502,96.44,3,0,2026-10-02
ATT03503,STU03503,88.49,7,1,2026-10-02
ATT03504,STU03504,100.0,0,0,2026-10-02
ATT03505,STU03505,80.19,13,1,2026-10-02
ATT03506,STU03506,77.21,15,7,2026-10-02
ATT03507,STU03507,86.22,11,1,2026-10-02
ATT03508,STU03508,88.94,7,2,2026-10-02
ATT03509,STU03509,76.14,13,2,2026-10-02
ATT03510,STU03510,80.28,12,3,2026-10-02
ATT03511,STU03511,73.65,17,1,2026-10-02
ATT03512,STU03512,100.0,2,0,2026-10-02
ATT03513,STU03513,92.41,6,0,2026-10-02
ATT03514,STU03514,85.16,9,3,2026-10-02
ATT03515,STU03515,100.0,1,1,2026-10-02
ATT03516,STU03516,84.98,8,2,2026-10-02
ATT03517,STU03517,83.39,10,5,2026-10-02
ATT03518,STU03518,91.11,5,0,2026-10-02
ATT03519,STU03519,70.7,19,6,2026-10-02
ATT03520,STU03520,72.68,17,6,2026-10-02
ATT03521,STU03521,73.59,16,6,2026-10-02
ATT03522,STU03522,79.53,12,2,2026-10-02
ATT03523,STU03523,90.25,7,1,2026-10-02
ATT03524,STU03524,80.67,11,1,2026-10-02
ATT03525,STU03525,100.0,1,0,2026-10-02
ATT03526,STU03526,58.61,26,7,2026-10-02
ATT03527,STU03527,82.28,12,2,2026-10-02
ATT03528,STU03528,81.15,9,5,2026-10-02
ATT03529,STU03529,95.34,2,2,2026-10-02
ATT03530,STU03530,63.5,23,7,2026-10-02
ATT03531,STU03531,80.4,11,5,2026-10-02
ATT03532,STU03532,94.57,4,1,2026-10-02
ATT03533,STU03533,60.09,29,7,2026-10-02
ATT03534,STU03534,86.18,8,0,2026-10-02
ATT03535,STU03535,89.76,7,2,2026-10-02
ATT03536,STU03536,79.18,12,1,2026-10-02
ATT03537,STU03537,85.6,8,3,2026-10-02
ATT03538,STU03538,99.79,3,2,2026-10-02
ATT03539,STU03539,85.58,8,2,2026-10-02
ATT03540,STU03540,89.12,10,5,2026-10-02
ATT03541,STU03541,87.13,11,3,2026-10-02
ATT03542,STU03542,88.84,8,1,2026-10-02
ATT03543,STU03543,94.77,0,0,2026-10-02
ATT03544,STU03544,98.5,2,2,2026-10-02
ATT03545,STU03545,78.54,14,3,2026-10-02
ATT03546,STU03546,77.36,15,5,2026-10-02
ATT03547,STU03547,83.1,9,3,2026-10-02
ATT03548,STU03548,70.81,19,4,2026-10-02
ATT03549,STU03549,87.1,7,4,2026-10-02
ATT03550,STU03550,81.68,13,1,2026-10-02
ATT03551,STU03551,77.2,16,5,2026-10-02
ATT03552,STU03552,82.66,8,1,2026-10-02
ATT03553,STU03553,80.5,12,4,2026-10-02
ATT03554,STU03554,80.59,13,0,2026-10-02
ATT03555,STU03555,83.27,12,3,2026-10-02
ATT03556,STU03556,58.72,24,8,2026-10-02
ATT03557,STU03557,89.99,8,2,2026-10-02
ATT03558,STU03558,84.84,10,2,2026-10-02
ATT03559,STU03559,84.46,10,2,2026-10-02
ATT03560,STU03560,78.55,14,3,2026-10-02
ATT03561,STU03561,86.24,12,2,2026-10-02
ATT03562,STU03562,61.52,25,10,2026-10-02
ATT03563,STU03563,92.74,5,1,2026-10-02
ATT03564,STU03564,77.58,14,10,2026-10-02
ATT03565,STU03565,80.51,13,6,2026-10-02
ATT03566,STU03566,84.75,14,2,2026-10-02
ATT03567,STU03567,77.9,12,7,2026-10-02
ATT03568,STU03568,87.14,10,3,2026-10-02
ATT03569,STU03569,80.71,13,5,2026-10-02
ATT03570,STU03570,81.37,12,3,2026-10-02
ATT03571,STU03571,75.06,17,6,2026-10-02
ATT03572,STU03572,58.32,29,11,2026-10-02
ATT03573,STU03573,82.81,10,3,2026-10-02
ATT03574,STU03574,47.4,33,12,2026-10-02
ATT03575,STU03575,91.2,6,0,2026-10-02
ATT03576,STU03576,93.63,6,0,2026-10-02
ATT03577,STU03577,97.84,0,0,2026-10-02
ATT03578,STU03578,53.45,27,7,2026-10-02
ATT03579,STU03579,74.14,17,6,2026-10-02
ATT03580,STU03580,69.89,20,6,2026-10-02
ATT03581,STU03581,87.58,9,0,2026-10-02
ATT03582,STU03582,62.69,22,6,2026-10-02
ATT03583,STU03583,64.23,23,5,2026-10-02
ATT03584,STU03584,95.87,5,1,2026-10-02
ATT03585,STU03585,95.73,2,0,2026-10-02
ATT03586,STU03586,71.09,16,6,2026-10-02
ATT03587,STU03587,78.08,13,2,2026-10-02
ATT03588,STU03588,100.0,0,0,2026-10-02
ATT03589,STU03589,72.52,18,8,2026-10-02
ATT03590,STU03590,88.11,8,4,2026-10-02
ATT03591,STU03591,94.03,2,0,2026-10-02
ATT03592,STU03592,87.78,9,1,2026-10-02
ATT03593,STU03593,74.72,15,4,2026-10-02
ATT03594,STU03594,83.69,12,5,2026-10-02
ATT03595,STU03595,70.06,20,4,2026-10-02
ATT03596,STU03596,87.28,8,5,2026-10-02
ATT03597,STU03597,98.36,0,0,2026-10-02
ATT03598,STU03598,92.19,7,0,2026-10-02
ATT03599,STU03599,84.25,9,2,2026-10-02
ATT03600,STU03600,77.31,13,2,2026-10-02
ATT03601,STU03601,73.84,17,5,2026-10-02
ATT03602,STU03602,91.6,3,0,2026-10-02
ATT03603,STU03603,80.2,14,2,2026-10-02
ATT03604,STU03604,81.95,10,1,2026-10-02
ATT03605,STU03605,100.0,0,0,2026-10-02
ATT03606,STU03606,82.13,14,4,2026-10-02
ATT03607,STU03607,97.56,1,0,2026-10-02
ATT03608,STU03608,86.61,8,0,2026-10-02
ATT03609,STU03609,63.08,23,6,2026-10-02
ATT03610,STU03610,75.88,17,5,2026-10-02
ATT03611,STU03611,69.08,18,4,2026-10-02
ATT03612,STU03612,82.93,12,5,2026-10-02
ATT03613,STU03613,71.88,18,7,2026-10-02
ATT03614,STU03614,71.56,19,5,2026-10-02
ATT03615,STU03615,64.33,23,6,2026-10-02
ATT03616,STU03616,74.27,18,3,2026-10-02
ATT03617,STU03617,75.96,14,7,2026-10-02
ATT03618,STU03618,53.2,30,9,2026-10-02
ATT03619,STU03619,82.74,12,0,2026-10-02
ATT03620,STU03620,100.0,0,0,2026-10-02
ATT03621,STU03621,89.01,9,0,2026-10-02
ATT03622,STU03622,80.15,13,6,2026-10-02
ATT03623,STU03623,80.58,12,3,2026-10-02
ATT03624,STU03624,80.28,14,6,2026-10-02
ATT03625,STU03625,90.02,5,1,2026-10-02
ATT03626,STU03626,48.67,35,10,2026-10-02
ATT03627,STU03627,78.35,13,0,2026-10-02
ATT03628,STU03628,83.29,11,0,2026-10-02
ATT03629,STU03629,100.0,0,0,2026-10-02
ATT03630,STU03630,78.17,15,3,2026-10-02
ATT03631,STU03631,68.4,19,8,2026-10-02
ATT03632,STU03632,85.4,11,2,2026-10-02
ATT03633,STU03633,100.0,0,0,2026-10-02
ATT03634,STU03634,97.83,1,0,2026-10-02
ATT03635,STU03635,86.06,11,0,2026-10-02
ATT03636,STU03636,86.98,7,0,2026-10-02
ATT03637,STU03637,80.3,13,2,2026-10-02
ATT03638,STU03638,80.74,12,4,2026-10-02
ATT03639,STU03639,98.32,0,0,2026-10-02
ATT03640,STU03640,72.59,16,5,2026-10-02
ATT03641,STU03641,73.53,18,6,2026-10-02
ATT03642,STU03642,70.56,22,6,2026-10-02
ATT03643,STU03643,99.0,0,0,2026-10-02
ATT03644,STU03644,55.75,30,8,2026-10-02
ATT03645,STU03645,60.42,27,9,2026-10-02
ATT03646,STU03646,74.65,16,4,2026-10-02
ATT03647,STU03647,92.07,6,0,2026-10-02
ATT03648,STU03648,70.94,17,7,2026-10-02
ATT03649,STU03649,69.85,18,7,2026-10-02
ATT03650,STU03650,80.31,15,3,2026-10-02
ATT03651,STU03651,78.85,16,5,2026-10-02
ATT03652,STU03652,100.0,1,0,2026-10-02
ATT03653,STU03653,58.45,25,12,2026-10-02
ATT03654,STU03654,79.36,13,4,2026-10-02
ATT03655,STU03655,78.51,14,3,2026-10-02
ATT03656,STU03656,86.75,7,1,2026-10-02
ATT03657,STU03657,75.01,17,5,2026-10-02
ATT03658,STU03658,80.05,15,6,2026-10-02
ATT03659,STU03659,88.0,9,2,2026-10-02
ATT03660,STU03660,100.0,0,0,2026-10-02
ATT03661,STU03661,74.93,16,6,2026-10-02
ATT03662,STU03662,80.39,14,3,2026-10-02
ATT03663,STU03663,72.06,19,5,2026-10-02
ATT03664,STU03664,94.99,3,1,2026-10-02
ATT03665,STU03665,78.25,16,3,2026-10-02
ATT03666,STU03666,68.19,19,8,2026-10-02
ATT03667,STU03667,91.84,6,0,2026-10-02
ATT03668,STU03668,76.29,16,6,2026-10-02
ATT03669,STU03669,84.62,12,4,2026-10-02
ATT03670,STU03670,77.87,14,2,2026-10-02
ATT03671,STU03671,67.16,21,6,2026-10-02
ATT03672,STU03672,94.83,5,1,2026-10-02
ATT03673,STU03673,89.54,8,1,2026-10-02
ATT03674,STU03674,89.23,9,2,2026-10-02
ATT03675,STU03675,74.21,18,7,2026-10-02
ATT03676,STU03676,99.27,0,0,2026-10-02
ATT03677,STU03677,78.58,13,3,2026-10-02
ATT03678,STU03678,80.52,14,3,2026-10-02
ATT03679,STU03679,93.23,4,1,2026-10-02
ATT03680,STU03680,76.42,16,7,2026-10-02
ATT03681,STU03681,85.33,10,2,2026-10-02
ATT03682,STU03682,81.72,13,3,2026-10-02
ATT03683,STU03683,87.31,9,3,2026-10-02
ATT03684,STU03684,94.78,4,2,2026-10-02
ATT03685,STU03685,82.32,10,1,2026-10-02
ATT03686,STU03686,90.73,8,0,2026-10-02
ATT03687,STU03687,84.12,9,4,2026-10-02
ATT03688,STU03688,82.47,9,0,2026-10-02
ATT03689,STU03689,81.59,11,2,2026-10-02
ATT03690,STU03690,73.37,17,5,2026-10-02
ATT03691,STU03691,75.7,17,5,2026-10-02
ATT03692,STU03692,71.09,20,6,2026-10-02
ATT03693,STU03693,67.03,20,8,2026-10-02
ATT03694,STU03694,83.22,10,1,2026-10-02
ATT03695,STU03695,83.29,8,0,2026-10-02
ATT03696,STU03696,61.82,29,12,2026-10-02
ATT03697,STU03697,60.01,26,9,2026-10-02
ATT03698,STU03698,68.78,20,7,2026-10-02
ATT03699,STU03699,89.86,5,0,2026-10-02
ATT03700,STU03700,100.0,0,0,2026-10-02
ATT03701,STU03701,98.16,2,0,2026-10-02
ATT03702,STU03702,97.39,1,1,2026-10-02
ATT03703,STU03703,80.65,12,1,2026-10-02
ATT03704,STU03704,70.86,19,3,2026-10-02
ATT03705,STU03705,74.31,16,4,2026-10-02
ATT03706,STU03706,87.21,7,2,2026-10-02
ATT03707,STU03707,79.32,14,4,2026-10-02
ATT03708,STU03708,78.29,14,1,2026-10-02
ATT03709,STU03709,58.27,28,8,2026-10-02
ATT03710,STU03710,90.08,5,1,2026-10-02
ATT03711,STU03711,73.22,16,3,2026-10-02
ATT03712,STU03712,76.4,14,4,2026-10-02
ATT03713,STU03713,63.32,22,7,2026-10-02
ATT03714,STU03714,86.38,10,0,2026-10-02
ATT03715,STU03715,79.58,11,4,2026-10-02
ATT03716,STU03716,75.06,17,3,2026-10-02
ATT03717,STU03717,70.53,18,4,2026-10-02
ATT03718,STU03718,70.27,20,5,2026-10-02
ATT03719,STU03719,75.92,18,3,2026-10-02
ATT03720,STU03720,100.0,0,0,2026-10-02
ATT03721,STU03721,91.41,8,0,2026-10-02
ATT03722,STU03722,100.0,0,0,2026-10-02
ATT03723,STU03723,90.13,8,1,2026-10-02
ATT03724,STU03724,66.1,22,6,2026-10-02
ATT03725,STU03725,71.58,20,7,2026-10-02
ATT03726,STU03726,86.25,7,0,2026-10-02
ATT03727,STU03727,81.65,13,1,2026-10-02
ATT03728,STU03728,86.68,8,3,2026-10-02
ATT03729,STU03729,87.62,9,2,2026-10-02
ATT03730,STU03730,90.47,6,0,2026-10-02
ATT03731,STU03731,66.87,20,5,2026-10-02
ATT03732,STU03732,86.35,10,4,2026-10-02
ATT03733,STU03733,88.28,6,4,2026-10-02
ATT03734,STU03734,94.4,4,0,2026-10-02
ATT03735,STU03735,63.0,23,7,2026-10-02
ATT03736,STU03736,97.94,1,1,2026-10-02
ATT03737,STU03737,74.5,15,4,2026-10-02
ATT03738,STU03738,77.71,13,3,2026-10-02
ATT03739,STU03739,70.89,21,9,2026-10-02
ATT03740,STU03740,83.73,8,2,2026-10-02
ATT03741,STU03741,80.03,14,4,2026-10-02
ATT03742,STU03742,76.37,14,5,2026-10-02
ATT03743,STU03743,88.28,7,2,2026-10-02
ATT03744,STU03744,92.98,7,2,2026-10-02
ATT03745,STU03745,90.38,7,3,2026-10-02
ATT03746,STU03746,78.1,17,6,2026-10-02
ATT03747,STU03747,82.94,12,4,2026-10-02
ATT03748,STU03748,89.42,9,1,2026-10-02
ATT03749,STU03749,98.56,0,0,2026-10-02
ATT03750,STU03750,77.44,14,3,2026-10-02
ATT03751,STU03751,74.47,17,5,2026-10-02
ATT03752,STU03752,64.67,26,6,2026-10-02
ATT03753,STU03753,81.94,13,4,2026-10-02
ATT03754,STU03754,89.09,8,0,2026-10-02
ATT03755,STU03755,70.27,18,7,2026-10-02
ATT03756,STU03756,58.26,26,5,2026-10-02
ATT03757,STU03757,67.48,19,7,2026-10-02
ATT03758,STU03758,98.06,1,0,2026-10-02
ATT03759,STU03759,77.93,16,5,2026-10-02
ATT03760,STU03760,58.65,26,12,2026-10-02
ATT03761,STU03761,79.37,14,3,2026-10-02
ATT03762,STU03762,80.43,12,3,2026-10-02
ATT03763,STU03763,62.3,22,10,2026-10-02
ATT03764,STU03764,92.93,2,0,2026-10-02
ATT03765,STU03765,93.41,5,1,2026-10-02
ATT03766,STU03766,93.99,6,0,2026-10-02
ATT03767,STU03767,91.93,7,1,2026-10-02
ATT03768,STU03768,82.31,11,1,2026-10-02
ATT03769,STU03769,88.02,9,4,2026-10-02
ATT03770,STU03770,71.54,17,2,2026-10-02
ATT03771,STU03771,88.52,10,3,2026-10-02
ATT03772,STU03772,64.58,25,6,2026-10-02
ATT03773,STU03773,75.75,18,6,2026-10-02
ATT03774,STU03774,90.97,6,2,2026-10-02
ATT03775,STU03775,59.58,24,7,2026-10-02
ATT03776,STU03776,76.02,15,6,2026-10-02
ATT03777,STU03777,98.42,2,0,2026-10-02
ATT03778,STU03778,96.42,4,1,2026-10-02
ATT03779,STU03779,98.52,0,0,2026-10-02
ATT03780,STU03780,88.0,8,5,2026-10-02
ATT03781,STU03781,87.93,6,0,2026-10-02
ATT03782,STU03782,88.58,8,2,2026-10-02
ATT03783,STU03783,74.17,14,2,2026-10-02
ATT03784,STU03784,94.13,4,2,2026-10-02
ATT03785,STU03785,83.75,9,2,2026-10-02
ATT03786,STU03786,84.65,10,2,2026-10-02
ATT03787,STU03787,100.0,1,0,2026-10-02
ATT03788,STU03788,91.63,4,0,2026-10-02
ATT03789,STU03789,88.84,6,4,2026-10-02
ATT03790,STU03790,86.27,8,1,2026-10-02
ATT03791,STU03791,69.42,19,4,2026-10-02
ATT03792,STU03792,100.0,0,0,2026-10-02
ATT03793,STU03793,90.96,5,1,2026-10-02
ATT03794,STU03794,79.18,13,5,2026-10-02
ATT03795,STU03795,95.31,2,0,2026-10-02
ATT03796,STU03796,83.94,10,4,2026-10-02
ATT03797,STU03797,67.72,22,4,2026-10-02
ATT03798,STU03798,88.12,7,2,2026-10-02
ATT03799,STU03799,59.25,29,12,2026-10-02
ATT03800,STU03800,96.36,4,0,2026-10-02
ATT03801,STU03801,85.58,7,1,2026-10-02
ATT03802,STU03802,83.43,9,2,2026-10-02
ATT03803,STU03803,73.54,17,5,2026-10-02
ATT03804,STU03804,69.33,21,5,2026-10-02
ATT03805,STU03805,87.59,9,0,2026-10-02
ATT03806,STU03806,73.15,18,4,2026-10-02
ATT03807,STU03807,93.3,8,2,2026-10-02
ATT03808,STU03808,77.42,13,5,2026-10-02
ATT03809,STU03809,92.39,4,2,2026-10-02
ATT03810,STU03810,89.86,6,0,2026-10-02
ATT03811,STU03811,74.61,19,4,2026-10-02
ATT03812,STU03812,78.93,12,2,2026-10-02
ATT03813,STU03813,70.86,16,3,2026-10-02
ATT03814,STU03814,86.23,8,1,2026-10-02
ATT03815,STU03815,80.26,12,4,2026-10-02
ATT03816,STU03816,91.45,6,0,2026-10-02
ATT03817,STU03817,97.89,3,2,2026-10-02
ATT03818,STU03818,89.76,7,0,2026-10-02
ATT03819,STU03819,89.81,7,1,2026-10-02
ATT03820,STU03820,94.1,5,1,2026-10-02
ATT03821,STU03821,89.89,6,1,2026-10-02
ATT03822,STU03822,81.83,13,4,2026-10-02
ATT03823,STU03823,72.12,20,6,2026-10-02
ATT03824,STU03824,73.33,16,6,2026-10-02
ATT03825,STU03825,61.92,26,6,2026-10-02
ATT03826,STU03826,84.01,9,0,2026-10-02
ATT03827,STU03827,83.71,11,5,2026-10-02
ATT03828,STU03828,86.49,11,1,2026-10-02
ATT03829,STU03829,83.17,11,4,2026-10-02
ATT03830,STU03830,92.4,6,0,2026-10-02
ATT03831,STU03831,62.0,25,8,2026-10-02
ATT03832,STU03832,75.63,15,2,2026-10-02
ATT03833,STU03833,74.1,16,2,2026-10-02
ATT03834,STU03834,72.24,19,6,2026-10-02
ATT03835,STU03835,77.14,15,6,2026-10-02
ATT03836,STU03836,69.08,21,9,2026-10-02
ATT03837,STU03837,89.64,8,2,2026-10-02
ATT03838,STU03838,80.87,13,2,2026-10-02
ATT03839,STU03839,62.66,22,8,2026-10-02
ATT03840,STU03840,62.24,25,9,2026-10-02
ATT03841,STU03841,86.21,9,1,2026-10-02
ATT03842,STU03842,99.64,0,0,2026-10-02
ATT03843,STU03843,73.04,17,6,2026-10-02
ATT03844,STU03844,93.57,4,3,2026-10-02
ATT03845,STU03845,79.19,12,4,2026-10-02
ATT03846,STU03846,68.16,19,4,2026-10-02
ATT03847,STU03847,100.0,0,0,2026-10-02
ATT03848,STU03848,86.8,9,0,2026-10-02
ATT03849,STU03849,100.0,3,1,2026-10-02
ATT03850,STU03850,86.81,8,3,2026-10-02
ATT03851,STU03851,100.0,2,0,2026-10-02
ATT03852,STU03852,87.67,7,3,2026-10-02
ATT03853,STU03853,72.73,16,3,2026-10-02
ATT03854,STU03854,83.43,13,2,2026-10-02
ATT03855,STU03855,51.83,32,9,2026-10-02
ATT03856,STU03856,74.36,18,5,2026-10-02
ATT03857,STU03857,68.62,22,8,2026-10-02
ATT03858,STU03858,96.89,0,0,2026-10-02
ATT03859,STU03859,87.01,9,0,2026-10-02
ATT03860,STU03860,85.52,10,5,2026-10-02
ATT03861,STU03861,84.61,9,2,2026-10-02
ATT03862,STU03862,91.41,5,4,2026-10-02
ATT03863,STU03863,87.7,5,2,2026-10-02
ATT03864,STU03864,75.96,14,3,2026-10-02
ATT03865,STU03865,84.54,13,4,2026-10-02
ATT03866,STU03866,81.82,13,6,2026-10-02
ATT03867,STU03867,59.64,26,9,2026-10-02
ATT03868,STU03868,92.33,5,0,2026-10-02
ATT03869,STU03869,75.04,16,2,2026-10-02
ATT03870,STU03870,78.98,13,1,2026-10-02
ATT03871,STU03871,65.88,21,7,2026-10-02
ATT03872,STU03872,85.24,8,4,2026-10-02
ATT03873,STU03873,77.37,15,4,2026-10-02
ATT03874,STU03874,71.88,20,7,2026-10-02
ATT03875,STU03875,81.68,13,6,2026-10-02
ATT03876,STU03876,79.48,13,1,2026-10-02
ATT03877,STU03877,80.85,11,4,2026-10-02
ATT03878,STU03878,80.57,11,1,2026-10-02
ATT03879,STU03879,75.58,17,6,2026-10-02
ATT03880,STU03880,85.72,8,0,2026-10-02
ATT03881,STU03881,76.74,14,4,2026-10-02
ATT03882,STU03882,84.29,12,0,2026-10-02
ATT03883,STU03883,84.81,8,2,2026-10-02
ATT03884,STU03884,87.58,8,1,2026-10-02
ATT03885,STU03885,75.46,19,4,2026-10-02
ATT03886,STU03886,89.0,6,1,2026-10-02
ATT03887,STU03887,98.78,3,3,2026-10-02
ATT03888,STU03888,76.61,16,2,2026-10-02
ATT03889,STU03889,90.21,6,1,2026-10-02
ATT03890,STU03890,92.58,3,1,2026-10-02
ATT03891,STU03891,81.45,12,5,2026-10-02
ATT03892,STU03892,80.1,14,5,2026-10-02
ATT03893,STU03893,45.39,35,15,2026-10-02
ATT03894,STU03894,73.11,19,4,2026-10-02
ATT03895,STU03895,88.38,5,2,2026-10-02
ATT03896,STU03896,89.37,5,0,2026-10-02
ATT03897,STU03897,91.44,8,3,2026-10-02
ATT03898,STU03898,87.96,9,0,2026-10-02
ATT03899,STU03899,88.55,8,0,2026-10-02
ATT03900,STU03900,85.44,10,0,2026-10-02
ATT03901,STU03901,82.03,11,4,2026-10-02
ATT03902,STU03902,100.0,0,0,2026-10-02
ATT03903,STU03903,80.17,10,0,2026-10-02
ATT03904,STU03904,81.7,14,4,2026-10-02
ATT03905,STU03905,82.97,9,0,2026-10-02
ATT03906,STU03906,71.97,18,9,2026-10-02
ATT03907,STU03907,75.81,15,7,2026-10-02
ATT03908,STU03908,78.72,14,3,2026-10-02
ATT03909,STU03909,87.36,6,1,2026-10-02
ATT03910,STU03910,96.12,2,0,2026-10-02
ATT03911,STU03911,67.14,22,6,2026-10-02
ATT03912,STU03912,86.95,11,3,2026-10-02
ATT03913,STU03913,95.36,4,0,2026-10-02
ATT03914,STU03914,93.69,4,0,2026-10-02
ATT03915,STU03915,81.83,13,1,2026-10-02
ATT03916,STU03916,61.8,23,7,2026-10-02
ATT03917,STU03917,58.53,26,8,2026-10-02
ATT03918,STU03918,74.59,16,5,2026-10-02
ATT03919,STU03919,91.66,9,0,2026-10-02
ATT03920,STU03920,94.07,5,1,2026-10-02
ATT03921,STU03921,83.46,11,5,2026-10-02
ATT03922,STU03922,74.91,16,2,2026-10-02
ATT03923,STU03923,71.23,19,5,2026-10-02
ATT03924,STU03924,90.21,5,3,2026-10-02
ATT03925,STU03925,100.0,0,0,2026-10-02
ATT03926,STU03926,87.44,10,3,2026-10-02
ATT03927,STU03927,75.03,19,7,2026-10-02
ATT03928,STU03928,76.01,15,2,2026-10-02
ATT03929,STU03929,88.02,8,1,2026-10-02
ATT03930,STU03930,100.0,1,0,2026-10-02
ATT03931,STU03931,70.68,17,5,2026-10-02
ATT03932,STU03932,79.6,14,4,2026-10-02
ATT03933,STU03933,90.26,5,0,2026-10-02
ATT03934,STU03934,69.06,23,6,2026-10-02
ATT03935,STU03935,90.34,7,1,2026-10-02
ATT03936,STU03936,69.28,21,5,2026-10-02
ATT03937,STU03937,86.16,7,0,2026-10-02
ATT03938,STU03938,82.51,12,1,2026-10-02
ATT03939,STU03939,91.24,5,4,2026-10-02
ATT03940,STU03940,88.48,9,3,2026-10-02
ATT03941,STU03941,74.64,18,2,2026-10-02
ATT03942,STU03942,85.76,9,3,2026-10-02
ATT03943,STU03943,73.39,15,3,2026-10-02
ATT03944,STU03944,81.51,11,4,2026-10-02
ATT03945,STU03945,68.13,19,9,2026-10-02
ATT03946,STU03946,79.69,11,0,2026-10-02
ATT03947,STU03947,82.68,11,7,2026-10-02
ATT03948,STU03948,78.35,15,5,2026-10-02
ATT03949,STU03949,95.03,2,1,2026-10-02
ATT03950,STU03950,72.16,20,7,2026-10-02
ATT03951,STU03951,94.35,3,0,2026-10-02
ATT03952,STU03952,94.16,3,0,2026-10-02
ATT03953,STU03953,93.07,4,1,2026-10-02
ATT03954,STU03954,87.68,7,1,2026-10-02
ATT03955,STU03955,83.65,9,1,2026-10-02
ATT03956,STU03956,79.25,14,3,2026-10-02
ATT03957,STU03957,85.06,9,1,2026-10-02
ATT03958,STU03958,68.66,22,7,2026-10-02
ATT03959,STU03959,76.26,15,1,2026-10-02
ATT03960,STU03960,84.39,11,6,2026-10-02
ATT03961,STU03961,76.4,12,1,2026-10-02
ATT03962,STU03962,80.74,11,5,2026-10-02
ATT03963,STU03963,89.1,8,1,2026-10-02
ATT03964,STU03964,78.15,18,2,2026-10-02
ATT03965,STU03965,76.43,14,2,2026-10-02
ATT03966,STU03966,73.1,15,5,2026-10-02
ATT03967,STU03967,88.62,6,1,2026-10-02
ATT03968,STU03968,74.98,15,5,2026-10-02
ATT03969,STU03969,77.92,13,2,2026-10-02
ATT03970,STU03970,91.36,6,2,2026-10-02
ATT03971,STU03971,65.14,25,5,2026-10-02
ATT03972,STU03972,95.44,1,0,2026-10-02
ATT03973,STU03973,90.48,10,4,2026-10-02
ATT03974,STU03974,73.69,19,6,2026-10-02
ATT03975,STU03975,62.85,24,11,2026-10-02
ATT03976,STU03976,99.23,1,0,2026-10-02
ATT03977,STU03977,83.28,12,1,2026-10-02
ATT03978,STU03978,83.21,12,2,2026-10-02
ATT03979,STU03979,70.46,18,6,2026-10-02
ATT03980,STU03980,88.93,7,4,2026-10-02
ATT03981,STU03981,75.68,16,5,2026-10-02
ATT03982,STU03982,84.3,9,0,2026-10-02
ATT03983,STU03983,67.3,22,7,2026-10-02
ATT03984,STU03984,85.22,12,2,2026-10-02
ATT03985,STU03985,88.6,9,0,2026-10-02
ATT03986,STU03986,100.0,2,0,2026-10-02
ATT03987,STU03987,76.0,15,3,2026-10-02
ATT03988,STU03988,76.02,16,2,2026-10-02
ATT03989,STU03989,80.89,13,3,2026-10-02
ATT03990,STU03990,88.99,5,1,2026-10-02
ATT03991,STU03991,100.0,0,0,2026-10-02
ATT03992,STU03992,78.79,13,1,2026-10-02
ATT03993,STU03993,71.11,22,10,2026-10-02
ATT03994,STU03994,86.85,9,3,2026-10-02
ATT03995,STU03995,70.99,18,4,2026-10-02
ATT03996,STU03996,76.2,16,6,2026-10-02
ATT03997,STU03997,82.23,10,4,2026-10-02
ATT03998,STU03998,82.48,13,3,2026-10-02
ATT03999,STU03999,81.08,12,1,2026-10-02
ATT04000,STU04000,68.79,19,8,2026-10-02
ATT04001,STU04001,69.12,18,5,2026-10-02
ATT04002,STU04002,100.0,2,0,2026-10-02
ATT04003,STU04003,73.82,16,2,2026-10-02
ATT04004,STU04004,92.53,3,2,2026-10-02
ATT04005,STU04005,79.37,12,5,2026-10-02
ATT04006,STU04006,89.6,7,1,2026-10-02
ATT04007,STU04007,62.14,24,8,2026-10-02
ATT04008,STU04008,91.78,7,1,2026-10-02
ATT04009,STU04009,100.0,0,0,2026-10-02
ATT04010,STU04010,93.65,4,0,2026-10-02
ATT04011,STU04011,80.79,14,5,2026-10-02
ATT04012,STU04012,75.36,16,3,2026-10-02
ATT04013,STU04013,86.55,6,3,2026-10-02
ATT04014,STU04014,72.3,18,4,2026-10-02
ATT04015,STU04015,89.19,6,0,2026-10-02
ATT04016,STU04016,90.24,4,0,2026-10-02
ATT04017,STU04017,88.25,8,7,2026-10-02
ATT04018,STU04018,100.0,0,0,2026-10-02
ATT04019,STU04019,73.24,18,2,2026-10-02
ATT04020,STU04020,75.99,19,7,2026-10-02
ATT04021,STU04021,62.99,25,7,2026-10-02
ATT04022,STU04022,83.37,9,5,2026-10-02
ATT04023,STU04023,82.03,11,4,2026-10-02
ATT04024,STU04024,60.61,27,9,2026-10-02
ATT04025,STU04025,62.88,25,7,2026-10-02
ATT04026,STU04026,56.97,28,9,2026-10-02
ATT04027,STU04027,97.13,2,0,2026-10-02
ATT04028,STU04028,100.0,0,0,2026-10-02
ATT04029,STU04029,84.52,8,1,2026-10-02
ATT04030,STU04030,89.19,7,2,2026-10-02
ATT04031,STU04031,72.6,15,6,2026-10-02
ATT04032,STU04032,62.91,23,7,2026-10-02
ATT04033,STU04033,72.01,18,3,2026-10-02
ATT04034,STU04034,93.83,1,0,2026-10-02
ATT04035,STU04035,73.53,20,7,2026-10-02
ATT04036,STU04036,97.94,3,3,2026-10-02
ATT04037,STU04037,78.19,16,1,2026-10-02
ATT04038,STU04038,77.69,16,5,2026-10-02
ATT04039,STU04039,78.28,12,6,2026-10-02
ATT04040,STU04040,65.17,23,7,2026-10-02
ATT04041,STU04041,91.11,4,1,2026-10-02
ATT04042,STU04042,72.99,17,10,2026-10-02
ATT04043,STU04043,99.19,0,0,2026-10-02
ATT04044,STU04044,93.45,3,0,2026-10-02
ATT04045,STU04045,89.62,9,2,2026-10-02
ATT04046,STU04046,78.16,16,4,2026-10-02
ATT04047,STU04047,100.0,0,0,2026-10-02
ATT04048,STU04048,61.54,25,5,2026-10-02
ATT04049,STU04049,67.87,22,4,2026-10-02
ATT04050,STU04050,70.26,19,3,2026-10-02
ATT04051,STU04051,74.34,17,7,2026-10-02
ATT04052,STU04052,84.73,11,1,2026-10-02
ATT04053,STU04053,70.2,18,4,2026-10-02
ATT04054,STU04054,80.18,12,4,2026-10-02
ATT04055,STU04055,75.68,15,5,2026-10-02
ATT04056,STU04056,66.06,23,8,2026-10-02
ATT04057,STU04057,81.27,10,0,2026-10-02
ATT04058,STU04058,100.0,0,0,2026-10-02
ATT04059,STU04059,82.82,11,3,2026-10-02
ATT04060,STU04060,83.41,11,3,2026-10-02
ATT04061,STU04061,91.72,5,0,2026-10-02
ATT04062,STU04062,95.13,2,0,2026-10-02
ATT04063,STU04063,90.53,4,2,2026-10-02
ATT04064,STU04064,77.18,14,4,2026-10-02
ATT04065,STU04065,95.08,5,0,2026-10-02
ATT04066,STU04066,94.4,3,3,2026-10-02
ATT04067,STU04067,78.53,17,3,2026-10-02
ATT04068,STU04068,79.76,14,5,2026-10-02
ATT04069,STU04069,88.9,10,5,2026-10-02
ATT04070,STU04070,85.57,7,2,2026-10-02
ATT04071,STU04071,62.06,24,5,2026-10-02
ATT04072,STU04072,97.54,2,0,2026-10-02
ATT04073,STU04073,97.6,1,0,2026-10-02
ATT04074,STU04074,81.8,14,4,2026-10-02
ATT04075,STU04075,89.61,8,0,2026-10-02
ATT04076,STU04076,91.19,6,4,2026-10-02
ATT04077,STU04077,69.1,21,6,2026-10-02
ATT04078,STU04078,83.81,11,5,2026-10-02
ATT04079,STU04079,67.12,20,7,2026-10-02
ATT04080,STU04080,98.92,1,0,2026-10-02
ATT04081,STU04081,84.28,11,3,2026-10-02
ATT04082,STU04082,89.99,8,2,2026-10-02
ATT04083,STU04083,79.83,13,3,2026-10-02
ATT04084,STU04084,88.3,6,1,2026-10-02
ATT04085,STU04085,75.49,17,6,2026-10-02
ATT04086,STU04086,71.21,22,6,2026-10-02
ATT04087,STU04087,80.69,13,4,2026-10-02
ATT04088,STU04088,80.52,11,1,2026-10-02
ATT04089,STU04089,81.91,12,6,2026-10-02
ATT04090,STU04090,93.05,4,0,2026-10-02
ATT04091,STU04091,100.0,0,0,2026-10-02
ATT04092,STU04092,76.1,15,5,2026-10-02
ATT04093,STU04093,88.67,11,0,2026-10-02
ATT04094,STU04094,52.79,31,9,2026-10-02
ATT04095,STU04095,84.15,9,2,2026-10-02
ATT04096,STU04096,97.5,0,0,2026-10-02
ATT04097,STU04097,82.02,11,0,2026-10-02
ATT04098,STU04098,82.33,10,4,2026-10-02
ATT04099,STU04099,73.39,18,8,2026-10-02
ATT04100,STU04100,80.7,13,1,2026-10-02
ATT04101,STU04101,83.94,9,2,2026-10-02
ATT04102,STU04102,80.98,14,4,2026-10-02
ATT04103,STU04103,100.0,0,0,2026-10-02
ATT04104,STU04104,74.71,14,3,2026-10-02
ATT04105,STU04105,90.77,7,2,2026-10-02
ATT04106,STU04106,84.97,11,4,2026-10-02
ATT04107,STU04107,100.0,1,0,2026-10-02
ATT04108,STU04108,72.89,17,6,2026-10-02
ATT04109,STU04109,87.51,9,3,2026-10-02
ATT04110,STU04110,77.54,15,6,2026-10-02
ATT04111,STU04111,84.31,11,5,2026-10-02
ATT04112,STU04112,75.51,17,6,2026-10-02
ATT04113,STU04113,76.5,13,5,2026-10-02
ATT04114,STU04114,71.3,18,5,2026-10-02
ATT04115,STU04115,75.33,14,3,2026-10-02
ATT04116,STU04116,99.84,1,0,2026-10-02
ATT04117,STU04117,92.14,3,1,2026-10-02
ATT04118,STU04118,49.04,31,10,2026-10-02
ATT04119,STU04119,77.55,16,1,2026-10-02
ATT04120,STU04120,94.52,4,0,2026-10-02
ATT04121,STU04121,86.0,9,0,2026-10-02
ATT04122,STU04122,71.66,18,4,2026-10-02
ATT04123,STU04123,69.79,21,10,2026-10-02
ATT04124,STU04124,71.54,21,5,2026-10-02
ATT04125,STU04125,81.23,12,1,2026-10-02
ATT04126,STU04126,87.8,8,0,2026-10-02
ATT04127,STU04127,88.76,10,1,2026-10-02
ATT04128,STU04128,75.34,17,5,2026-10-02
ATT04129,STU04129,83.92,12,5,2026-10-02
ATT04130,STU04130,88.48,8,3,2026-10-02
ATT04131,STU04131,100.0,0,0,2026-10-02
ATT04132,STU04132,80.97,12,3,2026-10-02
ATT04133,STU04133,70.28,20,5,2026-10-02
ATT04134,STU04134,74.83,14,5,2026-10-02
ATT04135,STU04135,85.53,10,5,2026-10-02
ATT04136,STU04136,90.41,6,4,2026-10-02
ATT04137,STU04137,74.2,16,7,2026-10-02
ATT04138,STU04138,65.72,23,7,2026-10-02
ATT04139,STU04139,75.03,18,6,2026-10-02
ATT04140,STU04140,68.26,18,4,2026-10-02
ATT04141,STU04141,85.7,7,0,2026-10-02
ATT04142,STU04142,62.87,24,8,2026-10-02
ATT04143,STU04143,77.24,12,0,2026-10-02
ATT04144,STU04144,85.37,11,4,2026-10-02
ATT04145,STU04145,94.93,2,0,2026-10-02
ATT04146,STU04146,88.97,10,1,2026-10-02
ATT04147,STU04147,90.52,6,0,2026-10-02
ATT04148,STU04148,84.38,9,1,2026-10-02
ATT04149,STU04149,75.23,16,3,2026-10-02
ATT04150,STU04150,66.38,22,10,2026-10-02
ATT04151,STU04151,62.25,24,8,2026-10-02
ATT04152,STU04152,84.47,11,4,2026-10-02
ATT04153,STU04153,87.07,6,0,2026-10-02
ATT04154,STU04154,87.27,8,2,2026-10-02
ATT04155,STU04155,87.69,9,1,2026-10-02
ATT04156,STU04156,89.57,6,3,2026-10-02
ATT04157,STU04157,69.57,21,6,2026-10-02
ATT04158,STU04158,89.5,6,1,2026-10-02
ATT04159,STU04159,84.46,9,0,2026-10-02
ATT04160,STU04160,84.69,8,0,2026-10-02
ATT04161,STU04161,72.39,18,4,2026-10-02
ATT04162,STU04162,83.78,10,3,2026-10-02
ATT04163,STU04163,67.7,19,5,2026-10-02
ATT04164,STU04164,100.0,1,0,2026-10-02
ATT04165,STU04165,85.67,10,4,2026-10-02
ATT04166,STU04166,86.9,8,2,2026-10-02
ATT04167,STU04167,92.97,7,3,2026-10-02
ATT04168,STU04168,90.68,8,4,2026-10-02
ATT04169,STU04169,100.0,0,0,2026-10-02
ATT04170,STU04170,98.55,2,1,2026-10-02
ATT04171,STU04171,78.22,14,2,2026-10-02
ATT04172,STU04172,67.1,23,7,2026-10-02
ATT04173,STU04173,82.07,11,4,2026-10-02
ATT04174,STU04174,72.86,17,3,2026-10-02
ATT04175,STU04175,92.79,2,0,2026-10-02
ATT04176,STU04176,69.44,19,11,2026-10-02
ATT04177,STU04177,71.57,22,6,2026-10-02
ATT04178,STU04178,87.43,9,3,2026-10-02
ATT04179,STU04179,99.67,0,0,2026-10-02
ATT04180,STU04180,66.91,21,6,2026-10-02
ATT04181,STU04181,86.44,6,5,2026-10-02
ATT04182,STU04182,81.77,12,1,2026-10-02
ATT04183,STU04183,74.56,15,4,2026-10-02
ATT04184,STU04184,57.85,29,9,2026-10-02
ATT04185,STU04185,100.0,0,0,2026-10-02
ATT04186,STU04186,100.0,1,0,2026-10-02
ATT04187,STU04187,81.29,14,6,2026-10-02
ATT04188,STU04188,90.37,6,1,2026-10-02
ATT04189,STU04189,86.71,10,6,2026-10-02
ATT04190,STU04190,95.07,4,1,2026-10-02
ATT04191,STU04191,85.6,11,2,2026-10-02
ATT04192,STU04192,60.51,28,11,2026-10-02
ATT04193,STU04193,94.78,5,3,2026-10-02
ATT04194,STU04194,71.83,17,5,2026-10-02
ATT04195,STU04195,57.38,26,8,2026-10-02
ATT04196,STU04196,84.98,9,2,2026-10-02
ATT04197,STU04197,67.84,19,6,2026-10-02
ATT04198,STU04198,89.35,5,0,2026-10-02
ATT04199,STU04199,84.9,10,4,2026-10-02
ATT04200,STU04200,72.44,19,6,2026-10-02
ATT04201,STU04201,98.27,0,0,2026-10-02
ATT04202,STU04202,92.75,3,1,2026-10-02
ATT04203,STU04203,77.83,15,4,2026-10-02
ATT04204,STU04204,100.0,0,0,2026-10-02
ATT04205,STU04205,78.51,15,4,2026-10-02
ATT04206,STU04206,74.66,15,5,2026-10-02
ATT04207,STU04207,92.37,4,0,2026-10-02
ATT04208,STU04208,91.01,4,0,2026-10-02
ATT04209,STU04209,84.32,8,0,2026-10-02
ATT04210,STU04210,78.62,13,3,2026-10-02
ATT04211,STU04211,67.75,21,10,2026-10-02
ATT04212,STU04212,83.66,10,2,2026-10-02
ATT04213,STU04213,89.3,9,0,2026-10-02
ATT04214,STU04214,81.46,9,4,2026-10-02
ATT04215,STU04215,88.37,10,2,2026-10-02
ATT04216,STU04216,76.52,14,2,2026-10-02
ATT04217,STU04217,87.89,6,0,2026-10-02
ATT04218,STU04218,81.39,13,0,2026-10-02
ATT04219,STU04219,95.01,3,0,2026-10-02
ATT04220,STU04220,82.95,9,1,2026-10-02
ATT04221,STU04221,75.99,18,7,2026-10-02
ATT04222,STU04222,87.92,5,2,2026-10-02
ATT04223,STU04223,87.83,10,4,2026-10-02
ATT04224,STU04224,80.12,12,5,2026-10-02
ATT04225,STU04225,80.89,13,4,2026-10-02
ATT04226,STU04226,100.0,0,0,2026-10-02
ATT04227,STU04227,71.06,17,5,2026-10-02
ATT04228,STU04228,74.18,16,6,2026-10-02
ATT04229,STU04229,47.73,31,10,2026-10-02
ATT04230,STU04230,66.55,24,9,2026-10-02
ATT04231,STU04231,71.29,18,4,2026-10-02
ATT04232,STU04232,71.6,22,8,2026-10-02
ATT04233,STU04233,79.62,13,0,2026-10-02
ATT04234,STU04234,79.67,11,0,2026-10-02
ATT04235,STU04235,99.31,1,0,2026-10-02
ATT04236,STU04236,77.0,16,4,2026-10-02
ATT04237,STU04237,88.14,9,0,2026-10-02
ATT04238,STU04238,90.19,5,0,2026-10-02
ATT04239,STU04239,75.65,15,6,2026-10-02
ATT04240,STU04240,70.94,15,5,2026-10-02
ATT04241,STU04241,97.46,2,2,2026-10-02
ATT04242,STU04242,80.49,11,0,2026-10-02
ATT04243,STU04243,75.41,15,4,2026-10-02
ATT04244,STU04244,81.27,13,6,2026-10-02
ATT04245,STU04245,53.7,31,9,2026-10-02
ATT04246,STU04246,75.16,16,3,2026-10-02
ATT04247,STU04247,80.91,11,3,2026-10-02
ATT04248,STU04248,81.63,12,3,2026-10-02
ATT04249,STU04249,82.11,11,2,2026-10-02
ATT04250,STU04250,72.41,18,4,2026-10-02
ATT04251,STU04251,100.0,0,0,2026-10-02
ATT04252,STU04252,85.59,11,4,2026-10-02
ATT04253,STU04253,91.23,6,2,2026-10-02
ATT04254,STU04254,80.54,15,5,2026-10-02
ATT04255,STU04255,77.42,16,3,2026-10-02
ATT04256,STU04256,87.27,8,1,2026-10-02
ATT04257,STU04257,57.23,26,7,2026-10-02
ATT04258,STU04258,79.47,13,7,2026-10-02
ATT04259,STU04259,72.32,15,2,2026-10-02
ATT04260,STU04260,82.22,11,2,2026-10-02
ATT04261,STU04261,87.3,9,1,2026-10-02
ATT04262,STU04262,100.0,0,0,2026-10-02
ATT04263,STU04263,72.61,16,6,2026-10-02
ATT04264,STU04264,79.79,13,5,2026-10-02
ATT04265,STU04265,86.28,11,2,2026-10-02
ATT04266,STU04266,87.45,7,1,2026-10-02
ATT04267,STU04267,100.0,0,0,2026-10-02
ATT04268,STU04268,80.61,15,4,2026-10-02
ATT04269,STU04269,88.04,9,0,2026-10-02
ATT04270,STU04270,62.65,25,9,2026-10-02
ATT04271,STU04271,78.18,13,4,2026-10-02
ATT04272,STU04272,78.66,15,3,2026-10-02
ATT04273,STU04273,58.89,25,9,2026-10-02
ATT04274,STU04274,100.0,0,0,2026-10-02
ATT04275,STU04275,78.41,15,6,2026-10-02
ATT04276,STU04276,69.68,17,2,2026-10-02
ATT04277,STU04277,94.08,3,0,2026-10-02
ATT04278,STU04278,90.02,8,2,2026-10-02
ATT04279,STU04279,86.55,10,0,2026-10-02
ATT04280,STU04280,91.46,6,2,2026-10-02
ATT04281,STU04281,81.12,12,4,2026-10-02
ATT04282,STU04282,66.48,23,8,2026-10-02
ATT04283,STU04283,84.4,8,2,2026-10-02
ATT04284,STU04284,77.41,14,4,2026-10-02
ATT04285,STU04285,95.57,4,0,2026-10-02
ATT04286,STU04286,68.82,22,5,2026-10-02
ATT04287,STU04287,93.4,2,0,2026-10-02
ATT04288,STU04288,76.67,16,3,2026-10-02
ATT04289,STU04289,86.35,12,3,2026-10-02
ATT04290,STU04290,80.09,12,4,2026-10-02
ATT04291,STU04291,86.75,11,5,2026-10-02
ATT04292,STU04292,81.39,14,4,2026-10-02
ATT04293,STU04293,73.2,18,6,2026-10-02
ATT04294,STU04294,74.05,15,2,2026-10-02
ATT04295,STU04295,72.7,16,6,2026-10-02
ATT04296,STU04296,72.91,16,5,2026-10-02
ATT04297,STU04297,97.22,0,0,2026-10-02
ATT04298,STU04298,76.1,15,2,2026-10-02
ATT04299,STU04299,80.81,13,5,2026-10-02
ATT04300,STU04300,79.97,15,2,2026-10-02
ATT04301,STU04301,99.23,0,0,2026-10-02
ATT04302,STU04302,68.48,21,9,2026-10-02
ATT04303,STU04303,73.14,16,1,2026-10-02
ATT04304,STU04304,74.16,16,7,2026-10-02
ATT04305,STU04305,79.94,13,6,2026-10-02
ATT04306,STU04306,100.0,2,0,2026-10-02
ATT04307,STU04307,69.71,18,6,2026-10-02
ATT04308,STU04308,93.76,5,0,2026-10-02
ATT04309,STU04309,75.81,15,4,2026-10-02
ATT04310,STU04310,75.52,15,6,2026-10-02
ATT04311,STU04311,84.75,10,0,2026-10-02
ATT04312,STU04312,83.58,12,2,2026-10-02
ATT04313,STU04313,76.22,15,3,2026-10-02
ATT04314,STU04314,79.81,15,2,2026-10-02
ATT04315,STU04315,90.6,7,1,2026-10-02
ATT04316,STU04316,100.0,0,0,2026-10-02
ATT04317,STU04317,97.52,2,0,2026-10-02
ATT04318,STU04318,84.46,11,0,2026-10-02
ATT04319,STU04319,74.51,16,5,2026-10-02
ATT04320,STU04320,93.36,2,1,2026-10-02
ATT04321,STU04321,90.29,6,0,2026-10-02
ATT04322,STU04322,88.7,7,3,2026-10-02
ATT04323,STU04323,100.0,0,0,2026-10-02
ATT04324,STU04324,91.04,2,0,2026-10-02
ATT04325,STU04325,100.0,1,0,2026-10-02
ATT04326,STU04326,100.0,0,0,2026-10-02
ATT04327,STU04327,100.0,1,0,2026-10-02
ATT04328,STU04328,97.32,5,3,2026-10-02
ATT04329,STU04329,57.52,28,8,2026-10-02
ATT04330,STU04330,97.71,2,0,2026-10-02
ATT04331,STU04331,77.36,16,3,2026-10-02
ATT04332,STU04332,90.66,6,2,2026-10-02
ATT04333,STU04333,87.32,9,0,2026-10-02
ATT04334,STU04334,84.68,13,3,2026-10-02
ATT04335,STU04335,86.01,9,5,2026-10-02
ATT04336,STU04336,84.78,9,0,2026-10-02
ATT04337,STU04337,88.61,10,4,2026-10-02
ATT04338,STU04338,89.07,7,1,2026-10-02
ATT04339,STU04339,76.31,15,3,2026-10-02
ATT04340,STU04340,80.64,13,4,2026-10-02
ATT04341,STU04341,85.72,9,0,2026-10-02
ATT04342,STU04342,67.28,22,5,2026-10-02
ATT04343,STU04343,76.17,15,5,2026-10-02
ATT04344,STU04344,80.06,12,1,2026-10-02
ATT04345,STU04345,100.0,1,0,2026-10-02
ATT04346,STU04346,92.33,4,2,2026-10-02
ATT04347,STU04347,87.09,8,3,2026-10-02
ATT04348,STU04348,70.82,18,6,2026-10-02
ATT04349,STU04349,59.0,28,10,2026-10-02
ATT04350,STU04350,93.66,5,0,2026-10-02
ATT04351,STU04351,83.11,11,0,2026-10-02
ATT04352,STU04352,77.47,14,6,2026-10-02
ATT04353,STU04353,81.66,10,4,2026-10-02
ATT04354,STU04354,82.92,10,1,2026-10-02
ATT04355,STU04355,100.0,0,0,2026-10-02
ATT04356,STU04356,90.97,4,0,2026-10-02
ATT04357,STU04357,85.55,11,4,2026-10-02
ATT04358,STU04358,74.44,15,3,2026-10-02
ATT04359,STU04359,77.48,15,6,2026-10-02
ATT04360,STU04360,79.7,15,5,2026-10-02
ATT04361,STU04361,75.24,15,3,2026-10-02
ATT04362,STU04362,69.72,20,4,2026-10-02
ATT04363,STU04363,71.81,19,7,2026-10-02
ATT04364,STU04364,89.23,6,0,2026-10-02
ATT04365,STU04365,64.64,24,7,2026-10-02
ATT04366,STU04366,83.81,11,2,2026-10-02
ATT04367,STU04367,93.29,2,0,2026-10-02
ATT04368,STU04368,86.41,10,2,2026-10-02
ATT04369,STU04369,94.22,4,1,2026-10-02
ATT04370,STU04370,94.71,5,0,2026-10-02
ATT04371,STU04371,87.71,5,0,2026-10-02
ATT04372,STU04372,66.19,23,8,2026-10-02
ATT04373,STU04373,79.13,15,2,2026-10-02
ATT04374,STU04374,87.8,8,1,2026-10-02
ATT04375,STU04375,83.56,12,2,2026-10-02
ATT04376,STU04376,89.64,6,2,2026-10-02
ATT04377,STU04377,79.89,14,5,2026-10-02
ATT04378,STU04378,100.0,0,0,2026-10-02
ATT04379,STU04379,87.15,7,1,2026-10-02
ATT04380,STU04380,82.84,11,3,2026-10-02
ATT04381,STU04381,83.01,8,0,2026-10-02
ATT04382,STU04382,73.12,17,7,2026-10-02
ATT04383,STU04383,74.14,18,7,2026-10-02
ATT04384,STU04384,77.26,14,2,2026-10-02
ATT04385,STU04385,100.0,0,0,2026-10-02
ATT04386,STU04386,97.47,0,0,2026-10-02
ATT04387,STU04387,100.0,2,1,2026-10-02
ATT04388,STU04388,100.0,0,0,2026-10-02
ATT04389,STU04389,88.59,8,0,2026-10-02
ATT04390,STU04390,80.76,11,2,2026-10-02
ATT04391,STU04391,93.75,4,0,2026-10-02
ATT04392,STU04392,79.17,13,4,2026-10-02
ATT04393,STU04393,85.96,7,2,2026-10-02
ATT04394,STU04394,86.56,10,3,2026-10-02
ATT04395,STU04395,82.83,12,2,2026-10-02
ATT04396,STU04396,59.51,28,6,2026-10-02
ATT04397,STU04397,77.83,16,6,2026-10-02
ATT04398,STU04398,100.0,0,0,2026-10-02
ATT04399,STU04399,70.84,20,5,2026-10-02
ATT04400,STU04400,64.54,21,4,2026-10-02
ATT04401,STU04401,82.67,8,1,2026-10-02
ATT04402,STU04402,75.02,17,4,2026-10-02
ATT04403,STU04403,73.11,20,5,2026-10-02
ATT04404,STU04404,83.69,12,0,2026-10-02
ATT04405,STU04405,73.53,15,5,2026-10-02
ATT04406,STU04406,100.0,2,1,2026-10-02
ATT04407,STU04407,79.51,14,3,2026-10-02
ATT04408,STU04408,83.01,10,4,2026-10-02
ATT04409,STU04409,100.0,0,0,2026-10-02
ATT04410,STU04410,63.93,22,7,2026-10-02
ATT04411,STU04411,83.35,9,3,2026-10-02
ATT04412,STU04412,70.75,21,4,2026-10-02
ATT04413,STU04413,74.85,14,4,2026-10-02
ATT04414,STU04414,86.16,9,0,2026-10-02
ATT04415,STU04415,69.82,18,5,2026-10-02
ATT04416,STU04416,76.12,17,6,2026-10-02
ATT04417,STU04417,82.65,10,3,2026-10-02
ATT04418,STU04418,80.34,13,4,2026-10-02
ATT04419,STU04419,100.0,0,0,2026-10-02
ATT04420,STU04420,87.79,11,0,2026-10-02
ATT04421,STU04421,78.82,14,6,2026-10-02
ATT04422,STU04422,80.11,13,3,2026-10-02
ATT04423,STU04423,71.16,17,4,2026-10-02
ATT04424,STU04424,74.01,18,7,2026-10-02
ATT04425,STU04425,94.17,3,0,2026-10-02
ATT04426,STU04426,85.7,8,2,2026-10-02
ATT04427,STU04427,83.88,12,1,2026-10-02
ATT04428,STU04428,77.47,13,1,2026-10-02
ATT04429,STU04429,91.73,5,0,2026-10-02
ATT04430,STU04430,86.93,8,5,2026-10-02
ATT04431,STU04431,80.93,13,1,2026-10-02
ATT04432,STU04432,83.16,9,2,2026-10-02
ATT04433,STU04433,97.28,2,1,2026-10-02
ATT04434,STU04434,91.29,4,2,2026-10-02
ATT04435,STU04435,84.62,9,0,2026-10-02
ATT04436,STU04436,71.78,21,4,2026-10-02
ATT04437,STU04437,86.02,9,4,2026-10-02
ATT04438,STU04438,87.15,8,3,2026-10-02
ATT04439,STU04439,76.31,14,4,2026-10-02
ATT04440,STU04440,88.4,9,1,2026-10-02
ATT04441,STU04441,82.71,8,2,2026-10-02
ATT04442,STU04442,79.86,15,2,2026-10-02
ATT04443,STU04443,84.16,11,4,2026-10-02
ATT04444,STU04444,66.68,20,8,2026-10-02
ATT04445,STU04445,77.94,16,5,2026-10-02
ATT04446,STU04446,95.83,5,1,2026-10-02
ATT04447,STU04447,69.51,20,6,2026-10-02
ATT04448,STU04448,89.76,5,2,2026-10-02
ATT04449,STU04449,79.3,13,4,2026-10-02
ATT04450,STU04450,93.84,5,1,2026-10-02
ATT04451,STU04451,74.25,18,7,2026-10-02
ATT04452,STU04452,78.31,15,4,2026-10-02
ATT04453,STU04453,61.54,23,8,2026-10-02
ATT04454,STU04454,82.86,10,3,2026-10-02
ATT04455,STU04455,91.94,5,0,2026-10-02
ATT04456,STU04456,84.23,12,2,2026-10-02
ATT04457,STU04457,89.17,8,3,2026-10-02
ATT04458,STU04458,88.33,7,0,2026-10-02
ATT04459,STU04459,93.15,5,3,2026-10-02
ATT04460,STU04460,60.09,25,7,2026-10-02
ATT04461,STU04461,78.56,16,4,2026-10-02
ATT04462,STU04462,95.69,3,1,2026-10-02
ATT04463,STU04463,59.56,27,7,2026-10-02
ATT04464,STU04464,77.11,15,2,2026-10-02
ATT04465,STU04465,79.02,14,6,2026-10-02
ATT04466,STU04466,66.41,22,10,2026-10-02
ATT04467,STU04467,65.55,24,7,2026-10-02
ATT04468,STU04468,85.46,7,1,2026-10-02
ATT04469,STU04469,97.14,1,1,2026-10-02
ATT04470,STU04470,84.25,13,2,2026-10-02
ATT04471,STU04471,85.27,9,0,2026-10-02
ATT04472,STU04472,87.96,10,0,2026-10-02
ATT04473,STU04473,97.1,0,0,2026-10-02
ATT04474,STU04474,81.31,12,5,2026-10-02
ATT04475,STU04475,90.79,5,0,2026-10-02
ATT04476,STU04476,66.78,22,7,2026-10-02
ATT04477,STU04477,74.63,17,5,2026-10-02
ATT04478,STU04478,77.57,16,3,2026-10-02
ATT04479,STU04479,100.0,0,0,2026-10-02
ATT04480,STU04480,74.85,15,2,2026-10-02
ATT04481,STU04481,88.12,6,1,2026-10-02
ATT04482,STU04482,66.31,24,11,2026-10-02
ATT04483,STU04483,66.43,22,7,2026-10-02
ATT04484,STU04484,70.99,22,4,2026-10-02
ATT04485,STU04485,65.43,22,6,2026-10-02
ATT04486,STU04486,82.92,10,4,2026-10-02
ATT04487,STU04487,91.95,4,0,2026-10-02
ATT04488,STU04488,91.12,4,1,2026-10-02
ATT04489,STU04489,81.19,9,1,2026-10-02
ATT04490,STU04490,94.04,4,0,2026-10-02
ATT04491,STU04491,65.05,22,7,2026-10-02
ATT04492,STU04492,77.95,16,4,2026-10-02
ATT04493,STU04493,81.14,12,2,2026-10-02
ATT04494,STU04494,66.47,21,7,2026-10-02
ATT04495,STU04495,76.3,13,2,2026-10-02
ATT04496,STU04496,61.86,24,7,2026-10-02
ATT04497,STU04497,80.81,14,2,2026-10-02
ATT04498,STU04498,83.57,9,0,2026-10-02
ATT04499,STU04499,89.45,5,1,2026-10-02
ATT04500,STU04500,60.97,24,7,2026-10-02
ATT04501,STU04501,90.17,7,1,2026-10-02
ATT04502,STU04502,43.99,36,12,2026-10-02
ATT04503,STU04503,100.0,0,0,2026-10-02
ATT04504,STU04504,86.0,8,2,2026-10-02
ATT04505,STU04505,80.92,13,1,2026-10-02
ATT04506,STU04506,75.94,12,5,2026-10-02
ATT04507,STU04507,98.3,1,0,2026-10-02
ATT04508,STU04508,82.01,14,1,2026-10-02
ATT04509,STU04509,92.06,6,3,2026-10-02
ATT04510,STU04510,84.67,13,7,2026-10-02
ATT04511,STU04511,74.24,17,5,2026-10-02
ATT04512,STU04512,86.6,11,3,2026-10-02
ATT04513,STU04513,88.72,7,2,2026-10-02
ATT04514,STU04514,88.26,7,0,2026-10-02
ATT04515,STU04515,64.52,25,8,2026-10-02
ATT04516,STU04516,80.72,14,7,2026-10-02
ATT04517,STU04517,80.11,12,9,2026-10-02
ATT04518,STU04518,76.92,14,8,2026-10-02
ATT04519,STU04519,73.43,17,2,2026-10-02
ATT04520,STU04520,99.23,1,0,2026-10-02
ATT04521,STU04521,100.0,0,0,2026-10-02
ATT04522,STU04522,90.01,6,0,2026-10-02
ATT04523,STU04523,97.07,2,0,2026-10-02
ATT04524,STU04524,82.87,13,2,2026-10-02
ATT04525,STU04525,70.48,18,5,2026-10-02
ATT04526,STU04526,72.19,15,7,2026-10-02
ATT04527,STU04527,77.92,16,0,2026-10-02
ATT04528,STU04528,97.81,1,0,2026-10-02
ATT04529,STU04529,100.0,3,0,2026-10-02
ATT04530,STU04530,73.65,16,2,2026-10-02
ATT04531,STU04531,83.84,9,3,2026-10-02
ATT04532,STU04532,92.05,9,0,2026-10-02
ATT04533,STU04533,96.5,2,0,2026-10-02
ATT04534,STU04534,65.5,22,6,2026-10-02
ATT04535,STU04535,77.31,19,4,2026-10-02
ATT04536,STU04536,78.27,15,7,2026-10-02
ATT04537,STU04537,83.88,10,5,2026-10-02
ATT04538,STU04538,92.73,7,1,2026-10-02
ATT04539,STU04539,100.0,0,0,2026-10-02
ATT04540,STU04540,69.78,19,6,2026-10-02
ATT04541,STU04541,63.65,22,11,2026-10-02
ATT04542,STU04542,84.35,10,2,2026-10-02
ATT04543,STU04543,87.19,4,1,2026-10-02
ATT04544,STU04544,80.62,13,6,2026-10-02
ATT04545,STU04545,70.91,18,7,2026-10-02
ATT04546,STU04546,87.75,8,5,2026-10-02
ATT04547,STU04547,86.87,7,4,2026-10-02
ATT04548,STU04548,82.54,12,1,2026-10-02
ATT04549,STU04549,87.88,6,3,2026-10-02
ATT04550,STU04550,71.78,18,2,2026-10-02
ATT04551,STU04551,95.86,2,0,2026-10-02
ATT04552,STU04552,95.72,0,0,2026-10-02
ATT04553,STU04553,82.56,11,0,2026-10-02
ATT04554,STU04554,87.83,10,5,2026-10-02
ATT04555,STU04555,87.17,7,1,2026-10-02
ATT04556,STU04556,72.79,15,4,2026-10-02
ATT04557,STU04557,95.29,2,2,2026-10-02
ATT04558,STU04558,80.39,15,3,2026-10-02
ATT04559,STU04559,97.73,3,0,2026-10-02
ATT04560,STU04560,71.48,19,6,2026-10-02
ATT04561,STU04561,87.01,8,1,2026-10-02
ATT04562,STU04562,90.29,6,1,2026-10-02
ATT04563,STU04563,100.0,0,0,2026-10-02
ATT04564,STU04564,83.36,14,4,2026-10-02
ATT04565,STU04565,78.98,15,1,2026-10-02
ATT04566,STU04566,89.51,7,0,2026-10-02
ATT04567,STU04567,91.93,6,0,2026-10-02
ATT04568,STU04568,62.15,26,5,2026-10-02
ATT04569,STU04569,65.35,20,4,2026-10-02
ATT04570,STU04570,72.8,15,5,2026-10-02
ATT04571,STU04571,84.35,8,2,2026-10-02
ATT04572,STU04572,75.96,17,6,2026-10-02
ATT04573,STU04573,88.19,7,3,2026-10-02
ATT04574,STU04574,75.8,13,4,2026-10-02
ATT04575,STU04575,77.79,15,5,2026-10-02
ATT04576,STU04576,84.77,10,3,2026-10-02
ATT04577,STU04577,71.95,19,7,2026-10-02
ATT04578,STU04578,89.38,11,1,2026-10-02
ATT04579,STU04579,74.91,15,4,2026-10-02
ATT04580,STU04580,93.92,3,0,2026-10-02
ATT04581,STU04581,92.24,6,2,2026-10-02
ATT04582,STU04582,86.0,11,3,2026-10-02
ATT04583,STU04583,86.03,10,2,2026-10-02
ATT04584,STU04584,89.18,6,1,2026-10-02
ATT04585,STU04585,72.08,15,1,2026-10-02
ATT04586,STU04586,91.54,4,0,2026-10-02
ATT04587,STU04587,70.81,21,7,2026-10-02
ATT04588,STU04588,59.63,27,6,2026-10-02
ATT04589,STU04589,92.8,5,0,2026-10-02
ATT04590,STU04590,70.7,21,5,2026-10-02
ATT04591,STU04591,68.88,21,6,2026-10-02
ATT04592,STU04592,74.52,13,5,2026-10-02
ATT04593,STU04593,86.96,6,0,2026-10-02
ATT04594,STU04594,94.74,3,0,2026-10-02
ATT04595,STU04595,87.73,9,1,2026-10-02
ATT04596,STU04596,85.16,7,1,2026-10-02
ATT04597,STU04597,97.36,2,0,2026-10-02
ATT04598,STU04598,73.8,17,4,2026-10-02
ATT04599,STU04599,85.4,9,2,2026-10-02
ATT04600,STU04600,86.71,8,4,2026-10-02
ATT04601,STU04601,82.79,11,2,2026-10-02
ATT04602,STU04602,83.17,15,1,2026-10-02
ATT04603,STU04603,84.56,9,4,2026-10-02
ATT04604,STU04604,75.83,17,1,2026-10-02
ATT04605,STU04605,83.89,11,2,2026-10-02
ATT04606,STU04606,61.39,26,4,2026-10-02
ATT04607,STU04607,75.89,15,4,2026-10-02
ATT04608,STU04608,87.07,7,2,2026-10-02
ATT04609,STU04609,86.05,9,4,2026-10-02
ATT04610,STU04610,73.7,18,8,2026-10-02
ATT04611,STU04611,49.2,34,10,2026-10-02
ATT04612,STU04612,84.97,9,4,2026-10-02
ATT04613,STU04613,75.61,14,4,2026-10-02
ATT04614,STU04614,78.01,19,4,2026-10-02
ATT04615,STU04615,89.12,7,2,2026-10-02
ATT04616,STU04616,69.61,22,6,2026-10-02
ATT04617,STU04617,81.89,10,0,2026-10-02
ATT04618,STU04618,92.51,7,0,2026-10-02
ATT04619,STU04619,69.72,17,6,2026-10-02
ATT04620,STU04620,87.02,6,4,2026-10-02
ATT04621,STU04621,81.61,16,3,2026-10-02
ATT04622,STU04622,84.64,8,0,2026-10-02
ATT04623,STU04623,71.96,19,5,2026-10-02
ATT04624,STU04624,74.83,14,3,2026-10-02
ATT04625,STU04625,85.42,8,2,2026-10-02
ATT04626,STU04626,89.53,7,1,2026-10-02
ATT04627,STU04627,89.14,6,0,2026-10-02
ATT04628,STU04628,76.92,16,4,2026-10-02
ATT04629,STU04629,100.0,0,0,2026-10-02
ATT04630,STU04630,82.49,8,3,2026-10-02
ATT04631,STU04631,76.48,15,3,2026-10-02
ATT04632,STU04632,84.75,11,4,2026-10-02
ATT04633,STU04633,75.33,13,6,2026-10-02
ATT04634,STU04634,78.23,14,5,2026-10-02
ATT04635,STU04635,71.02,21,6,2026-10-02
ATT04636,STU04636,91.96,5,0,2026-10-02
ATT04637,STU04637,47.89,34,10,2026-10-02
ATT04638,STU04638,75.62,15,4,2026-10-02
ATT04639,STU04639,87.86,9,2,2026-10-02
ATT04640,STU04640,73.88,17,6,2026-10-02
ATT04641,STU04641,83.04,9,3,2026-10-02
ATT04642,STU04642,98.39,4,0,2026-10-02
ATT04643,STU04643,78.14,15,5,2026-10-02
ATT04644,STU04644,74.23,14,4,2026-10-02
ATT04645,STU04645,92.99,6,1,2026-10-02
ATT04646,STU04646,80.02,12,1,2026-10-02
ATT04647,STU04647,89.61,5,1,2026-10-02
ATT04648,STU04648,76.94,13,2,2026-10-02
ATT04649,STU04649,68.08,22,6,2026-10-02
ATT04650,STU04650,75.37,16,8,2026-10-02
ATT04651,STU04651,81.72,12,2,2026-10-02
ATT04652,STU04652,63.34,23,8,2026-10-02
ATT04653,STU04653,56.59,28,10,2026-10-02
ATT04654,STU04654,94.24,3,0,2026-10-02
ATT04655,STU04655,62.15,26,7,2026-10-02
ATT04656,STU04656,74.58,17,2,2026-10-02
ATT04657,STU04657,99.29,0,0,2026-10-02
ATT04658,STU04658,85.05,10,4,2026-10-02
ATT04659,STU04659,90.0,7,0,2026-10-02
ATT04660,STU04660,88.48,6,3,2026-10-02
ATT04661,STU04661,79.46,13,4,2026-10-02
ATT04662,STU04662,98.73,1,0,2026-10-02
ATT04663,STU04663,78.47,13,3,2026-10-02
ATT04664,STU04664,75.08,16,7,2026-10-02
ATT04665,STU04665,67.8,20,8,2026-10-02
ATT04666,STU04666,60.15,24,8,2026-10-02
ATT04667,STU04667,91.55,6,0,2026-10-02
ATT04668,STU04668,94.97,4,0,2026-10-02
ATT04669,STU04669,66.02,18,7,2026-10-02
ATT04670,STU04670,100.0,0,0,2026-10-02
ATT04671,STU04671,98.58,0,0,2026-10-02
ATT04672,STU04672,77.36,16,4,2026-10-02
ATT04673,STU04673,100.0,0,0,2026-10-02
ATT04674,STU04674,71.18,20,4,2026-10-02
ATT04675,STU04675,92.52,4,0,2026-10-02
ATT04676,STU04676,70.61,19,7,2026-10-02
ATT04677,STU04677,77.9,13,3,2026-10-02
ATT04678,STU04678,73.08,20,7,2026-10-02
ATT04679,STU04679,96.53,2,0,2026-10-02
ATT04680,STU04680,85.99,10,3,2026-10-02
ATT04681,STU04681,78.3,12,3,2026-10-02
ATT04682,STU04682,71.15,18,8,2026-10-02
ATT04683,STU04683,94.64,6,2,2026-10-02
ATT04684,STU04684,87.58,8,1,2026-10-02
ATT04685,STU04685,75.61,16,4,2026-10-02
ATT04686,STU04686,90.05,5,1,2026-10-02
ATT04687,STU04687,95.12,6,0,2026-10-02
ATT04688,STU04688,70.57,18,3,2026-10-02
ATT04689,STU04689,100.0,3,1,2026-10-02
ATT04690,STU04690,84.84,6,1,2026-10-02
ATT04691,STU04691,93.31,7,1,2026-10-02
ATT04692,STU04692,91.24,4,3,2026-10-02
ATT04693,STU04693,81.24,11,6,2026-10-02
ATT04694,STU04694,69.68,21,5,2026-10-02
ATT04695,STU04695,100.0,1,0,2026-10-02
ATT04696,STU04696,78.04,17,4,2026-10-02
ATT04697,STU04697,91.63,3,2,2026-10-02
ATT04698,STU04698,63.97,24,7,2026-10-02
ATT04699,STU04699,95.01,2,0,2026-10-02
ATT04700,STU04700,91.84,7,3,2026-10-02
ATT04701,STU04701,67.25,25,8,2026-10-02
ATT04702,STU04702,76.56,15,5,2026-10-02
ATT04703,STU04703,96.29,3,0,2026-10-02
ATT04704,STU04704,82.94,11,2,2026-10-02
ATT04705,STU04705,91.05,6,1,2026-10-02
ATT04706,STU04706,70.74,19,7,2026-10-02
ATT04707,STU04707,72.61,18,2,2026-10-02
ATT04708,STU04708,76.52,14,4,2026-10-02
ATT04709,STU04709,86.17,9,0,2026-10-02
ATT04710,STU04710,79.66,12,6,2026-10-02
ATT04711,STU04711,79.68,11,2,2026-10-02
ATT04712,STU04712,82.26,9,2,2026-10-02
ATT04713,STU04713,94.33,2,0,2026-10-02
ATT04714,STU04714,64.38,23,6,2026-10-02
ATT04715,STU04715,86.13,10,0,2026-10-02
ATT04716,STU04716,89.83,4,3,2026-10-02
ATT04717,STU04717,78.05,13,5,2026-10-02
ATT04718,STU04718,70.22,20,4,2026-10-02
ATT04719,STU04719,86.6,7,1,2026-10-02
ATT04720,STU04720,84.36,12,1,2026-10-02
ATT04721,STU04721,74.51,17,4,2026-10-02
ATT04722,STU04722,96.23,4,0,2026-10-02
ATT04723,STU04723,75.02,16,5,2026-10-02
ATT04724,STU04724,88.56,7,0,2026-10-02
ATT04725,STU04725,57.59,28,11,2026-10-02
ATT04726,STU04726,67.61,20,6,2026-10-02
ATT04727,STU04727,76.07,16,5,2026-10-02
ATT04728,STU04728,100.0,0,0,2026-10-02
ATT04729,STU04729,73.32,17,5,2026-10-02
ATT04730,STU04730,95.46,1,0,2026-10-02
ATT04731,STU04731,87.99,11,2,2026-10-02
ATT04732,STU04732,74.79,17,4,2026-10-02
ATT04733,STU04733,78.4,15,4,2026-10-02
ATT04734,STU04734,81.67,10,2,2026-10-02
ATT04735,STU04735,76.33,15,2,2026-10-02
ATT04736,STU04736,84.33,11,3,2026-10-02
ATT04737,STU04737,87.63,10,2,2026-10-02
ATT04738,STU04738,71.72,18,7,2026-10-02
ATT04739,STU04739,99.45,0,0,2026-10-02
ATT04740,STU04740,94.57,5,0,2026-10-02
ATT04741,STU04741,81.04,13,6,2026-10-02
ATT04742,STU04742,81.84,11,2,2026-10-02
ATT04743,STU04743,69.39,19,5,2026-10-02
ATT04744,STU04744,81.61,11,3,2026-10-02
ATT04745,STU04745,65.54,21,5,2026-10-02
ATT04746,STU04746,100.0,3,0,2026-10-02
ATT04747,STU04747,94.28,4,2,2026-10-02
ATT04748,STU04748,95.68,2,0,2026-10-02
ATT04749,STU04749,77.42,16,3,2026-10-02
ATT04750,STU04750,68.59,19,4,2026-10-02
ATT04751,STU04751,62.55,25,11,2026-10-02
ATT04752,STU04752,72.57,17,2,2026-10-02
ATT04753,STU04753,91.13,5,2,2026-10-02
ATT04754,STU04754,89.29,8,5,2026-10-02
ATT04755,STU04755,97.76,2,0,2026-10-02
ATT04756,STU04756,78.95,15,4,2026-10-02
ATT04757,STU04757,98.9,0,0,2026-10-02
ATT04758,STU04758,80.79,15,4,2026-10-02
ATT04759,STU04759,68.8,21,10,2026-10-02
ATT04760,STU04760,87.59,9,0,2026-10-02
ATT04761,STU04761,95.13,3,0,2026-10-02
ATT04762,STU04762,86.99,8,1,2026-10-02
ATT04763,STU04763,96.64,2,0,2026-10-02
ATT04764,STU04764,63.36,26,7,2026-10-02
ATT04765,STU04765,98.27,2,0,2026-10-02
ATT04766,STU04766,83.19,13,4,2026-10-02
ATT04767,STU04767,88.1,7,3,2026-10-02
ATT04768,STU04768,82.93,11,4,2026-10-02
ATT04769,STU04769,76.29,16,3,2026-10-02
ATT04770,STU04770,79.08,15,2,2026-10-02
ATT04771,STU04771,70.48,20,7,2026-10-02
ATT04772,STU04772,82.19,13,7,2026-10-02
ATT04773,STU04773,77.14,18,7,2026-10-02
ATT04774,STU04774,80.03,12,0,2026-10-02
ATT04775,STU04775,80.07,11,1,2026-10-02
ATT04776,STU04776,95.74,2,0,2026-10-02
ATT04777,STU04777,81.75,12,4,2026-10-02
ATT04778,STU04778,92.89,6,2,2026-10-02
ATT04779,STU04779,78.09,16,1,2026-10-02
ATT04780,STU04780,81.75,12,2,2026-10-02
ATT04781,STU04781,77.8,14,4,2026-10-02
ATT04782,STU04782,76.81,14,2,2026-10-02
ATT04783,STU04783,63.42,24,7,2026-10-02
ATT04784,STU04784,75.72,16,2,2026-10-02
ATT04785,STU04785,95.41,4,2,2026-10-02
ATT04786,STU04786,79.75,16,9,2026-10-02
ATT04787,STU04787,81.73,13,4,2026-10-02
ATT04788,STU04788,69.18,21,3,2026-10-02
ATT04789,STU04789,84.5,11,1,2026-10-02
ATT04790,STU04790,96.62,2,0,2026-10-02
ATT04791,STU04791,71.3,17,4,2026-10-02
ATT04792,STU04792,81.13,11,1,2026-10-02
ATT04793,STU04793,88.92,9,1,2026-10-02
ATT04794,STU04794,94.73,5,2,2026-10-02
ATT04795,STU04795,85.76,12,2,2026-10-02
ATT04796,STU04796,49.36,32,12,2026-10-02
ATT04797,STU04797,87.33,9,6,2026-10-02
ATT04798,STU04798,59.02,25,8,2026-10-02
ATT04799,STU04799,73.3,18,3,2026-10-02
ATT04800,STU04800,81.21,13,6,2026-10-02
ATT04801,STU04801,84.71,8,0,2026-10-02
ATT04802,STU04802,89.28,7,2,2026-10-02
ATT04803,STU04803,88.63,4,0,2026-10-02
ATT04804,STU04804,74.2,16,5,2026-10-02
ATT04805,STU04805,74.84,13,6,2026-10-02
ATT04806,STU04806,78.4,16,2,2026-10-02
ATT04807,STU04807,75.46,14,5,2026-10-02
ATT04808,STU04808,84.78,10,5,2026-10-02
ATT04809,STU04809,82.54,12,2,2026-10-02
ATT04810,STU04810,71.28,19,7,2026-10-02
ATT04811,STU04811,82.62,12,5,2026-10-02
ATT04812,STU04812,87.06,9,4,2026-10-02
ATT04813,STU04813,79.27,13,6,2026-10-02
ATT04814,STU04814,78.67,12,2,2026-10-02
ATT04815,STU04815,75.48,18,6,2026-10-02
ATT04816,STU04816,69.95,18,5,2026-10-02
ATT04817,STU04817,95.54,3,0,2026-10-02
ATT04818,STU04818,79.5,14,2,2026-10-02
ATT04819,STU04819,100.0,1,0,2026-10-02
ATT04820,STU04820,96.81,3,0,2026-10-02
ATT04821,STU04821,89.54,9,3,2026-10-02
ATT04822,STU04822,38.31,39,15,2026-10-02
ATT04823,STU04823,70.27,21,8,2026-10-02
ATT04824,STU04824,96.43,1,0,2026-10-02
ATT04825,STU04825,68.42,21,6,2026-10-02
ATT04826,STU04826,64.68,24,4,2026-10-02
ATT04827,STU04827,76.29,17,7,2026-10-02
ATT04828,STU04828,83.17,11,1,2026-10-02
ATT04829,STU04829,96.8,2,0,2026-10-02
ATT04830,STU04830,73.7,18,5,2026-10-02
ATT04831,STU04831,95.11,1,0,2026-10-02
ATT04832,STU04832,78.48,17,5,2026-10-02
ATT04833,STU04833,79.28,14,5,2026-10-02
ATT04834,STU04834,69.67,20,3,2026-10-02
ATT04835,STU04835,75.41,17,1,2026-10-02
ATT04836,STU04836,79.21,16,5,2026-10-02
ATT04837,STU04837,85.19,10,2,2026-10-02
ATT04838,STU04838,96.07,1,0,2026-10-02
ATT04839,STU04839,74.97,19,6,2026-10-02
ATT04840,STU04840,78.33,15,2,2026-10-02
ATT04841,STU04841,100.0,1,0,2026-10-02
ATT04842,STU04842,94.53,4,0,2026-10-02
ATT04843,STU04843,85.49,9,3,2026-10-02
ATT04844,STU04844,85.01,9,3,2026-10-02
ATT04845,STU04845,91.03,6,0,2026-10-02
ATT04846,STU04846,74.12,17,3,2026-10-02
ATT04847,STU04847,78.59,14,1,2026-10-02
ATT04848,STU04848,79.65,13,2,2026-10-02
ATT04849,STU04849,63.91,22,5,2026-10-02
ATT04850,STU04850,82.52,14,6,2026-10-02
ATT04851,STU04851,75.34,19,7,2026-10-02
ATT04852,STU04852,89.76,5,3,2026-10-02
ATT04853,STU04853,77.56,14,3,2026-10-02
ATT04854,STU04854,82.95,12,2,2026-10-02
ATT04855,STU04855,73.65,18,5,2026-10-02
ATT04856,STU04856,80.85,14,2,2026-10-02
ATT04857,STU04857,93.17,5,3,2026-10-02
ATT04858,STU04858,81.13,12,5,2026-10-02
ATT04859,STU04859,75.59,15,7,2026-10-02
ATT04860,STU04860,65.28,23,8,2026-10-02
ATT04861,STU04861,72.36,19,3,2026-10-02
ATT04862,STU04862,67.24,21,7,2026-10-02
ATT04863,STU04863,91.86,5,2,2026-10-02
ATT04864,STU04864,62.13,26,8,2026-10-02
ATT04865,STU04865,94.76,4,2,2026-10-02
ATT04866,STU04866,76.68,15,4,2026-10-02
ATT04867,STU04867,91.28,5,0,2026-10-02
ATT04868,STU04868,70.99,20,5,2026-10-02
ATT04869,STU04869,58.93,26,9,2026-10-02
ATT04870,STU04870,77.84,15,3,2026-10-02
ATT04871,STU04871,64.31,21,6,2026-10-02
ATT04872,STU04872,88.18,7,2,2026-10-02
ATT04873,STU04873,79.86,11,1,2026-10-02
ATT04874,STU04874,83.47,10,1,2026-10-02
ATT04875,STU04875,93.56,3,3,2026-10-02
ATT04876,STU04876,75.73,15,8,2026-10-02
ATT04877,STU04877,83.71,9,2,2026-10-02
ATT04878,STU04878,77.51,13,5,2026-10-02
ATT04879,STU04879,89.92,3,0,2026-10-02
ATT04880,STU04880,86.74,9,2,2026-10-02
ATT04881,STU04881,57.29,28,7,2026-10-02
ATT04882,STU04882,91.06,7,0,2026-10-02
ATT04883,STU04883,74.67,17,5,2026-10-02
ATT04884,STU04884,92.51,2,0,2026-10-02
ATT04885,STU04885,81.27,12,5,2026-10-02
ATT04886,STU04886,68.72,18,8,2026-10-02
ATT04887,STU04887,89.63,5,1,2026-10-02
ATT04888,STU04888,79.23,13,7,2026-10-02
ATT04889,STU04889,76.11,16,4,2026-10-02
ATT04890,STU04890,84.42,9,4,2026-10-02
ATT04891,STU04891,68.0,22,7,2026-10-02
ATT04892,STU04892,97.36,1,0,2026-10-02
ATT04893,STU04893,83.07,7,1,2026-10-02
ATT04894,STU04894,67.15,23,3,2026-10-02
ATT04895,STU04895,65.84,22,5,2026-10-02
ATT04896,STU04896,72.31,18,5,2026-10-02
ATT04897,STU04897,77.07,14,6,2026-10-02
ATT04898,STU04898,97.23,2,0,2026-10-02
ATT04899,STU04899,96.53,4,0,2026-10-02
ATT04900,STU04900,95.89,3,0,2026-10-02
ATT04901,STU04901,77.42,17,6,2026-10-02
ATT04902,STU04902,53.92,28,10,2026-10-02
ATT04903,STU04903,98.84,4,1,2026-10-02
ATT04904,STU04904,72.86,15,1,2026-10-02
ATT04905,STU04905,81.48,11,1,2026-10-02
ATT04906,STU04906,74.65,15,5,2026-10-02
ATT04907,STU04907,95.91,2,0,2026-10-02
ATT04908,STU04908,74.22,17,6,2026-10-02
ATT04909,STU04909,67.57,24,8,2026-10-02
ATT04910,STU04910,74.68,15,4,2026-10-02
ATT04911,STU04911,76.62,13,3,2026-10-02
ATT04912,STU04912,69.13,22,4,2026-10-02
ATT04913,STU04913,70.88,20,4,2026-10-02
ATT04914,STU04914,91.36,6,4,2026-10-02
ATT04915,STU04915,78.98,13,4,2026-10-02
ATT04916,STU04916,85.05,10,3,2026-10-02
ATT04917,STU04917,71.76,20,3,2026-10-02
ATT04918,STU04918,89.97,8,0,2026-10-02
ATT04919,STU04919,73.09,17,3,2026-10-02
ATT04920,STU04920,80.96,12,3,2026-10-02
ATT04921,STU04921,91.73,5,0,2026-10-02
ATT04922,STU04922,88.04,9,0,2026-10-02
ATT04923,STU04923,83.3,11,2,2026-10-02
ATT04924,STU04924,94.96,4,0,2026-10-02
ATT04925,STU04925,100.0,4,0,2026-10-02
ATT04926,STU04926,74.54,16,8,2026-10-02
ATT04927,STU04927,83.47,10,3,2026-10-02
ATT04928,STU04928,86.17,8,0,2026-10-02
ATT04929,STU04929,75.8,16,4,2026-10-02
ATT04930,STU04930,88.71,8,4,2026-10-02
ATT04931,STU04931,70.98,19,3,2026-10-02
ATT04932,STU04932,88.75,6,1,2026-10-02
ATT04933,STU04933,70.89,21,4,2026-10-02
ATT04934,STU04934,76.62,16,4,2026-10-02
ATT04935,STU04935,77.94,16,0,2026-10-02
ATT04936,STU04936,79.92,11,3,2026-10-02
ATT04937,STU04937,63.91,24,9,2026-10-02
ATT04938,STU04938,62.61,27,9,2026-10-02
ATT04939,STU04939,93.75,5,0,2026-10-02
ATT04940,STU04940,67.26,19,4,2026-10-02
ATT04941,STU04941,71.01,20,3,2026-10-02
ATT04942,STU04942,88.06,8,2,2026-10-02
ATT04943,STU04943,86.15,9,0,2026-10-02
ATT04944,STU04944,77.31,16,4,2026-10-02
ATT04945,STU04945,78.74,15,4,2026-10-02
ATT04946,STU04946,45.15,37,13,2026-10-02
ATT04947,STU04947,66.82,21,7,2026-10-02
ATT04948,STU04948,84.41,10,6,2026-10-02
ATT04949,STU04949,80.33,15,3,2026-10-02
ATT04950,STU04950,79.58,12,4,2026-10-02
ATT04951,STU04951,66.98,19,8,2026-10-02
ATT04952,STU04952,91.36,4,0,2026-10-02
ATT04953,STU04953,71.53,17,2,2026-10-02
ATT04954,STU04954,90.13,4,0,2026-10-02
ATT04955,STU04955,88.5,6,0,2026-10-02
ATT04956,STU04956,71.01,18,6,2026-10-02
ATT04957,STU04957,55.73,28,6,2026-10-02
ATT04958,STU04958,100.0,0,0,2026-10-02
ATT04959,STU04959,86.49,9,3,2026-10-02
ATT04960,STU04960,70.5,19,6,2026-10-02
ATT04961,STU04961,83.76,14,3,2026-10-02
ATT04962,STU04962,79.06,13,5,2026-10-02
ATT04963,STU04963,76.61,17,3,2026-10-02
ATT04964,STU04964,74.34,18,6,2026-10-02
ATT04965,STU04965,77.19,15,6,2026-10-02
ATT04966,STU04966,99.15,1,0,2026-10-02
ATT04967,STU04967,77.73,13,5,2026-10-02
ATT04968,STU04968,38.46,36,15,2026-10-02
ATT04969,STU04969,89.14,8,2,2026-10-02
ATT04970,STU04970,82.97,9,4,2026-10-02
ATT04971,STU04971,75.08,18,6,2026-10-02
ATT04972,STU04972,80.64,11,2,2026-10-02
ATT04973,STU04973,100.0,0,0,2026-10-02
ATT04974,STU04974,90.97,5,1,2026-10-02
ATT04975,STU04975,86.98,8,1,2026-10-02
ATT04976,STU04976,92.17,4,4,2026-10-02
ATT04977,STU04977,82.24,14,3,2026-10-02
ATT04978,STU04978,81.29,12,2,2026-10-02
ATT04979,STU04979,87.64,8,3,2026-10-02
ATT04980,STU04980,78.25,16,6,2026-10-02
ATT04981,STU04981,73.91,18,5,2026-10-02
ATT04982,STU04982,85.46,11,1,2026-10-02
ATT04983,STU04983,82.61,11,5,2026-10-02
ATT04984,STU04984,71.82,17,4,2026-10-02
ATT04985,STU04985,91.44,8,2,2026-10-02
ATT04986,STU04986,61.55,26,8,2026-10-02
ATT04987,STU04987,80.33,14,4,2026-10-02
ATT04988,STU04988,80.93,14,1,2026-10-02
ATT04989,STU04989,97.86,4,0,2026-10-02
ATT04990,STU04990,90.4,8,2,2026-10-02
ATT04991,STU04991,85.92,9,2,2026-10-02
ATT04992,STU04992,70.76,17,7,2026-10-02
ATT04993,STU04993,77.47,16,7,2026-10-02
ATT04994,STU04994,82.61,11,1,2026-10-02
ATT04995,STU04995,91.83,7,0,2026-10-02
ATT04996,STU04996,88.28,6,0,2026-10-02
ATT04997,STU04997,60.84,27,12,2026-10-02
ATT04998,STU04998,79.43,13,7,2026-10-02
ATT04999,STU04999,86.29,8,2,2026-10-02
ATT05000,STU05000,65.24,23,5,2026-10-02
ATT05001,STU05001,78.4,13,1,2026-10-02
ATT05002,STU05002,74.37,17,6,2026-10-02
ATT05003,STU05003,95.48,3,1,2026-10-02
ATT05004,STU05004,99.01,1,1,2026-10-02
ATT05005,STU05005,88.75,4,3,2026-10-02
ATT05006,STU05006,66.59,18,4,2026-10-02
ATT05007,STU05007,79.16,14,6,2026-10-02
ATT05008,STU05008,95.8,4,3,2026-10-02
ATT05009,STU05009,80.73,12,1,2026-10-02
ATT05010,STU05010,81.28,12,4,2026-10-02
ATT05011,STU05011,76.51,15,3,2026-10-02
ATT05012,STU05012,85.78,9,4,2026-10-02
ATT05013,STU05013,92.72,5,0,2026-10-02
ATT05014,STU05014,83.58,10,2,2026-10-02
ATT05015,STU05015,70.16,19,6,2026-10-02
ATT05016,STU05016,71.83,17,5,2026-10-02
ATT05017,STU05017,89.64,10,2,2026-10-02
ATT05018,STU05018,80.55,12,6,2026-10-02
ATT05019,STU05019,81.51,11,4,2026-10-02
ATT05020,STU05020,69.55,20,7,2026-10-02
ATT05021,STU05021,74.55,16,6,2026-10-02
ATT05022,STU05022,100.0,1,0,2026-10-02
ATT05023,STU05023,97.75,1,0,2026-10-02
ATT05024,STU05024,76.06,15,4,2026-10-02
ATT05025,STU05025,73.02,15,6,2026-10-02
ATT05026,STU05026,96.22,3,0,2026-10-02
ATT05027,STU05027,100.0,0,0,2026-10-02
ATT05028,STU05028,71.17,18,4,2026-10-02
ATT05029,STU05029,78.28,13,3,2026-10-02
ATT05030,STU05030,67.58,22,6,2026-10-02
ATT05031,STU05031,86.07,7,2,2026-10-02
ATT05032,STU05032,83.96,10,0,2026-10-02
ATT05033,STU05033,46.04,33,12,2026-10-02
ATT05034,STU05034,78.55,15,4,2026-10-02
ATT05035,STU05035,70.4,18,4,2026-10-02
ATT05036,STU05036,87.96,7,0,2026-10-02
ATT05037,STU05037,71.29,17,5,2026-10-02
ATT05038,STU05038,77.95,15,4,2026-10-02
ATT05039,STU05039,95.84,3,2,2026-10-02
ATT05040,STU05040,73.66,18,5,2026-10-02
ATT05041,STU05041,92.02,7,3,2026-10-02
ATT05042,STU05042,77.61,14,1,2026-10-02
ATT05043,STU05043,69.44,18,7,2026-10-02
ATT05044,STU05044,95.4,4,0,2026-10-02
ATT05045,STU05045,95.53,4,1,2026-10-02
ATT05046,STU05046,93.96,3,0,2026-10-02
ATT05047,STU05047,74.93,18,6,2026-10-02
ATT05048,STU05048,100.0,0,0,2026-10-02
ATT05049,STU05049,75.88,15,1,2026-10-02
ATT05050,STU05050,80.66,12,1,2026-10-02
ATT05051,STU05051,79.21,14,5,2026-10-02
ATT05052,STU05052,73.97,17,3,2026-10-02
ATT05053,STU05053,73.66,18,5,2026-10-02
ATT05054,STU05054,85.54,9,2,2026-10-02
ATT05055,STU05055,64.64,26,7,2026-10-02
ATT05056,STU05056,83.67,8,0,2026-10-02
ATT05057,STU05057,88.54,10,2,2026-10-02
ATT05058,STU05058,93.34,4,0,2026-10-02
ATT05059,STU05059,70.75,18,5,2026-10-02
ATT05060,STU05060,66.63,21,4,2026-10-02
ATT05061,STU05061,81.4,11,2,2026-10-02
ATT05062,STU05062,76.09,13,2,2026-10-02
ATT05063,STU05063,63.26,22,5,2026-10-02
ATT05064,STU05064,72.92,17,6,2026-10-02
ATT05065,STU05065,77.28,15,6,2026-10-02
ATT05066,STU05066,86.12,8,3,2026-10-02
ATT05067,STU05067,85.99,9,1,2026-10-02
ATT05068,STU05068,96.42,3,0,2026-10-02
ATT05069,STU05069,89.85,6,1,2026-10-02
ATT05070,STU05070,83.64,10,4,2026-10-02
ATT05071,STU05071,85.64,8,1,2026-10-02
ATT05072,STU05072,81.06,12,3,2026-10-02
ATT05073,STU05073,89.95,6,0,2026-10-02
ATT05074,STU05074,84.72,9,0,2026-10-02
ATT05075,STU05075,72.86,19,8,2026-10-02
ATT05076,STU05076,90.01,10,2,2026-10-02
ATT05077,STU05077,71.61,19,8,2026-10-02
ATT05078,STU05078,100.0,2,0,2026-10-02
ATT05079,STU05079,75.34,14,4,2026-10-02
ATT05080,STU05080,69.81,20,6,2026-10-02
ATT05081,STU05081,78.9,15,5,2026-10-02
ATT05082,STU05082,83.97,11,0,2026-10-02
ATT05083,STU05083,78.39,16,6,2026-10-02
ATT05084,STU05084,75.46,15,4,2026-10-02
ATT05085,STU05085,79.7,12,4,2026-10-02
ATT05086,STU05086,61.82,25,9,2026-10-02
ATT05087,STU05087,77.23,13,3,2026-10-02
ATT05088,STU05088,80.7,12,1,2026-10-02
ATT05089,STU05089,58.03,24,7,2026-10-02
ATT05090,STU05090,82.17,13,3,2026-10-02
ATT05091,STU05091,93.11,3,0,2026-10-02
ATT05092,STU05092,95.94,3,0,2026-10-02
ATT05093,STU05093,85.81,7,1,2026-10-02
ATT05094,STU05094,97.96,1,0,2026-10-02
ATT05095,STU05095,79.89,15,2,2026-10-02
ATT05096,STU05096,79.87,12,4,2026-10-02
ATT05097,STU05097,74.18,19,5,2026-10-02
ATT05098,STU05098,86.35,7,1,2026-10-02
ATT05099,STU05099,65.37,22,6,2026-10-02
ATT05100,STU05100,91.71,9,3,2026-10-02
ATT05101,STU05101,93.77,3,0,2026-10-02
ATT05102,STU05102,75.55,18,3,2026-10-02
ATT05103,STU05103,53.32,29,11,2026-10-02
ATT05104,STU05104,84.46,12,2,2026-10-02
ATT05105,STU05105,78.35,13,2,2026-10-02
ATT05106,STU05106,85.72,8,4,2026-10-02
ATT05107,STU05107,88.84,6,3,2026-10-02
ATT05108,STU05108,100.0,1,1,2026-10-02
ATT05109,STU05109,87.03,8,1,2026-10-02
ATT05110,STU05110,82.29,10,3,2026-10-02
ATT05111,STU05111,90.88,5,0,2026-10-02
ATT05112,STU05112,91.83,8,0,2026-10-02
ATT05113,STU05113,82.16,12,3,2026-10-02
ATT05114,STU05114,73.38,19,3,2026-10-02
ATT05115,STU05115,71.84,19,2,2026-10-02
ATT05116,STU05116,50.47,29,9,2026-10-02
ATT05117,STU05117,79.34,14,5,2026-10-02
ATT05118,STU05118,79.1,14,3,2026-10-02
ATT05119,STU05119,79.63,14,3,2026-10-02
ATT05120,STU05120,87.74,5,3,2026-10-02
ATT05121,STU05121,89.96,7,2,2026-10-02
ATT05122,STU05122,86.28,9,5,2026-10-02
ATT05123,STU05123,65.67,22,8,2026-10-02
ATT05124,STU05124,69.64,20,5,2026-10-02
ATT05125,STU05125,72.11,14,3,2026-10-02
ATT05126,STU05126,70.69,19,5,2026-10-02
ATT05127,STU05127,61.83,25,7,2026-10-02
ATT05128,STU05128,89.67,8,0,2026-10-02
ATT05129,STU05129,71.92,18,3,2026-10-02
ATT05130,STU05130,100.0,2,2,2026-10-02
ATT05131,STU05131,90.5,6,5,2026-10-02
ATT05132,STU05132,73.73,17,5,2026-10-02
ATT05133,STU05133,82.05,9,1,2026-10-02
ATT05134,STU05134,91.71,4,1,2026-10-02
ATT05135,STU05135,78.54,13,2,2026-10-02
ATT05136,STU05136,96.25,6,2,2026-10-02
ATT05137,STU05137,81.67,12,2,2026-10-02
ATT05138,STU05138,89.95,7,2,2026-10-02
ATT05139,STU05139,92.55,6,1,2026-10-02
ATT05140,STU05140,84.51,9,0,2026-10-02
ATT05141,STU05141,87.98,9,2,2026-10-02
ATT05142,STU05142,86.47,12,3,2026-10-02
ATT05143,STU05143,81.03,13,6,2026-10-02
ATT05144,STU05144,95.68,3,2,2026-10-02
ATT05145,STU05145,78.92,14,6,2026-10-02
ATT05146,STU05146,92.18,6,4,2026-10-02
ATT05147,STU05147,74.02,17,6,2026-10-02
ATT05148,STU05148,83.39,7,1,2026-10-02
ATT05149,STU05149,86.75,9,1,2026-10-02
ATT05150,STU05150,100.0,0,0,2026-10-02
ATT05151,STU05151,96.01,2,0,2026-10-02
ATT05152,STU05152,97.81,0,0,2026-10-02
ATT05153,STU05153,78.05,16,6,2026-10-02
ATT05154,STU05154,67.83,19,8,2026-10-02
ATT05155,STU05155,83.01,12,3,2026-10-02
ATT05156,STU05156,82.23,12,0,2026-10-02
ATT05157,STU05157,83.46,10,3,2026-10-02
ATT05158,STU05158,69.99,21,7,2026-10-02
ATT05159,STU05159,97.85,0,0,2026-10-02
ATT05160,STU05160,95.07,3,0,2026-10-02
ATT05161,STU05161,72.19,14,5,2026-10-02
ATT05162,STU05162,76.4,16,2,2026-10-02
ATT05163,STU05163,100.0,0,0,2026-10-02
ATT05164,STU05164,70.15,19,6,2026-10-02
ATT05165,STU05165,74.81,14,4,2026-10-02
ATT05166,STU05166,83.87,10,5,2026-10-02
ATT05167,STU05167,91.89,8,0,2026-10-02
ATT05168,STU05168,97.72,1,0,2026-10-02
ATT05169,STU05169,71.98,16,5,2026-10-02
ATT05170,STU05170,50.05,33,11,2026-10-02
ATT05171,STU05171,71.94,19,3,2026-10-02
ATT05172,STU05172,77.69,19,5,2026-10-02
ATT05173,STU05173,100.0,0,0,2026-10-02
ATT05174,STU05174,94.79,2,0,2026-10-02
ATT05175,STU05175,87.69,10,3,2026-10-02
ATT05176,STU05176,90.55,6,2,2026-10-02
ATT05177,STU05177,76.09,17,6,2026-10-02
ATT05178,STU05178,100.0,0,0,2026-10-02
ATT05179,STU05179,77.98,15,0,2026-10-02
ATT05180,STU05180,72.24,18,5,2026-10-02
ATT05181,STU05181,81.03,13,4,2026-10-02
ATT05182,STU05182,79.31,12,1,2026-10-02
ATT05183,STU05183,70.5,22,8,2026-10-02
ATT05184,STU05184,85.07,8,1,2026-10-02
ATT05185,STU05185,80.26,13,1,2026-10-02
ATT05186,STU05186,91.96,6,0,2026-10-02
ATT05187,STU05187,82.56,10,1,2026-10-02
ATT05188,STU05188,94.12,4,0,2026-10-02
ATT05189,STU05189,100.0,3,0,2026-10-02
ATT05190,STU05190,71.66,17,5,2026-10-02
ATT05191,STU05191,99.25,1,0,2026-10-02
ATT05192,STU05192,66.52,22,6,2026-10-02
ATT05193,STU05193,71.09,21,9,2026-10-02
ATT05194,STU05194,80.99,11,1,2026-10-02
ATT05195,STU05195,88.09,6,1,2026-10-02
ATT05196,STU05196,87.38,6,3,2026-10-02
ATT05197,STU05197,86.15,8,4,2026-10-02
ATT05198,STU05198,81.33,10,0,2026-10-02
ATT05199,STU05199,77.94,15,3,2026-10-02
ATT05200,STU05200,82.24,11,4,2026-10-02
ATT05201,STU05201,98.84,0,0,2026-10-02
ATT05202,STU05202,100.0,0,0,2026-10-02
ATT05203,STU05203,81.38,11,3,2026-10-02
ATT05204,STU05204,45.57,34,13,2026-10-02
ATT05205,STU05205,100.0,0,0,2026-10-02
ATT05206,STU05206,64.29,22,6,2026-10-02
ATT05207,STU05207,83.63,12,2,2026-10-02
ATT05208,STU05208,88.07,5,3,2026-10-02
ATT05209,STU05209,87.2,11,4,2026-10-02
ATT05210,STU05210,78.09,14,4,2026-10-02
ATT05211,STU05211,84.08,13,0,2026-10-02
ATT05212,STU05212,100.0,2,0,2026-10-02
ATT05213,STU05213,81.97,15,5,2026-10-02
ATT05214,STU05214,85.24,11,4,2026-10-02
ATT05215,STU05215,80.06,11,0,2026-10-02
ATT05216,STU05216,57.72,26,10,2026-10-02
ATT05217,STU05217,82.98,10,2,2026-10-02
ATT05218,STU05218,90.22,6,0,2026-10-02
ATT05219,STU05219,100.0,0,0,2026-10-02
ATT05220,STU05220,75.95,19,4,2026-10-02
ATT05221,STU05221,75.87,14,3,2026-10-02
ATT05222,STU05222,79.61,13,6,2026-10-02
ATT05223,STU05223,79.44,16,6,2026-10-02
ATT05224,STU05224,97.37,1,1,2026-10-02
ATT05225,STU05225,52.86,27,8,2026-10-02
ATT05226,STU05226,87.03,9,2,2026-10-02
ATT05227,STU05227,83.52,10,4,2026-10-02
ATT05228,STU05228,73.82,18,4,2026-10-02
ATT05229,STU05229,91.5,7,0,2026-10-02
ATT05230,STU05230,100.0,1,0,2026-10-02
ATT05231,STU05231,74.49,16,4,2026-10-02
ATT05232,STU05232,88.97,6,4,2026-10-02
ATT05233,STU05233,73.39,17,4,2026-10-02
ATT05234,STU05234,82.64,10,2,2026-10-02
ATT05235,STU05235,78.19,15,4,2026-10-02
ATT05236,STU05236,100.0,0,0,2026-10-02
ATT05237,STU05237,90.92,6,1,2026-10-02
ATT05238,STU05238,92.4,8,0,2026-10-02
ATT05239,STU05239,76.92,14,2,2026-10-02
ATT05240,STU05240,62.72,27,6,2026-10-02
ATT05241,STU05241,100.0,2,0,2026-10-02
ATT05242,STU05242,95.26,1,0,2026-10-02
ATT05243,STU05243,84.8,8,2,2026-10-02
ATT05244,STU05244,52.59,31,10,2026-10-02
ATT05245,STU05245,77.19,14,1,2026-10-02
ATT05246,STU05246,95.13,2,0,2026-10-02
ATT05247,STU05247,100.0,0,0,2026-10-02
ATT05248,STU05248,88.34,6,4,2026-10-02
ATT05249,STU05249,68.69,20,4,2026-10-02
ATT05250,STU05250,87.66,10,1,2026-10-02
ATT05251,STU05251,74.58,14,2,2026-10-02
ATT05252,STU05252,88.91,7,0,2026-10-02
ATT05253,STU05253,76.58,18,2,2026-10-02
ATT05254,STU05254,86.01,11,2,2026-10-02
ATT05255,STU05255,78.98,11,5,2026-10-02
ATT05256,STU05256,96.72,4,0,2026-10-02
ATT05257,STU05257,100.0,0,0,2026-10-02
ATT05258,STU05258,83.66,9,3,2026-10-02
ATT05259,STU05259,91.12,7,0,2026-10-02
ATT05260,STU05260,61.94,27,6,2026-10-02
ATT05261,STU05261,75.23,19,0,2026-10-02
ATT05262,STU05262,100.0,0,0,2026-10-02
ATT05263,STU05263,74.91,17,6,2026-10-02
ATT05264,STU05264,99.49,0,0,2026-10-02
ATT05265,STU05265,96.93,1,1,2026-10-02
ATT05266,STU05266,75.84,15,3,2026-10-02
ATT05267,STU05267,68.18,20,8,2026-10-02
ATT05268,STU05268,87.83,10,0,2026-10-02
ATT05269,STU05269,78.61,11,6,2026-10-02
ATT05270,STU05270,77.01,14,5,2026-10-02
ATT05271,STU05271,69.08,22,5,2026-10-02
ATT05272,STU05272,95.52,3,0,2026-10-02
ATT05273,STU05273,95.17,5,4,2026-10-02
ATT05274,STU05274,70.69,19,6,2026-10-02
ATT05275,STU05275,60.51,26,8,2026-10-02
ATT05276,STU05276,81.57,11,1,2026-10-02
ATT05277,STU05277,100.0,0,0,2026-10-02
ATT05278,STU05278,79.37,13,5,2026-10-02
ATT05279,STU05279,100.0,0,0,2026-10-02
ATT05280,STU05280,77.18,14,4,2026-10-02
ATT05281,STU05281,83.56,10,1,2026-10-02
ATT05282,STU05282,99.16,1,0,2026-10-02
ATT05283,STU05283,61.02,27,7,2026-10-02
ATT05284,STU05284,85.77,7,1,2026-10-02
ATT05285,STU05285,86.14,10,3,2026-10-02
ATT05286,STU05286,83.08,12,4,2026-10-02
ATT05287,STU05287,81.84,11,2,2026-10-02
ATT05288,STU05288,69.42,20,7,2026-10-02
ATT05289,STU05289,71.94,20,6,2026-10-02
ATT05290,STU05290,67.85,22,6,2026-10-02
ATT05291,STU05291,71.8,19,7,2026-10-02
ATT05292,STU05292,98.56,0,0,2026-10-02
ATT05293,STU05293,61.92,28,9,2026-10-02
ATT05294,STU05294,88.15,7,0,2026-10-02
ATT05295,STU05295,95.49,3,2,2026-10-02
ATT05296,STU05296,94.21,4,0,2026-10-02
ATT05297,STU05297,86.95,9,6,2026-10-02
ATT05298,STU05298,79.49,11,5,2026-10-02
ATT05299,STU05299,83.49,10,3,2026-10-02
ATT05300,STU05300,87.66,7,3,2026-10-02
ATT05301,STU05301,77.7,14,3,2026-10-02
ATT05302,STU05302,97.71,0,0,2026-10-02
ATT05303,STU05303,80.25,13,3,2026-10-02
ATT05304,STU05304,81.8,11,2,2026-10-02
ATT05305,STU05305,86.48,9,4,2026-10-02
ATT05306,STU05306,62.62,25,6,2026-10-02
ATT05307,STU05307,79.42,13,3,2026-10-02
ATT05308,STU05308,79.13,12,3,2026-10-02
ATT05309,STU05309,68.93,21,6,2026-10-02
ATT05310,STU05310,67.13,17,5,2026-10-02
ATT05311,STU05311,71.27,17,4,2026-10-02
ATT05312,STU05312,66.73,22,9,2026-10-02
ATT05313,STU05313,90.26,10,1,2026-10-02
ATT05314,STU05314,84.98,9,3,2026-10-02
ATT05315,STU05315,78.46,13,2,2026-10-02
ATT05316,STU05316,90.38,8,4,2026-10-02
ATT05317,STU05317,64.29,22,6,2026-10-02
ATT05318,STU05318,100.0,0,0,2026-10-02
ATT05319,STU05319,78.34,15,5,2026-10-02
ATT05320,STU05320,88.08,6,1,2026-10-02
ATT05321,STU05321,100.0,0,0,2026-10-02
ATT05322,STU05322,85.96,12,0,2026-10-02
ATT05323,STU05323,92.29,6,0,2026-10-02
ATT05324,STU05324,82.01,11,4,2026-10-02
ATT05325,STU05325,97.54,2,0,2026-10-02
ATT05326,STU05326,74.56,17,7,2026-10-02
ATT05327,STU05327,81.63,11,0,2026-10-02
ATT05328,STU05328,79.07,15,4,2026-10-02
ATT05329,STU05329,81.8,11,3,2026-10-02
ATT05330,STU05330,91.92,6,1,2026-10-02
ATT05331,STU05331,91.1,5,2,2026-10-02
ATT05332,STU05332,82.58,11,2,2026-10-02
ATT05333,STU05333,68.51,23,4,2026-10-02
ATT05334,STU05334,59.06,24,6,2026-10-02
ATT05335,STU05335,83.1,11,2,2026-10-02
ATT05336,STU05336,73.57,19,6,2026-10-02
ATT05337,STU05337,64.05,22,9,2026-10-02
ATT05338,STU05338,62.24,24,9,2026-10-02
ATT05339,STU05339,92.77,5,3,2026-10-02
ATT05340,STU05340,70.77,17,3,2026-10-02
ATT05341,STU05341,92.04,4,0,2026-10-02
ATT05342,STU05342,84.04,11,0,2026-10-02
ATT05343,STU05343,75.53,15,5,2026-10-02
ATT05344,STU05344,80.02,15,4,2026-10-02
ATT05345,STU05345,87.68,9,3,2026-10-02
ATT05346,STU05346,97.21,1,1,2026-10-02
ATT05347,STU05347,75.24,15,0,2026-10-02
ATT05348,STU05348,68.99,20,9,2026-10-02
ATT05349,STU05349,89.89,9,1,2026-10-02
ATT05350,STU05350,79.43,15,5,2026-10-02
ATT05351,STU05351,92.56,3,0,2026-10-02
ATT05352,STU05352,100.0,0,0,2026-10-02
ATT05353,STU05353,76.36,15,2,2026-10-02
ATT05354,STU05354,100.0,1,0,2026-10-02
ATT05355,STU05355,80.22,12,6,2026-10-02
ATT05356,STU05356,88.1,8,3,2026-10-02
ATT05357,STU05357,100.0,0,0,2026-10-02
ATT05358,STU05358,77.58,15,6,2026-10-02
ATT05359,STU05359,87.17,9,4,2026-10-02
ATT05360,STU05360,73.71,18,4,2026-10-02
ATT05361,STU05361,100.0,0,0,2026-10-02
ATT05362,STU05362,84.3,10,4,2026-10-02
ATT05363,STU05363,95.15,2,1,2026-10-02
ATT05364,STU05364,59.55,28,10,2026-10-02
ATT05365,STU05365,82.93,10,5,2026-10-02
ATT05366,STU05366,61.51,28,8,2026-10-02
ATT05367,STU05367,76.84,15,1,2026-10-02
ATT05368,STU05368,100.0,1,0,2026-10-02
ATT05369,STU05369,100.0,1,0,2026-10-02
ATT05370,STU05370,93.43,4,0,2026-10-02
ATT05371,STU05371,59.39,26,6,2026-10-02
ATT05372,STU05372,69.44,18,6,2026-10-02
ATT05373,STU05373,84.0,12,4,2026-10-02
ATT05374,STU05374,57.67,27,8,2026-10-02
ATT05375,STU05375,91.66,5,0,2026-10-02
ATT05376,STU05376,88.36,6,2,2026-10-02
ATT05377,STU05377,72.8,17,6,2026-10-02
ATT05378,STU05378,93.7,5,1,2026-10-02
ATT05379,STU05379,61.84,23,6,2026-10-02
ATT05380,STU05380,79.56,12,4,2026-10-02
ATT05381,STU05381,100.0,0,0,2026-10-02
ATT05382,STU05382,86.0,10,1,2026-10-02
ATT05383,STU05383,67.01,20,7,2026-10-02
ATT05384,STU05384,79.76,15,6,2026-10-02
ATT05385,STU05385,77.74,17,5,2026-10-02
ATT05386,STU05386,78.27,12,4,2026-10-02
ATT05387,STU05387,82.45,11,3,2026-10-02
ATT05388,STU05388,61.77,25,7,2026-10-02
ATT05389,STU05389,80.16,12,3,2026-10-02
ATT05390,STU05390,84.63,12,5,2026-10-02
ATT05391,STU05391,88.85,7,0,2026-10-02
ATT05392,STU05392,100.0,4,2,2026-10-02
ATT05393,STU05393,79.71,14,3,2026-10-02
ATT05394,STU05394,81.13,13,6,2026-10-02
ATT05395,STU05395,73.18,17,3,2026-10-02
ATT05396,STU05396,62.28,24,7,2026-10-02
ATT05397,STU05397,92.67,4,0,2026-10-02
ATT05398,STU05398,72.61,20,6,2026-10-02
ATT05399,STU05399,77.39,16,3,2026-10-02
ATT05400,STU05400,77.09,14,2,2026-10-02
ATT05401,STU05401,92.43,6,1,2026-10-02
ATT05402,STU05402,91.17,7,3,2026-10-02
ATT05403,STU05403,98.07,1,1,2026-10-02
ATT05404,STU05404,84.29,10,1,2026-10-02
ATT05405,STU05405,84.31,11,0,2026-10-02
ATT05406,STU05406,95.24,3,0,2026-10-02
ATT05407,STU05407,75.5,15,3,2026-10-02
ATT05408,STU05408,82.59,10,3,2026-10-02
ATT05409,STU05409,79.03,14,2,2026-10-02
ATT05410,STU05410,88.49,6,1,2026-10-02
ATT05411,STU05411,72.29,16,4,2026-10-02
ATT05412,STU05412,79.3,12,1,2026-10-02
ATT05413,STU05413,74.63,16,4,2026-10-02
ATT05414,STU05414,71.59,18,10,2026-10-02
ATT05415,STU05415,92.71,4,4,2026-10-02
ATT05416,STU05416,94.68,3,0,2026-10-02
ATT05417,STU05417,79.0,16,4,2026-10-02
ATT05418,STU05418,89.49,6,0,2026-10-02
ATT05419,STU05419,100.0,0,0,2026-10-02
ATT05420,STU05420,68.58,22,8,2026-10-02
ATT05421,STU05421,80.31,12,3,2026-10-02
ATT05422,STU05422,88.69,9,6,2026-10-02
ATT05423,STU05423,81.28,14,6,2026-10-02
ATT05424,STU05424,85.09,10,7,2026-10-02
ATT05425,STU05425,91.88,4,2,2026-10-02
ATT05426,STU05426,76.59,12,7,2026-10-02
ATT05427,STU05427,77.56,13,0,2026-10-02
ATT05428,STU05428,81.45,14,1,2026-10-02
ATT05429,STU05429,69.91,22,8,2026-10-02
ATT05430,STU05430,90.85,5,0,2026-10-02
ATT05431,STU05431,66.4,20,4,2026-10-02
ATT05432,STU05432,74.32,18,4,2026-10-02
ATT05433,STU05433,100.0,2,0,2026-10-02
ATT05434,STU05434,75.91,15,3,2026-10-02
ATT05435,STU05435,84.11,15,5,2026-10-02
ATT05436,STU05436,79.86,13,4,2026-10-02
ATT05437,STU05437,73.27,16,4,2026-10-02
ATT05438,STU05438,84.19,10,2,2026-10-02
ATT05439,STU05439,58.05,25,7,2026-10-02
ATT05440,STU05440,100.0,0,0,2026-10-02
ATT05441,STU05441,80.46,13,3,2026-10-02
ATT05442,STU05442,89.77,6,3,2026-10-02
ATT05443,STU05443,80.66,15,3,2026-10-02
ATT05444,STU05444,73.52,18,4,2026-10-02
ATT05445,STU05445,74.85,17,5,2026-10-02
ATT05446,STU05446,66.43,22,6,2026-10-02
ATT05447,STU05447,100.0,0,0,2026-10-02
ATT05448,STU05448,82.24,12,3,2026-10-02
ATT05449,STU05449,91.15,6,3,2026-10-02
ATT05450,STU05450,62.93,25,9,2026-10-02
ATT05451,STU05451,73.81,20,8,2026-10-02
ATT05452,STU05452,82.76,13,2,2026-10-02
ATT05453,STU05453,78.71,14,5,2026-10-02
ATT05454,STU05454,97.63,0,0,2026-10-02
ATT05455,STU05455,85.18,11,2,2026-10-02
ATT05456,STU05456,69.64,21,6,2026-10-02
ATT05457,STU05457,72.32,17,7,2026-10-02
ATT05458,STU05458,86.85,9,4,2026-10-02
ATT05459,STU05459,92.05,5,2,2026-10-02
ATT05460,STU05460,76.7,16,4,2026-10-02
ATT05461,STU05461,86.45,8,6,2026-10-02
ATT05462,STU05462,81.17,8,5,2026-10-02
ATT05463,STU05463,100.0,2,1,2026-10-02
ATT05464,STU05464,100.0,3,0,2026-10-02
ATT05465,STU05465,79.77,13,0,2026-10-02
ATT05466,STU05466,85.63,10,3,2026-10-02
ATT05467,STU05467,73.21,16,3,2026-10-02
ATT05468,STU05468,70.07,21,5,2026-10-02
ATT05469,STU05469,71.43,18,5,2026-10-02
ATT05470,STU05470,95.3,5,3,2026-10-02
ATT05471,STU05471,85.85,9,2,2026-10-02
ATT05472,STU05472,79.15,17,5,2026-10-02
ATT05473,STU05473,80.78,13,2,2026-10-02
ATT05474,STU05474,73.29,18,5,2026-10-02
ATT05475,STU05475,92.28,6,2,2026-10-02
ATT05476,STU05476,100.0,1,0,2026-10-02
ATT05477,STU05477,100.0,0,0,2026-10-02
ATT05478,STU05478,82.5,8,1,2026-10-02
ATT05479,STU05479,68.73,19,6,2026-10-02
ATT05480,STU05480,76.22,15,5,2026-10-02
ATT05481,STU05481,80.02,12,4,2026-10-02
ATT05482,STU05482,80.48,13,4,2026-10-02
ATT05483,STU05483,76.69,16,4,2026-10-02
ATT05484,STU05484,80.73,12,2,2026-10-02
ATT05485,STU05485,85.16,11,4,2026-10-02
ATT05486,STU05486,89.23,9,1,2026-10-02
ATT05487,STU05487,72.61,18,7,2026-10-02
ATT05488,STU05488,72.62,16,6,2026-10-02
ATT05489,STU05489,84.23,9,4,2026-10-02
ATT05490,STU05490,63.53,24,7,2026-10-02
ATT05491,STU05491,84.38,9,2,2026-10-02
ATT05492,STU05492,84.36,10,2,2026-10-02
ATT05493,STU05493,74.0,15,5,2026-10-02
ATT05494,STU05494,92.87,4,0,2026-10-02
ATT05495,STU05495,73.2,19,6,2026-10-02
ATT05496,STU05496,100.0,0,0,2026-10-02
ATT05497,STU05497,95.66,3,0,2026-10-02
ATT05498,STU05498,67.51,22,5,2026-10-02
ATT05499,STU05499,82.34,10,4,2026-10-02
ATT05500,STU05500,67.76,20,3,2026-10-02
ATT05501,STU05501,85.83,12,2,2026-10-02
ATT05502,STU05502,63.14,23,6,2026-10-02
ATT05503,STU05503,84.51,9,4,2026-10-02
ATT05504,STU05504,97.8,1,0,2026-10-02
ATT05505,STU05505,88.18,10,0,2026-10-02
ATT05506,STU05506,69.53,21,7,2026-10-02
ATT05507,STU05507,76.52,17,3,2026-10-02
ATT05508,STU05508,66.89,22,2,2026-10-02
ATT05509,STU05509,77.62,17,5,2026-10-02
ATT05510,STU05510,76.24,16,7,2026-10-02
ATT05511,STU05511,90.99,5,0,2026-10-02
ATT05512,STU05512,50.58,34,11,2026-10-02
ATT05513,STU05513,79.97,11,5,2026-10-02
ATT05514,STU05514,81.89,11,0,2026-10-02
ATT05515,STU05515,87.55,9,4,2026-10-02
ATT05516,STU05516,84.04,10,6,2026-10-02
ATT05517,STU05517,94.23,3,0,2026-10-02
ATT05518,STU05518,84.18,9,2,2026-10-02
ATT05519,STU05519,74.3,18,6,2026-10-02
ATT05520,STU05520,78.81,17,3,2026-10-02
ATT05521,STU05521,66.61,22,8,2026-10-02
ATT05522,STU05522,81.26,13,2,2026-10-02
ATT05523,STU05523,100.0,3,0,2026-10-02
ATT05524,STU05524,63.18,23,6,2026-10-02
ATT05525,STU05525,74.34,16,2,2026-10-02
ATT05526,STU05526,96.21,0,0,2026-10-02
ATT05527,STU05527,89.61,4,1,2026-10-02
ATT05528,STU05528,78.13,14,4,2026-10-02
ATT05529,STU05529,61.55,27,9,2026-10-02
ATT05530,STU05530,74.39,18,2,2026-10-02
ATT05531,STU05531,62.49,25,6,2026-10-02
ATT05532,STU05532,85.77,10,1,2026-10-02
ATT05533,STU05533,73.75,18,4,2026-10-02
ATT05534,STU05534,86.09,9,2,2026-10-02
ATT05535,STU05535,81.88,13,6,2026-10-02
ATT05536,STU05536,73.87,16,7,2026-10-02
ATT05537,STU05537,90.87,7,1,2026-10-02
ATT05538,STU05538,74.02,13,5,2026-10-02
ATT05539,STU05539,92.67,5,0,2026-10-02
ATT05540,STU05540,90.43,5,0,2026-10-02
ATT05541,STU05541,57.52,27,8,2026-10-02
ATT05542,STU05542,69.96,20,6,2026-10-02
ATT05543,STU05543,96.07,4,0,2026-10-02
ATT05544,STU05544,66.59,22,7,2026-10-02
ATT05545,STU05545,77.07,13,5,2026-10-02
ATT05546,STU05546,58.04,25,4,2026-10-02
ATT05547,STU05547,81.52,12,3,2026-10-02
ATT05548,STU05548,80.64,11,0,2026-10-02
ATT05549,STU05549,89.27,8,3,2026-10-02
ATT05550,STU05550,84.01,10,0,2026-10-02
ATT05551,STU05551,60.9,26,9,2026-10-02
ATT05552,STU05552,40.74,36,11,2026-10-02
ATT05553,STU05553,70.38,20,8,2026-10-02
ATT05554,STU05554,82.62,11,2,2026-10-02
ATT05555,STU05555,58.97,28,9,2026-10-02
ATT05556,STU05556,93.51,5,1,2026-10-02
ATT05557,STU05557,73.95,20,7,2026-10-02
ATT05558,STU05558,91.18,7,2,2026-10-02
ATT05559,STU05559,64.3,22,7,2026-10-02
ATT05560,STU05560,100.0,3,0,2026-10-02
ATT05561,STU05561,100.0,0,0,2026-10-02
ATT05562,STU05562,70.57,21,7,2026-10-02
ATT05563,STU05563,82.1,12,4,2026-10-02
ATT05564,STU05564,80.11,11,4,2026-10-02
ATT05565,STU05565,54.14,30,8,2026-10-02
ATT05566,STU05566,72.87,20,4,2026-10-02
ATT05567,STU05567,83.22,7,0,2026-10-02
ATT05568,STU05568,81.95,11,2,2026-10-02
ATT05569,STU05569,81.81,12,2,2026-10-02
ATT05570,STU05570,86.59,11,1,2026-10-02
ATT05571,STU05571,92.97,7,1,2026-10-02
ATT05572,STU05572,88.63,10,1,2026-10-02
ATT05573,STU05573,78.37,15,3,2026-10-02
ATT05574,STU05574,99.98,0,0,2026-10-02
ATT05575,STU05575,72.37,15,3,2026-10-02
ATT05576,STU05576,79.96,14,5,2026-10-02
ATT05577,STU05577,88.73,9,0,2026-10-02
ATT05578,STU05578,90.02,9,0,2026-10-02
ATT05579,STU05579,80.22,11,5,2026-10-02
ATT05580,STU05580,77.35,14,6,2026-10-02
ATT05581,STU05581,85.12,10,5,2026-10-02
ATT05582,STU05582,63.23,24,7,2026-10-02
ATT05583,STU05583,82.74,14,4,2026-10-02
ATT05584,STU05584,59.21,29,9,2026-10-02
ATT05585,STU05585,99.28,0,0,2026-10-02
ATT05586,STU05586,76.63,15,3,2026-10-02
ATT05587,STU05587,75.41,13,4,2026-10-02
ATT05588,STU05588,86.5,12,4,2026-10-02
ATT05589,STU05589,87.98,8,1,2026-10-02
ATT05590,STU05590,90.21,7,2,2026-10-02
ATT05591,STU05591,70.15,20,8,2026-10-02
ATT05592,STU05592,96.2,4,2,2026-10-02
ATT05593,STU05593,88.49,5,4,2026-10-02
ATT05594,STU05594,81.21,13,3,2026-10-02
ATT05595,STU05595,61.17,23,7,2026-10-02
ATT05596,STU05596,82.16,11,3,2026-10-02
ATT05597,STU05597,100.0,0,0,2026-10-02
ATT05598,STU05598,98.76,1,0,2026-10-02
ATT05599,STU05599,86.31,8,2,2026-10-02
ATT05600,STU05600,73.07,18,6,2026-10-02
ATT05601,STU05601,82.16,10,1,2026-10-02
ATT05602,STU05602,76.91,14,6,2026-10-02
ATT05603,STU05603,79.64,15,3,2026-10-02
ATT05604,STU05604,64.05,23,9,2026-10-02
ATT05605,STU05605,84.08,13,4,2026-10-02
ATT05606,STU05606,98.11,1,0,2026-10-02
ATT05607,STU05607,68.86,22,6,2026-10-02
ATT05608,STU05608,98.35,1,0,2026-10-02
ATT05609,STU05609,77.63,15,6,2026-10-02
ATT05610,STU05610,85.64,11,2,2026-10-02
ATT05611,STU05611,83.55,11,3,2026-10-02
ATT05612,STU05612,61.67,23,7,2026-10-02
ATT05613,STU05613,90.51,10,2,2026-10-02
ATT05614,STU05614,81.19,11,4,2026-10-02
ATT05615,STU05615,81.88,13,1,2026-10-02
ATT05616,STU05616,82.19,10,2,2026-10-02
ATT05617,STU05617,90.82,6,2,2026-10-02
ATT05618,STU05618,92.68,6,2,2026-10-02
ATT05619,STU05619,75.38,16,7,2026-10-02
ATT05620,STU05620,77.49,14,1,2026-10-02
ATT05621,STU05621,83.57,11,2,2026-10-02
ATT05622,STU05622,67.79,21,6,2026-10-02
ATT05623,STU05623,41.74,38,13,2026-10-02
ATT05624,STU05624,73.6,19,5,2026-10-02
ATT05625,STU05625,82.4,12,3,2026-10-02
ATT05626,STU05626,77.81,13,5,2026-10-02
ATT05627,STU05627,65.16,22,7,2026-10-02
ATT05628,STU05628,90.79,6,1,2026-10-02
ATT05629,STU05629,79.62,13,2,2026-10-02
ATT05630,STU05630,73.31,17,7,2026-10-02
ATT05631,STU05631,73.87,18,3,2026-10-02
ATT05632,STU05632,55.76,29,10,2026-10-02
ATT05633,STU05633,83.8,10,4,2026-10-02
ATT05634,STU05634,77.83,14,4,2026-10-02
ATT05635,STU05635,77.53,16,4,2026-10-02
ATT05636,STU05636,80.29,14,2,2026-10-02
ATT05637,STU05637,67.83,21,7,2026-10-02
ATT05638,STU05638,94.74,2,0,2026-10-02
ATT05639,STU05639,84.8,10,0,2026-10-02
ATT05640,STU05640,77.53,14,5,2026-10-02
ATT05641,STU05641,63.67,23,6,2026-10-02
ATT05642,STU05642,72.74,16,7,2026-10-02
ATT05643,STU05643,93.25,4,0,2026-10-02
ATT05644,STU05644,74.48,15,8,2026-10-02
ATT05645,STU05645,76.13,13,3,2026-10-02
ATT05646,STU05646,74.99,16,6,2026-10-02
ATT05647,STU05647,80.67,11,5,2026-10-02
ATT05648,STU05648,67.05,21,5,2026-10-02
ATT05649,STU05649,90.84,5,1,2026-10-02
ATT05650,STU05650,89.19,7,3,2026-10-02
ATT05651,STU05651,85.95,9,0,2026-10-02
ATT05652,STU05652,96.49,1,0,2026-10-02
ATT05653,STU05653,55.39,28,9,2026-10-02
ATT05654,STU05654,75.83,15,4,2026-10-02
ATT05655,STU05655,77.47,13,6,2026-10-02
ATT05656,STU05656,66.15,20,8,2026-10-02
ATT05657,STU05657,84.95,9,0,2026-10-02
ATT05658,STU05658,92.33,7,5,2026-10-02
ATT05659,STU05659,86.98,8,7,2026-10-02
ATT05660,STU05660,46.74,35,9,2026-10-02
ATT05661,STU05661,89.62,5,3,2026-10-02
ATT05662,STU05662,77.06,15,4,2026-10-02
ATT05663,STU05663,100.0,0,0,2026-10-02
ATT05664,STU05664,82.37,13,3,2026-10-02
ATT05665,STU05665,70.7,18,6,2026-10-02
ATT05666,STU05666,95.68,3,1,2026-10-02
ATT05667,STU05667,100.0,0,0,2026-10-02
ATT05668,STU05668,54.42,28,9,2026-10-02
ATT05669,STU05669,75.83,16,4,2026-10-02
ATT05670,STU05670,64.24,22,6,2026-10-02
ATT05671,STU05671,69.29,22,5,2026-10-02
ATT05672,STU05672,85.97,7,0,2026-10-02
ATT05673,STU05673,82.52,12,0,2026-10-02
ATT05674,STU05674,90.76,8,0,2026-10-02
ATT05675,STU05675,86.29,7,0,2026-10-02
ATT05676,STU05676,72.56,18,5,2026-10-02
ATT05677,STU05677,78.47,11,5,2026-10-02
ATT05678,STU05678,86.27,7,2,2026-10-02
ATT05679,STU05679,69.95,23,6,2026-10-02
ATT05680,STU05680,85.59,10,3,2026-10-02
ATT05681,STU05681,63.55,24,10,2026-10-02
ATT05682,STU05682,79.12,13,1,2026-10-02
ATT05683,STU05683,73.69,19,7,2026-10-02
ATT05684,STU05684,74.02,18,5,2026-10-02
ATT05685,STU05685,77.71,15,2,2026-10-02
ATT05686,STU05686,83.03,13,5,2026-10-02
ATT05687,STU05687,88.94,7,0,2026-10-02
ATT05688,STU05688,86.39,8,2,2026-10-02
ATT05689,STU05689,87.45,9,2,2026-10-02
ATT05690,STU05690,85.22,6,0,2026-10-02
ATT05691,STU05691,80.15,11,4,2026-10-02
ATT05692,STU05692,81.35,12,4,2026-10-02
ATT05693,STU05693,89.81,8,0,2026-10-02
ATT05694,STU05694,92.6,3,0,2026-10-02
ATT05695,STU05695,75.72,15,4,2026-10-02
ATT05696,STU05696,100.0,0,0,2026-10-02
ATT05697,STU05697,86.6,9,3,2026-10-02
ATT05698,STU05698,73.02,16,2,2026-10-02
ATT05699,STU05699,100.0,0,0,2026-10-02
ATT05700,STU05700,100.0,2,2,2026-10-02
ATT05701,STU05701,76.76,15,5,2026-10-02
ATT05702,STU05702,69.91,20,7,2026-10-02
ATT05703,STU05703,70.87,20,8,2026-10-02
ATT05704,STU05704,56.25,26,8,2026-10-02
ATT05705,STU05705,71.05,16,9,2026-10-02
ATT05706,STU05706,90.68,7,4,2026-10-02
ATT05707,STU05707,76.21,17,4,2026-10-02
ATT05708,STU05708,75.55,17,5,2026-10-02
ATT05709,STU05709,72.95,18,6,2026-10-02
ATT05710,STU05710,65.71,22,4,2026-10-02
ATT05711,STU05711,72.73,20,6,2026-10-02
ATT05712,STU05712,70.82,16,5,2026-10-02
ATT05713,STU05713,80.67,12,4,2026-10-02
ATT05714,STU05714,88.15,7,1,2026-10-02
ATT05715,STU05715,64.99,23,8,2026-10-02
ATT05716,STU05716,100.0,0,0,2026-10-02
ATT05717,STU05717,81.34,14,4,2026-10-02
ATT05718,STU05718,71.79,16,6,2026-10-02
ATT05719,STU05719,64.82,25,7,2026-10-02
ATT05720,STU05720,73.11,19,4,2026-10-02
ATT05721,STU05721,62.1,25,9,2026-10-02
ATT05722,STU05722,89.1,7,0,2026-10-02
ATT05723,STU05723,85.54,11,3,2026-10-02
ATT05724,STU05724,78.83,15,5,2026-10-02
ATT05725,STU05725,77.6,13,3,2026-10-02
ATT05726,STU05726,100.0,4,0,2026-10-02
ATT05727,STU05727,90.94,6,0,2026-10-02
ATT05728,STU05728,77.69,16,4,2026-10-02
ATT05729,STU05729,85.0,9,2,2026-10-02
ATT05730,STU05730,79.49,13,3,2026-10-02
ATT05731,STU05731,87.69,10,1,2026-10-02
ATT05732,STU05732,91.45,6,3,2026-10-02
ATT05733,STU05733,85.11,8,0,2026-10-02
ATT05734,STU05734,72.65,16,6,2026-10-02
ATT05735,STU05735,81.53,11,5,2026-10-02
ATT05736,STU05736,77.32,17,6,2026-10-02
ATT05737,STU05737,86.79,9,2,2026-10-02
ATT05738,STU05738,93.4,6,1,2026-10-02
ATT05739,STU05739,79.25,12,3,2026-10-02
ATT05740,STU05740,85.2,10,4,2026-10-02
ATT05741,STU05741,86.03,6,1,2026-10-02
ATT05742,STU05742,82.55,13,4,2026-10-02
ATT05743,STU05743,67.76,19,7,2026-10-02
ATT05744,STU05744,84.25,11,3,2026-10-02
ATT05745,STU05745,85.22,10,0,2026-10-02
ATT05746,STU05746,95.24,2,1,2026-10-02
ATT05747,STU05747,82.46,10,5,2026-10-02
ATT05748,STU05748,89.41,7,2,2026-10-02
ATT05749,STU05749,84.83,11,1,2026-10-02
ATT05750,STU05750,53.56,31,10,2026-10-02
ATT05751,STU05751,100.0,1,0,2026-10-02
ATT05752,STU05752,78.89,13,3,2026-10-02
ATT05753,STU05753,77.93,16,5,2026-10-02
ATT05754,STU05754,75.17,17,5,2026-10-02
ATT05755,STU05755,98.51,0,0,2026-10-02
ATT05756,STU05756,98.19,1,0,2026-10-02
ATT05757,STU05757,98.92,0,0,2026-10-02
ATT05758,STU05758,75.37,20,8,2026-10-02
ATT05759,STU05759,72.91,16,9,2026-10-02
ATT05760,STU05760,74.98,16,5,2026-10-02
ATT05761,STU05761,81.62,10,2,2026-10-02
ATT05762,STU05762,96.69,2,0,2026-10-02
ATT05763,STU05763,85.57,8,0,2026-10-02
ATT05764,STU05764,83.81,10,2,2026-10-02
ATT05765,STU05765,95.97,3,0,2026-10-02
ATT05766,STU05766,83.13,11,6,2026-10-02
ATT05767,STU05767,76.62,16,6,2026-10-02
ATT05768,STU05768,73.64,19,4,2026-10-02
ATT05769,STU05769,85.43,10,1,2026-10-02
ATT05770,STU05770,61.74,26,9,2026-10-02
ATT05771,STU05771,65.58,21,4,2026-10-02
ATT05772,STU05772,80.57,14,3,2026-10-02
ATT05773,STU05773,75.98,15,3,2026-10-02
ATT05774,STU05774,76.06,16,6,2026-10-02
ATT05775,STU05775,100.0,0,0,2026-10-02
ATT05776,STU05776,58.92,24,8,2026-10-02
ATT05777,STU05777,94.2,3,0,2026-10-02
ATT05778,STU05778,60.56,24,6,2026-10-02
ATT05779,STU05779,71.43,18,5,2026-10-02
ATT05780,STU05780,84.97,8,2,2026-10-02
ATT05781,STU05781,90.25,7,2,2026-10-02
ATT05782,STU05782,70.72,18,4,2026-10-02
ATT05783,STU05783,79.42,12,4,2026-10-02
ATT05784,STU05784,76.31,16,5,2026-10-02
ATT05785,STU05785,87.98,9,2,2026-10-02
ATT05786,STU05786,92.48,6,0,2026-10-02
ATT05787,STU05787,98.02,1,0,2026-10-02
ATT05788,STU05788,65.76,21,6,2026-10-02
ATT05789,STU05789,98.33,0,0,2026-10-02
ATT05790,STU05790,79.31,12,4,2026-10-02
ATT05791,STU05791,84.02,9,3,2026-10-02
ATT05792,STU05792,78.96,14,2,2026-10-02
ATT05793,STU05793,45.39,37,15,2026-10-02
ATT05794,STU05794,86.87,8,2,2026-10-02
ATT05795,STU05795,83.15,12,0,2026-10-02
ATT05796,STU05796,78.71,15,1,2026-10-02
ATT05797,STU05797,83.03,13,2,2026-10-02
ATT05798,STU05798,73.89,15,6,2026-10-02
ATT05799,STU05799,92.77,5,0,2026-10-02
ATT05800,STU05800,91.45,4,0,2026-10-02
ATT05801,STU05801,75.07,14,1,2026-10-02
ATT05802,STU05802,93.68,3,1,2026-10-02
ATT05803,STU05803,92.08,7,1,2026-10-02
ATT05804,STU05804,81.87,10,4,2026-10-02
ATT05805,STU05805,84.2,11,5,2026-10-02
ATT05806,STU05806,91.5,5,0,2026-10-02
ATT05807,STU05807,99.95,0,0,2026-10-02
ATT05808,STU05808,80.86,15,7,2026-10-02
ATT05809,STU05809,97.01,1,0,2026-10-02
ATT05810,STU05810,63.73,25,5,2026-10-02
ATT05811,STU05811,82.73,11,3,2026-10-02
ATT05812,STU05812,89.83,5,2,2026-10-02
ATT05813,STU05813,69.27,21,4,2026-10-02
ATT05814,STU05814,84.34,9,4,2026-10-02
ATT05815,STU05815,82.35,11,2,2026-10-02
ATT05816,STU05816,86.57,8,0,2026-10-02
ATT05817,STU05817,87.14,10,2,2026-10-02
ATT05818,STU05818,74.24,14,5,2026-10-02
ATT05819,STU05819,76.44,16,2,2026-10-02
ATT05820,STU05820,83.45,11,2,2026-10-02
ATT05821,STU05821,95.94,1,0,2026-10-02
ATT05822,STU05822,68.16,21,7,2026-10-02
ATT05823,STU05823,80.63,12,3,2026-10-02
ATT05824,STU05824,93.75,5,0,2026-10-02
ATT05825,STU05825,76.43,16,5,2026-10-02
ATT05826,STU05826,71.98,16,5,2026-10-02
ATT05827,STU05827,86.87,9,5,2026-10-02
ATT05828,STU05828,83.72,10,3,2026-10-02
ATT05829,STU05829,100.0,1,0,2026-10-02
ATT05830,STU05830,84.77,7,3,2026-10-02
ATT05831,STU05831,86.85,8,0,2026-10-02
ATT05832,STU05832,94.33,0,0,2026-10-02
ATT05833,STU05833,82.22,11,4,2026-10-02
ATT05834,STU05834,95.19,3,0,2026-10-02
ATT05835,STU05835,73.4,18,6,2026-10-02
ATT05836,STU05836,99.32,0,0,2026-10-02
ATT05837,STU05837,66.18,23,7,2026-10-02
ATT05838,STU05838,96.08,1,0,2026-10-02
ATT05839,STU05839,66.4,23,4,2026-10-02
ATT05840,STU05840,91.52,3,0,2026-10-02
ATT05841,STU05841,91.93,3,2,2026-10-02
ATT05842,STU05842,72.8,17,6,2026-10-02
ATT05843,STU05843,84.28,11,0,2026-10-02
ATT05844,STU05844,90.91,8,1,2026-10-02
ATT05845,STU05845,54.78,32,9,2026-10-02
ATT05846,STU05846,91.44,7,0,2026-10-02
ATT05847,STU05847,88.26,8,0,2026-10-02
ATT05848,STU05848,76.18,15,5,2026-10-02
ATT05849,STU05849,86.39,9,1,2026-10-02
ATT05850,STU05850,78.1,16,5,2026-10-02
ATT05851,STU05851,82.01,11,3,2026-10-02
ATT05852,STU05852,69.64,18,4,2026-10-02
ATT05853,STU05853,84.46,10,2,2026-10-02
ATT05854,STU05854,68.93,19,5,2026-10-02
ATT05855,STU05855,71.09,18,8,2026-10-02
ATT05856,STU05856,89.55,8,1,2026-10-02
ATT05857,STU05857,84.04,13,1,2026-10-02
ATT05858,STU05858,74.01,15,1,2026-10-02
ATT05859,STU05859,82.8,13,4,2026-10-02
ATT05860,STU05860,78.19,14,3,2026-10-02
ATT05861,STU05861,97.37,2,0,2026-10-02
ATT05862,STU05862,74.75,16,6,2026-10-02
ATT05863,STU05863,97.82,4,0,2026-10-02
ATT05864,STU05864,77.47,15,4,2026-10-02
ATT05865,STU05865,93.55,1,1,2026-10-02
ATT05866,STU05866,100.0,0,0,2026-10-02
ATT05867,STU05867,82.13,11,3,2026-10-02
ATT05868,STU05868,69.69,22,4,2026-10-02
ATT05869,STU05869,89.92,6,0,2026-10-02
ATT05870,STU05870,95.1,3,0,2026-10-02
ATT05871,STU05871,66.52,22,8,2026-10-02
ATT05872,STU05872,75.53,16,2,2026-10-02
ATT05873,STU05873,100.0,0,0,2026-10-02
ATT05874,STU05874,84.44,13,4,2026-10-02
ATT05875,STU05875,69.56,17,6,2026-10-02
ATT05876,STU05876,67.55,23,6,2026-10-02
ATT05877,STU05877,89.92,5,1,2026-10-02
ATT05878,STU05878,89.87,7,1,2026-10-02
ATT05879,STU05879,89.47,7,0,2026-10-02
ATT05880,STU05880,68.92,21,7,2026-10-02
ATT05881,STU05881,46.69,34,10,2026-10-02
ATT05882,STU05882,73.92,17,5,2026-10-02
ATT05883,STU05883,100.0,0,0,2026-10-02
ATT05884,STU05884,87.81,10,4,2026-10-02
ATT05885,STU05885,91.47,5,3,2026-10-02
ATT05886,STU05886,61.25,27,8,2026-10-02
ATT05887,STU05887,71.73,19,3,2026-10-02
ATT05888,STU05888,92.6,6,0,2026-10-02
ATT05889,STU05889,65.46,23,5,2026-10-02
ATT05890,STU05890,76.4,14,7,2026-10-02
ATT05891,STU05891,78.65,14,5,2026-10-02
ATT05892,STU05892,75.48,16,2,2026-10-02
ATT05893,STU05893,58.8,27,10,2026-10-02
ATT05894,STU05894,79.13,11,2,2026-10-02
ATT05895,STU05895,77.59,13,3,2026-10-02
ATT05896,STU05896,69.5,20,6,2026-10-02
ATT05897,STU05897,95.6,3,0,2026-10-02
ATT05898,STU05898,75.07,15,4,2026-10-02
ATT05899,STU05899,61.07,24,9,2026-10-02
ATT05900,STU05900,79.82,12,7,2026-10-02
ATT05901,STU05901,90.89,7,0,2026-10-02
ATT05902,STU05902,97.55,0,0,2026-10-02
ATT05903,STU05903,79.13,13,4,2026-10-02
ATT05904,STU05904,75.0,16,8,2026-10-02
ATT05905,STU05905,99.81,2,0,2026-10-02
ATT05906,STU05906,78.73,15,2,2026-10-02
ATT05907,STU05907,81.71,11,2,2026-10-02
ATT05908,STU05908,89.19,6,1,2026-10-02
ATT05909,STU05909,96.76,1,1,2026-10-02
ATT05910,STU05910,76.62,14,4,2026-10-02
ATT05911,STU05911,87.45,8,4,2026-10-02
ATT05912,STU05912,82.83,12,3,2026-10-02
ATT05913,STU05913,76.79,14,3,2026-10-02
ATT05914,STU05914,77.25,19,8,2026-10-02
ATT05915,STU05915,74.01,16,6,2026-10-02
ATT05916,STU05916,95.92,6,0,2026-10-02
ATT05917,STU05917,77.31,16,6,2026-10-02
ATT05918,STU05918,87.08,9,2,2026-10-02
ATT05919,STU05919,85.5,12,6,2026-10-02
ATT05920,STU05920,100.0,0,0,2026-10-02
ATT05921,STU05921,91.05,5,0,2026-10-02
ATT05922,STU05922,86.46,8,5,2026-10-02
ATT05923,STU05923,84.83,7,4,2026-10-02
ATT05924,STU05924,95.79,3,1,2026-10-02
ATT05925,STU05925,100.0,0,0,2026-10-02
ATT05926,STU05926,72.92,20,7,2026-10-02
ATT05927,STU05927,89.29,10,4,2026-10-02
ATT05928,STU05928,91.5,5,0,2026-10-02
ATT05929,STU05929,82.22,10,0,2026-10-02
ATT05930,STU05930,77.86,13,3,2026-10-02
ATT05931,STU05931,76.22,16,8,2026-10-02
ATT05932,STU05932,94.09,6,1,2026-10-02
ATT05933,STU05933,62.54,23,10,2026-10-02
ATT05934,STU05934,86.27,10,2,2026-10-02
ATT05935,STU05935,87.23,8,4,2026-10-02
ATT05936,STU05936,71.33,20,5,2026-10-02
ATT05937,STU05937,85.55,11,3,2026-10-02
ATT05938,STU05938,93.24,3,3,2026-10-02
ATT05939,STU05939,94.79,4,1,2026-10-02
ATT05940,STU05940,85.47,11,4,2026-10-02
ATT05941,STU05941,85.26,5,2,2026-10-02
ATT05942,STU05942,85.15,10,2,2026-10-02
ATT05943,STU05943,68.89,22,4,2026-10-02
ATT05944,STU05944,71.93,18,2,2026-10-02
ATT05945,STU05945,72.69,18,8,2026-10-02
ATT05946,STU05946,77.32,13,7,2026-10-02
ATT05947,STU05947,76.7,13,3,2026-10-02
ATT05948,STU05948,86.6,8,2,2026-10-02
ATT05949,STU05949,76.26,18,5,2026-10-02
ATT05950,STU05950,72.77,16,7,2026-10-02
ATT05951,STU05951,81.06,12,6,2026-10-02
ATT05952,STU05952,84.11,11,2,2026-10-02
ATT05953,STU05953,90.89,4,1,2026-10-02
ATT05954,STU05954,80.2,13,7,2026-10-02
ATT05955,STU05955,74.27,17,3,2026-10-02
ATT05956,STU05956,74.71,16,2,2026-10-02
ATT05957,STU05957,93.24,6,0,2026-10-02
ATT05958,STU05958,64.48,26,8,2026-10-02
ATT05959,STU05959,85.51,11,1,2026-10-02
ATT05960,STU05960,73.79,17,4,2026-10-02
ATT05961,STU05961,72.45,19,6,2026-10-02
ATT05962,STU05962,71.22,19,5,2026-10-02
ATT05963,STU05963,88.94,9,4,2026-10-02
ATT05964,STU05964,84.4,10,0,2026-10-02
ATT05965,STU05965,74.67,16,3,2026-10-02
ATT05966,STU05966,76.68,13,3,2026-10-02
ATT05967,STU05967,81.78,12,4,2026-10-02
ATT05968,STU05968,79.95,13,3,2026-10-02
ATT05969,STU05969,69.81,20,7,2026-10-02
ATT05970,STU05970,71.04,20,6,2026-10-02
ATT05971,STU05971,85.38,9,2,2026-10-02
ATT05972,STU05972,77.7,16,4,2026-10-02
ATT05973,STU05973,83.94,10,1,2026-10-02
ATT05974,STU05974,67.31,18,6,2026-10-02
ATT05975,STU05975,83.16,13,2,2026-10-02
ATT05976,STU05976,69.38,19,3,2026-10-02
ATT05977,STU05977,91.14,2,2,2026-10-02
ATT05978,STU05978,91.7,5,0,2026-10-02
ATT05979,STU05979,100.0,0,0,2026-10-02
ATT05980,STU05980,83.7,11,1,2026-10-02
ATT05981,STU05981,79.13,15,4,2026-10-02
ATT05982,STU05982,82.49,11,4,2026-10-02
ATT05983,STU05983,76.04,15,3,2026-10-02
ATT05984,STU05984,79.23,13,5,2026-10-02
ATT05985,STU05985,81.11,10,1,2026-10-02
ATT05986,STU05986,81.32,11,2,2026-10-02
ATT05987,STU05987,95.99,4,1,2026-10-02
ATT05988,STU05988,84.58,9,0,2026-10-02
ATT05989,STU05989,98.79,0,0,2026-10-02
ATT05990,STU05990,92.35,6,1,2026-10-02
ATT05991,STU05991,69.81,20,7,2026-10-02
ATT05992,STU05992,76.72,16,2,2026-10-02
ATT05993,STU05993,90.15,6,4,2026-10-02
ATT05994,STU05994,73.61,15,3,2026-10-02
ATT05995,STU05995,93.86,4,0,2026-10-02
ATT05996,STU05996,86.65,8,3,2026-10-02
ATT05997,STU05997,64.57,23,8,2026-10-02
ATT05998,STU05998,100.0,4,0,2026-10-02
ATT05999,STU05999,84.83,7,2,2026-10-02
ATT06000,STU06000,57.31,24,7,2026-10-02
ATT06001,STU06001,70.41,21,6,2026-10-02
ATT06002,STU06002,88.45,7,0,2026-10-02
ATT06003,STU06003,90.24,4,0,2026-10-02
ATT06004,STU06004,78.3,13,3,2026-10-02
ATT06005,STU06005,81.84,13,3,2026-10-02
ATT06006,STU06006,76.2,13,2,2026-10-02
ATT06007,STU06007,80.01,10,4,2026-10-02
ATT06008,STU06008,52.16,31,8,2026-10-02
ATT06009,STU06009,75.22,16,4,2026-10-02
ATT06010,STU06010,78.54,14,4,2026-10-02
ATT06011,STU06011,71.91,19,4,2026-10-02
ATT06012,STU06012,75.18,15,2,2026-10-02
ATT06013,STU06013,88.99,7,3,2026-10-02
ATT06014,STU06014,86.78,8,2,2026-10-02
ATT06015,STU06015,75.67,17,2,2026-10-02
ATT06016,STU06016,70.9,16,7,2026-10-02
ATT06017,STU06017,81.8,11,3,2026-10-02
ATT06018,STU06018,76.76,17,5,2026-10-02
ATT06019,STU06019,83.57,9,4,2026-10-02
ATT06020,STU06020,87.32,8,4,2026-10-02
ATT06021,STU06021,99.92,1,0,2026-10-02
ATT06022,STU06022,100.0,0,0,2026-10-02
ATT06023,STU06023,90.98,5,0,2026-10-02
ATT06024,STU06024,82.03,15,3,2026-10-02
ATT06025,STU06025,55.27,28,10,2026-10-02
ATT06026,STU06026,90.86,6,0,2026-10-02
ATT06027,STU06027,97.43,4,1,2026-10-02
ATT06028,STU06028,99.64,0,0,2026-10-02
ATT06029,STU06029,92.61,4,0,2026-10-02
ATT06030,STU06030,84.58,9,0,2026-10-02
ATT06031,STU06031,85.6,11,4,2026-10-02
ATT06032,STU06032,90.03,8,3,2026-10-02
ATT06033,STU06033,79.45,15,4,2026-10-02
ATT06034,STU06034,63.54,24,7,2026-10-02
ATT06035,STU06035,77.08,15,5,2026-10-02
ATT06036,STU06036,86.95,10,2,2026-10-02
ATT06037,STU06037,67.0,18,8,2026-10-02
ATT06038,STU06038,99.7,0,0,2026-10-02
ATT06039,STU06039,90.51,6,0,2026-10-02
ATT06040,STU06040,86.24,11,2,2026-10-02
ATT06041,STU06041,73.45,19,4,2026-10-02
ATT06042,STU06042,73.79,15,5,2026-10-02
ATT06043,STU06043,77.34,11,1,2026-10-02
ATT06044,STU06044,84.4,13,4,2026-10-02
ATT06045,STU06045,84.19,10,1,2026-10-02
ATT06046,STU06046,84.32,8,2,2026-10-02
ATT06047,STU06047,81.11,13,3,2026-10-02
ATT06048,STU06048,85.46,9,3,2026-10-02
ATT06049,STU06049,79.7,14,4,2026-10-02
ATT06050,STU06050,77.73,16,0,2026-10-02
ATT06051,STU06051,94.72,2,0,2026-10-02
ATT06052,STU06052,92.8,4,4,2026-10-02
ATT06053,STU06053,79.54,13,2,2026-10-02
ATT06054,STU06054,100.0,1,0,2026-10-02
ATT06055,STU06055,98.3,0,0,2026-10-02
ATT06056,STU06056,77.26,14,5,2026-10-02
ATT06057,STU06057,83.23,12,4,2026-10-02
ATT06058,STU06058,61.66,27,7,2026-10-02
ATT06059,STU06059,67.81,21,9,2026-10-02
ATT06060,STU06060,89.22,7,2,2026-10-02
ATT06061,STU06061,82.1,10,3,2026-10-02
ATT06062,STU06062,92.42,2,0,2026-10-02
ATT06063,STU06063,75.52,15,9,2026-10-02
ATT06064,STU06064,84.25,10,2,2026-10-02
ATT06065,STU06065,83.3,12,2,2026-10-02
ATT06066,STU06066,81.27,12,1,2026-10-02
ATT06067,STU06067,100.0,1,0,2026-10-02
ATT06068,STU06068,75.03,15,3,2026-10-02
ATT06069,STU06069,82.58,12,1,2026-10-02
ATT06070,STU06070,93.14,4,0,2026-10-02
ATT06071,STU06071,98.89,2,0,2026-10-02
ATT06072,STU06072,73.57,16,4,2026-10-02
ATT06073,STU06073,100.0,0,0,2026-10-02
ATT06074,STU06074,100.0,0,0,2026-10-02
ATT06075,STU06075,88.23,11,1,2026-10-02
ATT06076,STU06076,81.23,11,1,2026-10-02
ATT06077,STU06077,100.0,0,0,2026-10-02
ATT06078,STU06078,80.18,16,4,2026-10-02
ATT06079,STU06079,77.44,14,1,2026-10-02
ATT06080,STU06080,82.97,11,0,2026-10-02
ATT06081,STU06081,93.35,5,0,2026-10-02
ATT06082,STU06082,89.14,5,1,2026-10-02
ATT06083,STU06083,89.45,6,1,2026-10-02
ATT06084,STU06084,97.13,5,3,2026-10-02
ATT06085,STU06085,65.27,25,6,2026-10-02
ATT06086,STU06086,74.46,17,4,2026-10-02
ATT06087,STU06087,93.44,5,1,2026-10-02
ATT06088,STU06088,63.5,18,5,2026-10-02
ATT06089,STU06089,76.0,16,4,2026-10-02
ATT06090,STU06090,91.85,4,0,2026-10-02
ATT06091,STU06091,95.57,1,0,2026-10-02
ATT06092,STU06092,83.6,8,3,2026-10-02
ATT06093,STU06093,93.13,5,0,2026-10-02
ATT06094,STU06094,90.55,7,0,2026-10-02
ATT06095,STU06095,96.31,2,1,2026-10-02
ATT06096,STU06096,54.47,30,6,2026-10-02
ATT06097,STU06097,92.65,2,0,2026-10-02
ATT06098,STU06098,76.25,16,7,2026-10-02
ATT06099,STU06099,83.97,12,5,2026-10-02
ATT06100,STU06100,93.68,6,3,2026-10-02
ATT06101,STU06101,89.38,6,1,2026-10-02
ATT06102,STU06102,81.69,17,6,2026-10-02
ATT06103,STU06103,100.0,0,0,2026-10-02
ATT06104,STU06104,76.2,14,2,2026-10-02
ATT06105,STU06105,97.49,1,0,2026-10-02
ATT06106,STU06106,75.37,14,4,2026-10-02
ATT06107,STU06107,83.96,12,6,2026-10-02
ATT06108,STU06108,77.58,12,7,2026-10-02
ATT06109,STU06109,76.09,17,4,2026-10-02
ATT06110,STU06110,87.51,7,2,2026-10-02
ATT06111,STU06111,89.02,4,0,2026-10-02
ATT06112,STU06112,73.44,19,8,2026-10-02
ATT06113,STU06113,74.32,18,5,2026-10-02
ATT06114,STU06114,68.07,22,8,2026-10-02
ATT06115,STU06115,94.64,2,2,2026-10-02
ATT06116,STU06116,100.0,0,0,2026-10-02
ATT06117,STU06117,84.98,7,2,2026-10-02
ATT06118,STU06118,74.15,16,4,2026-10-02
ATT06119,STU06119,79.16,13,3,2026-10-02
ATT06120,STU06120,78.53,14,2,2026-10-02
ATT06121,STU06121,88.35,7,2,2026-10-02
ATT06122,STU06122,94.6,1,1,2026-10-02
ATT06123,STU06123,71.38,17,5,2026-10-02
ATT06124,STU06124,77.0,16,5,2026-10-02
ATT06125,STU06125,83.49,14,5,2026-10-02
ATT06126,STU06126,81.46,13,5,2026-10-02
ATT06127,STU06127,81.01,11,4,2026-10-02
ATT06128,STU06128,89.16,8,0,2026-10-02
ATT06129,STU06129,75.72,17,5,2026-10-02
ATT06130,STU06130,65.34,19,5,2026-10-02
ATT06131,STU06131,81.07,12,2,2026-10-02
ATT06132,STU06132,79.38,13,1,2026-10-02
ATT06133,STU06133,65.98,21,8,2026-10-02
ATT06134,STU06134,100.0,1,0,2026-10-02
ATT06135,STU06135,100.0,1,0,2026-10-02
ATT06136,STU06136,78.94,13,2,2026-10-02
ATT06137,STU06137,76.48,14,2,2026-10-02
ATT06138,STU06138,59.23,26,7,2026-10-02
ATT06139,STU06139,79.53,11,7,2026-10-02
ATT06140,STU06140,66.45,21,5,2026-10-02
ATT06141,STU06141,89.83,9,3,2026-10-02
ATT06142,STU06142,58.58,27,8,2026-10-02
ATT06143,STU06143,100.0,2,0,2026-10-02
ATT06144,STU06144,66.18,23,4,2026-10-02
ATT06145,STU06145,81.89,11,0,2026-10-02
ATT06146,STU06146,96.72,1,0,2026-10-02
ATT06147,STU06147,90.59,4,3,2026-10-02
ATT06148,STU06148,93.77,3,1,2026-10-02
ATT06149,STU06149,74.48,18,5,2026-10-02
ATT06150,STU06150,84.29,12,2,2026-10-02
ATT06151,STU06151,70.33,19,7,2026-10-02
ATT06152,STU06152,88.92,10,3,2026-10-02
ATT06153,STU06153,79.96,13,3,2026-10-02
ATT06154,STU06154,80.63,12,2,2026-10-02
ATT06155,STU06155,87.79,5,0,2026-10-02
ATT06156,STU06156,81.29,12,4,2026-10-02
ATT06157,STU06157,79.12,13,4,2026-10-02
ATT06158,STU06158,72.2,19,5,2026-10-02
ATT06159,STU06159,90.19,4,1,2026-10-02
ATT06160,STU06160,89.14,9,3,2026-10-02
ATT06161,STU06161,75.0,15,2,2026-10-02
ATT06162,STU06162,71.36,17,4,2026-10-02
ATT06163,STU06163,92.14,7,0,2026-10-02
ATT06164,STU06164,92.86,3,2,2026-10-02
ATT06165,STU06165,67.79,21,2,2026-10-02
ATT06166,STU06166,89.49,7,1,2026-10-02
ATT06167,STU06167,85.0,8,0,2026-10-02
ATT06168,STU06168,89.58,9,2,2026-10-02
ATT06169,STU06169,66.59,23,6,2026-10-02
ATT06170,STU06170,89.34,6,0,2026-10-02
ATT06171,STU06171,90.65,7,0,2026-10-02
ATT06172,STU06172,85.88,7,0,2026-10-02
ATT06173,STU06173,62.86,23,8,2026-10-02
ATT06174,STU06174,98.43,0,0,2026-10-02
ATT06175,STU06175,94.29,4,1,2026-10-02
ATT06176,STU06176,77.87,17,3,2026-10-02
ATT06177,STU06177,95.01,3,2,2026-10-02
ATT06178,STU06178,96.42,2,1,2026-10-02
ATT06179,STU06179,75.69,17,5,2026-10-02
ATT06180,STU06180,84.58,7,3,2026-10-02
ATT06181,STU06181,79.23,16,4,2026-10-02
ATT06182,STU06182,88.17,6,0,2026-10-02
ATT06183,STU06183,78.82,14,3,2026-10-02
ATT06184,STU06184,79.79,14,3,2026-10-02
ATT06185,STU06185,73.37,20,6,2026-10-02
ATT06186,STU06186,99.57,1,0,2026-10-02
ATT06187,STU06187,76.4,14,3,2026-10-02
ATT06188,STU06188,97.97,0,0,2026-10-02
ATT06189,STU06189,71.58,17,4,2026-10-02
ATT06190,STU06190,83.01,10,5,2026-10-02
ATT06191,STU06191,80.91,14,4,2026-10-02
ATT06192,STU06192,100.0,0,0,2026-10-02
ATT06193,STU06193,75.26,16,4,2026-10-02
ATT06194,STU06194,57.13,28,10,2026-10-02
ATT06195,STU06195,86.89,8,3,2026-10-02
ATT06196,STU06196,78.27,13,1,2026-10-02
ATT06197,STU06197,100.0,0,0,2026-10-02
ATT06198,STU06198,72.3,16,6,2026-10-02
ATT06199,STU06199,83.56,10,4,2026-10-02
ATT06200,STU06200,93.33,4,0,2026-10-02
ATT06201,STU06201,82.18,16,5,2026-10-02
ATT06202,STU06202,100.0,2,0,2026-10-02
ATT06203,STU06203,68.78,19,6,2026-10-02
ATT06204,STU06204,78.63,12,6,2026-10-02
ATT06205,STU06205,92.15,7,0,2026-10-02
ATT06206,STU06206,96.81,1,0,2026-10-02
ATT06207,STU06207,89.84,8,2,2026-10-02
ATT06208,STU06208,97.78,1,0,2026-10-02
ATT06209,STU06209,80.14,13,3,2026-10-02
ATT06210,STU06210,95.92,4,4,2026-10-02
ATT06211,STU06211,87.79,8,0,2026-10-02
ATT06212,STU06212,97.1,0,0,2026-10-02
ATT06213,STU06213,66.09,24,9,2026-10-02
ATT06214,STU06214,67.72,19,8,2026-10-02
ATT06215,STU06215,79.35,15,4,2026-10-02
ATT06216,STU06216,71.98,19,6,2026-10-02
ATT06217,STU06217,72.92,21,7,2026-10-02
ATT06218,STU06218,84.74,12,2,2026-10-02
ATT06219,STU06219,68.05,19,7,2026-10-02
ATT06220,STU06220,100.0,0,0,2026-10-02
ATT06221,STU06221,80.86,13,6,2026-10-02
ATT06222,STU06222,71.43,18,4,2026-10-02
ATT06223,STU06223,100.0,2,0,2026-10-02
ATT06224,STU06224,61.02,23,10,2026-10-02
ATT06225,STU06225,97.03,1,0,2026-10-02
ATT06226,STU06226,63.01,24,8,2026-10-02
ATT06227,STU06227,96.96,3,2,2026-10-02
ATT06228,STU06228,91.17,8,0,2026-10-02
ATT06229,STU06229,100.0,0,0,2026-10-02
ATT06230,STU06230,100.0,3,0,2026-10-02
ATT06231,STU06231,72.51,18,7,2026-10-02
ATT06232,STU06232,91.04,5,2,2026-10-02
ATT06233,STU06233,91.68,7,0,2026-10-02
ATT06234,STU06234,87.4,7,0,2026-10-02
ATT06235,STU06235,84.05,9,3,2026-10-02
ATT06236,STU06236,69.78,19,6,2026-10-02
ATT06237,STU06237,66.54,20,8,2026-10-02
ATT06238,STU06238,100.0,0,0,2026-10-02
ATT06239,STU06239,88.64,7,0,2026-10-02
ATT06240,STU06240,96.91,3,0,2026-10-02
ATT06241,STU06241,84.59,10,3,2026-10-02
ATT06242,STU06242,99.31,1,0,2026-10-02
ATT06243,STU06243,56.95,31,8,2026-10-02
ATT06244,STU06244,94.81,3,3,2026-10-02
ATT06245,STU06245,72.82,20,4,2026-10-02
ATT06246,STU06246,84.99,11,1,2026-10-02
ATT06247,STU06247,77.91,14,4,2026-10-02
ATT06248,STU06248,85.57,13,2,2026-10-02
ATT06249,STU06249,92.56,4,0,2026-10-02
ATT06250,STU06250,75.8,15,3,2026-10-02
ATT06251,STU06251,94.86,4,0,2026-10-02
ATT06252,STU06252,90.45,5,1,2026-10-02
ATT06253,STU06253,97.03,0,0,2026-10-02
ATT06254,STU06254,70.95,20,6,2026-10-02
ATT06255,STU06255,89.28,9,4,2026-10-02
ATT06256,STU06256,90.28,5,0,2026-10-02
ATT06257,STU06257,70.11,17,5,2026-10-02
ATT06258,STU06258,91.27,6,1,2026-10-02
ATT06259,STU06259,75.38,15,4,2026-10-02
ATT06260,STU06260,86.32,9,2,2026-10-02
ATT06261,STU06261,98.53,0,0,2026-10-02
ATT06262,STU06262,88.51,7,4,2026-10-02
ATT06263,STU06263,81.85,11,0,2026-10-02
ATT06264,STU06264,82.27,12,4,2026-10-02
ATT06265,STU06265,93.47,4,1,2026-10-02
ATT06266,STU06266,88.1,6,1,2026-10-02
ATT06267,STU06267,57.98,26,9,2026-10-02
ATT06268,STU06268,83.25,11,3,2026-10-02
ATT06269,STU06269,82.55,14,5,2026-10-02
ATT06270,STU06270,85.66,9,4,2026-10-02
ATT06271,STU06271,68.22,19,8,2026-10-02
ATT06272,STU06272,81.65,13,3,2026-10-02
ATT06273,STU06273,73.3,16,5,2026-10-02
ATT06274,STU06274,98.52,4,0,2026-10-02
ATT06275,STU06275,73.77,18,4,2026-10-02
ATT06276,STU06276,93.06,4,0,2026-10-02
ATT06277,STU06277,86.22,6,0,2026-10-02
ATT06278,STU06278,81.51,12,4,2026-10-02
ATT06279,STU06279,74.28,17,8,2026-10-02
ATT06280,STU06280,73.49,16,5,2026-10-02
ATT06281,STU06281,89.36,8,3,2026-10-02
ATT06282,STU06282,68.85,20,3,2026-10-02
ATT06283,STU06283,78.88,14,5,2026-10-02
ATT06284,STU06284,84.17,8,2,2026-10-02
ATT06285,STU06285,92.71,4,1,2026-10-02
ATT06286,STU06286,100.0,0,0,2026-10-02
ATT06287,STU06287,85.54,9,0,2026-10-02
ATT06288,STU06288,59.47,24,7,2026-10-02
ATT06289,STU06289,73.48,19,5,2026-10-02
ATT06290,STU06290,63.84,26,7,2026-10-02
ATT06291,STU06291,58.9,27,8,2026-10-02
ATT06292,STU06292,87.06,6,1,2026-10-02
ATT06293,STU06293,66.84,23,6,2026-10-02
ATT06294,STU06294,87.03,8,5,2026-10-02
ATT06295,STU06295,94.29,2,0,2026-10-02
ATT06296,STU06296,90.98,4,0,2026-10-02
ATT06297,STU06297,95.19,1,0,2026-10-02
ATT06298,STU06298,90.33,7,1,2026-10-02
ATT06299,STU06299,81.74,10,4,2026-10-02
ATT06300,STU06300,79.75,12,2,2026-10-02
ATT06301,STU06301,73.2,17,2,2026-10-02
ATT06302,STU06302,74.92,15,5,2026-10-02
ATT06303,STU06303,87.63,6,0,2026-10-02
ATT06304,STU06304,76.36,15,4,2026-10-02
ATT06305,STU06305,78.45,11,1,2026-10-02
ATT06306,STU06306,100.0,1,0,2026-10-02
ATT06307,STU06307,81.16,12,2,2026-10-02
ATT06308,STU06308,100.0,0,0,2026-10-02
ATT06309,STU06309,100.0,1,0,2026-10-02
ATT06310,STU06310,84.25,11,0,2026-10-02
ATT06311,STU06311,82.05,13,5,2026-10-02
ATT06312,STU06312,88.78,9,2,2026-10-02
ATT06313,STU06313,81.63,12,7,2026-10-02
ATT06314,STU06314,70.64,21,6,2026-10-02
ATT06315,STU06315,71.45,18,4,2026-10-02
ATT06316,STU06316,91.8,4,1,2026-10-02
ATT06317,STU06317,92.92,4,2,2026-10-02
ATT06318,STU06318,69.05,19,7,2026-10-02
ATT06319,STU06319,75.13,15,3,2026-10-02
ATT06320,STU06320,89.93,6,3,2026-10-02
ATT06321,STU06321,71.55,20,7,2026-10-02
ATT06322,STU06322,77.92,15,5,2026-10-02
ATT06323,STU06323,86.3,11,2,2026-10-02
ATT06324,STU06324,76.27,15,5,2026-10-02
ATT06325,STU06325,92.34,4,1,2026-10-02
ATT06326,STU06326,86.87,9,1,2026-10-02
ATT06327,STU06327,94.65,3,1,2026-10-02
ATT06328,STU06328,76.68,13,4,2026-10-02
ATT06329,STU06329,92.33,3,0,2026-10-02
ATT06330,STU06330,93.56,7,1,2026-10-02
ATT06331,STU06331,81.92,11,2,2026-10-02
ATT06332,STU06332,89.15,5,1,2026-10-02
ATT06333,STU06333,81.0,13,3,2026-10-02
ATT06334,STU06334,87.42,7,5,2026-10-02
ATT06335,STU06335,84.37,9,1,2026-10-02
ATT06336,STU06336,86.37,8,3,2026-10-02
ATT06337,STU06337,87.29,9,0,2026-10-02
ATT06338,STU06338,86.18,7,1,2026-10-02
ATT06339,STU06339,88.86,9,2,2026-10-02
ATT06340,STU06340,67.05,20,4,2026-10-02
ATT06341,STU06341,79.46,17,6,2026-10-02
ATT06342,STU06342,80.97,14,3,2026-10-02
ATT06343,STU06343,93.7,3,0,2026-10-02
ATT06344,STU06344,70.89,20,5,2026-10-02
ATT06345,STU06345,80.1,12,5,2026-10-02
ATT06346,STU06346,73.6,18,7,2026-10-02
ATT06347,STU06347,89.17,8,3,2026-10-02
ATT06348,STU06348,71.89,17,8,2026-10-02
ATT06349,STU06349,77.18,13,4,2026-10-02
ATT06350,STU06350,73.58,17,5,2026-10-02
ATT06351,STU06351,84.03,11,2,2026-10-02
ATT06352,STU06352,70.62,19,5,2026-10-02
ATT06353,STU06353,75.67,15,3,2026-10-02
ATT06354,STU06354,73.93,16,6,2026-10-02
ATT06355,STU06355,84.93,10,1,2026-10-02
ATT06356,STU06356,80.04,13,3,2026-10-02
ATT06357,STU06357,89.84,6,1,2026-10-02
ATT06358,STU06358,78.27,13,3,2026-10-02
ATT06359,STU06359,100.0,0,0,2026-10-02
ATT06360,STU06360,76.49,14,1,2026-10-02
ATT06361,STU06361,100.0,0,0,2026-10-02
ATT06362,STU06362,64.94,22,6,2026-10-02
ATT06363,STU06363,76.96,15,6,2026-10-02
ATT06364,STU06364,100.0,0,0,2026-10-02
ATT06365,STU06365,67.07,23,7,2026-10-02
ATT06366,STU06366,87.6,8,3,2026-10-02
ATT06367,STU06367,72.76,16,4,2026-10-02
ATT06368,STU06368,77.32,16,4,2026-10-02
ATT06369,STU06369,71.63,20,5,2026-10-02
ATT06370,STU06370,91.41,7,0,2026-10-02
ATT06371,STU06371,90.68,6,4,2026-10-02
ATT06372,STU06372,80.38,12,2,2026-10-02
ATT06373,STU06373,72.81,18,4,2026-10-02
ATT06374,STU06374,93.27,5,1,2026-10-02
ATT06375,STU06375,87.03,10,0,2026-10-02
ATT06376,STU06376,81.31,12,3,2026-10-02
ATT06377,STU06377,80.36,13,2,2026-10-02
ATT06378,STU06378,75.19,13,5,2026-10-02
ATT06379,STU06379,79.63,13,6,2026-10-02
ATT06380,STU06380,73.22,16,4,2026-10-02
ATT06381,STU06381,82.87,14,3,2026-10-02
ATT06382,STU06382,87.22,7,1,2026-10-02
ATT06383,STU06383,75.39,17,2,2026-10-02
ATT06384,STU06384,84.19,10,1,2026-10-02
ATT06385,STU06385,100.0,0,0,2026-10-02
ATT06386,STU06386,89.72,8,2,2026-10-02
ATT06387,STU06387,75.41,17,5,2026-10-02
ATT06388,STU06388,80.3,12,6,2026-10-02
ATT06389,STU06389,95.26,0,0,2026-10-02
ATT06390,STU06390,60.34,26,9,2026-10-02
ATT06391,STU06391,85.85,9,1,2026-10-02
ATT06392,STU06392,80.78,11,5,2026-10-02
ATT06393,STU06393,81.68,11,1,2026-10-02
ATT06394,STU06394,92.38,5,1,2026-10-02
ATT06395,STU06395,80.85,11,3,2026-10-02
ATT06396,STU06396,62.78,24,7,2026-10-02
ATT06397,STU06397,90.35,8,4,2026-10-02
ATT06398,STU06398,94.9,6,0,2026-10-02
ATT06399,STU06399,100.0,0,0,2026-10-02
ATT06400,STU06400,85.59,7,0,2026-10-02
ATT06401,STU06401,87.94,8,2,2026-10-02
ATT06402,STU06402,88.11,6,0,2026-10-02
ATT06403,STU06403,85.78,9,2,2026-10-02
ATT06404,STU06404,87.79,9,2,2026-10-02
ATT06405,STU06405,84.3,9,0,2026-10-02
ATT06406,STU06406,79.73,12,1,2026-10-02
ATT06407,STU06407,70.84,19,4,2026-10-02
ATT06408,STU06408,76.89,14,6,2026-10-02
ATT06409,STU06409,100.0,0,0,2026-10-02
ATT06410,STU06410,85.72,9,2,2026-10-02
ATT06411,STU06411,83.96,10,1,2026-10-02
ATT06412,STU06412,91.67,2,0,2026-10-02
ATT06413,STU06413,83.35,13,4,2026-10-02
ATT06414,STU06414,80.43,13,5,2026-10-02
ATT06415,STU06415,79.67,14,4,2026-10-02
ATT06416,STU06416,78.33,15,7,2026-10-02
ATT06417,STU06417,84.96,10,2,2026-10-02
ATT06418,STU06418,75.75,14,4,2026-10-02
ATT06419,STU06419,70.23,20,4,2026-10-02
ATT06420,STU06420,87.01,7,0,2026-10-02
ATT06421,STU06421,82.27,12,5,2026-10-02
ATT06422,STU06422,77.54,15,5,2026-10-02
ATT06423,STU06423,75.32,14,4,2026-10-02
ATT06424,STU06424,95.54,4,3,2026-10-02
ATT06425,STU06425,75.55,16,4,2026-10-02
ATT06426,STU06426,95.84,2,0,2026-10-02
ATT06427,STU06427,66.77,19,5,2026-10-02
ATT06428,STU06428,83.36,10,4,2026-10-02
ATT06429,STU06429,62.3,24,8,2026-10-02
ATT06430,STU06430,79.65,15,5,2026-10-02
ATT06431,STU06431,91.34,3,1,2026-10-02
ATT06432,STU06432,86.02,8,4,2026-10-02
ATT06433,STU06433,86.71,10,2,2026-10-02
ATT06434,STU06434,87.99,7,2,2026-10-02
ATT06435,STU06435,81.72,13,5,2026-10-02
ATT06436,STU06436,85.76,9,1,2026-10-02
ATT06437,STU06437,93.34,2,0,2026-10-02
ATT06438,STU06438,67.02,21,8,2026-10-02
ATT06439,STU06439,66.78,22,3,2026-10-02
ATT06440,STU06440,96.67,4,0,2026-10-02
ATT06441,STU06441,97.72,3,1,2026-10-02
ATT06442,STU06442,70.88,17,5,2026-10-02
ATT06443,STU06443,79.71,12,2,2026-10-02
ATT06444,STU06444,100.0,0,0,2026-10-02
ATT06445,STU06445,89.5,8,1,2026-10-02
ATT06446,STU06446,84.08,9,1,2026-10-02
ATT06447,STU06447,100.0,0,0,2026-10-02
ATT06448,STU06448,97.4,1,0,2026-10-02
ATT06449,STU06449,65.52,24,7,2026-10-02
ATT06450,STU06450,80.94,10,2,2026-10-02
ATT06451,STU06451,84.98,10,4,2026-10-02
ATT06452,STU06452,82.5,9,3,2026-10-02
ATT06453,STU06453,67.95,21,6,2026-10-02
ATT06454,STU06454,80.78,13,4,2026-10-02
ATT06455,STU06455,87.53,7,2,2026-10-02
ATT06456,STU06456,100.0,0,0,2026-10-02
ATT06457,STU06457,98.34,1,0,2026-10-02
ATT06458,STU06458,74.61,16,3,2026-10-02
ATT06459,STU06459,71.81,18,6,2026-10-02
ATT06460,STU06460,76.96,17,6,2026-10-02
ATT06461,STU06461,81.29,13,6,2026-10-02
ATT06462,STU06462,74.12,14,2,2026-10-02
ATT06463,STU06463,97.71,2,0,2026-10-02
ATT06464,STU06464,74.37,16,5,2026-10-02
ATT06465,STU06465,68.18,22,8,2026-10-02
ATT06466,STU06466,100.0,0,0,2026-10-02
ATT06467,STU06467,77.32,16,6,2026-10-02
ATT06468,STU06468,84.56,11,0,2026-10-02
ATT06469,STU06469,78.34,13,3,2026-10-02
ATT06470,STU06470,89.89,5,0,2026-10-02
ATT06471,STU06471,85.06,11,3,2026-10-02
ATT06472,STU06472,87.23,10,3,2026-10-02
ATT06473,STU06473,64.4,23,9,2026-10-02
ATT06474,STU06474,75.5,17,8,2026-10-02
ATT06475,STU06475,67.47,20,6,2026-10-02
ATT06476,STU06476,67.07,18,6,2026-10-02
ATT06477,STU06477,80.61,12,2,2026-10-02
ATT06478,STU06478,76.12,17,3,2026-10-02
ATT06479,STU06479,69.64,20,3,2026-10-02
ATT06480,STU06480,60.08,28,5,2026-10-02
ATT06481,STU06481,83.67,12,1,2026-10-02
ATT06482,STU06482,64.87,23,10,2026-10-02
ATT06483,STU06483,78.98,13,0,2026-10-02
ATT06484,STU06484,84.37,11,4,2026-10-02
ATT06485,STU06485,87.4,10,1,2026-10-02
ATT06486,STU06486,92.29,5,0,2026-10-02
ATT06487,STU06487,64.1,25,6,2026-10-02
ATT06488,STU06488,100.0,0,0,2026-10-02
ATT06489,STU06489,97.88,1,0,2026-10-02
ATT06490,STU06490,82.55,11,1,2026-10-02
ATT06491,STU06491,78.57,15,4,2026-10-02
ATT06492,STU06492,54.64,30,10,2026-10-02
ATT06493,STU06493,71.41,20,3,2026-10-02
ATT06494,STU06494,87.28,9,0,2026-10-02
ATT06495,STU06495,63.81,23,5,2026-10-02
ATT06496,STU06496,64.81,23,5,2026-10-02
ATT06497,STU06497,72.16,19,5,2026-10-02
ATT06498,STU06498,84.58,9,2,2026-10-02
ATT06499,STU06499,78.14,14,5,2026-10-02
ATT06500,STU06500,76.51,15,4,2026-10-02
ATT06501,STU06501,80.11,16,5,2026-10-02
ATT06502,STU06502,74.27,17,3,2026-10-02
ATT06503,STU06503,100.0,0,0,2026-10-02
ATT06504,STU06504,82.22,13,1,2026-10-02
ATT06505,STU06505,84.21,11,4,2026-10-02
ATT06506,STU06506,71.85,19,1,2026-10-02
ATT06507,STU06507,93.77,2,2,2026-10-02
ATT06508,STU06508,64.84,23,5,2026-10-02
ATT06509,STU06509,84.38,8,3,2026-10-02
ATT06510,STU06510,87.95,8,1,2026-10-02
ATT06511,STU06511,74.53,16,3,2026-10-02
ATT06512,STU06512,75.0,18,3,2026-10-02
ATT06513,STU06513,86.52,9,6,2026-10-02
ATT06514,STU06514,69.37,22,4,2026-10-02
ATT06515,STU06515,71.03,19,3,2026-10-02
ATT06516,STU06516,79.49,11,3,2026-10-02
ATT06517,STU06517,100.0,1,0,2026-10-02
ATT06518,STU06518,72.02,19,5,2026-10-02
ATT06519,STU06519,76.64,15,8,2026-10-02
ATT06520,STU06520,81.2,13,3,2026-10-02
ATT06521,STU06521,89.19,8,3,2026-10-02
ATT06522,STU06522,72.9,16,4,2026-10-02
ATT06523,STU06523,69.05,21,7,2026-10-02
ATT06524,STU06524,74.99,14,6,2026-10-02
ATT06525,STU06525,85.64,8,0,2026-10-02
ATT06526,STU06526,71.56,18,7,2026-10-02
ATT06527,STU06527,91.45,5,1,2026-10-02
ATT06528,STU06528,91.88,8,2,2026-10-02
ATT06529,STU06529,95.44,3,2,2026-10-02
ATT06530,STU06530,95.35,3,1,2026-10-02
ATT06531,STU06531,87.26,8,3,2026-10-02
ATT06532,STU06532,49.62,32,7,2026-10-02
ATT06533,STU06533,75.48,16,4,2026-10-02
ATT06534,STU06534,82.36,11,4,2026-10-02
ATT06535,STU06535,77.47,15,5,2026-10-02
ATT06536,STU06536,74.54,20,6,2026-10-02
ATT06537,STU06537,72.13,22,8,2026-10-02
ATT06538,STU06538,81.69,11,2,2026-10-02
ATT06539,STU06539,59.92,25,11,2026-10-02
ATT06540,STU06540,76.73,16,4,2026-10-02
ATT06541,STU06541,91.8,7,1,2026-10-02
ATT06542,STU06542,78.42,13,5,2026-10-02
ATT06543,STU06543,58.65,29,7,2026-10-02
ATT06544,STU06544,83.86,12,5,2026-10-02
ATT06545,STU06545,86.5,9,1,2026-10-02
ATT06546,STU06546,86.35,9,0,2026-10-02
ATT06547,STU06547,89.46,7,0,2026-10-02
ATT06548,STU06548,78.88,13,1,2026-10-02
ATT06549,STU06549,90.84,7,0,2026-10-02
ATT06550,STU06550,70.85,20,6,2026-10-02
ATT06551,STU06551,79.84,14,4,2026-10-02
ATT06552,STU06552,90.83,3,2,2026-10-02
ATT06553,STU06553,87.92,9,5,2026-10-02
ATT06554,STU06554,87.09,10,0,2026-10-02
ATT06555,STU06555,100.0,1,0,2026-10-02
ATT06556,STU06556,84.87,10,1,2026-10-02
ATT06557,STU06557,85.93,11,2,2026-10-02
ATT06558,STU06558,83.68,12,4,2026-10-02
ATT06559,STU06559,73.34,16,2,2026-10-02
ATT06560,STU06560,74.78,19,3,2026-10-02
ATT06561,STU06561,72.11,18,8,2026-10-02
ATT06562,STU06562,77.94,14,5,2026-10-02
ATT06563,STU06563,69.28,20,6,2026-10-02
ATT06564,STU06564,66.23,20,7,2026-10-02
ATT06565,STU06565,100.0,0,0,2026-10-02
ATT06566,STU06566,99.73,0,0,2026-10-02
ATT06567,STU06567,100.0,2,1,2026-10-02
ATT06568,STU06568,77.18,16,6,2026-10-02
ATT06569,STU06569,63.58,24,3,2026-10-02
ATT06570,STU06570,98.59,3,2,2026-10-02
ATT06571,STU06571,90.77,6,1,2026-10-02
ATT06572,STU06572,67.79,20,3,2026-10-02
ATT06573,STU06573,84.82,9,0,2026-10-02
ATT06574,STU06574,80.62,10,1,2026-10-02
ATT06575,STU06575,75.64,16,6,2026-10-02
ATT06576,STU06576,78.64,11,4,2026-10-02
ATT06577,STU06577,83.85,11,3,2026-10-02
ATT06578,STU06578,86.52,9,4,2026-10-02
ATT06579,STU06579,100.0,0,0,2026-10-02
ATT06580,STU06580,90.91,6,0,2026-10-02
ATT06581,STU06581,100.0,0,0,2026-10-02
ATT06582,STU06582,79.21,14,0,2026-10-02
ATT06583,STU06583,69.6,18,5,2026-10-02
ATT06584,STU06584,82.52,10,2,2026-10-02
ATT06585,STU06585,84.31,9,0,2026-10-02
ATT06586,STU06586,84.42,7,2,2026-10-02
ATT06587,STU06587,86.65,11,1,2026-10-02
ATT06588,STU06588,87.63,6,1,2026-10-02
ATT06589,STU06589,88.2,7,3,2026-10-02
ATT06590,STU06590,86.4,6,1,2026-10-02
ATT06591,STU06591,88.87,8,0,2026-10-02
ATT06592,STU06592,85.63,9,4,2026-10-02
ATT06593,STU06593,85.7,12,6,2026-10-02
ATT06594,STU06594,81.94,11,4,2026-10-02
ATT06595,STU06595,76.03,15,6,2026-10-02
ATT06596,STU06596,81.23,13,5,2026-10-02
ATT06597,STU06597,66.45,21,9,2026-10-02
ATT06598,STU06598,87.87,7,0,2026-10-02
ATT06599,STU06599,91.46,4,4,2026-10-02
ATT06600,STU06600,66.1,20,6,2026-10-02
ATT06601,STU06601,80.02,12,0,2026-10-02
ATT06602,STU06602,90.96,6,3,2026-10-02
ATT06603,STU06603,82.57,13,4,2026-10-02
ATT06604,STU06604,83.95,9,3,2026-10-02
ATT06605,STU06605,75.28,18,6,2026-10-02
ATT06606,STU06606,79.21,14,3,2026-10-02
ATT06607,STU06607,77.05,16,2,2026-10-02
ATT06608,STU06608,96.71,2,0,2026-10-02
ATT06609,STU06609,95.4,3,2,2026-10-02
ATT06610,STU06610,84.53,12,2,2026-10-02
ATT06611,STU06611,88.86,8,0,2026-10-02
ATT06612,STU06612,95.45,2,2,2026-10-02
ATT06613,STU06613,81.47,11,3,2026-10-02
ATT06614,STU06614,86.45,6,4,2026-10-02
ATT06615,STU06615,89.09,6,3,2026-10-02
ATT06616,STU06616,69.42,20,4,2026-10-02
ATT06617,STU06617,88.99,7,0,2026-10-02
ATT06618,STU06618,84.11,9,0,2026-10-02
ATT06619,STU06619,90.29,9,1,2026-10-02
ATT06620,STU06620,79.28,13,7,2026-10-02
ATT06621,STU06621,77.89,15,6,2026-10-02
ATT06622,STU06622,100.0,2,0,2026-10-02
ATT06623,STU06623,73.59,19,5,2026-10-02
ATT06624,STU06624,83.03,12,2,2026-10-02
ATT06625,STU06625,80.61,13,7,2026-10-02
ATT06626,STU06626,80.98,12,3,2026-10-02
ATT06627,STU06627,81.29,11,2,2026-10-02
ATT06628,STU06628,67.34,22,6,2026-10-02
ATT06629,STU06629,90.58,5,1,2026-10-02
ATT06630,STU06630,61.8,26,10,2026-10-02
ATT06631,STU06631,100.0,0,0,2026-10-02
ATT06632,STU06632,83.32,9,3,2026-10-02
ATT06633,STU06633,96.05,1,0,2026-10-02
ATT06634,STU06634,63.76,23,6,2026-10-02
ATT06635,STU06635,100.0,0,0,2026-10-02
ATT06636,STU06636,97.43,2,0,2026-10-02
ATT06637,STU06637,79.27,14,2,2026-10-02
ATT06638,STU06638,78.6,12,2,2026-10-02
ATT06639,STU06639,93.98,2,0,2026-10-02
ATT06640,STU06640,100.0,0,0,2026-10-02
ATT06641,STU06641,78.32,15,6,2026-10-02
ATT06642,STU06642,72.55,17,6,2026-10-02
ATT06643,STU06643,71.35,15,4,2026-10-02
ATT06644,STU06644,74.43,16,0,2026-10-02
ATT06645,STU06645,90.24,4,1,2026-10-02
ATT06646,STU06646,81.85,13,4,2026-10-02
ATT06647,STU06647,86.38,6,0,2026-10-02
ATT06648,STU06648,84.59,8,3,2026-10-02
ATT06649,STU06649,73.01,16,4,2026-10-02
ATT06650,STU06650,72.14,18,3,2026-10-02
ATT06651,STU06651,85.07,9,3,2026-10-02
ATT06652,STU06652,88.37,8,1,2026-10-02
ATT06653,STU06653,82.37,11,7,2026-10-02
ATT06654,STU06654,92.05,3,3,2026-10-02
ATT06655,STU06655,98.44,0,0,2026-10-02
ATT06656,STU06656,79.48,13,5,2026-10-02
ATT06657,STU06657,67.25,20,7,2026-10-02
ATT06658,STU06658,83.12,10,2,2026-10-02
ATT06659,STU06659,79.72,13,2,2026-10-02
ATT06660,STU06660,64.76,22,3,2026-10-02
ATT06661,STU06661,96.86,4,0,2026-10-02
ATT06662,STU06662,79.72,12,3,2026-10-02
ATT06663,STU06663,79.71,14,1,2026-10-02
ATT06664,STU06664,84.54,8,2,2026-10-02
ATT06665,STU06665,100.0,0,0,2026-10-02
ATT06666,STU06666,76.92,16,6,2026-10-02
ATT06667,STU06667,87.18,7,2,2026-10-02
ATT06668,STU06668,85.08,13,5,2026-10-02
ATT06669,STU06669,76.99,17,5,2026-10-02
ATT06670,STU06670,87.64,8,3,2026-10-02
ATT06671,STU06671,85.48,8,0,2026-10-02
ATT06672,STU06672,66.54,23,6,2026-10-02
ATT06673,STU06673,88.5,8,0,2026-10-02
ATT06674,STU06674,97.8,0,0,2026-10-02
ATT06675,STU06675,80.89,15,6,2026-10-02
ATT06676,STU06676,61.73,28,8,2026-10-02
ATT06677,STU06677,68.1,19,5,2026-10-02
ATT06678,STU06678,65.98,22,5,2026-10-02
ATT06679,STU06679,63.28,26,8,2026-10-02
ATT06680,STU06680,73.97,17,2,2026-10-02
ATT06681,STU06681,80.66,11,1,2026-10-02
ATT06682,STU06682,72.49,18,2,2026-10-02
ATT06683,STU06683,81.69,12,0,2026-10-02
ATT06684,STU06684,98.64,0,0,2026-10-02
ATT06685,STU06685,98.17,4,0,2026-10-02
ATT06686,STU06686,78.79,14,4,2026-10-02
ATT06687,STU06687,64.56,25,7,2026-10-02
ATT06688,STU06688,78.48,13,5,2026-10-02
ATT06689,STU06689,80.8,11,5,2026-10-02
ATT06690,STU06690,73.76,16,4,2026-10-02
ATT06691,STU06691,77.36,15,5,2026-10-02
ATT06692,STU06692,86.36,8,4,2026-10-02
ATT06693,STU06693,71.45,17,3,2026-10-02
ATT06694,STU06694,87.71,9,2,2026-10-02
ATT06695,STU06695,77.41,15,4,2026-10-02
ATT06696,STU06696,90.59,8,5,2026-10-02
ATT06697,STU06697,66.49,20,4,2026-10-02
ATT06698,STU06698,92.28,5,0,2026-10-02
ATT06699,STU06699,76.23,16,8,2026-10-02
ATT06700,STU06700,99.11,4,0,2026-10-02
ATT06701,STU06701,95.27,3,0,2026-10-02
ATT06702,STU06702,50.27,30,9,2026-10-02
ATT06703,STU06703,88.44,4,1,2026-10-02
ATT06704,STU06704,98.04,2,0,2026-10-02
ATT06705,STU06705,100.0,0,0,2026-10-02
ATT06706,STU06706,84.04,11,4,2026-10-02
ATT06707,STU06707,83.05,12,1,2026-10-02
ATT06708,STU06708,100.0,0,0,2026-10-02
ATT06709,STU06709,81.52,12,4,2026-10-02
ATT06710,STU06710,57.49,28,4,2026-10-02
ATT06711,STU06711,77.25,14,3,2026-10-02
ATT06712,STU06712,61.06,26,8,2026-10-02
ATT06713,STU06713,100.0,0,0,2026-10-02
ATT06714,STU06714,88.01,7,0,2026-10-02
ATT06715,STU06715,94.2,2,0,2026-10-02
ATT06716,STU06716,79.64,12,0,2026-10-02
ATT06717,STU06717,90.0,7,4,2026-10-02
ATT06718,STU06718,85.05,11,1,2026-10-02
ATT06719,STU06719,81.01,14,4,2026-10-02
ATT06720,STU06720,87.8,8,0,2026-10-02
ATT06721,STU06721,64.05,23,5,2026-10-02
ATT06722,STU06722,87.9,6,1,2026-10-02
ATT06723,STU06723,89.05,5,4,2026-10-02
ATT06724,STU06724,85.37,12,1,2026-10-02
ATT06725,STU06725,70.25,17,3,2026-10-02
ATT06726,STU06726,92.15,6,0,2026-10-02
ATT06727,STU06727,99.66,0,0,2026-10-02
ATT06728,STU06728,68.42,21,6,2026-10-02
ATT06729,STU06729,87.77,9,1,2026-10-02
ATT06730,STU06730,81.72,9,3,2026-10-02
ATT06731,STU06731,88.64,8,3,2026-10-02
ATT06732,STU06732,85.14,11,5,2026-10-02
ATT06733,STU06733,65.18,22,8,2026-10-02
ATT06734,STU06734,80.89,12,6,2026-10-02
ATT06735,STU06735,89.98,6,4,2026-10-02
ATT06736,STU06736,90.73,5,2,2026-10-02
ATT06737,STU06737,81.29,12,2,2026-10-02
ATT06738,STU06738,100.0,0,0,2026-10-02
ATT06739,STU06739,83.31,11,4,2026-10-02
ATT06740,STU06740,72.02,19,7,2026-10-02
ATT06741,STU06741,92.36,4,0,2026-10-02
ATT06742,STU06742,91.66,5,1,2026-10-02
ATT06743,STU06743,86.34,10,1,2026-10-02
ATT06744,STU06744,69.67,19,7,2026-10-02
ATT06745,STU06745,78.63,16,4,2026-10-02
ATT06746,STU06746,97.41,0,0,2026-10-02
ATT06747,STU06747,71.6,20,4,2026-10-02
ATT06748,STU06748,78.37,16,3,2026-10-02
ATT06749,STU06749,90.12,4,0,2026-10-02
ATT06750,STU06750,100.0,0,0,2026-10-02
ATT06751,STU06751,87.04,7,1,2026-10-02
ATT06752,STU06752,76.01,17,6,2026-10-02
ATT06753,STU06753,86.58,10,3,2026-10-02
ATT06754,STU06754,90.78,4,1,2026-10-02
ATT06755,STU06755,80.27,11,1,2026-10-02
ATT06756,STU06756,93.17,6,0,2026-10-02
ATT06757,STU06757,86.89,9,4,2026-10-02
ATT06758,STU06758,79.43,14,6,2026-10-02
ATT06759,STU06759,77.65,15,6,2026-10-02
ATT06760,STU06760,100.0,0,0,2026-10-02
ATT06761,STU06761,62.76,23,7,2026-10-02
ATT06762,STU06762,87.66,9,2,2026-10-02
ATT06763,STU06763,81.63,12,2,2026-10-02
ATT06764,STU06764,68.68,21,5,2026-10-02
ATT06765,STU06765,81.81,11,2,2026-10-02
ATT06766,STU06766,79.87,11,3,2026-10-02
ATT06767,STU06767,91.76,5,2,2026-10-02
ATT06768,STU06768,88.45,7,1,2026-10-02
ATT06769,STU06769,86.14,10,4,2026-10-02
ATT06770,STU06770,78.93,16,1,2026-10-02
ATT06771,STU06771,84.18,9,3,2026-10-02
ATT06772,STU06772,90.47,6,0,2026-10-02
ATT06773,STU06773,87.65,10,2,2026-10-02
ATT06774,STU06774,79.48,16,5,2026-10-02
ATT06775,STU06775,74.75,19,6,2026-10-02
ATT06776,STU06776,67.96,22,3,2026-10-02
ATT06777,STU06777,60.07,25,10,2026-10-02
ATT06778,STU06778,84.0,9,2,2026-10-02
ATT06779,STU06779,88.39,6,0,2026-10-02
ATT06780,STU06780,87.56,8,4,2026-10-02
ATT06781,STU06781,70.52,19,4,2026-10-02
ATT06782,STU06782,81.1,8,5,2026-10-02
ATT06783,STU06783,91.62,6,1,2026-10-02
ATT06784,STU06784,66.55,23,6,2026-10-02
ATT06785,STU06785,72.6,16,3,2026-10-02
ATT06786,STU06786,81.26,11,1,2026-10-02
ATT06787,STU06787,82.8,12,3,2026-10-02
ATT06788,STU06788,97.38,2,0,2026-10-02
ATT06789,STU06789,84.18,12,1,2026-10-02
ATT06790,STU06790,89.24,6,1,2026-10-02
ATT06791,STU06791,85.51,10,5,2026-10-02
ATT06792,STU06792,79.37,14,4,2026-10-02
ATT06793,STU06793,87.77,6,0,2026-10-02
ATT06794,STU06794,84.91,8,4,2026-10-02
ATT06795,STU06795,56.85,28,9,2026-10-02
ATT06796,STU06796,92.42,7,0,2026-10-02
ATT06797,STU06797,97.23,5,0,2026-10-02
ATT06798,STU06798,78.27,13,5,2026-10-02
ATT06799,STU06799,72.75,18,4,2026-10-02
ATT06800,STU06800,85.49,9,3,2026-10-02
ATT06801,STU06801,97.03,1,1,2026-10-02
ATT06802,STU06802,59.25,26,7,2026-10-02
ATT06803,STU06803,83.76,12,3,2026-10-02
ATT06804,STU06804,88.72,8,2,2026-10-02
ATT06805,STU06805,100.0,2,0,2026-10-02
ATT06806,STU06806,60.4,27,9,2026-10-02
ATT06807,STU06807,67.84,20,4,2026-10-02
ATT06808,STU06808,84.5,11,1,2026-10-02
ATT06809,STU06809,80.0,13,3,2026-10-02
ATT06810,STU06810,90.36,7,2,2026-10-02
ATT06811,STU06811,92.49,3,0,2026-10-02
ATT06812,STU06812,100.0,1,1,2026-10-02
ATT06813,STU06813,87.61,7,0,2026-10-02
ATT06814,STU06814,80.31,12,6,2026-10-02
ATT06815,STU06815,80.14,12,2,2026-10-02
ATT06816,STU06816,72.42,17,4,2026-10-02
ATT06817,STU06817,81.46,13,4,2026-10-02
ATT06818,STU06818,77.15,18,1,2026-10-02
ATT06819,STU06819,82.65,13,6,2026-10-02
ATT06820,STU06820,92.76,3,0,2026-10-02
ATT06821,STU06821,95.25,2,0,2026-10-02
ATT06822,STU06822,97.95,1,0,2026-10-02
ATT06823,STU06823,82.73,11,1,2026-10-02
ATT06824,STU06824,77.79,16,4,2026-10-02
ATT06825,STU06825,93.14,5,4,2026-10-02
ATT06826,STU06826,73.32,14,4,2026-10-02
ATT06827,STU06827,67.75,21,5,2026-10-02
ATT06828,STU06828,73.68,20,6,2026-10-02
ATT06829,STU06829,80.72,12,2,2026-10-02
ATT06830,STU06830,90.98,7,0,2026-10-02
ATT06831,STU06831,71.06,17,4,2026-10-02
ATT06832,STU06832,77.97,13,2,2026-10-02
ATT06833,STU06833,73.19,17,6,2026-10-02
ATT06834,STU06834,88.92,8,1,2026-10-02
ATT06835,STU06835,79.01,15,5,2026-10-02
ATT06836,STU06836,90.15,4,0,2026-10-02
ATT06837,STU06837,91.62,4,0,2026-10-02
ATT06838,STU06838,71.96,17,4,2026-10-02
ATT06839,STU06839,100.0,1,0,2026-10-02
ATT06840,STU06840,73.06,18,7,2026-10-02
ATT06841,STU06841,81.99,14,4,2026-10-02
ATT06842,STU06842,77.66,17,2,2026-10-02
ATT06843,STU06843,89.92,8,1,2026-10-02
ATT06844,STU06844,96.88,3,2,2026-10-02
ATT06845,STU06845,80.45,13,6,2026-10-02
ATT06846,STU06846,91.69,6,0,2026-10-02
ATT06847,STU06847,67.05,23,7,2026-10-02
ATT06848,STU06848,82.23,11,2,2026-10-02
ATT06849,STU06849,86.2,7,1,2026-10-02
ATT06850,STU06850,91.42,6,3,2026-10-02
ATT06851,STU06851,71.22,17,5,2026-10-02
ATT06852,STU06852,85.53,9,2,2026-10-02
ATT06853,STU06853,77.28,16,3,2026-10-02
ATT06854,STU06854,94.27,6,1,2026-10-02
ATT06855,STU06855,97.82,0,0,2026-10-02
ATT06856,STU06856,76.09,17,4,2026-10-02
ATT06857,STU06857,95.19,3,0,2026-10-02
ATT06858,STU06858,100.0,1,1,2026-10-02
ATT06859,STU06859,79.38,12,4,2026-10-02
ATT06860,STU06860,71.52,17,6,2026-10-02
ATT06861,STU06861,90.94,5,2,2026-10-02
ATT06862,STU06862,91.49,5,2,2026-10-02
ATT06863,STU06863,82.75,8,5,2026-10-02
ATT06864,STU06864,81.81,12,6,2026-10-02
ATT06865,STU06865,66.59,19,5,2026-10-02
ATT06866,STU06866,75.45,17,4,2026-10-02
ATT06867,STU06867,73.45,18,6,2026-10-02
ATT06868,STU06868,64.96,21,5,2026-10-02
ATT06869,STU06869,82.13,12,4,2026-10-02
ATT06870,STU06870,55.94,28,9,2026-10-02
ATT06871,STU06871,99.27,0,0,2026-10-02
ATT06872,STU06872,71.45,19,9,2026-10-02
ATT06873,STU06873,67.89,22,7,2026-10-02
ATT06874,STU06874,74.66,16,6,2026-10-02
ATT06875,STU06875,79.48,14,2,2026-10-02
ATT06876,STU06876,69.32,21,6,2026-10-02
ATT06877,STU06877,64.91,24,8,2026-10-02
ATT06878,STU06878,92.21,6,0,2026-10-02
ATT06879,STU06879,68.68,17,1,2026-10-02
ATT06880,STU06880,84.49,9,5,2026-10-02
ATT06881,STU06881,87.49,8,0,2026-10-02
ATT06882,STU06882,66.81,24,7,2026-10-02
ATT06883,STU06883,93.18,2,0,2026-10-02
ATT06884,STU06884,92.2,5,0,2026-10-02
ATT06885,STU06885,72.69,18,8,2026-10-02
ATT06886,STU06886,88.61,7,1,2026-10-02
ATT06887,STU06887,54.02,31,11,2026-10-02
ATT06888,STU06888,79.01,13,5,2026-10-02
ATT06889,STU06889,85.92,10,3,2026-10-02
ATT06890,STU06890,72.06,20,1,2026-10-02
ATT06891,STU06891,78.07,16,1,2026-10-02
ATT06892,STU06892,85.9,9,3,2026-10-02
ATT06893,STU06893,78.23,14,4,2026-10-02
ATT06894,STU06894,92.22,5,0,2026-10-02
ATT06895,STU06895,71.3,19,7,2026-10-02
ATT06896,STU06896,84.09,10,1,2026-10-02
ATT06897,STU06897,88.68,8,0,2026-10-02
ATT06898,STU06898,60.31,26,6,2026-10-02
ATT06899,STU06899,98.65,1,1,2026-10-02
ATT06900,STU06900,83.24,10,1,2026-10-02
ATT06901,STU06901,100.0,0,0,2026-10-02
ATT06902,STU06902,77.17,16,5,2026-10-02
ATT06903,STU06903,80.82,14,4,2026-10-02
ATT06904,STU06904,66.65,22,8,2026-10-02
ATT06905,STU06905,92.38,5,3,2026-10-02
ATT06906,STU06906,71.7,19,4,2026-10-02
ATT06907,STU06907,87.92,10,3,2026-10-02
ATT06908,STU06908,82.78,7,0,2026-10-02
ATT06909,STU06909,55.54,28,11,2026-10-02
ATT06910,STU06910,87.65,8,3,2026-10-02
ATT06911,STU06911,97.6,2,0,2026-10-02
ATT06912,STU06912,93.71,3,0,2026-10-02
ATT06913,STU06913,88.74,9,1,2026-10-02
ATT06914,STU06914,95.19,4,0,2026-10-02
ATT06915,STU06915,89.38,7,0,2026-10-02
ATT06916,STU06916,80.35,12,3,2026-10-02
ATT06917,STU06917,78.58,16,2,2026-10-02
ATT06918,STU06918,66.18,23,4,2026-10-02
ATT06919,STU06919,71.47,21,8,2026-10-02
ATT06920,STU06920,79.31,11,2,2026-10-02
ATT06921,STU06921,84.52,8,0,2026-10-02
ATT06922,STU06922,92.42,6,0,2026-10-02
ATT06923,STU06923,81.87,15,3,2026-10-02
ATT06924,STU06924,92.37,5,0,2026-10-02
ATT06925,STU06925,70.36,18,3,2026-10-02
ATT06926,STU06926,84.61,13,4,2026-10-02
ATT06927,STU06927,68.98,20,6,2026-10-02
ATT06928,STU06928,99.99,0,0,2026-10-02
ATT06929,STU06929,82.21,13,0,2026-10-02
ATT06930,STU06930,84.24,14,6,2026-10-02
ATT06931,STU06931,87.0,9,2,2026-10-02
ATT06932,STU06932,74.86,16,1,2026-10-02
ATT06933,STU06933,75.16,15,11,2026-10-02
ATT06934,STU06934,70.44,18,5,2026-10-02
ATT06935,STU06935,89.37,7,0,2026-10-02
ATT06936,STU06936,92.81,7,0,2026-10-02
ATT06937,STU06937,96.59,2,0,2026-10-02
ATT06938,STU06938,95.15,3,0,2026-10-02
ATT06939,STU06939,66.66,24,5,2026-10-02
ATT06940,STU06940,48.7,35,11,2026-10-02
ATT06941,STU06941,76.86,13,8,2026-10-02
ATT06942,STU06942,87.31,11,3,2026-10-02
ATT06943,STU06943,93.23,1,0,2026-10-02
ATT06944,STU06944,87.37,9,0,2026-10-02
ATT06945,STU06945,100.0,2,0,2026-10-02
ATT06946,STU06946,63.96,24,9,2026-10-02
ATT06947,STU06947,66.34,24,6,2026-10-02
ATT06948,STU06948,67.78,21,7,2026-10-02
ATT06949,STU06949,72.25,18,0,2026-10-02
ATT06950,STU06950,83.58,12,1,2026-10-02
ATT06951,STU06951,85.16,9,2,2026-10-02
ATT06952,STU06952,91.71,5,0,2026-10-02
ATT06953,STU06953,100.0,0,0,2026-10-02
ATT06954,STU06954,72.59,17,6,2026-10-02
ATT06955,STU06955,93.47,4,0,2026-10-02
ATT06956,STU06956,71.14,18,5,2026-10-02
ATT06957,STU06957,73.77,17,4,2026-10-02
ATT06958,STU06958,74.49,14,2,2026-10-02
ATT06959,STU06959,90.05,7,0,2026-10-02
ATT06960,STU06960,50.12,32,11,2026-10-02
ATT06961,STU06961,82.55,13,6,2026-10-02
ATT06962,STU06962,77.11,16,3,2026-10-02
ATT06963,STU06963,92.57,5,0,2026-10-02
ATT06964,STU06964,87.17,9,2,2026-10-02
ATT06965,STU06965,72.41,18,8,2026-10-02
ATT06966,STU06966,86.49,8,3,2026-10-02
ATT06967,STU06967,100.0,2,0,2026-10-02
ATT06968,STU06968,90.9,7,3,2026-10-02
ATT06969,STU06969,72.36,17,6,2026-10-02
ATT06970,STU06970,77.56,16,6,2026-10-02
ATT06971,STU06971,76.81,15,5,2026-10-02
ATT06972,STU06972,65.12,23,7,2026-10-02
ATT06973,STU06973,76.38,14,6,2026-10-02
ATT06974,STU06974,100.0,0,0,2026-10-02
ATT06975,STU06975,86.48,9,3,2026-10-02
ATT06976,STU06976,79.99,16,2,2026-10-02
ATT06977,STU06977,55.92,28,9,2026-10-02
ATT06978,STU06978,64.64,23,6,2026-10-02
ATT06979,STU06979,86.3,12,3,2026-10-02
ATT06980,STU06980,67.51,20,8,2026-10-02
ATT06981,STU06981,71.49,18,4,2026-10-02
ATT06982,STU06982,91.89,7,0,2026-10-02
ATT06983,STU06983,98.34,0,0,2026-10-02
ATT06984,STU06984,67.57,23,4,2026-10-02
ATT06985,STU06985,72.57,20,5,2026-10-02
ATT06986,STU06986,77.5,13,8,2026-10-02
ATT06987,STU06987,79.11,12,4,2026-10-02
ATT06988,STU06988,85.2,11,1,2026-10-02
ATT06989,STU06989,95.78,2,2,2026-10-02
ATT06990,STU06990,69.78,21,6,2026-10-02
ATT06991,STU06991,90.28,6,0,2026-10-02
ATT06992,STU06992,76.62,15,3,2026-10-02
ATT06993,STU06993,94.79,2,0,2026-10-02
ATT06994,STU06994,70.63,17,5,2026-10-02
ATT06995,STU06995,67.16,22,7,2026-10-02
ATT06996,STU06996,79.81,15,0,2026-10-02
ATT06997,STU06997,69.5,20,5,2026-10-02
ATT06998,STU06998,92.73,4,0,2026-10-02
ATT06999,STU06999,98.08,4,2,2026-10-02
ATT07000,STU07000,87.23,8,1,2026-10-02
ATT07001,STU07001,71.53,19,4,2026-10-02
ATT07002,STU07002,80.0,14,3,2026-10-02
ATT07003,STU07003,84.74,8,3,2026-10-02
ATT07004,STU07004,88.37,5,1,2026-10-02
ATT07005,STU07005,84.28,10,2,2026-10-02
ATT07006,STU07006,75.56,18,4,2026-10-02
ATT07007,STU07007,99.44,0,0,2026-10-02
ATT07008,STU07008,71.17,22,2,2026-10-02
ATT07009,STU07009,76.2,17,6,2026-10-02
ATT07010,STU07010,78.17,15,4,2026-10-02
ATT07011,STU07011,70.18,17,8,2026-10-02
ATT07012,STU07012,71.36,20,7,2026-10-02
ATT07013,STU07013,89.17,5,1,2026-10-02
ATT07014,STU07014,73.19,16,2,2026-10-02
ATT07015,STU07015,77.92,13,3,2026-10-02
ATT07016,STU07016,72.26,16,7,2026-10-02
ATT07017,STU07017,100.0,4,0,2026-10-02
ATT07018,STU07018,66.72,21,6,2026-10-02
ATT07019,STU07019,72.63,18,3,2026-10-02
ATT07020,STU07020,75.68,17,3,2026-10-02
ATT07021,STU07021,75.46,17,6,2026-10-02
ATT07022,STU07022,67.38,22,8,2026-10-02
ATT07023,STU07023,89.92,8,1,2026-10-02
ATT07024,STU07024,92.27,5,3,2026-10-02
ATT07025,STU07025,90.11,7,0,2026-10-02
ATT07026,STU07026,91.22,5,1,2026-10-02
ATT07027,STU07027,65.5,21,6,2026-10-02
ATT07028,STU07028,79.41,15,2,2026-10-02
ATT07029,STU07029,75.24,17,6,2026-10-02
ATT07030,STU07030,76.95,14,6,2026-10-02
ATT07031,STU07031,68.69,21,4,2026-10-02
ATT07032,STU07032,77.29,16,2,2026-10-02
ATT07033,STU07033,84.95,10,4,2026-10-02
ATT07034,STU07034,74.23,17,7,2026-10-02
ATT07035,STU07035,98.46,1,1,2026-10-02
ATT07036,STU07036,80.14,12,3,2026-10-02
ATT07037,STU07037,90.18,7,0,2026-10-02
ATT07038,STU07038,66.41,22,6,2026-10-02
ATT07039,STU07039,82.84,10,3,2026-10-02
ATT07040,STU07040,74.82,15,5,2026-10-02
ATT07041,STU07041,65.29,22,6,2026-10-02
ATT07042,STU07042,76.87,18,6,2026-10-02
ATT07043,STU07043,80.81,12,1,2026-10-02
ATT07044,STU07044,91.58,7,2,2026-10-02
ATT07045,STU07045,78.75,15,7,2026-10-02
ATT07046,STU07046,91.43,5,2,2026-10-02
ATT07047,STU07047,81.81,13,2,2026-10-02
ATT07048,STU07048,75.95,14,5,2026-10-02
ATT07049,STU07049,82.64,12,2,2026-10-02
ATT07050,STU07050,73.19,18,7,2026-10-02
ATT07051,STU07051,71.61,18,8,2026-10-02
ATT07052,STU07052,82.32,13,6,2026-10-02
ATT07053,STU07053,79.53,13,3,2026-10-02
ATT07054,STU07054,71.28,20,5,2026-10-02
ATT07055,STU07055,86.75,7,0,2026-10-02
ATT07056,STU07056,89.42,10,3,2026-10-02
ATT07057,STU07057,88.33,7,3,2026-10-02
ATT07058,STU07058,76.86,13,4,2026-10-02
ATT07059,STU07059,97.23,3,0,2026-10-02
ATT07060,STU07060,78.46,14,4,2026-10-02
ATT07061,STU07061,88.78,5,2,2026-10-02
ATT07062,STU07062,98.95,0,0,2026-10-02
ATT07063,STU07063,100.0,0,0,2026-10-02
ATT07064,STU07064,82.85,11,0,2026-10-02
ATT07065,STU07065,73.44,17,3,2026-10-02
ATT07066,STU07066,86.66,10,1,2026-10-02
ATT07067,STU07067,64.8,25,6,2026-10-02
ATT07068,STU07068,74.05,18,2,2026-10-02
ATT07069,STU07069,100.0,0,0,2026-10-02
ATT07070,STU07070,85.39,10,0,2026-10-02
ATT07071,STU07071,79.75,12,4,2026-10-02
ATT07072,STU07072,73.18,17,4,2026-10-02
ATT07073,STU07073,84.8,12,4,2026-10-02
ATT07074,STU07074,80.83,12,1,2026-10-02
ATT07075,STU07075,85.19,9,4,2026-10-02
ATT07076,STU07076,71.66,20,5,2026-10-02
ATT07077,STU07077,78.39,17,4,2026-10-02
ATT07078,STU07078,77.31,14,6,2026-10-02
ATT07079,STU07079,53.06,30,11,2026-10-02
ATT07080,STU07080,100.0,2,0,2026-10-02
ATT07081,STU07081,88.05,10,2,2026-10-02
ATT07082,STU07082,76.64,15,3,2026-10-02
ATT07083,STU07083,71.52,18,3,2026-10-02
ATT07084,STU07084,76.37,16,4,2026-10-02
ATT07085,STU07085,100.0,0,0,2026-10-02
ATT07086,STU07086,86.02,8,0,2026-10-02
ATT07087,STU07087,96.86,0,0,2026-10-02
ATT07088,STU07088,90.77,8,3,2026-10-02
ATT07089,STU07089,68.95,18,3,2026-10-02
ATT07090,STU07090,87.83,11,1,2026-10-02
ATT07091,STU07091,73.03,16,5,2026-10-02
ATT07092,STU07092,78.53,15,5,2026-10-02
ATT07093,STU07093,80.98,13,3,2026-10-02
ATT07094,STU07094,76.36,15,1,2026-10-02
ATT07095,STU07095,60.75,25,9,2026-10-02
ATT07096,STU07096,55.35,28,9,2026-10-02
ATT07097,STU07097,71.93,19,4,2026-10-02
ATT07098,STU07098,83.1,11,4,2026-10-02
ATT07099,STU07099,84.34,9,3,2026-10-02
ATT07100,STU07100,64.24,24,9,2026-10-02
ATT07101,STU07101,75.81,17,4,2026-10-02
ATT07102,STU07102,74.11,15,4,2026-10-02
ATT07103,STU07103,97.38,2,2,2026-10-02
ATT07104,STU07104,76.62,15,5,2026-10-02
ATT07105,STU07105,80.35,15,4,2026-10-02
ATT07106,STU07106,89.21,5,2,2026-10-02
ATT07107,STU07107,96.15,2,0,2026-10-02
ATT07108,STU07108,100.0,0,0,2026-10-02
ATT07109,STU07109,91.3,7,2,2026-10-02
ATT07110,STU07110,78.73,12,7,2026-10-02
ATT07111,STU07111,63.37,27,9,2026-10-02
ATT07112,STU07112,90.98,7,4,2026-10-02
ATT07113,STU07113,85.11,10,2,2026-10-02
ATT07114,STU07114,73.81,19,5,2026-10-02
ATT07115,STU07115,100.0,0,0,2026-10-02
ATT07116,STU07116,89.74,5,4,2026-10-02
ATT07117,STU07117,80.45,11,5,2026-10-02
ATT07118,STU07118,90.04,7,2,2026-10-02
ATT07119,STU07119,99.74,0,0,2026-10-02
ATT07120,STU07120,71.38,18,4,2026-10-02
ATT07121,STU07121,72.57,16,6,2026-10-02
ATT07122,STU07122,73.9,17,3,2026-10-02
ATT07123,STU07123,79.8,12,2,2026-10-02
ATT07124,STU07124,91.37,4,0,2026-10-02
ATT07125,STU07125,100.0,3,0,2026-10-02
ATT07126,STU07126,85.44,12,0,2026-10-02
ATT07127,STU07127,71.23,21,7,2026-10-02
ATT07128,STU07128,100.0,0,0,2026-10-02
ATT07129,STU07129,78.73,11,4,2026-10-02
ATT07130,STU07130,100.0,0,0,2026-10-02
ATT07131,STU07131,87.47,8,3,2026-10-02
ATT07132,STU07132,81.85,14,3,2026-10-02
ATT07133,STU07133,90.62,7,3,2026-10-02
ATT07134,STU07134,99.35,2,2,2026-10-02
ATT07135,STU07135,89.35,4,0,2026-10-02
ATT07136,STU07136,74.94,17,4,2026-10-02
ATT07137,STU07137,99.33,0,0,2026-10-02
ATT07138,STU07138,71.54,17,6,2026-10-02
ATT07139,STU07139,83.46,11,3,2026-10-02
ATT07140,STU07140,91.39,5,0,2026-10-02
ATT07141,STU07141,70.17,19,4,2026-10-02
ATT07142,STU07142,89.9,6,0,2026-10-02
ATT07143,STU07143,64.19,21,4,2026-10-02
ATT07144,STU07144,86.47,9,2,2026-10-02
ATT07145,STU07145,80.3,13,2,2026-10-02
ATT07146,STU07146,82.87,10,5,2026-10-02
ATT07147,STU07147,90.43,3,1,2026-10-02
ATT07148,STU07148,64.46,22,10,2026-10-02
ATT07149,STU07149,86.67,9,3,2026-10-02
ATT07150,STU07150,83.43,13,3,2026-10-02
ATT07151,STU07151,76.97,14,4,2026-10-02
ATT07152,STU07152,98.36,1,1,2026-10-02
ATT07153,STU07153,97.5,0,0,2026-10-02
ATT07154,STU07154,83.37,9,0,2026-10-02
ATT07155,STU07155,94.11,5,1,2026-10-02
ATT07156,STU07156,95.97,3,1,2026-10-02
ATT07157,STU07157,78.5,13,5,2026-10-02
ATT07158,STU07158,82.46,10,1,2026-10-02
ATT07159,STU07159,82.53,11,6,2026-10-02
ATT07160,STU07160,59.37,29,8,2026-10-02
ATT07161,STU07161,87.26,7,2,2026-10-02
ATT07162,STU07162,94.73,4,1,2026-10-02
ATT07163,STU07163,78.13,15,5,2026-10-02
ATT07164,STU07164,70.51,20,5,2026-10-02
ATT07165,STU07165,85.49,9,3,2026-10-02
ATT07166,STU07166,100.0,3,1,2026-10-02
ATT07167,STU07167,78.27,15,3,2026-10-02
ATT07168,STU07168,78.45,13,4,2026-10-02
ATT07169,STU07169,86.32,8,2,2026-10-02
ATT07170,STU07170,81.13,12,3,2026-10-02
ATT07171,STU07171,66.44,23,8,2026-10-02
ATT07172,STU07172,77.86,15,3,2026-10-02
ATT07173,STU07173,86.62,8,0,2026-10-02
ATT07174,STU07174,63.22,25,5,2026-10-02
ATT07175,STU07175,70.75,19,5,2026-10-02
ATT07176,STU07176,85.31,8,0,2026-10-02
ATT07177,STU07177,72.11,15,3,2026-10-02
ATT07178,STU07178,81.15,13,1,2026-10-02
ATT07179,STU07179,87.0,7,4,2026-10-02
ATT07180,STU07180,79.06,14,1,2026-10-02
ATT07181,STU07181,84.87,11,0,2026-10-02
ATT07182,STU07182,78.05,17,3,2026-10-02
ATT07183,STU07183,88.21,8,2,2026-10-02
ATT07184,STU07184,76.38,14,6,2026-10-02
ATT07185,STU07185,98.12,2,0,2026-10-02
ATT07186,STU07186,74.53,15,8,2026-10-02
ATT07187,STU07187,76.25,15,5,2026-10-02
ATT07188,STU07188,74.11,19,8,2026-10-02
ATT07189,STU07189,59.73,23,8,2026-10-02
ATT07190,STU07190,85.01,9,1,2026-10-02
ATT07191,STU07191,83.58,12,3,2026-10-02
ATT07192,STU07192,71.58,18,5,2026-10-02
ATT07193,STU07193,68.93,20,7,2026-10-02
ATT07194,STU07194,81.66,11,3,2026-10-02
ATT07195,STU07195,60.54,26,6,2026-10-02
ATT07196,STU07196,71.96,19,5,2026-10-02
ATT07197,STU07197,72.32,18,8,2026-10-02
ATT07198,STU07198,82.82,11,3,2026-10-02
ATT07199,STU07199,62.8,24,7,2026-10-02
ATT07200,STU07200,73.82,16,1,2026-10-02
ATT07201,STU07201,89.39,9,1,2026-10-02
ATT07202,STU07202,78.01,14,6,2026-10-02
ATT07203,STU07203,81.15,12,5,2026-10-02
ATT07204,STU07204,73.43,17,5,2026-10-02
ATT07205,STU07205,83.33,7,4,2026-10-02
ATT07206,STU07206,83.29,13,4,2026-10-02
ATT07207,STU07207,76.55,13,0,2026-10-02
ATT07208,STU07208,72.85,18,6,2026-10-02
ATT07209,STU07209,77.49,17,6,2026-10-02
ATT07210,STU07210,96.5,0,0,2026-10-02
ATT07211,STU07211,76.91,15,7,2026-10-02
ATT07212,STU07212,96.09,3,0,2026-10-02
ATT07213,STU07213,66.47,24,5,2026-10-02
ATT07214,STU07214,100.0,0,0,2026-10-02
ATT07215,STU07215,80.53,12,1,2026-10-02
ATT07216,STU07216,85.84,7,1,2026-10-02
ATT07217,STU07217,78.13,14,2,2026-10-02
ATT07218,STU07218,88.87,6,3,2026-10-02
ATT07219,STU07219,68.01,19,5,2026-10-02
ATT07220,STU07220,96.09,5,0,2026-10-02
ATT07221,STU07221,95.84,3,0,2026-10-02
ATT07222,STU07222,93.42,7,0,2026-10-02
ATT07223,STU07223,82.78,9,3,2026-10-02
ATT07224,STU07224,58.74,25,7,2026-10-02
ATT07225,STU07225,65.81,23,8,2026-10-02
ATT07226,STU07226,86.8,6,3,2026-10-02
ATT07227,STU07227,81.24,12,3,2026-10-02
ATT07228,STU07228,100.0,0,0,2026-10-02
ATT07229,STU07229,78.69,15,4,2026-10-02
ATT07230,STU07230,100.0,1,0,2026-10-02
ATT07231,STU07231,68.53,21,9,2026-10-02
ATT07232,STU07232,88.88,5,0,2026-10-02
ATT07233,STU07233,77.94,14,5,2026-10-02
ATT07234,STU07234,72.43,18,7,2026-10-02
ATT07235,STU07235,80.83,11,3,2026-10-02
ATT07236,STU07236,81.21,13,4,2026-10-02
ATT07237,STU07237,79.74,15,3,2026-10-02
ATT07238,STU07238,78.88,11,3,2026-10-02
ATT07239,STU07239,76.14,18,5,2026-10-02
ATT07240,STU07240,76.96,16,3,2026-10-02
ATT07241,STU07241,75.38,14,3,2026-10-02
ATT07242,STU07242,88.3,8,0,2026-10-02
ATT07243,STU07243,90.68,6,2,2026-10-02
ATT07244,STU07244,64.82,24,7,2026-10-02
ATT07245,STU07245,77.25,13,4,2026-10-02
ATT07246,STU07246,95.04,2,0,2026-10-02
ATT07247,STU07247,70.05,19,6,2026-10-02
ATT07248,STU07248,100.0,2,0,2026-10-02
ATT07249,STU07249,73.7,17,4,2026-10-02
ATT07250,STU07250,70.84,20,1,2026-10-02
ATT07251,STU07251,92.09,6,3,2026-10-02
ATT07252,STU07252,97.3,0,0,2026-10-02
ATT07253,STU07253,87.42,8,4,2026-10-02
ATT07254,STU07254,89.77,6,0,2026-10-02
ATT07255,STU07255,82.7,10,4,2026-10-02
ATT07256,STU07256,76.52,16,5,2026-10-02
ATT07257,STU07257,94.95,2,0,2026-10-02
ATT07258,STU07258,100.0,0,0,2026-10-02
ATT07259,STU07259,68.18,20,5,2026-10-02
ATT07260,STU07260,70.78,19,5,2026-10-02
ATT07261,STU07261,71.4,18,5,2026-10-02
ATT07262,STU07262,76.53,13,4,2026-10-02
ATT07263,STU07263,83.4,8,4,2026-10-02
ATT07264,STU07264,92.26,6,0,2026-10-02
ATT07265,STU07265,82.89,12,2,2026-10-02
ATT07266,STU07266,62.24,24,5,2026-10-02
ATT07267,STU07267,89.31,7,0,2026-10-02
ATT07268,STU07268,90.41,5,0,2026-10-02
ATT07269,STU07269,81.61,13,2,2026-10-02
ATT07270,STU07270,97.91,0,0,2026-10-02
ATT07271,STU07271,70.25,18,6,2026-10-02
ATT07272,STU07272,92.36,7,2,2026-10-02
ATT07273,STU07273,77.29,17,6,2026-10-02
ATT07274,STU07274,98.47,3,1,2026-10-02
ATT07275,STU07275,76.22,18,6,2026-10-02
ATT07276,STU07276,89.42,7,3,2026-10-02
ATT07277,STU07277,77.81,15,5,2026-10-02
ATT07278,STU07278,100.0,0,0,2026-10-02
ATT07279,STU07279,76.19,17,4,2026-10-02
ATT07280,STU07280,72.66,18,4,2026-10-02
ATT07281,STU07281,86.63,7,5,2026-10-02
ATT07282,STU07282,82.29,11,5,2026-10-02
ATT07283,STU07283,80.03,13,1,2026-10-02
ATT07284,STU07284,91.62,4,2,2026-10-02
ATT07285,STU07285,62.93,26,6,2026-10-02
ATT07286,STU07286,99.72,1,0,2026-10-02
ATT07287,STU07287,100.0,0,0,2026-10-02
ATT07288,STU07288,93.67,4,0,2026-10-02
ATT07289,STU07289,77.25,14,4,2026-10-02
ATT07290,STU07290,82.18,8,1,2026-10-02
ATT07291,STU07291,80.55,13,4,2026-10-02
ATT07292,STU07292,85.59,10,2,2026-10-02
ATT07293,STU07293,66.95,21,7,2026-10-02
ATT07294,STU07294,74.3,16,4,2026-10-02
ATT07295,STU07295,76.79,15,1,2026-10-02
ATT07296,STU07296,63.63,25,7,2026-10-02
ATT07297,STU07297,80.27,11,1,2026-10-02
ATT07298,STU07298,57.82,30,8,2026-10-02
ATT07299,STU07299,81.8,12,2,2026-10-02
ATT07300,STU07300,87.71,9,2,2026-10-02
ATT07301,STU07301,74.22,17,4,2026-10-02
ATT07302,STU07302,95.6,2,0,2026-10-02
ATT07303,STU07303,83.47,12,8,2026-10-02
ATT07304,STU07304,72.6,18,7,2026-10-02
ATT07305,STU07305,95.79,0,0,2026-10-02
ATT07306,STU07306,77.99,15,4,2026-10-02
ATT07307,STU07307,68.67,21,10,2026-10-02
ATT07308,STU07308,78.93,13,2,2026-10-02
ATT07309,STU07309,64.54,22,7,2026-10-02
ATT07310,STU07310,84.83,8,0,2026-10-02
ATT07311,STU07311,63.36,24,8,2026-10-02
ATT07312,STU07312,77.55,16,6,2026-10-02
ATT07313,STU07313,69.17,19,4,2026-10-02
ATT07314,STU07314,68.49,21,5,2026-10-02
ATT07315,STU07315,91.65,6,1,2026-10-02
ATT07316,STU07316,60.61,25,8,2026-10-02
ATT07317,STU07317,100.0,2,1,2026-10-02
ATT07318,STU07318,89.49,6,1,2026-10-02
ATT07319,STU07319,99.14,3,0,2026-10-02
ATT07320,STU07320,78.89,15,5,2026-10-02
ATT07321,STU07321,75.56,17,5,2026-10-02
ATT07322,STU07322,79.6,12,3,2026-10-02
ATT07323,STU07323,72.39,20,8,2026-10-02
ATT07324,STU07324,66.12,19,4,2026-10-02
ATT07325,STU07325,72.0,17,6,2026-10-02
ATT07326,STU07326,76.96,15,3,2026-10-02
ATT07327,STU07327,81.02,13,4,2026-10-02
ATT07328,STU07328,96.13,2,0,2026-10-02
ATT07329,STU07329,87.77,9,3,2026-10-02
ATT07330,STU07330,68.56,22,6,2026-10-02
ATT07331,STU07331,73.36,17,4,2026-10-02
ATT07332,STU07332,72.39,17,4,2026-10-02
ATT07333,STU07333,82.67,11,1,2026-10-02
ATT07334,STU07334,78.38,15,2,2026-10-02
ATT07335,STU07335,84.62,11,5,2026-10-02
ATT07336,STU07336,74.14,17,4,2026-10-02
ATT07337,STU07337,66.41,19,5,2026-10-02
ATT07338,STU07338,85.92,9,5,2026-10-02
ATT07339,STU07339,77.99,13,3,2026-10-02
ATT07340,STU07340,57.74,26,7,2026-10-02
ATT07341,STU07341,94.57,2,0,2026-10-02
ATT07342,STU07342,84.01,11,1,2026-10-02
ATT07343,STU07343,99.57,0,0,2026-10-02
ATT07344,STU07344,100.0,0,0,2026-10-02
ATT07345,STU07345,82.44,14,4,2026-10-02
ATT07346,STU07346,79.47,16,4,2026-10-02
ATT07347,STU07347,70.91,21,7,2026-10-02
ATT07348,STU07348,64.77,23,6,2026-10-02
ATT07349,STU07349,61.13,25,8,2026-10-02
ATT07350,STU07350,80.97,14,5,2026-10-02
ATT07351,STU07351,75.54,15,6,2026-10-02
ATT07352,STU07352,71.13,17,6,2026-10-02
ATT07353,STU07353,75.32,17,6,2026-10-02
ATT07354,STU07354,75.45,13,4,2026-10-02
ATT07355,STU07355,71.85,20,2,2026-10-02
ATT07356,STU07356,68.52,20,6,2026-10-02
ATT07357,STU07357,85.66,12,2,2026-10-02
ATT07358,STU07358,76.72,16,5,2026-10-02
ATT07359,STU07359,87.61,6,2,2026-10-02
ATT07360,STU07360,86.29,14,2,2026-10-02
ATT07361,STU07361,91.37,7,3,2026-10-02
ATT07362,STU07362,76.16,16,6,2026-10-02
ATT07363,STU07363,79.26,12,4,2026-10-02
ATT07364,STU07364,75.88,14,3,2026-10-02
ATT07365,STU07365,100.0,0,0,2026-10-02
ATT07366,STU07366,85.15,11,0,2026-10-02
ATT07367,STU07367,90.44,7,3,2026-10-02
ATT07368,STU07368,94.84,3,0,2026-10-02
ATT07369,STU07369,90.66,6,2,2026-10-02
ATT07370,STU07370,86.51,11,0,2026-10-02
ATT07371,STU07371,74.2,16,3,2026-10-02
ATT07372,STU07372,80.74,14,0,2026-10-02
ATT07373,STU07373,51.31,30,8,2026-10-02
ATT07374,STU07374,92.39,6,1,2026-10-02
ATT07375,STU07375,88.82,7,2,2026-10-02
ATT07376,STU07376,85.83,7,0,2026-10-02
ATT07377,STU07377,83.43,11,2,2026-10-02
ATT07378,STU07378,88.65,9,3,2026-10-02
ATT07379,STU07379,76.17,17,4,2026-10-02
ATT07380,STU07380,75.11,14,0,2026-10-02
ATT07381,STU07381,70.41,18,6,2026-10-02
ATT07382,STU07382,85.03,11,3,2026-10-02
ATT07383,STU07383,86.24,9,1,2026-10-02
ATT07384,STU07384,54.92,32,10,2026-10-02
ATT07385,STU07385,81.23,14,4,2026-10-02
ATT07386,STU07386,100.0,0,0,2026-10-02
ATT07387,STU07387,77.27,13,1,2026-10-02
ATT07388,STU07388,69.93,19,6,2026-10-02
ATT07389,STU07389,77.33,17,2,2026-10-02
ATT07390,STU07390,75.68,17,7,2026-10-02
ATT07391,STU07391,57.97,28,10,2026-10-02
ATT07392,STU07392,95.02,4,0,2026-10-02
ATT07393,STU07393,96.86,2,0,2026-10-02
ATT07394,STU07394,97.9,1,0,2026-10-02
ATT07395,STU07395,82.6,13,5,2026-10-02
ATT07396,STU07396,85.71,9,2,2026-10-02
ATT07397,STU07397,79.8,13,2,2026-10-02
ATT07398,STU07398,100.0,0,0,2026-10-02
ATT07399,STU07399,91.07,6,0,2026-10-02
ATT07400,STU07400,94.42,3,0,2026-10-02
ATT07401,STU07401,87.11,10,7,2026-10-02
ATT07402,STU07402,69.04,19,4,2026-10-02
ATT07403,STU07403,100.0,2,0,2026-10-02
ATT07404,STU07404,88.46,7,4,2026-10-02
ATT07405,STU07405,89.71,9,6,2026-10-02
ATT07406,STU07406,74.81,17,7,2026-10-02
ATT07407,STU07407,77.12,14,5,2026-10-02
ATT07408,STU07408,85.94,10,0,2026-10-02
ATT07409,STU07409,98.09,0,0,2026-10-02
ATT07410,STU07410,100.0,1,0,2026-10-02
ATT07411,STU07411,73.57,18,5,2026-10-02
ATT07412,STU07412,78.54,13,7,2026-10-02
ATT07413,STU07413,89.65,4,3,2026-10-02
ATT07414,STU07414,78.13,16,3,2026-10-02
ATT07415,STU07415,89.13,9,4,2026-10-02
ATT07416,STU07416,85.1,8,3,2026-10-02
ATT07417,STU07417,100.0,0,0,2026-10-02
ATT07418,STU07418,77.72,16,5,2026-10-02
ATT07419,STU07419,82.76,12,3,2026-10-02
ATT07420,STU07420,62.69,26,5,2026-10-02
ATT07421,STU07421,82.32,11,4,2026-10-02
ATT07422,STU07422,73.95,16,6,2026-10-02
ATT07423,STU07423,71.37,19,7,2026-10-02
ATT07424,STU07424,67.76,17,4,2026-10-02
ATT07425,STU07425,100.0,1,0,2026-10-02
ATT07426,STU07426,73.9,19,5,2026-10-02
ATT07427,STU07427,65.41,22,6,2026-10-02
ATT07428,STU07428,61.09,26,7,2026-10-02
ATT07429,STU07429,74.52,18,3,2026-10-02
ATT07430,STU07430,77.89,14,3,2026-10-02
ATT07431,STU07431,91.25,7,6,2026-10-02
ATT07432,STU07432,64.89,19,4,2026-10-02
ATT07433,STU07433,80.01,12,3,2026-10-02
ATT07434,STU07434,75.35,17,7,2026-10-02
ATT07435,STU07435,92.93,4,0,2026-10-02
ATT07436,STU07436,95.54,2,0,2026-10-02
ATT07437,STU07437,83.87,10,3,2026-10-02
ATT07438,STU07438,71.75,21,5,2026-10-02
ATT07439,STU07439,65.83,25,6,2026-10-02
ATT07440,STU07440,74.68,15,3,2026-10-02
ATT07441,STU07441,76.92,14,4,2026-10-02
ATT07442,STU07442,93.34,3,1,2026-10-02
ATT07443,STU07443,73.13,19,3,2026-10-02
ATT07444,STU07444,84.19,11,2,2026-10-02
ATT07445,STU07445,80.14,12,2,2026-10-02
ATT07446,STU07446,96.93,1,0,2026-10-02
ATT07447,STU07447,68.89,22,4,2026-10-02
ATT07448,STU07448,90.63,6,3,2026-10-02
ATT07449,STU07449,92.23,4,1,2026-10-02
ATT07450,STU07450,76.97,16,5,2026-10-02
ATT07451,STU07451,90.46,5,0,2026-10-02
ATT07452,STU07452,87.1,7,0,2026-10-02
ATT07453,STU07453,89.91,8,3,2026-10-02
ATT07454,STU07454,59.56,26,8,2026-10-02
ATT07455,STU07455,96.9,2,0,2026-10-02
ATT07456,STU07456,88.76,6,0,2026-10-02
ATT07457,STU07457,72.89,20,6,2026-10-02
ATT07458,STU07458,65.78,21,4,2026-10-02
ATT07459,STU07459,89.7,5,0,2026-10-02
ATT07460,STU07460,92.13,4,2,2026-10-02
ATT07461,STU07461,72.87,16,7,2026-10-02
ATT07462,STU07462,90.03,7,1,2026-10-02
ATT07463,STU07463,65.18,22,3,2026-10-02
ATT07464,STU07464,81.16,11,3,2026-10-02
ATT07465,STU07465,87.14,7,0,2026-10-02
ATT07466,STU07466,77.85,15,5,2026-10-02
ATT07467,STU07467,81.34,11,2,2026-10-02
ATT07468,STU07468,96.97,1,1,2026-10-02
ATT07469,STU07469,65.32,25,5,2026-10-02
ATT07470,STU07470,87.36,9,3,2026-10-02
ATT07471,STU07471,83.55,12,5,2026-10-02
ATT07472,STU07472,91.44,7,0,2026-10-02
ATT07473,STU07473,72.92,19,10,2026-10-02
ATT07474,STU07474,100.0,0,0,2026-10-02
ATT07475,STU07475,95.02,1,0,2026-10-02
ATT07476,STU07476,100.0,1,0,2026-10-02
ATT07477,STU07477,68.51,20,7,2026-10-02
ATT07478,STU07478,76.85,13,0,2026-10-02
ATT07479,STU07479,70.1,20,5,2026-10-02
ATT07480,STU07480,76.26,14,7,2026-10-02
ATT07481,STU07481,77.1,13,8,2026-10-02
ATT07482,STU07482,77.83,15,6,2026-10-02
ATT07483,STU07483,77.35,15,6,2026-10-02
ATT07484,STU07484,77.66,12,3,2026-10-02
ATT07485,STU07485,85.51,10,1,2026-10-02
ATT07486,STU07486,71.56,18,4,2026-10-02
ATT07487,STU07487,70.41,19,6,2026-10-02
ATT07488,STU07488,70.74,20,8,2026-10-02
ATT07489,STU07489,69.74,20,6,2026-10-02
ATT07490,STU07490,82.25,14,2,2026-10-02
ATT07491,STU07491,72.01,18,4,2026-10-02
ATT07492,STU07492,88.83,4,0,2026-10-02
ATT07493,STU07493,96.39,3,0,2026-10-02
ATT07494,STU07494,80.2,12,2,2026-10-02
ATT07495,STU07495,63.31,24,5,2026-10-02
ATT07496,STU07496,100.0,3,1,2026-10-02
ATT07497,STU07497,73.32,17,8,2026-10-02
ATT07498,STU07498,80.2,16,3,2026-10-02
ATT07499,STU07499,66.91,23,5,2026-10-02
ATT07500,STU07500,64.56,23,9,2026-10-02
ATT07501,STU07501,65.29,23,9,2026-10-02
ATT07502,STU07502,67.77,21,4,2026-10-02
ATT07503,STU07503,85.43,9,2,2026-10-02
ATT07504,STU07504,84.45,9,2,2026-10-02
ATT07505,STU07505,90.94,7,0,2026-10-02
ATT07506,STU07506,72.62,16,4,2026-10-02
ATT07507,STU07507,70.25,19,4,2026-10-02
ATT07508,STU07508,100.0,0,0,2026-10-02
ATT07509,STU07509,78.39,15,2,2026-10-02
ATT07510,STU07510,91.22,4,0,2026-10-02
ATT07511,STU07511,83.14,12,1,2026-10-02
ATT07512,STU07512,93.62,5,3,2026-10-02
ATT07513,STU07513,73.9,18,5,2026-10-02
ATT07514,STU07514,83.1,12,3,2026-10-02
ATT07515,STU07515,78.36,14,4,2026-10-02
ATT07516,STU07516,94.72,2,0,2026-10-02
ATT07517,STU07517,69.9,21,7,2026-10-02
ATT07518,STU07518,100.0,0,0,2026-10-02
ATT07519,STU07519,66.4,26,3,2026-10-02
ATT07520,STU07520,96.54,2,0,2026-10-02
ATT07521,STU07521,100.0,0,0,2026-10-02
ATT07522,STU07522,81.46,9,2,2026-10-02
ATT07523,STU07523,85.54,9,2,2026-10-02
ATT07524,STU07524,73.65,17,4,2026-10-02
ATT07525,STU07525,69.27,18,9,2026-10-02
ATT07526,STU07526,91.43,4,3,2026-10-02
ATT07527,STU07527,65.71,20,5,2026-10-02
ATT07528,STU07528,76.22,16,4,2026-10-02
ATT07529,STU07529,79.03,13,1,2026-10-02
ATT07530,STU07530,67.91,19,8,2026-10-02
ATT07531,STU07531,75.55,15,2,2026-10-02
ATT07532,STU07532,77.39,14,1,2026-10-02
ATT07533,STU07533,94.33,6,0,2026-10-02
ATT07534,STU07534,78.81,14,2,2026-10-02
ATT07535,STU07535,67.6,21,5,2026-10-02
ATT07536,STU07536,76.54,14,4,2026-10-02
ATT07537,STU07537,86.86,5,4,2026-10-02
ATT07538,STU07538,65.46,22,3,2026-10-02
ATT07539,STU07539,100.0,1,1,2026-10-02
ATT07540,STU07540,73.22,17,5,2026-10-02
ATT07541,STU07541,61.28,24,9,2026-10-02
ATT07542,STU07542,100.0,2,0,2026-10-02
ATT07543,STU07543,82.24,12,4,2026-10-02
ATT07544,STU07544,100.0,1,0,2026-10-02
ATT07545,STU07545,86.39,8,0,2026-10-02
ATT07546,STU07546,93.9,3,0,2026-10-02
ATT07547,STU07547,83.87,12,5,2026-10-02
ATT07548,STU07548,89.2,8,1,2026-10-02
ATT07549,STU07549,71.44,17,6,2026-10-02
ATT07550,STU07550,93.79,6,0,2026-10-02
ATT07551,STU07551,78.17,14,3,2026-10-02
ATT07552,STU07552,94.69,6,0,2026-10-02
ATT07553,STU07553,89.01,5,3,2026-10-02
ATT07554,STU07554,77.71,17,3,2026-10-02
ATT07555,STU07555,88.06,6,3,2026-10-02
ATT07556,STU07556,82.9,8,2,2026-10-02
ATT07557,STU07557,100.0,0,0,2026-10-02
ATT07558,STU07558,81.48,12,0,2026-10-02
ATT07559,STU07559,89.02,9,0,2026-10-02
ATT07560,STU07560,79.06,13,2,2026-10-02
ATT07561,STU07561,93.04,3,1,2026-10-02
ATT07562,STU07562,80.7,12,7,2026-10-02
ATT07563,STU07563,80.48,13,3,2026-10-02
ATT07564,STU07564,78.74,14,4,2026-10-02
ATT07565,STU07565,99.47,2,2,2026-10-02
ATT07566,STU07566,84.21,8,4,2026-10-02
ATT07567,STU07567,72.23,20,4,2026-10-02
ATT07568,STU07568,75.79,15,4,2026-10-02
ATT07569,STU07569,71.25,17,6,2026-10-02
ATT07570,STU07570,88.77,8,1,2026-10-02
ATT07571,STU07571,100.0,0,0,2026-10-02
ATT07572,STU07572,100.0,0,0,2026-10-02
ATT07573,STU07573,89.81,6,2,2026-10-02
ATT07574,STU07574,80.08,12,1,2026-10-02
ATT07575,STU07575,91.93,4,1,2026-10-02
ATT07576,STU07576,84.53,12,2,2026-10-02
ATT07577,STU07577,73.66,16,5,2026-10-02
ATT07578,STU07578,88.98,8,2,2026-10-02
ATT07579,STU07579,69.9,21,6,2026-10-02
ATT07580,STU07580,87.31,10,3,2026-10-02
ATT07581,STU07581,84.97,10,0,2026-10-02
ATT07582,STU07582,71.68,18,6,2026-10-02
ATT07583,STU07583,76.97,15,2,2026-10-02
ATT07584,STU07584,88.03,5,1,2026-10-02
ATT07585,STU07585,93.62,3,1,2026-10-02
ATT07586,STU07586,71.08,17,2,2026-10-02
ATT07587,STU07587,77.16,15,4,2026-10-02
ATT07588,STU07588,97.28,3,3,2026-10-02
ATT07589,STU07589,85.72,6,3,2026-10-02
ATT07590,STU07590,92.0,6,1,2026-10-02
ATT07591,STU07591,100.0,1,0,2026-10-02
ATT07592,STU07592,81.96,12,6,2026-10-02
ATT07593,STU07593,84.26,7,1,2026-10-02
ATT07594,STU07594,65.47,20,8,2026-10-02
ATT07595,STU07595,64.83,21,6,2026-10-02
ATT07596,STU07596,71.6,20,5,2026-10-02
ATT07597,STU07597,86.54,9,4,2026-10-02
ATT07598,STU07598,88.43,7,1,2026-10-02
ATT07599,STU07599,82.3,12,4,2026-10-02
ATT07600,STU07600,77.43,15,6,2026-10-02
ATT07601,STU07601,100.0,0,0,2026-10-02
ATT07602,STU07602,54.65,30,11,2026-10-02
ATT07603,STU07603,83.08,11,0,2026-10-02
ATT07604,STU07604,77.95,13,7,2026-10-02
ATT07605,STU07605,71.2,20,7,2026-10-02
ATT07606,STU07606,71.47,17,4,2026-10-02
ATT07607,STU07607,75.6,16,6,2026-10-02
ATT07608,STU07608,85.86,8,2,2026-10-02
ATT07609,STU07609,100.0,1,0,2026-10-02
ATT07610,STU07610,80.1,12,5,2026-10-02
ATT07611,STU07611,86.19,8,4,2026-10-02
ATT07612,STU07612,100.0,3,0,2026-10-02
ATT07613,STU07613,75.67,17,3,2026-10-02
ATT07614,STU07614,72.74,20,2,2026-10-02
ATT07615,STU07615,73.53,18,3,2026-10-02
ATT07616,STU07616,82.84,10,3,2026-10-02
ATT07617,STU07617,100.0,0,0,2026-10-02
ATT07618,STU07618,66.12,22,5,2026-10-02
ATT07619,STU07619,81.69,14,3,2026-10-02
ATT07620,STU07620,71.27,19,4,2026-10-02
ATT07621,STU07621,68.19,21,6,2026-10-02
ATT07622,STU07622,100.0,1,0,2026-10-02
ATT07623,STU07623,76.56,16,5,2026-10-02
ATT07624,STU07624,79.58,14,6,2026-10-02
ATT07625,STU07625,96.45,4,3,2026-10-02
ATT07626,STU07626,97.87,1,0,2026-10-02
ATT07627,STU07627,68.82,21,9,2026-10-02
ATT07628,STU07628,83.35,11,3,2026-10-02
ATT07629,STU07629,95.8,5,0,2026-10-02
ATT07630,STU07630,79.88,16,6,2026-10-02
ATT07631,STU07631,85.97,11,3,2026-10-02
ATT07632,STU07632,91.83,9,0,2026-10-02
ATT07633,STU07633,96.91,4,0,2026-10-02
ATT07634,STU07634,79.12,12,2,2026-10-02
ATT07635,STU07635,95.68,1,1,2026-10-02
ATT07636,STU07636,87.25,9,1,2026-10-02
ATT07637,STU07637,66.27,22,6,2026-10-02
ATT07638,STU07638,75.18,16,7,2026-10-02
ATT07639,STU07639,92.76,2,0,2026-10-02
ATT07640,STU07640,100.0,0,0,2026-10-02
ATT07641,STU07641,88.73,7,0,2026-10-02
ATT07642,STU07642,80.85,11,6,2026-10-02
ATT07643,STU07643,96.98,1,0,2026-10-02
ATT07644,STU07644,93.82,5,1,2026-10-02
ATT07645,STU07645,91.55,4,1,2026-10-02
ATT07646,STU07646,72.84,18,6,2026-10-02
ATT07647,STU07647,73.2,17,8,2026-10-02
ATT07648,STU07648,74.57,15,6,2026-10-02
ATT07649,STU07649,91.36,3,1,2026-10-02
ATT07650,STU07650,79.9,12,4,2026-10-02
ATT07651,STU07651,77.73,14,3,2026-10-02
ATT07652,STU07652,60.17,25,11,2026-10-02
ATT07653,STU07653,84.38,13,3,2026-10-02
ATT07654,STU07654,83.04,9,2,2026-10-02
ATT07655,STU07655,85.63,11,3,2026-10-02
ATT07656,STU07656,77.68,14,8,2026-10-02
ATT07657,STU07657,84.37,14,0,2026-10-02
ATT07658,STU07658,69.14,21,3,2026-10-02
ATT07659,STU07659,89.35,7,3,2026-10-02
ATT07660,STU07660,87.69,9,2,2026-10-02
ATT07661,STU07661,79.21,15,4,2026-10-02
ATT07662,STU07662,85.78,10,1,2026-10-02
ATT07663,STU07663,100.0,3,0,2026-10-02
ATT07664,STU07664,76.17,14,4,2026-10-02
ATT07665,STU07665,91.25,7,0,2026-10-02
ATT07666,STU07666,90.54,6,2,2026-10-02
ATT07667,STU07667,87.47,11,4,2026-10-02
ATT07668,STU07668,68.85,22,10,2026-10-02
ATT07669,STU07669,87.58,9,0,2026-10-02
ATT07670,STU07670,82.22,11,2,2026-10-02
ATT07671,STU07671,72.0,20,6,2026-10-02
ATT07672,STU07672,83.67,11,3,2026-10-02
ATT07673,STU07673,72.67,21,9,2026-10-02
ATT07674,STU07674,79.94,15,2,2026-10-02
ATT07675,STU07675,88.29,8,4,2026-10-02
ATT07676,STU07676,71.15,19,7,2026-10-02
ATT07677,STU07677,74.1,17,6,2026-10-02
ATT07678,STU07678,84.44,8,0,2026-10-02
ATT07679,STU07679,100.0,3,0,2026-10-02
ATT07680,STU07680,61.19,25,6,2026-10-02
ATT07681,STU07681,90.97,6,0,2026-10-02
ATT07682,STU07682,83.63,8,0,2026-10-02
ATT07683,STU07683,84.94,9,3,2026-10-02
ATT07684,STU07684,72.66,19,7,2026-10-02
ATT07685,STU07685,93.17,3,0,2026-10-02
ATT07686,STU07686,60.2,26,9,2026-10-02
ATT07687,STU07687,72.08,16,7,2026-10-02
ATT07688,STU07688,87.07,9,5,2026-10-02
ATT07689,STU07689,69.62,22,6,2026-10-02
ATT07690,STU07690,71.67,21,7,2026-10-02
ATT07691,STU07691,57.25,26,8,2026-10-02
ATT07692,STU07692,88.8,6,2,2026-10-02
ATT07693,STU07693,71.71,18,6,2026-10-02
ATT07694,STU07694,83.71,10,2,2026-10-02
ATT07695,STU07695,98.88,2,0,2026-10-02
ATT07696,STU07696,100.0,2,0,2026-10-02
ATT07697,STU07697,82.29,12,4,2026-10-02
ATT07698,STU07698,95.59,0,0,2026-10-02
ATT07699,STU07699,94.05,3,0,2026-10-02
ATT07700,STU07700,88.49,7,4,2026-10-02
ATT07701,STU07701,72.84,18,8,2026-10-02
ATT07702,STU07702,83.06,11,2,2026-10-02
ATT07703,STU07703,65.4,23,10,2026-10-02
ATT07704,STU07704,90.95,7,0,2026-10-02
ATT07705,STU07705,89.42,7,1,2026-10-02
ATT07706,STU07706,95.07,2,1,2026-10-02
ATT07707,STU07707,84.33,8,0,2026-10-02
ATT07708,STU07708,82.1,13,3,2026-10-02
ATT07709,STU07709,92.77,8,1,2026-10-02
ATT07710,STU07710,75.4,18,4,2026-10-02
ATT07711,STU07711,84.96,9,5,2026-10-02
ATT07712,STU07712,73.19,19,2,2026-10-02
ATT07713,STU07713,83.62,10,3,2026-10-02
ATT07714,STU07714,66.16,22,4,2026-10-02
ATT07715,STU07715,100.0,2,0,2026-10-02
ATT07716,STU07716,68.62,21,6,2026-10-02
ATT07717,STU07717,94.89,5,0,2026-10-02
ATT07718,STU07718,79.33,11,2,2026-10-02
ATT07719,STU07719,65.78,22,8,2026-10-02
ATT07720,STU07720,96.52,1,1,2026-10-02
ATT07721,STU07721,100.0,0,0,2026-10-02
ATT07722,STU07722,69.36,18,6,2026-10-02
ATT07723,STU07723,74.07,17,5,2026-10-02
ATT07724,STU07724,78.69,15,2,2026-10-02
ATT07725,STU07725,67.53,24,9,2026-10-02
ATT07726,STU07726,67.31,21,6,2026-10-02
ATT07727,STU07727,72.98,15,3,2026-10-02
ATT07728,STU07728,73.81,14,4,2026-10-02
ATT07729,STU07729,88.65,4,0,2026-10-02
ATT07730,STU07730,77.5,13,3,2026-10-02
ATT07731,STU07731,72.63,19,4,2026-10-02
ATT07732,STU07732,78.72,14,3,2026-10-02
ATT07733,STU07733,64.9,27,10,2026-10-02
ATT07734,STU07734,80.33,14,4,2026-10-02
ATT07735,STU07735,82.71,11,2,2026-10-02
ATT07736,STU07736,89.46,7,4,2026-10-02
ATT07737,STU07737,99.01,0,0,2026-10-02
ATT07738,STU07738,100.0,0,0,2026-10-02
ATT07739,STU07739,63.86,23,9,2026-10-02
ATT07740,STU07740,85.75,10,2,2026-10-02
ATT07741,STU07741,94.56,4,0,2026-10-02
ATT07742,STU07742,89.5,5,0,2026-10-02
ATT07743,STU07743,78.11,15,5,2026-10-02
ATT07744,STU07744,92.46,4,1,2026-10-02
ATT07745,STU07745,82.82,13,5,2026-10-02
ATT07746,STU07746,69.94,19,4,2026-10-02
ATT07747,STU07747,87.4,8,2,2026-10-02
ATT07748,STU07748,73.21,17,5,2026-10-02
ATT07749,STU07749,94.46,0,0,2026-10-02
ATT07750,STU07750,94.71,4,0,2026-10-02
ATT07751,STU07751,89.4,7,3,2026-10-02
ATT07752,STU07752,95.1,6,0,2026-10-02
ATT07753,STU07753,70.92,16,7,2026-10-02
ATT07754,STU07754,62.5,26,9,2026-10-02
ATT07755,STU07755,100.0,0,0,2026-10-02
ATT07756,STU07756,73.7,19,6,2026-10-02
ATT07757,STU07757,80.53,14,2,2026-10-02
ATT07758,STU07758,93.22,5,2,2026-10-02
ATT07759,STU07759,76.12,15,1,2026-10-02
ATT07760,STU07760,72.11,21,7,2026-10-02
ATT07761,STU07761,90.84,8,3,2026-10-02
ATT07762,STU07762,86.25,8,3,2026-10-02
ATT07763,STU07763,95.57,3,0,2026-10-02
ATT07764,STU07764,82.04,14,6,2026-10-02
ATT07765,STU07765,68.07,21,6,2026-10-02
ATT07766,STU07766,63.02,24,4,2026-10-02
ATT07767,STU07767,86.88,8,1,2026-10-02
ATT07768,STU07768,76.18,15,4,2026-10-02
ATT07769,STU07769,91.83,5,2,2026-10-02
ATT07770,STU07770,75.23,16,4,2026-10-02
ATT07771,STU07771,100.0,0,0,2026-10-02
ATT07772,STU07772,87.68,8,2,2026-10-02
ATT07773,STU07773,84.25,10,2,2026-10-02
ATT07774,STU07774,75.24,15,6,2026-10-02
ATT07775,STU07775,80.81,11,5,2026-10-02
ATT07776,STU07776,83.78,9,2,2026-10-02
ATT07777,STU07777,75.33,17,5,2026-10-02
ATT07778,STU07778,80.79,10,2,2026-10-02
ATT07779,STU07779,81.25,12,3,2026-10-02
ATT07780,STU07780,88.27,7,1,2026-10-02
ATT07781,STU07781,92.62,3,0,2026-10-02
ATT07782,STU07782,85.22,10,0,2026-10-02
ATT07783,STU07783,78.51,14,8,2026-10-02
ATT07784,STU07784,80.24,12,3,2026-10-02
ATT07785,STU07785,69.17,19,7,2026-10-02
ATT07786,STU07786,89.18,5,0,2026-10-02
ATT07787,STU07787,86.35,8,0,2026-10-02
ATT07788,STU07788,69.16,21,9,2026-10-02
ATT07789,STU07789,79.18,16,4,2026-10-02
ATT07790,STU07790,89.52,5,1,2026-10-02
ATT07791,STU07791,91.45,8,0,2026-10-02
ATT07792,STU07792,100.0,1,0,2026-10-02
ATT07793,STU07793,92.87,6,0,2026-10-02
ATT07794,STU07794,72.43,20,6,2026-10-02
ATT07795,STU07795,87.81,7,2,2026-10-02
ATT07796,STU07796,78.32,17,6,2026-10-02
ATT07797,STU07797,65.89,21,3,2026-10-02
ATT07798,STU07798,92.38,4,0,2026-10-02
ATT07799,STU07799,75.64,15,4,2026-10-02
ATT07800,STU07800,77.24,14,7,2026-10-02
ATT07801,STU07801,88.87,6,0,2026-10-02
ATT07802,STU07802,95.52,3,1,2026-10-02
ATT07803,STU07803,69.48,19,3,2026-10-02
ATT07804,STU07804,82.92,9,3,2026-10-02
ATT07805,STU07805,71.73,18,5,2026-10-02
ATT07806,STU07806,78.88,14,6,2026-10-02
ATT07807,STU07807,100.0,0,0,2026-10-02
ATT07808,STU07808,58.49,28,10,2026-10-02
ATT07809,STU07809,88.71,6,0,2026-10-02
ATT07810,STU07810,99.42,1,0,2026-10-02
ATT07811,STU07811,85.44,9,3,2026-10-02
ATT07812,STU07812,80.27,12,6,2026-10-02
ATT07813,STU07813,79.81,14,4,2026-10-02
ATT07814,STU07814,65.4,22,8,2026-10-02
ATT07815,STU07815,80.01,15,5,2026-10-02
ATT07816,STU07816,76.16,14,4,2026-10-02
ATT07817,STU07817,93.91,4,2,2026-10-02
ATT07818,STU07818,84.37,13,3,2026-10-02
ATT07819,STU07819,86.91,9,2,2026-10-02
ATT07820,STU07820,76.86,13,5,2026-10-02
ATT07821,STU07821,82.91,11,2,2026-10-02
ATT07822,STU07822,78.23,14,7,2026-10-02
ATT07823,STU07823,60.8,27,5,2026-10-02
ATT07824,STU07824,77.82,13,3,2026-10-02
ATT07825,STU07825,77.05,16,4,2026-10-02
ATT07826,STU07826,82.79,13,6,2026-10-02
ATT07827,STU07827,80.2,14,6,2026-10-02
ATT07828,STU07828,89.45,7,2,2026-10-02
ATT07829,STU07829,71.54,17,9,2026-10-02
ATT07830,STU07830,91.72,5,0,2026-10-02
ATT07831,STU07831,93.66,1,0,2026-10-02
ATT07832,STU07832,74.48,15,5,2026-10-02
ATT07833,STU07833,94.23,8,1,2026-10-02
ATT07834,STU07834,75.02,20,4,2026-10-02
ATT07835,STU07835,68.52,22,7,2026-10-02
ATT07836,STU07836,69.41,17,4,2026-10-02
ATT07837,STU07837,89.18,9,3,2026-10-02
ATT07838,STU07838,76.11,16,6,2026-10-02
ATT07839,STU07839,80.74,12,0,2026-10-02
ATT07840,STU07840,68.93,21,4,2026-10-02
ATT07841,STU07841,81.82,12,2,2026-10-02
ATT07842,STU07842,88.59,9,1,2026-10-02
ATT07843,STU07843,91.57,6,2,2026-10-02
ATT07844,STU07844,79.42,13,5,2026-10-02
ATT07845,STU07845,100.0,0,0,2026-10-02
ATT07846,STU07846,83.73,10,4,2026-10-02
ATT07847,STU07847,75.96,16,7,2026-10-02
ATT07848,STU07848,95.51,5,0,2026-10-02
ATT07849,STU07849,82.19,11,0,2026-10-02
ATT07850,STU07850,81.91,11,0,2026-10-02
ATT07851,STU07851,77.78,13,2,2026-10-02
ATT07852,STU07852,90.01,9,0,2026-10-02
ATT07853,STU07853,88.41,6,0,2026-10-02
ATT07854,STU07854,73.65,18,5,2026-10-02
ATT07855,STU07855,81.49,12,7,2026-10-02
ATT07856,STU07856,92.92,4,4,2026-10-02
ATT07857,STU07857,85.3,9,1,2026-10-02
ATT07858,STU07858,60.09,26,9,2026-10-02
ATT07859,STU07859,97.57,0,0,2026-10-02
ATT07860,STU07860,73.22,15,5,2026-10-02
ATT07861,STU07861,83.63,9,1,2026-10-02
ATT07862,STU07862,70.29,21,7,2026-10-02
ATT07863,STU07863,67.69,25,5,2026-10-02
ATT07864,STU07864,100.0,2,0,2026-10-02
ATT07865,STU07865,78.81,15,6,2026-10-02
ATT07866,STU07866,94.25,5,2,2026-10-02
ATT07867,STU07867,80.72,14,5,2026-10-02
ATT07868,STU07868,85.52,9,0,2026-10-02
ATT07869,STU07869,100.0,0,0,2026-10-02
ATT07870,STU07870,72.54,21,3,2026-10-02
ATT07871,STU07871,95.77,2,0,2026-10-02
ATT07872,STU07872,77.28,13,4,2026-10-02
ATT07873,STU07873,75.77,16,5,2026-10-02
ATT07874,STU07874,87.74,8,0,2026-10-02
ATT07875,STU07875,87.08,8,2,2026-10-02
ATT07876,STU07876,90.38,7,3,2026-10-02
ATT07877,STU07877,91.99,5,0,2026-10-02
ATT07878,STU07878,77.01,16,5,2026-10-02
ATT07879,STU07879,63.86,24,10,2026-10-02
ATT07880,STU07880,94.42,5,0,2026-10-02
ATT07881,STU07881,99.85,0,0,2026-10-02
ATT07882,STU07882,85.36,8,1,2026-10-02
ATT07883,STU07883,71.92,18,3,2026-10-02
ATT07884,STU07884,66.19,22,8,2026-10-02
ATT07885,STU07885,89.11,7,0,2026-10-02
ATT07886,STU07886,88.09,7,1,2026-10-02
ATT07887,STU07887,76.02,14,7,2026-10-02
ATT07888,STU07888,84.79,12,3,2026-10-02
ATT07889,STU07889,73.6,20,3,2026-10-02
ATT07890,STU07890,62.33,27,6,2026-10-02
ATT07891,STU07891,95.93,3,0,2026-10-02
ATT07892,STU07892,90.21,6,3,2026-10-02
ATT07893,STU07893,77.54,14,4,2026-10-02
ATT07894,STU07894,84.34,11,4,2026-10-02
ATT07895,STU07895,71.09,18,6,2026-10-02
ATT07896,STU07896,97.54,0,0,2026-10-02
ATT07897,STU07897,89.4,4,0,2026-10-02
ATT07898,STU07898,89.87,6,0,2026-10-02
ATT07899,STU07899,75.58,12,2,2026-10-02
ATT07900,STU07900,94.28,2,1,2026-10-02
ATT07901,STU07901,71.94,19,7,2026-10-02
ATT07902,STU07902,81.87,13,3,2026-10-02
ATT07903,STU07903,99.82,0,0,2026-10-02
ATT07904,STU07904,78.98,13,5,2026-10-02
ATT07905,STU07905,80.01,11,4,2026-10-02
ATT07906,STU07906,71.91,18,4,2026-10-02
ATT07907,STU07907,76.48,17,5,2026-10-02
ATT07908,STU07908,91.8,3,0,2026-10-02
ATT07909,STU07909,91.98,4,0,2026-10-02
ATT07910,STU07910,89.5,8,5,2026-10-02
ATT07911,STU07911,83.12,12,3,2026-10-02
ATT07912,STU07912,83.7,12,0,2026-10-02
ATT07913,STU07913,71.75,19,6,2026-10-02
ATT07914,STU07914,81.97,10,4,2026-10-02
ATT07915,STU07915,82.11,13,3,2026-10-02
ATT07916,STU07916,71.2,21,6,2026-10-02
ATT07917,STU07917,88.51,7,4,2026-10-02
ATT07918,STU07918,86.6,8,0,2026-10-02
ATT07919,STU07919,100.0,1,1,2026-10-02
ATT07920,STU07920,75.03,14,6,2026-10-02
ATT07921,STU07921,73.25,15,3,2026-10-02
ATT07922,STU07922,81.34,11,4,2026-10-02
ATT07923,STU07923,90.0,5,1,2026-10-02
ATT07924,STU07924,61.22,27,5,2026-10-02
ATT07925,STU07925,97.77,3,1,2026-10-02
ATT07926,STU07926,88.8,6,2,2026-10-02
ATT07927,STU07927,80.2,15,6,2026-10-02
ATT07928,STU07928,92.58,6,2,2026-10-02
ATT07929,STU07929,69.45,19,5,2026-10-02
ATT07930,STU07930,84.77,11,4,2026-10-02
ATT07931,STU07931,84.25,12,4,2026-10-02
ATT07932,STU07932,74.3,15,2,2026-10-02
ATT07933,STU07933,93.39,3,2,2026-10-02
ATT07934,STU07934,80.17,13,2,2026-10-02
ATT07935,STU07935,88.91,6,0,2026-10-02
ATT07936,STU07936,99.93,1,0,2026-10-02
ATT07937,STU07937,87.13,10,1,2026-10-02
ATT07938,STU07938,75.44,16,4,2026-10-02
ATT07939,STU07939,84.83,9,1,2026-10-02
ATT07940,STU07940,93.83,4,0,2026-10-02
ATT07941,STU07941,84.95,8,4,2026-10-02
ATT07942,STU07942,92.46,6,2,2026-10-02
ATT07943,STU07943,84.5,8,1,2026-10-02
ATT07944,STU07944,72.81,19,4,2026-10-02
ATT07945,STU07945,88.33,7,2,2026-10-02
ATT07946,STU07946,67.48,22,6,2026-10-02
ATT07947,STU07947,85.18,8,6,2026-10-02
ATT07948,STU07948,98.32,3,0,2026-10-02
ATT07949,STU07949,100.0,1,0,2026-10-02
ATT07950,STU07950,82.47,12,3,2026-10-02
ATT07951,STU07951,76.2,12,5,2026-10-02
ATT07952,STU07952,100.0,0,0,2026-10-02
ATT07953,STU07953,89.72,5,1,2026-10-02
ATT07954,STU07954,87.24,7,0,2026-10-02
ATT07955,STU07955,90.11,6,0,2026-10-02
ATT07956,STU07956,80.44,15,7,2026-10-02
ATT07957,STU07957,87.44,8,0,2026-10-02
ATT07958,STU07958,84.78,9,2,2026-10-02
ATT07959,STU07959,78.52,14,2,2026-10-02
ATT07960,STU07960,87.69,7,1,2026-10-02
ATT07961,STU07961,71.14,19,6,2026-10-02
ATT07962,STU07962,80.01,12,5,2026-10-02
ATT07963,STU07963,80.65,12,6,2026-10-02
ATT07964,STU07964,73.95,17,5,2026-10-02
ATT07965,STU07965,82.55,13,6,2026-10-02
ATT07966,STU07966,58.88,26,8,2026-10-02
ATT07967,STU07967,69.87,21,8,2026-10-02
ATT07968,STU07968,80.73,10,0,2026-10-02
ATT07969,STU07969,96.88,2,0,2026-10-02
ATT07970,STU07970,93.48,5,3,2026-10-02
ATT07971,STU07971,90.22,5,2,2026-10-02
ATT07972,STU07972,72.76,19,8,2026-10-02
ATT07973,STU07973,90.02,4,4,2026-10-02
ATT07974,STU07974,68.99,18,7,2026-10-02
ATT07975,STU07975,83.26,10,1,2026-10-02
ATT07976,STU07976,86.17,10,0,2026-10-02
ATT07977,STU07977,78.55,16,6,2026-10-02
ATT07978,STU07978,92.13,3,1,2026-10-02
ATT07979,STU07979,90.83,6,2,2026-10-02
ATT07980,STU07980,75.3,16,8,2026-10-02
ATT07981,STU07981,67.69,23,9,2026-10-02
ATT07982,STU07982,86.81,6,1,2026-10-02
ATT07983,STU07983,73.39,19,6,2026-10-02
ATT07984,STU07984,94.51,5,0,2026-10-02
ATT07985,STU07985,76.78,16,1,2026-10-02
ATT07986,STU07986,90.0,5,0,2026-10-02
ATT07987,STU07987,73.98,19,8,2026-10-02
ATT07988,STU07988,100.0,0,0,2026-10-02
ATT07989,STU07989,61.83,25,6,2026-10-02
ATT07990,STU07990,74.07,15,3,2026-10-02
ATT07991,STU07991,78.74,12,4,2026-10-02
ATT07992,STU07992,67.27,19,6,2026-10-02
ATT07993,STU07993,78.96,13,6,2026-10-02
ATT07994,STU07994,73.47,14,5,2026-10-02
ATT07995,STU07995,84.76,9,2,2026-10-02
ATT07996,STU07996,100.0,0,0,2026-10-02
ATT07997,STU07997,97.01,3,0,2026-10-02
ATT07998,STU07998,97.43,0,0,2026-10-02
ATT07999,STU07999,100.0,1,1,2026-10-02
ATT08000,STU08000,60.3,25,7,2026-10-02
ATT08001,STU08001,76.36,16,6,2026-10-02
ATT08002,STU08002,72.63,17,8,2026-10-02
ATT08003,STU08003,76.01,16,6,2026-10-02
ATT08004,STU08004,89.33,6,2,2026-10-02
ATT08005,STU08005,84.28,9,3,2026-10-02
ATT08006,STU08006,83.91,11,2,2026-10-02
ATT08007,STU08007,80.04,13,7,2026-10-02
ATT08008,STU08008,78.8,14,5,2026-10-02
ATT08009,STU08009,98.97,1,0,2026-10-02
ATT08010,STU08010,63.19,26,10,2026-10-02
ATT08011,STU08011,67.42,22,9,2026-10-02
ATT08012,STU08012,73.62,17,5,2026-10-02
ATT08013,STU08013,94.06,3,0,2026-10-02
ATT08014,STU08014,96.42,3,0,2026-10-02
ATT08015,STU08015,78.79,12,7,2026-10-02
ATT08016,STU08016,72.61,20,5,2026-10-02
ATT08017,STU08017,100.0,0,0,2026-10-02
ATT08018,STU08018,89.56,5,0,2026-10-02
ATT08019,STU08019,81.46,10,0,2026-10-02
ATT08020,STU08020,69.58,16,1,2026-10-02
ATT08021,STU08021,95.07,5,0,2026-10-02
ATT08022,STU08022,81.93,10,4,2026-10-02
ATT08023,STU08023,80.66,12,5,2026-10-02
ATT08024,STU08024,90.34,3,1,2026-10-02
ATT08025,STU08025,78.32,16,4,2026-10-02
ATT08026,STU08026,87.92,9,1,2026-10-02
ATT08027,STU08027,85.49,8,2,2026-10-02
ATT08028,STU08028,99.07,3,0,2026-10-02
ATT08029,STU08029,86.47,10,5,2026-10-02
ATT08030,STU08030,95.38,3,0,2026-10-02
ATT08031,STU08031,98.72,0,0,2026-10-02
ATT08032,STU08032,65.94,20,3,2026-10-02
ATT08033,STU08033,75.67,17,7,2026-10-02
ATT08034,STU08034,82.27,12,3,2026-10-02
ATT08035,STU08035,69.14,21,9,2026-10-02
ATT08036,STU08036,68.16,19,6,2026-10-02
ATT08037,STU08037,56.53,28,9,2026-10-02
ATT08038,STU08038,78.03,16,6,2026-10-02
ATT08039,STU08039,88.87,5,1,2026-10-02
ATT08040,STU08040,85.55,12,4,2026-10-02
ATT08041,STU08041,76.23,14,4,2026-10-02
ATT08042,STU08042,100.0,0,0,2026-10-02
ATT08043,STU08043,63.02,25,9,2026-10-02
ATT08044,STU08044,75.61,16,5,2026-10-02
ATT08045,STU08045,90.53,6,1,2026-10-02
ATT08046,STU08046,83.97,11,2,2026-10-02
ATT08047,STU08047,70.11,20,8,2026-10-02
ATT08048,STU08048,62.97,24,7,2026-10-02
ATT08049,STU08049,85.95,10,2,2026-10-02
ATT08050,STU08050,72.54,20,2,2026-10-02
ATT08051,STU08051,86.72,10,0,2026-10-02
ATT08052,STU08052,89.2,6,1,2026-10-02
ATT08053,STU08053,78.63,16,5,2026-10-02
ATT08054,STU08054,78.82,13,2,2026-10-02
ATT08055,STU08055,75.04,16,7,2026-10-02
ATT08056,STU08056,79.33,13,2,2026-10-02
ATT08057,STU08057,75.33,15,4,2026-10-02
ATT08058,STU08058,96.48,3,0,2026-10-02
ATT08059,STU08059,92.2,6,0,2026-10-02
ATT08060,STU08060,75.36,19,5,2026-10-02
ATT08061,STU08061,85.14,9,3,2026-10-02
ATT08062,STU08062,76.15,14,3,2026-10-02
ATT08063,STU08063,75.39,15,6,2026-10-02
ATT08064,STU08064,74.88,15,2,2026-10-02
ATT08065,STU08065,71.62,20,2,2026-10-02
ATT08066,STU08066,93.24,6,0,2026-10-02
ATT08067,STU08067,97.05,2,2,2026-10-02
ATT08068,STU08068,69.26,20,6,2026-10-02
ATT08069,STU08069,72.85,15,1,2026-10-02
ATT08070,STU08070,86.6,10,1,2026-10-02
ATT08071,STU08071,72.13,20,5,2026-10-02
ATT08072,STU08072,79.82,13,3,2026-10-02
ATT08073,STU08073,99.4,0,0,2026-10-02
ATT08074,STU08074,87.61,9,0,2026-10-02
ATT08075,STU08075,97.88,1,0,2026-10-02
ATT08076,STU08076,82.27,13,5,2026-10-02
ATT08077,STU08077,77.35,17,4,2026-10-02
ATT08078,STU08078,99.88,0,0,2026-10-02
ATT08079,STU08079,98.41,0,0,2026-10-02
ATT08080,STU08080,88.47,9,0,2026-10-02
ATT08081,STU08081,86.05,9,1,2026-10-02
ATT08082,STU08082,100.0,0,0,2026-10-02
ATT08083,STU08083,68.35,20,6,2026-10-02
ATT08084,STU08084,80.48,11,4,2026-10-02
ATT08085,STU08085,76.07,16,4,2026-10-02
ATT08086,STU08086,98.79,0,0,2026-10-02
ATT08087,STU08087,74.22,17,4,2026-10-02
ATT08088,STU08088,74.04,17,3,2026-10-02
ATT08089,STU08089,89.62,6,1,2026-10-02
ATT08090,STU08090,88.22,8,0,2026-10-02
ATT08091,STU08091,76.53,13,5,2026-10-02
ATT08092,STU08092,69.62,21,7,2026-10-02
ATT08093,STU08093,83.77,9,0,2026-10-02
ATT08094,STU08094,96.3,1,0,2026-10-02
ATT08095,STU08095,95.49,4,0,2026-10-02
ATT08096,STU08096,93.62,5,1,2026-10-02
ATT08097,STU08097,96.76,3,0,2026-10-02
ATT08098,STU08098,62.16,25,5,2026-10-02
ATT08099,STU08099,91.97,2,2,2026-10-02
ATT08100,STU08100,100.0,3,0,2026-10-02
ATT08101,STU08101,73.9,17,6,2026-10-02
ATT08102,STU08102,80.44,13,3,2026-10-02
ATT08103,STU08103,74.32,19,6,2026-10-02
ATT08104,STU08104,68.13,22,5,2026-10-02
ATT08105,STU08105,84.3,10,3,2026-10-02
ATT08106,STU08106,77.85,15,1,2026-10-02
ATT08107,STU08107,80.34,12,2,2026-10-02
ATT08108,STU08108,75.8,11,4,2026-10-02
ATT08109,STU08109,100.0,2,0,2026-10-02
ATT08110,STU08110,91.18,5,0,2026-10-02
ATT08111,STU08111,78.13,14,6,2026-10-02
ATT08112,STU08112,81.1,11,3,2026-10-02
ATT08113,STU08113,71.81,18,3,2026-10-02
ATT08114,STU08114,75.86,15,5,2026-10-02
ATT08115,STU08115,82.72,9,5,2026-10-02
ATT08116,STU08116,75.4,16,4,2026-10-02
ATT08117,STU08117,64.44,24,6,2026-10-02
ATT08118,STU08118,78.66,17,5,2026-10-02
ATT08119,STU08119,86.82,8,0,2026-10-02
ATT08120,STU08120,75.0,16,4,2026-10-02
ATT08121,STU08121,76.03,17,4,2026-10-02
ATT08122,STU08122,82.73,12,2,2026-10-02
ATT08123,STU08123,77.31,13,3,2026-10-02
ATT08124,STU08124,81.4,14,2,2026-10-02
ATT08125,STU08125,71.14,17,3,2026-10-02
ATT08126,STU08126,77.13,14,7,2026-10-02
ATT08127,STU08127,80.09,12,4,2026-10-02
ATT08128,STU08128,70.04,18,5,2026-10-02
ATT08129,STU08129,68.33,22,6,2026-10-02
ATT08130,STU08130,73.53,19,6,2026-10-02
ATT08131,STU08131,69.64,19,2,2026-10-02
ATT08132,STU08132,72.72,19,4,2026-10-02
ATT08133,STU08133,74.63,17,5,2026-10-02
ATT08134,STU08134,66.33,22,4,2026-10-02
ATT08135,STU08135,73.73,17,9,2026-10-02
ATT08136,STU08136,78.61,12,5,2026-10-02
ATT08137,STU08137,88.33,5,1,2026-10-02
ATT08138,STU08138,86.76,9,0,2026-10-02
ATT08139,STU08139,83.2,11,2,2026-10-02
ATT08140,STU08140,75.53,16,1,2026-10-02
ATT08141,STU08141,89.47,5,2,2026-10-02
ATT08142,STU08142,77.63,12,4,2026-10-02
ATT08143,STU08143,89.43,8,3,2026-10-02
ATT08144,STU08144,77.59,13,3,2026-10-02
ATT08145,STU08145,86.88,7,2,2026-10-02
ATT08146,STU08146,62.94,24,7,2026-10-02
ATT08147,STU08147,84.34,12,4,2026-10-02
ATT08148,STU08148,97.78,1,0,2026-10-02
ATT08149,STU08149,83.83,11,2,2026-10-02
ATT08150,STU08150,93.29,4,0,2026-10-02
ATT08151,STU08151,91.87,7,2,2026-10-02
ATT08152,STU08152,81.06,13,6,2026-10-02
ATT08153,STU08153,65.57,24,5,2026-10-02
ATT08154,STU08154,75.6,13,5,2026-10-02
ATT08155,STU08155,74.14,18,4,2026-10-02
ATT08156,STU08156,83.25,10,3,2026-10-02
ATT08157,STU08157,53.91,28,9,2026-10-02
ATT08158,STU08158,91.04,4,0,2026-10-02
ATT08159,STU08159,83.06,11,2,2026-10-02
ATT08160,STU08160,81.5,10,2,2026-10-02
ATT08161,STU08161,77.49,18,5,2026-10-02
ATT08162,STU08162,100.0,1,0,2026-10-02
ATT08163,STU08163,83.11,10,1,2026-10-02
ATT08164,STU08164,95.24,2,2,2026-10-02
ATT08165,STU08165,75.03,14,6,2026-10-02
ATT08166,STU08166,77.95,14,3,2026-10-02
ATT08167,STU08167,74.06,15,3,2026-10-02
ATT08168,STU08168,92.07,5,0,2026-10-02
ATT08169,STU08169,87.62,8,0,2026-10-02
ATT08170,STU08170,89.47,7,0,2026-10-02
ATT08171,STU08171,71.97,17,6,2026-10-02
ATT08172,STU08172,85.42,8,0,2026-10-02
ATT08173,STU08173,100.0,0,0,2026-10-02
ATT08174,STU08174,100.0,0,0,2026-10-02
ATT08175,STU08175,87.59,6,1,2026-10-02
ATT08176,STU08176,96.05,4,3,2026-10-02
ATT08177,STU08177,92.82,6,0,2026-10-02
ATT08178,STU08178,84.6,11,4,2026-10-02
ATT08179,STU08179,91.58,6,1,2026-10-02
ATT08180,STU08180,87.82,9,1,2026-10-02
ATT08181,STU08181,91.12,8,0,2026-10-02
ATT08182,STU08182,94.84,3,0,2026-10-02
ATT08183,STU08183,61.04,24,8,2026-10-02
ATT08184,STU08184,92.85,6,0,2026-10-02
ATT08185,STU08185,95.06,2,0,2026-10-02
ATT08186,STU08186,64.56,24,8,2026-10-02
ATT08187,STU08187,82.66,13,5,2026-10-02
ATT08188,STU08188,79.45,12,4,2026-10-02
ATT08189,STU08189,74.91,17,4,2026-10-02
ATT08190,STU08190,90.17,6,0,2026-10-02
ATT08191,STU08191,71.79,18,4,2026-10-02
ATT08192,STU08192,100.0,0,0,2026-10-02
ATT08193,STU08193,100.0,0,0,2026-10-02
ATT08194,STU08194,88.21,9,2,2026-10-02
ATT08195,STU08195,69.85,21,9,2026-10-02
ATT08196,STU08196,72.58,19,4,2026-10-02
ATT08197,STU08197,58.2,28,7,2026-10-02
ATT08198,STU08198,95.16,3,0,2026-10-02
ATT08199,STU08199,97.64,1,0,2026-10-02
ATT08200,STU08200,89.08,8,0,2026-10-02
ATT08201,STU08201,88.32,7,2,2026-10-02
ATT08202,STU08202,80.86,12,4,2026-10-02
ATT08203,STU08203,82.93,14,3,2026-10-02
ATT08204,STU08204,73.32,17,6,2026-10-02
ATT08205,STU08205,90.27,6,0,2026-10-02
ATT08206,STU08206,69.5,19,7,2026-10-02
ATT08207,STU08207,88.98,7,2,2026-10-02
ATT08208,STU08208,52.03,30,10,2026-10-02
ATT08209,STU08209,92.06,4,0,2026-10-02
ATT08210,STU08210,65.71,22,8,2026-10-02
ATT08211,STU08211,75.24,15,3,2026-10-02
ATT08212,STU08212,83.48,11,4,2026-10-02
ATT08213,STU08213,72.5,16,5,2026-10-02
ATT08214,STU08214,69.85,20,4,2026-10-02
ATT08215,STU08215,74.4,17,1,2026-10-02
ATT08216,STU08216,68.93,17,7,2026-10-02
ATT08217,STU08217,100.0,0,0,2026-10-02
ATT08218,STU08218,91.89,7,0,2026-10-02
ATT08219,STU08219,88.23,7,1,2026-10-02
ATT08220,STU08220,70.38,18,6,2026-10-02
ATT08221,STU08221,100.0,0,0,2026-10-02
ATT08222,STU08222,80.61,12,3,2026-10-02
ATT08223,STU08223,63.72,21,6,2026-10-02
ATT08224,STU08224,82.88,11,4,2026-10-02
ATT08225,STU08225,100.0,0,0,2026-10-02
ATT08226,STU08226,73.35,16,6,2026-10-02
ATT08227,STU08227,83.55,11,3,2026-10-02
ATT08228,STU08228,75.99,16,4,2026-10-02
ATT08229,STU08229,80.33,12,4,2026-10-02
ATT08230,STU08230,78.29,14,3,2026-10-02
ATT08231,STU08231,82.51,11,1,2026-10-02
ATT08232,STU08232,85.29,10,3,2026-10-02
ATT08233,STU08233,90.57,7,0,2026-10-02
ATT08234,STU08234,87.62,10,4,2026-10-02
ATT08235,STU08235,67.79,23,7,2026-10-02
ATT08236,STU08236,76.25,15,2,2026-10-02
ATT08237,STU08237,70.56,21,6,2026-10-02
ATT08238,STU08238,79.52,14,1,2026-10-02
ATT08239,STU08239,67.59,22,5,2026-10-02
ATT08240,STU08240,83.11,10,3,2026-10-02
ATT08241,STU08241,90.92,8,2,2026-10-02
ATT08242,STU08242,82.02,10,6,2026-10-02
ATT08243,STU08243,67.91,23,4,2026-10-02
ATT08244,STU08244,70.71,18,4,2026-10-02
ATT08245,STU08245,64.75,22,8,2026-10-02
ATT08246,STU08246,75.49,16,2,2026-10-02
ATT08247,STU08247,100.0,1,0,2026-10-02
ATT08248,STU08248,78.82,12,3,2026-10-02
ATT08249,STU08249,59.26,27,5,2026-10-02
ATT08250,STU08250,98.62,3,0,2026-10-02
ATT08251,STU08251,86.07,10,5,2026-10-02
ATT08252,STU08252,86.4,9,0,2026-10-02
ATT08253,STU08253,74.62,18,6,2026-10-02
ATT08254,STU08254,63.58,24,8,2026-10-02
ATT08255,STU08255,67.92,20,6,2026-10-02
ATT08256,STU08256,74.36,15,5,2026-10-02
ATT08257,STU08257,71.48,16,1,2026-10-02
ATT08258,STU08258,82.51,9,3,2026-10-02
ATT08259,STU08259,91.55,5,0,2026-10-02
ATT08260,STU08260,79.74,12,6,2026-10-02
ATT08261,STU08261,77.17,14,4,2026-10-02
ATT08262,STU08262,84.1,9,0,2026-10-02
ATT08263,STU08263,100.0,1,0,2026-10-02
ATT08264,STU08264,66.82,22,7,2026-10-02
ATT08265,STU08265,82.27,9,2,2026-10-02
ATT08266,STU08266,68.87,19,7,2026-10-02
ATT08267,STU08267,74.71,18,3,2026-10-02
ATT08268,STU08268,91.74,7,0,2026-10-02
ATT08269,STU08269,82.12,11,1,2026-10-02
ATT08270,STU08270,85.38,10,1,2026-10-02
ATT08271,STU08271,84.06,10,2,2026-10-02
ATT08272,STU08272,73.22,20,6,2026-10-02
ATT08273,STU08273,83.67,10,2,2026-10-02
ATT08274,STU08274,88.28,7,1,2026-10-02
ATT08275,STU08275,94.34,4,1,2026-10-02
ATT08276,STU08276,87.54,12,3,2026-10-02
ATT08277,STU08277,93.7,4,1,2026-10-02
ATT08278,STU08278,69.32,22,6,2026-10-02
ATT08279,STU08279,80.31,12,3,2026-10-02
ATT08280,STU08280,83.76,12,2,2026-10-02
ATT08281,STU08281,74.63,17,4,2026-10-02
ATT08282,STU08282,100.0,2,1,2026-10-02
ATT08283,STU08283,71.3,20,8,2026-10-02
ATT08284,STU08284,100.0,2,0,2026-10-02
ATT08285,STU08285,84.67,12,5,2026-10-02
ATT08286,STU08286,75.67,14,1,2026-10-02
ATT08287,STU08287,66.94,22,8,2026-10-02
ATT08288,STU08288,100.0,3,0,2026-10-02
ATT08289,STU08289,73.43,18,6,2026-10-02
ATT08290,STU08290,60.65,23,11,2026-10-02
ATT08291,STU08291,96.24,3,0,2026-10-02
ATT08292,STU08292,61.84,26,7,2026-10-02
ATT08293,STU08293,75.18,18,2,2026-10-02
ATT08294,STU08294,60.91,26,10,2026-10-02
ATT08295,STU08295,91.21,6,0,2026-10-02
ATT08296,STU08296,54.74,32,10,2026-10-02
ATT08297,STU08297,91.99,3,3,2026-10-02
ATT08298,STU08298,100.0,0,0,2026-10-02
ATT08299,STU08299,82.81,12,4,2026-10-02
ATT08300,STU08300,91.98,5,0,2026-10-02
ATT08301,STU08301,67.97,18,6,2026-10-02
ATT08302,STU08302,76.69,13,3,2026-10-02
ATT08303,STU08303,81.65,12,2,2026-10-02
ATT08304,STU08304,77.82,12,6,2026-10-02
ATT08305,STU08305,84.32,9,2,2026-10-02
ATT08306,STU08306,66.99,25,9,2026-10-02
ATT08307,STU08307,86.46,9,0,2026-10-02
ATT08308,STU08308,72.74,18,8,2026-10-02
ATT08309,STU08309,75.64,17,5,2026-10-02
ATT08310,STU08310,100.0,0,0,2026-10-02
ATT08311,STU08311,81.1,11,0,2026-10-02
ATT08312,STU08312,94.35,2,2,2026-10-02
ATT08313,STU08313,78.57,10,2,2026-10-02
ATT08314,STU08314,88.76,7,2,2026-10-02
ATT08315,STU08315,78.92,14,6,2026-10-02
ATT08316,STU08316,88.4,9,4,2026-10-02
ATT08317,STU08317,89.13,7,2,2026-10-02
ATT08318,STU08318,96.73,2,0,2026-10-02
ATT08319,STU08319,100.0,0,0,2026-10-02
ATT08320,STU08320,63.31,23,7,2026-10-02
ATT08321,STU08321,76.28,13,5,2026-10-02
ATT08322,STU08322,82.63,12,5,2026-10-02
ATT08323,STU08323,86.16,10,1,2026-10-02
ATT08324,STU08324,99.12,0,0,2026-10-02
ATT08325,STU08325,79.24,11,0,2026-10-02
ATT08326,STU08326,90.69,6,3,2026-10-02
ATT08327,STU08327,81.57,12,2,2026-10-02
ATT08328,STU08328,77.06,15,3,2026-10-02
ATT08329,STU08329,85.76,9,2,2026-10-02
ATT08330,STU08330,96.0,3,0,2026-10-02
ATT08331,STU08331,63.34,23,5,2026-10-02
ATT08332,STU08332,99.81,1,0,2026-10-02
ATT08333,STU08333,67.24,20,8,2026-10-02
ATT08334,STU08334,87.27,9,3,2026-10-02
ATT08335,STU08335,80.79,13,3,2026-10-02
ATT08336,STU08336,96.23,2,0,2026-10-02
ATT08337,STU08337,89.28,6,1,2026-10-02
ATT08338,STU08338,73.45,19,5,2026-10-02
ATT08339,STU08339,65.46,24,9,2026-10-02
ATT08340,STU08340,76.06,17,5,2026-10-02
ATT08341,STU08341,56.22,32,9,2026-10-02
ATT08342,STU08342,76.99,14,5,2026-10-02
ATT08343,STU08343,72.36,19,5,2026-10-02
ATT08344,STU08344,99.93,0,0,2026-10-02
ATT08345,STU08345,73.3,19,2,2026-10-02
ATT08346,STU08346,76.71,16,4,2026-10-02
ATT08347,STU08347,81.83,13,3,2026-10-02
ATT08348,STU08348,82.7,10,2,2026-10-02
ATT08349,STU08349,66.17,24,8,2026-10-02
ATT08350,STU08350,90.1,7,2,2026-10-02
ATT08351,STU08351,83.25,9,1,2026-10-02
ATT08352,STU08352,79.43,13,2,2026-10-02
ATT08353,STU08353,94.96,1,0,2026-10-02
ATT08354,STU08354,84.59,11,4,2026-10-02
ATT08355,STU08355,88.54,9,2,2026-10-02
ATT08356,STU08356,98.71,0,0,2026-10-02
ATT08357,STU08357,96.19,4,0,2026-10-02
ATT08358,STU08358,90.5,6,0,2026-10-02
ATT08359,STU08359,84.28,10,1,2026-10-02
ATT08360,STU08360,99.45,1,0,2026-10-02
ATT08361,STU08361,59.74,24,8,2026-10-02
ATT08362,STU08362,79.7,13,9,2026-10-02
ATT08363,STU08363,62.38,25,8,2026-10-02
ATT08364,STU08364,94.19,4,3,2026-10-02
ATT08365,STU08365,77.79,14,4,2026-10-02
ATT08366,STU08366,68.42,18,7,2026-10-02
ATT08367,STU08367,65.8,21,4,2026-10-02
ATT08368,STU08368,89.62,8,0,2026-10-02
ATT08369,STU08369,87.77,12,3,2026-10-02
ATT08370,STU08370,78.05,14,5,2026-10-02
ATT08371,STU08371,77.57,16,4,2026-10-02
ATT08372,STU08372,80.59,15,1,2026-10-02
ATT08373,STU08373,81.04,13,3,2026-10-02
ATT08374,STU08374,72.84,19,6,2026-10-02
ATT08375,STU08375,89.12,7,3,2026-10-02
ATT08376,STU08376,79.93,13,3,2026-10-02
ATT08377,STU08377,89.18,8,1,2026-10-02
ATT08378,STU08378,54.45,27,10,2026-10-02
ATT08379,STU08379,83.31,8,1,2026-10-02
ATT08380,STU08380,65.64,25,7,2026-10-02
ATT08381,STU08381,88.47,7,0,2026-10-02
ATT08382,STU08382,79.09,14,4,2026-10-02
ATT08383,STU08383,74.11,19,6,2026-10-02
ATT08384,STU08384,84.02,9,0,2026-10-02
ATT08385,STU08385,100.0,1,1,2026-10-02
ATT08386,STU08386,84.63,9,5,2026-10-02
ATT08387,STU08387,95.13,5,0,2026-10-02
ATT08388,STU08388,76.67,16,3,2026-10-02
ATT08389,STU08389,48.78,32,8,2026-10-02
ATT08390,STU08390,76.41,14,1,2026-10-02
ATT08391,STU08391,56.35,28,8,2026-10-02
ATT08392,STU08392,70.82,21,5,2026-10-02
ATT08393,STU08393,95.62,3,0,2026-10-02
ATT08394,STU08394,70.9,21,6,2026-10-02
ATT08395,STU08395,81.42,11,4,2026-10-02
ATT08396,STU08396,66.92,21,7,2026-10-02
ATT08397,STU08397,89.27,9,5,2026-10-02
ATT08398,STU08398,70.98,20,4,2026-10-02
ATT08399,STU08399,51.31,31,7,2026-10-02
ATT08400,STU08400,85.37,9,1,2026-10-02
ATT08401,STU08401,79.59,15,4,2026-10-02
ATT08402,STU08402,96.7,2,0,2026-10-02
ATT08403,STU08403,76.02,13,2,2026-10-02
ATT08404,STU08404,48.93,32,9,2026-10-02
ATT08405,STU08405,89.28,7,1,2026-10-02
ATT08406,STU08406,100.0,1,0,2026-10-02
ATT08407,STU08407,84.3,10,5,2026-10-02
ATT08408,STU08408,67.33,23,8,2026-10-02
ATT08409,STU08409,99.02,0,0,2026-10-02
ATT08410,STU08410,79.64,14,4,2026-10-02
ATT08411,STU08411,60.0,25,6,2026-10-02
ATT08412,STU08412,100.0,2,0,2026-10-02
ATT08413,STU08413,57.38,28,10,2026-10-02
ATT08414,STU08414,81.56,10,0,2026-10-02
ATT08415,STU08415,75.88,18,5,2026-10-02
ATT08416,STU08416,91.71,8,1,2026-10-02
ATT08417,STU08417,75.89,15,6,2026-10-02
ATT08418,STU08418,64.1,24,9,2026-10-02
ATT08419,STU08419,74.77,15,4,2026-10-02
ATT08420,STU08420,65.22,22,6,2026-10-02
ATT08421,STU08421,72.56,17,5,2026-10-02
ATT08422,STU08422,92.94,8,0,2026-10-02
ATT08423,STU08423,100.0,0,0,2026-10-02
ATT08424,STU08424,77.76,14,3,2026-10-02
ATT08425,STU08425,92.69,7,0,2026-10-02
ATT08426,STU08426,78.46,13,4,2026-10-02
ATT08427,STU08427,71.42,17,3,2026-10-02
ATT08428,STU08428,100.0,0,0,2026-10-02
ATT08429,STU08429,75.5,15,5,2026-10-02
ATT08430,STU08430,91.54,8,1,2026-10-02
ATT08431,STU08431,83.67,12,3,2026-10-02
ATT08432,STU08432,85.35,10,1,2026-10-02
ATT08433,STU08433,89.6,6,2,2026-10-02
ATT08434,STU08434,96.63,4,0,2026-10-02
ATT08435,STU08435,73.78,15,6,2026-10-02
ATT08436,STU08436,82.34,10,0,2026-10-02
ATT08437,STU08437,76.92,14,6,2026-10-02
ATT08438,STU08438,84.5,9,0,2026-10-02
ATT08439,STU08439,83.1,12,5,2026-10-02
ATT08440,STU08440,79.03,11,3,2026-10-02
ATT08441,STU08441,86.34,9,0,2026-10-02
ATT08442,STU08442,71.37,19,3,2026-10-02
ATT08443,STU08443,100.0,1,0,2026-10-02
ATT08444,STU08444,72.89,18,5,2026-10-02
ATT08445,STU08445,86.03,8,2,2026-10-02
ATT08446,STU08446,97.99,2,2,2026-10-02
ATT08447,STU08447,88.68,8,1,2026-10-02
ATT08448,STU08448,77.54,14,5,2026-10-02
ATT08449,STU08449,82.2,13,3,2026-10-02
ATT08450,STU08450,92.94,0,0,2026-10-02
ATT08451,STU08451,89.71,8,2,2026-10-02
ATT08452,STU08452,68.62,18,4,2026-10-02
ATT08453,STU08453,83.8,11,5,2026-10-02
ATT08454,STU08454,69.77,17,6,2026-10-02
ATT08455,STU08455,83.57,8,1,2026-10-02
ATT08456,STU08456,76.46,16,1,2026-10-02
ATT08457,STU08457,70.44,21,4,2026-10-02
ATT08458,STU08458,96.71,2,0,2026-10-02
ATT08459,STU08459,73.03,19,4,2026-10-02
ATT08460,STU08460,100.0,1,0,2026-10-02
ATT08461,STU08461,93.17,4,1,2026-10-02
ATT08462,STU08462,98.01,2,0,2026-10-02
ATT08463,STU08463,80.57,13,5,2026-10-02
ATT08464,STU08464,87.87,8,2,2026-10-02
ATT08465,STU08465,81.45,10,2,2026-10-02
ATT08466,STU08466,65.67,24,7,2026-10-02
ATT08467,STU08467,73.03,18,7,2026-10-02
ATT08468,STU08468,83.79,11,3,2026-10-02
ATT08469,STU08469,81.31,12,5,2026-10-02
ATT08470,STU08470,71.44,18,2,2026-10-02
ATT08471,STU08471,82.99,14,4,2026-10-02
ATT08472,STU08472,81.89,13,3,2026-10-02
ATT08473,STU08473,89.93,8,1,2026-10-02
ATT08474,STU08474,83.35,10,5,2026-10-02
ATT08475,STU08475,89.63,7,3,2026-10-02
ATT08476,STU08476,78.33,15,3,2026-10-02
ATT08477,STU08477,73.54,19,5,2026-10-02
ATT08478,STU08478,81.21,13,0,2026-10-02
ATT08479,STU08479,87.23,7,3,2026-10-02
ATT08480,STU08480,91.67,4,0,2026-10-02
ATT08481,STU08481,83.96,9,3,2026-10-02
ATT08482,STU08482,84.96,9,3,2026-10-02
ATT08483,STU08483,95.49,2,1,2026-10-02
ATT08484,STU08484,100.0,1,0,2026-10-02
ATT08485,STU08485,67.6,21,3,2026-10-02
ATT08486,STU08486,90.89,7,1,2026-10-02
ATT08487,STU08487,86.97,10,2,2026-10-02
ATT08488,STU08488,98.64,1,0,2026-10-02
ATT08489,STU08489,84.58,10,0,2026-10-02
ATT08490,STU08490,82.57,12,0,2026-10-02
ATT08491,STU08491,67.18,25,8,2026-10-02
ATT08492,STU08492,68.89,22,8,2026-10-02
ATT08493,STU08493,97.54,0,0,2026-10-02
ATT08494,STU08494,76.06,15,5,2026-10-02
ATT08495,STU08495,81.47,11,4,2026-10-02
ATT08496,STU08496,81.1,8,4,2026-10-02
ATT08497,STU08497,79.63,12,1,2026-10-02
ATT08498,STU08498,85.1,8,3,2026-10-02
ATT08499,STU08499,93.38,2,0,2026-10-02
ATT08500,STU08500,84.73,10,2,2026-10-02
ATT08501,STU08501,77.72,16,4,2026-10-02
ATT08502,STU08502,80.12,11,6,2026-10-02
ATT08503,STU08503,69.22,20,5,2026-10-02
ATT08504,STU08504,67.61,21,6,2026-10-02
ATT08505,STU08505,86.96,9,2,2026-10-02
ATT08506,STU08506,93.85,4,0,2026-10-02
ATT08507,STU08507,90.89,5,1,2026-10-02
ATT08508,STU08508,79.53,15,5,2026-10-02
ATT08509,STU08509,83.33,11,7,2026-10-02
ATT08510,STU08510,89.32,6,4,2026-10-02
ATT08511,STU08511,86.67,9,4,2026-10-02
ATT08512,STU08512,78.39,17,6,2026-10-02
ATT08513,STU08513,74.45,19,5,2026-10-02
ATT08514,STU08514,63.59,23,5,2026-10-02
ATT08515,STU08515,73.63,17,7,2026-10-02
ATT08516,STU08516,77.7,16,4,2026-10-02
ATT08517,STU08517,75.23,14,0,2026-10-02
ATT08518,STU08518,90.49,6,2,2026-10-02
ATT08519,STU08519,66.38,22,6,2026-10-02
ATT08520,STU08520,75.64,16,1,2026-10-02
ATT08521,STU08521,85.81,8,0,2026-10-02
ATT08522,STU08522,100.0,0,0,2026-10-02
ATT08523,STU08523,97.79,4,0,2026-10-02
ATT08524,STU08524,87.18,9,1,2026-10-02
ATT08525,STU08525,87.04,10,0,2026-10-02
ATT08526,STU08526,95.38,0,0,2026-10-02
ATT08527,STU08527,87.45,8,0,2026-10-02
ATT08528,STU08528,89.82,6,3,2026-10-02
ATT08529,STU08529,77.05,17,5,2026-10-02
ATT08530,STU08530,84.89,12,0,2026-10-02
ATT08531,STU08531,89.27,6,2,2026-10-02
ATT08532,STU08532,100.0,0,0,2026-10-02
ATT08533,STU08533,98.19,1,1,2026-10-02
ATT08534,STU08534,74.9,17,5,2026-10-02
ATT08535,STU08535,74.16,18,4,2026-10-02
ATT08536,STU08536,59.54,27,14,2026-10-02
ATT08537,STU08537,94.19,5,1,2026-10-02
ATT08538,STU08538,78.44,16,3,2026-10-02
ATT08539,STU08539,83.14,10,0,2026-10-02
ATT08540,STU08540,78.88,14,4,2026-10-02
ATT08541,STU08541,76.44,17,2,2026-10-02
ATT08542,STU08542,77.29,16,3,2026-10-02
ATT08543,STU08543,87.35,8,1,2026-10-02
ATT08544,STU08544,88.56,8,0,2026-10-02
ATT08545,STU08545,83.57,8,3,2026-10-02
ATT08546,STU08546,78.71,15,3,2026-10-02
ATT08547,STU08547,69.84,22,5,2026-10-02
ATT08548,STU08548,75.01,15,4,2026-10-02
ATT08549,STU08549,91.6,5,0,2026-10-02
ATT08550,STU08550,68.43,22,8,2026-10-02
ATT08551,STU08551,61.64,25,10,2026-10-02
ATT08552,STU08552,70.49,19,7,2026-10-02
ATT08553,STU08553,100.0,0,0,2026-10-02
ATT08554,STU08554,77.86,14,7,2026-10-02
ATT08555,STU08555,62.51,25,10,2026-10-02
ATT08556,STU08556,60.1,25,9,2026-10-02
ATT08557,STU08557,100.0,0,0,2026-10-02
ATT08558,STU08558,85.97,9,0,2026-10-02
ATT08559,STU08559,70.48,20,5,2026-10-02
ATT08560,STU08560,65.9,23,6,2026-10-02
ATT08561,STU08561,88.08,7,1,2026-10-02
ATT08562,STU08562,91.29,7,2,2026-10-02
ATT08563,STU08563,68.64,18,5,2026-10-02
ATT08564,STU08564,98.22,2,0,2026-10-02
ATT08565,STU08565,90.69,8,3,2026-10-02
ATT08566,STU08566,77.38,14,5,2026-10-02
ATT08567,STU08567,97.28,1,1,2026-10-02
ATT08568,STU08568,95.78,4,0,2026-10-02
ATT08569,STU08569,81.81,13,4,2026-10-02
ATT08570,STU08570,64.36,22,6,2026-10-02
ATT08571,STU08571,86.01,8,0,2026-10-02
ATT08572,STU08572,89.77,8,4,2026-10-02
ATT08573,STU08573,75.61,16,2,2026-10-02
ATT08574,STU08574,91.33,6,0,2026-10-02
ATT08575,STU08575,66.87,21,5,2026-10-02
ATT08576,STU08576,82.16,10,3,2026-10-02
ATT08577,STU08577,97.92,1,0,2026-10-02
ATT08578,STU08578,70.03,19,7,2026-10-02
ATT08579,STU08579,77.2,17,5,2026-10-02
ATT08580,STU08580,72.62,16,4,2026-10-02
ATT08581,STU08581,89.34,6,0,2026-10-02
ATT08582,STU08582,93.47,5,0,2026-10-02
ATT08583,STU08583,72.6,17,5,2026-10-02
ATT08584,STU08584,65.29,24,4,2026-10-02
ATT08585,STU08585,79.33,15,4,2026-10-02
ATT08586,STU08586,86.23,11,3,2026-10-02
ATT08587,STU08587,79.81,14,1,2026-10-02
ATT08588,STU08588,72.86,19,5,2026-10-02
ATT08589,STU08589,71.25,19,2,2026-10-02
ATT08590,STU08590,59.97,28,7,2026-10-02
ATT08591,STU08591,63.08,22,8,2026-10-02
ATT08592,STU08592,74.1,19,0,2026-10-02
ATT08593,STU08593,81.18,12,3,2026-10-02
ATT08594,STU08594,72.56,19,6,2026-10-02
ATT08595,STU08595,96.03,3,0,2026-10-02
ATT08596,STU08596,90.59,5,0,2026-10-02
ATT08597,STU08597,99.35,2,2,2026-10-02
ATT08598,STU08598,86.76,8,3,2026-10-02
ATT08599,STU08599,60.54,25,7,2026-10-02
ATT08600,STU08600,77.69,13,3,2026-10-02
ATT08601,STU08601,74.03,16,7,2026-10-02
ATT08602,STU08602,75.6,16,4,2026-10-02
ATT08603,STU08603,72.51,17,4,2026-10-02
ATT08604,STU08604,75.57,16,5,2026-10-02
ATT08605,STU08605,96.14,1,0,2026-10-02
ATT08606,STU08606,91.02,4,2,2026-10-02
ATT08607,STU08607,64.8,25,7,2026-10-02
ATT08608,STU08608,54.53,29,11,2026-10-02
ATT08609,STU08609,74.07,17,5,2026-10-02
ATT08610,STU08610,88.74,8,1,2026-10-02
ATT08611,STU08611,82.91,14,5,2026-10-02
ATT08612,STU08612,82.39,11,4,2026-10-02
ATT08613,STU08613,83.57,10,0,2026-10-02
ATT08614,STU08614,77.44,17,2,2026-10-02
ATT08615,STU08615,90.0,6,2,2026-10-02
ATT08616,STU08616,87.36,8,4,2026-10-02
ATT08617,STU08617,68.0,21,7,2026-10-02
ATT08618,STU08618,96.79,2,0,2026-10-02
ATT08619,STU08619,80.66,13,4,2026-10-02
ATT08620,STU08620,92.55,5,0,2026-10-02
ATT08621,STU08621,92.15,5,0,2026-10-02
ATT08622,STU08622,73.52,19,6,2026-10-02
ATT08623,STU08623,64.51,23,5,2026-10-02
ATT08624,STU08624,92.39,2,1,2026-10-02
ATT08625,STU08625,100.0,0,0,2026-10-02
ATT08626,STU08626,77.42,14,6,2026-10-02
ATT08627,STU08627,61.06,26,8,2026-10-02
ATT08628,STU08628,100.0,0,0,2026-10-02
ATT08629,STU08629,81.0,12,3,2026-10-02
ATT08630,STU08630,79.6,16,4,2026-10-02
ATT08631,STU08631,85.29,11,4,2026-10-02
ATT08632,STU08632,70.2,18,4,2026-10-02
ATT08633,STU08633,82.39,10,0,2026-10-02
ATT08634,STU08634,71.91,17,3,2026-10-02
ATT08635,STU08635,75.94,15,1,2026-10-02
ATT08636,STU08636,92.31,2,0,2026-10-02
ATT08637,STU08637,83.99,9,1,2026-10-02
ATT08638,STU08638,80.54,11,0,2026-10-02
ATT08639,STU08639,88.08,8,0,2026-10-02
ATT08640,STU08640,68.81,19,4,2026-10-02
ATT08641,STU08641,83.59,9,2,2026-10-02
ATT08642,STU08642,84.12,12,2,2026-10-02
ATT08643,STU08643,62.83,28,5,2026-10-02
ATT08644,STU08644,68.49,22,6,2026-10-02
ATT08645,STU08645,97.63,3,0,2026-10-02
ATT08646,STU08646,79.42,13,2,2026-10-02
ATT08647,STU08647,81.31,12,4,2026-10-02
ATT08648,STU08648,87.6,9,3,2026-10-02
ATT08649,STU08649,70.74,20,9,2026-10-02
ATT08650,STU08650,68.37,21,4,2026-10-02
ATT08651,STU08651,82.84,9,6,2026-10-02
ATT08652,STU08652,68.41,19,6,2026-10-02
ATT08653,STU08653,92.78,5,0,2026-10-02
ATT08654,STU08654,90.52,6,0,2026-10-02
ATT08655,STU08655,97.95,1,0,2026-10-02
ATT08656,STU08656,87.92,7,0,2026-10-02
ATT08657,STU08657,85.78,10,2,2026-10-02
ATT08658,STU08658,74.53,17,5,2026-10-02
ATT08659,STU08659,86.49,10,2,2026-10-02
ATT08660,STU08660,76.23,12,3,2026-10-02
ATT08661,STU08661,44.03,36,12,2026-10-02
ATT08662,STU08662,94.24,5,2,2026-10-02
ATT08663,STU08663,78.84,16,4,2026-10-02
ATT08664,STU08664,73.58,18,2,2026-10-02
ATT08665,STU08665,100.0,0,0,2026-10-02
ATT08666,STU08666,64.27,25,6,2026-10-02
ATT08667,STU08667,94.74,6,0,2026-10-02
ATT08668,STU08668,83.16,9,1,2026-10-02
ATT08669,STU08669,90.22,4,3,2026-10-02
ATT08670,STU08670,76.4,14,3,2026-10-02
ATT08671,STU08671,78.4,12,3,2026-10-02
ATT08672,STU08672,93.41,4,0,2026-10-02
ATT08673,STU08673,75.42,14,3,2026-10-02
ATT08674,STU08674,83.78,11,2,2026-10-02
ATT08675,STU08675,78.38,14,4,2026-10-02
ATT08676,STU08676,77.9,13,5,2026-10-02
ATT08677,STU08677,83.6,11,2,2026-10-02
ATT08678,STU08678,93.55,6,0,2026-10-02
ATT08679,STU08679,62.01,25,7,2026-10-02
ATT08680,STU08680,76.16,15,6,2026-10-02
ATT08681,STU08681,100.0,0,0,2026-10-02
ATT08682,STU08682,85.67,9,0,2026-10-02
ATT08683,STU08683,78.67,14,3,2026-10-02
ATT08684,STU08684,100.0,0,0,2026-10-02
ATT08685,STU08685,89.17,7,0,2026-10-02
ATT08686,STU08686,67.41,21,5,2026-10-02
ATT08687,STU08687,54.27,28,11,2026-10-02
ATT08688,STU08688,81.55,13,3,2026-10-02
ATT08689,STU08689,100.0,0,0,2026-10-02
ATT08690,STU08690,83.26,11,3,2026-10-02
ATT08691,STU08691,75.11,17,4,2026-10-02
ATT08692,STU08692,92.38,6,0,2026-10-02
ATT08693,STU08693,100.0,0,0,2026-10-02
ATT08694,STU08694,96.42,3,0,2026-10-02
ATT08695,STU08695,84.97,10,0,2026-10-02
ATT08696,STU08696,65.67,22,7,2026-10-02
ATT08697,STU08697,95.43,5,4,2026-10-02
ATT08698,STU08698,69.72,19,6,2026-10-02
ATT08699,STU08699,91.2,4,0,2026-10-02
ATT08700,STU08700,51.27,29,8,2026-10-02
ATT08701,STU08701,69.64,20,6,2026-10-02
ATT08702,STU08702,93.86,5,0,2026-10-02
ATT08703,STU08703,77.91,14,6,2026-10-02
ATT08704,STU08704,90.88,9,2,2026-10-02
ATT08705,STU08705,88.55,9,3,2026-10-02
ATT08706,STU08706,78.75,13,6,2026-10-02
ATT08707,STU08707,80.21,13,6,2026-10-02
ATT08708,STU08708,85.0,8,3,2026-10-02
ATT08709,STU08709,78.71,13,4,2026-10-02
ATT08710,STU08710,74.18,17,6,2026-10-02
ATT08711,STU08711,90.95,6,1,2026-10-02
ATT08712,STU08712,79.22,11,3,2026-10-02
ATT08713,STU08713,57.05,29,6,2026-10-02
ATT08714,STU08714,80.76,14,4,2026-10-02
ATT08715,STU08715,90.99,6,0,2026-10-02
ATT08716,STU08716,77.73,15,3,2026-10-02
ATT08717,STU08717,100.0,1,0,2026-10-02
ATT08718,STU08718,71.6,20,5,2026-10-02
ATT08719,STU08719,72.26,17,3,2026-10-02
ATT08720,STU08720,83.49,8,3,2026-10-02
ATT08721,STU08721,70.56,17,8,2026-10-02
ATT08722,STU08722,58.1,28,7,2026-10-02
ATT08723,STU08723,86.39,7,3,2026-10-02
ATT08724,STU08724,82.58,14,4,2026-10-02
ATT08725,STU08725,79.41,10,0,2026-10-02
ATT08726,STU08726,82.87,13,1,2026-10-02
ATT08727,STU08727,92.86,3,1,2026-10-02
ATT08728,STU08728,76.27,18,6,2026-10-02
ATT08729,STU08729,68.38,20,4,2026-10-02
ATT08730,STU08730,100.0,1,0,2026-10-02
ATT08731,STU08731,78.62,13,4,2026-10-02
ATT08732,STU08732,80.22,12,4,2026-10-02
ATT08733,STU08733,91.97,6,2,2026-10-02
ATT08734,STU08734,82.99,11,3,2026-10-02
ATT08735,STU08735,71.58,17,2,2026-10-02
ATT08736,STU08736,75.59,17,4,2026-10-02
ATT08737,STU08737,77.72,16,4,2026-10-02
ATT08738,STU08738,72.08,17,8,2026-10-02
ATT08739,STU08739,86.05,8,3,2026-10-02
ATT08740,STU08740,87.32,7,3,2026-10-02
ATT08741,STU08741,82.96,12,4,2026-10-02
ATT08742,STU08742,93.58,4,1,2026-10-02
ATT08743,STU08743,90.75,2,0,2026-10-02
ATT08744,STU08744,76.34,13,8,2026-10-02
ATT08745,STU08745,80.76,13,2,2026-10-02
ATT08746,STU08746,68.23,22,7,2026-10-02
ATT08747,STU08747,86.89,6,1,2026-10-02
ATT08748,STU08748,89.18,9,2,2026-10-02
ATT08749,STU08749,83.83,9,1,2026-10-02
ATT08750,STU08750,97.03,3,1,2026-10-02
ATT08751,STU08751,84.03,7,0,2026-10-02
ATT08752,STU08752,75.15,15,2,2026-10-02
ATT08753,STU08753,84.41,10,4,2026-10-02
ATT08754,STU08754,83.42,11,2,2026-10-02
ATT08755,STU08755,87.8,7,1,2026-10-02
ATT08756,STU08756,59.87,25,10,2026-10-02
ATT08757,STU08757,77.51,13,6,2026-10-02
ATT08758,STU08758,87.29,8,0,2026-10-02
ATT08759,STU08759,90.57,6,1,2026-10-02
ATT08760,STU08760,70.52,20,3,2026-10-02
ATT08761,STU08761,90.07,9,1,2026-10-02
ATT08762,STU08762,83.61,10,2,2026-10-02
ATT08763,STU08763,81.65,9,1,2026-10-02
ATT08764,STU08764,100.0,2,0,2026-10-02
ATT08765,STU08765,72.07,18,9,2026-10-02
ATT08766,STU08766,94.59,2,0,2026-10-02
ATT08767,STU08767,71.74,16,5,2026-10-02
ATT08768,STU08768,85.44,12,5,2026-10-02
ATT08769,STU08769,80.11,11,7,2026-10-02
ATT08770,STU08770,81.72,14,2,2026-10-02
ATT08771,STU08771,77.47,13,4,2026-10-02
ATT08772,STU08772,99.36,0,0,2026-10-02
ATT08773,STU08773,92.43,5,0,2026-10-02
ATT08774,STU08774,74.5,17,5,2026-10-02
ATT08775,STU08775,100.0,1,1,2026-10-02
ATT08776,STU08776,78.3,14,5,2026-10-02
ATT08777,STU08777,86.26,11,3,2026-10-02
ATT08778,STU08778,96.2,1,0,2026-10-02
ATT08779,STU08779,70.97,18,3,2026-10-02
ATT08780,STU08780,74.34,17,4,2026-10-02
ATT08781,STU08781,95.46,1,0,2026-10-02
ATT08782,STU08782,96.3,0,0,2026-10-02
ATT08783,STU08783,82.76,9,2,2026-10-02
ATT08784,STU08784,93.6,4,0,2026-10-02
ATT08785,STU08785,52.62,31,10,2026-10-02
ATT08786,STU08786,48.98,34,12,2026-10-02
ATT08787,STU08787,100.0,1,0,2026-10-02
ATT08788,STU08788,78.79,15,5,2026-10-02
ATT08789,STU08789,87.25,7,1,2026-10-02
ATT08790,STU08790,95.21,1,0,2026-10-02
ATT08791,STU08791,90.08,4,0,2026-10-02
ATT08792,STU08792,77.73,15,5,2026-10-02
ATT08793,STU08793,84.97,12,2,2026-10-02
ATT08794,STU08794,87.33,7,1,2026-10-02
ATT08795,STU08795,76.46,14,6,2026-10-02
ATT08796,STU08796,72.38,19,8,2026-10-02
ATT08797,STU08797,89.21,6,1,2026-10-02
ATT08798,STU08798,90.35,7,2,2026-10-02
ATT08799,STU08799,61.47,25,11,2026-10-02
ATT08800,STU08800,75.09,16,7,2026-10-02
ATT08801,STU08801,80.12,11,4,2026-10-02
ATT08802,STU08802,78.29,14,2,2026-10-02
ATT08803,STU08803,85.51,9,3,2026-10-02
ATT08804,STU08804,68.48,22,4,2026-10-02
ATT08805,STU08805,91.99,2,0,2026-10-02
ATT08806,STU08806,67.75,25,10,2026-10-02
ATT08807,STU08807,91.27,6,1,2026-10-02
ATT08808,STU08808,59.75,25,7,2026-10-02
ATT08809,STU08809,82.83,12,2,2026-10-02
ATT08810,STU08810,84.99,11,2,2026-10-02
ATT08811,STU08811,78.73,15,3,2026-10-02
ATT08812,STU08812,90.74,6,2,2026-10-02
ATT08813,STU08813,88.63,8,2,2026-10-02
ATT08814,STU08814,95.19,2,0,2026-10-02
ATT08815,STU08815,59.2,27,11,2026-10-02
ATT08816,STU08816,93.13,6,3,2026-10-02
ATT08817,STU08817,92.19,5,1,2026-10-02
ATT08818,STU08818,94.0,3,0,2026-10-02
ATT08819,STU08819,86.11,7,0,2026-10-02
ATT08820,STU08820,84.53,11,0,2026-10-02
ATT08821,STU08821,92.77,5,0,2026-10-02
ATT08822,STU08822,86.16,9,3,2026-10-02
ATT08823,STU08823,93.62,6,3,2026-10-02
ATT08824,STU08824,75.62,18,9,2026-10-02
ATT08825,STU08825,87.86,8,3,2026-10-02
ATT08826,STU08826,90.04,6,2,2026-10-02
ATT08827,STU08827,92.08,6,1,2026-10-02
ATT08828,STU08828,86.36,9,2,2026-10-02
ATT08829,STU08829,90.78,7,0,2026-10-02
ATT08830,STU08830,77.04,18,4,2026-10-02
ATT08831,STU08831,83.0,10,0,2026-10-02
ATT08832,STU08832,100.0,0,0,2026-10-02
ATT08833,STU08833,80.12,15,5,2026-10-02
ATT08834,STU08834,71.43,19,4,2026-10-02
ATT08835,STU08835,87.22,8,1,2026-10-02
ATT08836,STU08836,73.77,19,6,2026-10-02
ATT08837,STU08837,82.65,10,5,2026-10-02
ATT08838,STU08838,92.22,5,2,2026-10-02
ATT08839,STU08839,87.15,9,2,2026-10-02
ATT08840,STU08840,94.33,2,0,2026-10-02
ATT08841,STU08841,74.27,14,4,2026-10-02
ATT08842,STU08842,82.23,14,4,2026-10-02
ATT08843,STU08843,80.62,14,0,2026-10-02
ATT08844,STU08844,65.37,23,5,2026-10-02
ATT08845,STU08845,92.4,4,2,2026-10-02
ATT08846,STU08846,92.94,3,0,2026-10-02
ATT08847,STU08847,85.21,9,0,2026-10-02
ATT08848,STU08848,91.17,5,0,2026-10-02
ATT08849,STU08849,92.79,2,0,2026-10-02
ATT08850,STU08850,79.78,12,2,2026-10-02
ATT08851,STU08851,93.12,5,1,2026-10-02
ATT08852,STU08852,96.76,4,2,2026-10-02
ATT08853,STU08853,92.78,7,1,2026-10-02
ATT08854,STU08854,75.94,14,7,2026-10-02
ATT08855,STU08855,81.68,11,4,2026-10-02
ATT08856,STU08856,79.91,14,2,2026-10-02
ATT08857,STU08857,94.5,3,0,2026-10-02
ATT08858,STU08858,83.33,12,3,2026-10-02
ATT08859,STU08859,91.76,7,1,2026-10-02
ATT08860,STU08860,78.61,12,0,2026-10-02
ATT08861,STU08861,100.0,0,0,2026-10-02
ATT08862,STU08862,78.92,14,6,2026-10-02
ATT08863,STU08863,76.25,13,6,2026-10-02
ATT08864,STU08864,85.41,9,1,2026-10-02
ATT08865,STU08865,85.27,10,3,2026-10-02
ATT08866,STU08866,92.76,4,1,2026-10-02
ATT08867,STU08867,92.92,7,2,2026-10-02
ATT08868,STU08868,76.47,16,0,2026-10-02
ATT08869,STU08869,89.7,5,1,2026-10-02
ATT08870,STU08870,85.86,12,4,2026-10-02
ATT08871,STU08871,100.0,1,0,2026-10-02
ATT08872,STU08872,85.04,11,4,2026-10-02
ATT08873,STU08873,97.95,2,0,2026-10-02
ATT08874,STU08874,83.65,13,3,2026-10-02
ATT08875,STU08875,85.96,9,1,2026-10-02
ATT08876,STU08876,70.62,22,8,2026-10-02
ATT08877,STU08877,74.79,16,4,2026-10-02
ATT08878,STU08878,83.65,11,5,2026-10-02
ATT08879,STU08879,85.51,9,5,2026-10-02
ATT08880,STU08880,78.63,15,3,2026-10-02
ATT08881,STU08881,97.25,1,1,2026-10-02
ATT08882,STU08882,75.31,18,7,2026-10-02
ATT08883,STU08883,78.58,13,4,2026-10-02
ATT08884,STU08884,84.56,9,1,2026-10-02
ATT08885,STU08885,100.0,0,0,2026-10-02
ATT08886,STU08886,100.0,0,0,2026-10-02
ATT08887,STU08887,85.06,11,4,2026-10-02
ATT08888,STU08888,74.75,20,1,2026-10-02
ATT08889,STU08889,91.32,7,3,2026-10-02
ATT08890,STU08890,83.39,11,5,2026-10-02
ATT08891,STU08891,76.59,15,4,2026-10-02
ATT08892,STU08892,100.0,1,0,2026-10-02
ATT08893,STU08893,75.67,16,7,2026-10-02
ATT08894,STU08894,95.66,4,0,2026-10-02
ATT08895,STU08895,91.01,4,0,2026-10-02
ATT08896,STU08896,77.73,15,3,2026-10-02
ATT08897,STU08897,74.28,19,6,2026-10-02
ATT08898,STU08898,75.75,16,7,2026-10-02
ATT08899,STU08899,76.97,15,7,2026-10-02
ATT08900,STU08900,84.36,11,5,2026-10-02
ATT08901,STU08901,63.95,26,9,2026-10-02
ATT08902,STU08902,75.93,17,7,2026-10-02
ATT08903,STU08903,86.67,7,0,2026-10-02
ATT08904,STU08904,95.57,4,0,2026-10-02
ATT08905,STU08905,64.9,21,7,2026-10-02
ATT08906,STU08906,96.27,3,1,2026-10-02
ATT08907,STU08907,81.31,15,5,2026-10-02
ATT08908,STU08908,87.54,7,0,2026-10-02
ATT08909,STU08909,82.51,12,3,2026-10-02
ATT08910,STU08910,100.0,0,0,2026-10-02
ATT08911,STU08911,91.89,4,1,2026-10-02
ATT08912,STU08912,88.61,10,2,2026-10-02
ATT08913,STU08913,100.0,0,0,2026-10-02
ATT08914,STU08914,83.4,10,2,2026-10-02
ATT08915,STU08915,88.05,8,0,2026-10-02
ATT08916,STU08916,78.93,14,3,2026-10-02
ATT08917,STU08917,71.08,17,6,2026-10-02
ATT08918,STU08918,69.66,19,7,2026-10-02
ATT08919,STU08919,78.03,16,4,2026-10-02
ATT08920,STU08920,73.31,14,6,2026-10-02
ATT08921,STU08921,100.0,1,0,2026-10-02
ATT08922,STU08922,75.28,15,7,2026-10-02
ATT08923,STU08923,94.1,5,0,2026-10-02
ATT08924,STU08924,89.84,7,0,2026-10-02
ATT08925,STU08925,69.36,20,6,2026-10-02
ATT08926,STU08926,84.05,9,1,2026-10-02
ATT08927,STU08927,79.87,13,2,2026-10-02
ATT08928,STU08928,79.19,14,4,2026-10-02
ATT08929,STU08929,86.87,7,0,2026-10-02
ATT08930,STU08930,93.1,3,0,2026-10-02
ATT08931,STU08931,75.92,13,0,2026-10-02
ATT08932,STU08932,77.68,12,3,2026-10-02
ATT08933,STU08933,94.84,6,0,2026-10-02
ATT08934,STU08934,81.7,11,4,2026-10-02
ATT08935,STU08935,81.53,11,4,2026-10-02
ATT08936,STU08936,67.87,21,7,2026-10-02
ATT08937,STU08937,74.05,16,3,2026-10-02
ATT08938,STU08938,97.61,0,0,2026-10-02
ATT08939,STU08939,97.99,1,0,2026-10-02
ATT08940,STU08940,100.0,3,0,2026-10-02
ATT08941,STU08941,62.17,26,3,2026-10-02
ATT08942,STU08942,79.43,13,5,2026-10-02
ATT08943,STU08943,73.06,21,7,2026-10-02
ATT08944,STU08944,71.81,19,5,2026-10-02
ATT08945,STU08945,83.17,12,1,2026-10-02
ATT08946,STU08946,75.08,19,3,2026-10-02
ATT08947,STU08947,84.6,9,2,2026-10-02
ATT08948,STU08948,83.85,11,1,2026-10-02
ATT08949,STU08949,97.94,2,0,2026-10-02
ATT08950,STU08950,80.24,12,3,2026-10-02
ATT08951,STU08951,83.87,14,4,2026-10-02
ATT08952,STU08952,71.37,17,5,2026-10-02
ATT08953,STU08953,82.03,10,3,2026-10-02
ATT08954,STU08954,75.79,17,5,2026-10-02
ATT08955,STU08955,72.19,18,7,2026-10-02
ATT08956,STU08956,78.87,13,3,2026-10-02
ATT08957,STU08957,78.74,15,7,2026-10-02
ATT08958,STU08958,85.57,10,5,2026-10-02
ATT08959,STU08959,100.0,2,1,2026-10-02
ATT08960,STU08960,100.0,0,0,2026-10-02
ATT08961,STU08961,99.63,0,0,2026-10-02
ATT08962,STU08962,68.91,21,4,2026-10-02
ATT08963,STU08963,84.18,10,5,2026-10-02
ATT08964,STU08964,85.38,11,1,2026-10-02
ATT08965,STU08965,72.09,17,3,2026-10-02
ATT08966,STU08966,75.9,15,6,2026-10-02
ATT08967,STU08967,83.65,10,5,2026-10-02
ATT08968,STU08968,67.24,20,5,2026-10-02
ATT08969,STU08969,61.25,27,7,2026-10-02
ATT08970,STU08970,91.09,8,3,2026-10-02
ATT08971,STU08971,98.75,1,1,2026-10-02
ATT08972,STU08972,67.25,22,6,2026-10-02
ATT08973,STU08973,99.98,0,0,2026-10-02
ATT08974,STU08974,88.89,10,0,2026-10-02
ATT08975,STU08975,87.23,10,0,2026-10-02
ATT08976,STU08976,64.17,21,5,2026-10-02
ATT08977,STU08977,77.04,14,8,2026-10-02
ATT08978,STU08978,85.6,9,0,2026-10-02
ATT08979,STU08979,96.08,0,0,2026-10-02
ATT08980,STU08980,79.76,14,2,2026-10-02
ATT08981,STU08981,82.0,13,3,2026-10-02
ATT08982,STU08982,89.23,5,0,2026-10-02
ATT08983,STU08983,92.97,5,0,2026-10-02
ATT08984,STU08984,82.49,14,3,2026-10-02
ATT08985,STU08985,73.66,18,7,2026-10-02
ATT08986,STU08986,79.49,14,6,2026-10-02
ATT08987,STU08987,95.18,4,0,2026-10-02
ATT08988,STU08988,85.79,6,1,2026-10-02
ATT08989,STU08989,97.82,0,0,2026-10-02
ATT08990,STU08990,69.97,19,7,2026-10-02
ATT08991,STU08991,82.9,14,4,2026-10-02
ATT08992,STU08992,68.47,20,6,2026-10-02
ATT08993,STU08993,100.0,0,0,2026-10-02
ATT08994,STU08994,87.67,9,5,2026-10-02
ATT08995,STU08995,91.33,7,1,2026-10-02
ATT08996,STU08996,64.61,26,7,2026-10-02
ATT08997,STU08997,63.67,24,5,2026-10-02
ATT08998,STU08998,97.04,4,0,2026-10-02
ATT08999,STU08999,78.57,14,6,2026-10-02
ATT09000,STU09000,79.23,15,3,2026-10-02
ATT09001,STU09001,100.0,0,0,2026-10-02
ATT09002,STU09002,100.0,0,0,2026-10-02
ATT09003,STU09003,75.79,13,2,2026-10-02
ATT09004,STU09004,74.83,22,3,2026-10-02
ATT09005,STU09005,65.12,22,6,2026-10-02
ATT09006,STU09006,83.48,12,1,2026-10-02
ATT09007,STU09007,79.9,13,6,2026-10-02
ATT09008,STU09008,78.73,17,5,2026-10-02
ATT09009,STU09009,71.88,20,8,2026-10-02
ATT09010,STU09010,58.07,28,11,2026-10-02
ATT09011,STU09011,84.83,8,2,2026-10-02
ATT09012,STU09012,86.52,6,2,2026-10-02
ATT09013,STU09013,99.01,0,0,2026-10-02
ATT09014,STU09014,65.91,24,8,2026-10-02
ATT09015,STU09015,63.75,25,12,2026-10-02
ATT09016,STU09016,61.17,28,11,2026-10-02
ATT09017,STU09017,81.11,11,3,2026-10-02
ATT09018,STU09018,60.27,24,6,2026-10-02
ATT09019,STU09019,77.74,15,3,2026-10-02
ATT09020,STU09020,87.11,7,0,2026-10-02
ATT09021,STU09021,86.79,6,1,2026-10-02
ATT09022,STU09022,82.73,11,3,2026-10-02
ATT09023,STU09023,94.95,4,3,2026-10-02
ATT09024,STU09024,85.34,11,2,2026-10-02
ATT09025,STU09025,69.02,22,7,2026-10-02
ATT09026,STU09026,87.66,9,3,2026-10-02
ATT09027,STU09027,82.23,13,3,2026-10-02
ATT09028,STU09028,87.27,6,2,2026-10-02
ATT09029,STU09029,91.63,8,0,2026-10-02
ATT09030,STU09030,80.8,13,4,2026-10-02
ATT09031,STU09031,90.6,6,0,2026-10-02
ATT09032,STU09032,67.35,19,7,2026-10-02
ATT09033,STU09033,68.71,22,7,2026-10-02
ATT09034,STU09034,81.12,14,3,2026-10-02
ATT09035,STU09035,94.8,4,0,2026-10-02
ATT09036,STU09036,84.47,12,3,2026-10-02
ATT09037,STU09037,86.88,11,4,2026-10-02
ATT09038,STU09038,86.89,10,4,2026-10-02
ATT09039,STU09039,95.24,4,0,2026-10-02
ATT09040,STU09040,71.71,21,6,2026-10-02
ATT09041,STU09041,73.32,19,2,2026-10-02
ATT09042,STU09042,71.5,18,4,2026-10-02
ATT09043,STU09043,86.79,10,1,2026-10-02
ATT09044,STU09044,99.19,0,0,2026-10-02
ATT09045,STU09045,82.2,12,2,2026-10-02
ATT09046,STU09046,85.53,7,0,2026-10-02
ATT09047,STU09047,95.45,2,1,2026-10-02
ATT09048,STU09048,88.17,10,2,2026-10-02
ATT09049,STU09049,88.91,7,0,2026-10-02
ATT09050,STU09050,86.2,8,6,2026-10-02
ATT09051,STU09051,75.43,16,6,2026-10-02
ATT09052,STU09052,86.45,9,0,2026-10-02
ATT09053,STU09053,66.13,23,8,2026-10-02
ATT09054,STU09054,94.29,7,0,2026-10-02
ATT09055,STU09055,93.94,2,0,2026-10-02
ATT09056,STU09056,92.75,6,0,2026-10-02
ATT09057,STU09057,98.3,2,1,2026-10-02
ATT09058,STU09058,66.34,22,7,2026-10-02
ATT09059,STU09059,100.0,0,0,2026-10-02
ATT09060,STU09060,89.95,6,0,2026-10-02
ATT09061,STU09061,71.63,18,6,2026-10-02
ATT09062,STU09062,78.79,13,4,2026-10-02
ATT09063,STU09063,84.25,11,2,2026-10-02
ATT09064,STU09064,96.11,3,2,2026-10-02
ATT09065,STU09065,60.1,27,7,2026-10-02
ATT09066,STU09066,97.6,0,0,2026-10-02
ATT09067,STU09067,88.48,8,0,2026-10-02
ATT09068,STU09068,88.7,8,0,2026-10-02
ATT09069,STU09069,56.43,27,10,2026-10-02
ATT09070,STU09070,75.39,16,3,2026-10-02
ATT09071,STU09071,80.67,15,2,2026-10-02
ATT09072,STU09072,86.51,9,0,2026-10-02
ATT09073,STU09073,65.47,22,7,2026-10-02
ATT09074,STU09074,67.82,20,8,2026-10-02
ATT09075,STU09075,78.59,15,5,2026-10-02
ATT09076,STU09076,78.36,15,3,2026-10-02
ATT09077,STU09077,86.13,7,2,2026-10-02
ATT09078,STU09078,90.62,6,2,2026-10-02
ATT09079,STU09079,75.38,17,6,2026-10-02
ATT09080,STU09080,79.69,14,4,2026-10-02
ATT09081,STU09081,91.91,5,1,2026-10-02
ATT09082,STU09082,79.83,17,7,2026-10-02
ATT09083,STU09083,100.0,2,0,2026-10-02
ATT09084,STU09084,99.76,0,0,2026-10-02
ATT09085,STU09085,92.79,6,0,2026-10-02
ATT09086,STU09086,91.52,6,3,2026-10-02
ATT09087,STU09087,69.79,20,6,2026-10-02
ATT09088,STU09088,72.33,17,5,2026-10-02
ATT09089,STU09089,75.58,17,6,2026-10-02
ATT09090,STU09090,79.55,15,6,2026-10-02
ATT09091,STU09091,87.17,9,1,2026-10-02
ATT09092,STU09092,66.3,22,4,2026-10-02
ATT09093,STU09093,63.35,25,8,2026-10-02
ATT09094,STU09094,73.57,18,8,2026-10-02
ATT09095,STU09095,90.26,7,4,2026-10-02
ATT09096,STU09096,68.82,22,7,2026-10-02
ATT09097,STU09097,88.08,7,3,2026-10-02
ATT09098,STU09098,56.7,28,6,2026-10-02
ATT09099,STU09099,90.19,8,0,2026-10-02
ATT09100,STU09100,100.0,2,0,2026-10-02
ATT09101,STU09101,80.95,13,7,2026-10-02
ATT09102,STU09102,87.33,8,0,2026-10-02
ATT09103,STU09103,85.13,9,3,2026-10-02
ATT09104,STU09104,80.09,15,1,2026-10-02
ATT09105,STU09105,94.82,5,0,2026-10-02
ATT09106,STU09106,83.86,11,3,2026-10-02
ATT09107,STU09107,82.23,9,2,2026-10-02
ATT09108,STU09108,73.86,17,4,2026-10-02
ATT09109,STU09109,75.42,16,2,2026-10-02
ATT09110,STU09110,97.46,5,0,2026-10-02
ATT09111,STU09111,76.2,14,2,2026-10-02
ATT09112,STU09112,77.48,14,3,2026-10-02
ATT09113,STU09113,70.38,18,8,2026-10-02
ATT09114,STU09114,87.62,8,2,2026-10-02
ATT09115,STU09115,79.42,14,7,2026-10-02
ATT09116,STU09116,72.68,17,7,2026-10-02
ATT09117,STU09117,93.98,4,0,2026-10-02
ATT09118,STU09118,87.8,9,0,2026-10-02
ATT09119,STU09119,83.31,11,2,2026-10-02
ATT09120,STU09120,68.63,21,6,2026-10-02
ATT09121,STU09121,89.11,7,0,2026-10-02
ATT09122,STU09122,63.56,22,5,2026-10-02
ATT09123,STU09123,85.16,8,1,2026-10-02
ATT09124,STU09124,83.71,12,0,2026-10-02
ATT09125,STU09125,84.71,11,0,2026-10-02
ATT09126,STU09126,78.28,17,2,2026-10-02
ATT09127,STU09127,77.91,15,1,2026-10-02
ATT09128,STU09128,85.08,9,1,2026-10-02
ATT09129,STU09129,92.61,5,0,2026-10-02
ATT09130,STU09130,75.74,17,6,2026-10-02
ATT09131,STU09131,77.87,15,6,2026-10-02
ATT09132,STU09132,100.0,0,0,2026-10-02
ATT09133,STU09133,69.74,19,5,2026-10-02
ATT09134,STU09134,66.72,20,7,2026-10-02
ATT09135,STU09135,66.45,23,6,2026-10-02
ATT09136,STU09136,89.71,7,0,2026-10-02
ATT09137,STU09137,66.12,24,7,2026-10-02
ATT09138,STU09138,82.09,11,3,2026-10-02
ATT09139,STU09139,85.08,8,0,2026-10-02
ATT09140,STU09140,78.37,15,2,2026-10-02
ATT09141,STU09141,81.71,12,3,2026-10-02
ATT09142,STU09142,90.97,6,2,2026-10-02
ATT09143,STU09143,90.18,5,3,2026-10-02
ATT09144,STU09144,85.94,8,3,2026-10-02
ATT09145,STU09145,66.84,23,7,2026-10-02
ATT09146,STU09146,77.18,15,2,2026-10-02
ATT09147,STU09147,74.21,16,5,2026-10-02
ATT09148,STU09148,79.56,13,4,2026-10-02
ATT09149,STU09149,90.44,9,2,2026-10-02
ATT09150,STU09150,100.0,0,0,2026-10-02
ATT09151,STU09151,77.25,12,5,2026-10-02
ATT09152,STU09152,64.26,21,6,2026-10-02
ATT09153,STU09153,69.24,21,6,2026-10-02
ATT09154,STU09154,95.55,5,1,2026-10-02
ATT09155,STU09155,65.62,22,8,2026-10-02
ATT09156,STU09156,85.11,10,4,2026-10-02
ATT09157,STU09157,73.8,17,8,2026-10-02
ATT09158,STU09158,59.32,26,8,2026-10-02
ATT09159,STU09159,95.11,3,0,2026-10-02
ATT09160,STU09160,87.65,11,3,2026-10-02
ATT09161,STU09161,69.75,21,9,2026-10-02
ATT09162,STU09162,82.16,13,4,2026-10-02
ATT09163,STU09163,82.52,13,4,2026-10-02
ATT09164,STU09164,92.78,5,1,2026-10-02
ATT09165,STU09165,83.42,12,0,2026-10-02
ATT09166,STU09166,89.74,6,1,2026-10-02
ATT09167,STU09167,92.67,3,1,2026-10-02
ATT09168,STU09168,89.21,8,3,2026-10-02
ATT09169,STU09169,87.25,7,4,2026-10-02
ATT09170,STU09170,95.6,2,0,2026-10-02
ATT09171,STU09171,72.66,19,2,2026-10-02
ATT09172,STU09172,97.51,0,0,2026-10-02
ATT09173,STU09173,72.94,20,7,2026-10-02
ATT09174,STU09174,75.13,17,4,2026-10-02
ATT09175,STU09175,59.48,28,5,2026-10-02
ATT09176,STU09176,100.0,2,0,2026-10-02
ATT09177,STU09177,76.92,16,4,2026-10-02
ATT09178,STU09178,81.12,10,2,2026-10-02
ATT09179,STU09179,72.73,21,5,2026-10-02
ATT09180,STU09180,84.22,11,2,2026-10-02
ATT09181,STU09181,77.68,16,3,2026-10-02
ATT09182,STU09182,93.05,4,0,2026-10-02
ATT09183,STU09183,76.9,16,6,2026-10-02
ATT09184,STU09184,84.53,10,3,2026-10-02
ATT09185,STU09185,82.58,11,1,2026-10-02
ATT09186,STU09186,52.58,32,10,2026-10-02
ATT09187,STU09187,100.0,1,0,2026-10-02
ATT09188,STU09188,68.68,19,4,2026-10-02
ATT09189,STU09189,73.95,18,6,2026-10-02
ATT09190,STU09190,76.69,14,4,2026-10-02
ATT09191,STU09191,80.76,13,3,2026-10-02
ATT09192,STU09192,80.67,14,3,2026-10-02
ATT09193,STU09193,63.33,24,8,2026-10-02
ATT09194,STU09194,66.38,21,6,2026-10-02
ATT09195,STU09195,91.67,3,0,2026-10-02
ATT09196,STU09196,71.65,20,3,2026-10-02
ATT09197,STU09197,78.99,13,4,2026-10-02
ATT09198,STU09198,95.06,5,0,2026-10-02
ATT09199,STU09199,89.31,7,3,2026-10-02
ATT09200,STU09200,82.59,11,5,2026-10-02
ATT09201,STU09201,76.74,15,5,2026-10-02
ATT09202,STU09202,65.26,25,6,2026-10-02
ATT09203,STU09203,98.15,2,0,2026-10-02
ATT09204,STU09204,71.03,20,7,2026-10-02
ATT09205,STU09205,77.99,15,4,2026-10-02
ATT09206,STU09206,84.45,12,5,2026-10-02
ATT09207,STU09207,87.33,9,0,2026-10-02
ATT09208,STU09208,70.95,17,1,2026-10-02
ATT09209,STU09209,76.58,15,3,2026-10-02
ATT09210,STU09210,70.23,21,5,2026-10-02
ATT09211,STU09211,100.0,0,0,2026-10-02
ATT09212,STU09212,75.82,16,4,2026-10-02
ATT09213,STU09213,95.16,1,0,2026-10-02
ATT09214,STU09214,86.2,10,2,2026-10-02
ATT09215,STU09215,100.0,3,2,2026-10-02
ATT09216,STU09216,65.45,21,6,2026-10-02
ATT09217,STU09217,73.36,18,4,2026-10-02
ATT09218,STU09218,98.63,0,0,2026-10-02
ATT09219,STU09219,91.59,7,2,2026-10-02
ATT09220,STU09220,82.61,10,1,2026-10-02
ATT09221,STU09221,75.35,15,2,2026-10-02
ATT09222,STU09222,95.12,3,0,2026-10-02
ATT09223,STU09223,96.62,3,0,2026-10-02
ATT09224,STU09224,100.0,1,1,2026-10-02
ATT09225,STU09225,80.07,11,2,2026-10-02
ATT09226,STU09226,100.0,0,0,2026-10-02
ATT09227,STU09227,76.22,16,2,2026-10-02
ATT09228,STU09228,94.55,3,0,2026-10-02
ATT09229,STU09229,75.0,15,5,2026-10-02
ATT09230,STU09230,99.22,0,0,2026-10-02
ATT09231,STU09231,89.54,8,2,2026-10-02
ATT09232,STU09232,84.89,11,6,2026-10-02
ATT09233,STU09233,54.29,29,8,2026-10-02
ATT09234,STU09234,97.24,0,0,2026-10-02
ATT09235,STU09235,62.21,25,10,2026-10-02
ATT09236,STU09236,88.44,8,4,2026-10-02
ATT09237,STU09237,90.87,8,4,2026-10-02
ATT09238,STU09238,64.5,21,6,2026-10-02
ATT09239,STU09239,100.0,0,0,2026-10-02
ATT09240,STU09240,79.14,14,3,2026-10-02
ATT09241,STU09241,61.89,26,8,2026-10-02
ATT09242,STU09242,85.98,7,1,2026-10-02
ATT09243,STU09243,94.29,3,1,2026-10-02
ATT09244,STU09244,78.62,15,2,2026-10-02
ATT09245,STU09245,72.61,13,6,2026-10-02
ATT09246,STU09246,100.0,0,0,2026-10-02
ATT09247,STU09247,88.49,8,2,2026-10-02
ATT09248,STU09248,49.77,32,11,2026-10-02
ATT09249,STU09249,67.19,22,5,2026-10-02
ATT09250,STU09250,91.4,5,1,2026-10-02
ATT09251,STU09251,63.74,26,9,2026-10-02
ATT09252,STU09252,80.22,14,4,2026-10-02
ATT09253,STU09253,72.04,17,1,2026-10-02
ATT09254,STU09254,73.63,18,6,2026-10-02
ATT09255,STU09255,91.01,8,6,2026-10-02
ATT09256,STU09256,85.39,9,2,2026-10-02
ATT09257,STU09257,82.5,9,3,2026-10-02
ATT09258,STU09258,73.03,12,3,2026-10-02
ATT09259,STU09259,80.94,9,5,2026-10-02
ATT09260,STU09260,86.93,9,0,2026-10-02
ATT09261,STU09261,78.23,14,4,2026-10-02
ATT09262,STU09262,78.06,14,2,2026-10-02
ATT09263,STU09263,62.46,24,6,2026-10-02
ATT09264,STU09264,65.52,22,8,2026-10-02
ATT09265,STU09265,83.87,13,3,2026-10-02
ATT09266,STU09266,71.84,16,2,2026-10-02
ATT09267,STU09267,100.0,1,0,2026-10-02
ATT09268,STU09268,90.2,7,0,2026-10-02
ATT09269,STU09269,82.56,11,0,2026-10-02
ATT09270,STU09270,89.04,5,1,2026-10-02
ATT09271,STU09271,72.53,18,3,2026-10-02
ATT09272,STU09272,97.63,1,0,2026-10-02
ATT09273,STU09273,72.63,17,5,2026-10-02
ATT09274,STU09274,84.33,11,4,2026-10-02
ATT09275,STU09275,93.81,4,1,2026-10-02
ATT09276,STU09276,100.0,0,0,2026-10-02
ATT09277,STU09277,60.59,26,10,2026-10-02
ATT09278,STU09278,87.07,11,5,2026-10-02
ATT09279,STU09279,91.54,4,3,2026-10-02
ATT09280,STU09280,72.17,20,5,2026-10-02
ATT09281,STU09281,72.37,17,5,2026-10-02
ATT09282,STU09282,98.38,1,0,2026-10-02
ATT09283,STU09283,72.49,18,5,2026-10-02
ATT09284,STU09284,66.6,22,5,2026-10-02
ATT09285,STU09285,83.22,8,3,2026-10-02
ATT09286,STU09286,73.64,21,11,2026-10-02
ATT09287,STU09287,91.05,7,0,2026-10-02
ATT09288,STU09288,89.68,9,6,2026-10-02
ATT09289,STU09289,77.27,16,4,2026-10-02
ATT09290,STU09290,74.14,15,4,2026-10-02
ATT09291,STU09291,91.6,5,2,2026-10-02
ATT09292,STU09292,79.9,12,4,2026-10-02
ATT09293,STU09293,99.01,0,0,2026-10-02
ATT09294,STU09294,92.68,2,1,2026-10-02
ATT09295,STU09295,71.6,20,4,2026-10-02
ATT09296,STU09296,85.08,9,3,2026-10-02
ATT09297,STU09297,90.23,7,0,2026-10-02
ATT09298,STU09298,70.75,20,9,2026-10-02
ATT09299,STU09299,81.33,11,5,2026-10-02
ATT09300,STU09300,75.04,17,8,2026-10-02
ATT09301,STU09301,96.91,0,0,2026-10-02
ATT09302,STU09302,86.14,11,3,2026-10-02
ATT09303,STU09303,73.68,14,5,2026-10-02
ATT09304,STU09304,77.6,16,1,2026-10-02
ATT09305,STU09305,99.42,0,0,2026-10-02
ATT09306,STU09306,83.73,9,0,2026-10-02
ATT09307,STU09307,62.53,25,9,2026-10-02
ATT09308,STU09308,72.05,18,6,2026-10-02
ATT09309,STU09309,77.87,15,7,2026-10-02
ATT09310,STU09310,90.42,10,4,2026-10-02
ATT09311,STU09311,90.09,7,2,2026-10-02
ATT09312,STU09312,93.14,4,0,2026-10-02
ATT09313,STU09313,76.56,18,6,2026-10-02
ATT09314,STU09314,99.93,0,0,2026-10-02
ATT09315,STU09315,85.87,9,1,2026-10-02
ATT09316,STU09316,61.87,26,10,2026-10-02
ATT09317,STU09317,96.73,3,0,2026-10-02
ATT09318,STU09318,98.46,3,0,2026-10-02
ATT09319,STU09319,86.55,10,2,2026-10-02
ATT09320,STU09320,92.4,7,0,2026-10-02
ATT09321,STU09321,88.71,7,0,2026-10-02
ATT09322,STU09322,85.79,9,0,2026-10-02
ATT09323,STU09323,78.04,15,4,2026-10-02
ATT09324,STU09324,93.68,2,0,2026-10-02
ATT09325,STU09325,89.78,9,2,2026-10-02
ATT09326,STU09326,56.62,29,7,2026-10-02
ATT09327,STU09327,82.36,11,6,2026-10-02
ATT09328,STU09328,79.98,13,3,2026-10-02
ATT09329,STU09329,79.45,15,5,2026-10-02
ATT09330,STU09330,89.38,6,0,2026-10-02
ATT09331,STU09331,72.38,16,5,2026-10-02
ATT09332,STU09332,76.92,15,3,2026-10-02
ATT09333,STU09333,67.51,20,3,2026-10-02
ATT09334,STU09334,91.82,6,1,2026-10-02
ATT09335,STU09335,51.96,32,10,2026-10-02
ATT09336,STU09336,74.34,17,4,2026-10-02
ATT09337,STU09337,75.6,17,4,2026-10-02
ATT09338,STU09338,71.57,18,4,2026-10-02
ATT09339,STU09339,81.69,12,2,2026-10-02
ATT09340,STU09340,91.37,8,0,2026-10-02
ATT09341,STU09341,80.77,13,4,2026-10-02
ATT09342,STU09342,83.16,9,1,2026-10-02
ATT09343,STU09343,83.98,11,1,2026-10-02
ATT09344,STU09344,85.31,10,3,2026-10-02
ATT09345,STU09345,75.35,18,5,2026-10-02
ATT09346,STU09346,89.27,7,0,2026-10-02
ATT09347,STU09347,79.23,10,2,2026-10-02
ATT09348,STU09348,78.4,13,2,2026-10-02
ATT09349,STU09349,91.44,6,1,2026-10-02
ATT09350,STU09350,82.16,12,3,2026-10-02
ATT09351,STU09351,87.08,9,0,2026-10-02
ATT09352,STU09352,86.28,8,2,2026-10-02
ATT09353,STU09353,100.0,2,0,2026-10-02
ATT09354,STU09354,95.11,4,1,2026-10-02
ATT09355,STU09355,69.56,22,6,2026-10-02
ATT09356,STU09356,92.67,3,0,2026-10-02
ATT09357,STU09357,78.48,14,9,2026-10-02
ATT09358,STU09358,81.64,13,4,2026-10-02
ATT09359,STU09359,92.0,6,2,2026-10-02
ATT09360,STU09360,76.71,16,3,2026-10-02
ATT09361,STU09361,87.63,8,3,2026-10-02
ATT09362,STU09362,77.03,17,3,2026-10-02
ATT09363,STU09363,77.96,15,4,2026-10-02
ATT09364,STU09364,89.33,5,1,2026-10-02
ATT09365,STU09365,100.0,0,0,2026-10-02
ATT09366,STU09366,78.28,11,6,2026-10-02
ATT09367,STU09367,78.71,13,5,2026-10-02
ATT09368,STU09368,81.32,13,3,2026-10-02
ATT09369,STU09369,88.25,5,3,2026-10-02
ATT09370,STU09370,77.48,16,4,2026-10-02
ATT09371,STU09371,66.57,21,5,2026-10-02
ATT09372,STU09372,81.26,12,2,2026-10-02
ATT09373,STU09373,88.15,7,0,2026-10-02
ATT09374,STU09374,67.85,19,4,2026-10-02
ATT09375,STU09375,58.5,29,7,2026-10-02
ATT09376,STU09376,100.0,1,1,2026-10-02
ATT09377,STU09377,79.84,11,3,2026-10-02
ATT09378,STU09378,80.08,14,2,2026-10-02
ATT09379,STU09379,72.78,18,7,2026-10-02
ATT09380,STU09380,82.67,11,3,2026-10-02
ATT09381,STU09381,65.68,23,5,2026-10-02
ATT09382,STU09382,70.04,21,6,2026-10-02
ATT09383,STU09383,88.18,6,0,2026-10-02
ATT09384,STU09384,92.26,5,2,2026-10-02
ATT09385,STU09385,66.01,18,3,2026-10-02
ATT09386,STU09386,85.98,8,2,2026-10-02
ATT09387,STU09387,75.45,15,6,2026-10-02
ATT09388,STU09388,87.15,8,4,2026-10-02
ATT09389,STU09389,86.51,10,1,2026-10-02
ATT09390,STU09390,85.23,8,2,2026-10-02
ATT09391,STU09391,69.51,19,4,2026-10-02
ATT09392,STU09392,81.3,11,3,2026-10-02
ATT09393,STU09393,84.07,9,2,2026-10-02
ATT09394,STU09394,93.25,6,2,2026-10-02
ATT09395,STU09395,50.64,29,12,2026-10-02
ATT09396,STU09396,76.29,15,4,2026-10-02
ATT09397,STU09397,59.14,28,9,2026-10-02
ATT09398,STU09398,74.32,18,6,2026-10-02
ATT09399,STU09399,73.62,17,4,2026-10-02
ATT09400,STU09400,90.52,3,0,2026-10-02
ATT09401,STU09401,82.8,12,4,2026-10-02
ATT09402,STU09402,100.0,1,0,2026-10-02
ATT09403,STU09403,75.37,16,6,2026-10-02
ATT09404,STU09404,73.59,17,5,2026-10-02
ATT09405,STU09405,79.64,13,6,2026-10-02
ATT09406,STU09406,83.07,12,4,2026-10-02
ATT09407,STU09407,67.01,21,5,2026-10-02
ATT09408,STU09408,80.63,14,7,2026-10-02
ATT09409,STU09409,92.73,3,1,2026-10-02
ATT09410,STU09410,83.38,12,3,2026-10-02
ATT09411,STU09411,66.48,23,6,2026-10-02
ATT09412,STU09412,85.95,10,1,2026-10-02
ATT09413,STU09413,76.99,15,0,2026-10-02
ATT09414,STU09414,89.55,5,0,2026-10-02
ATT09415,STU09415,96.41,1,0,2026-10-02
ATT09416,STU09416,73.24,17,0,2026-10-02
ATT09417,STU09417,100.0,0,0,2026-10-02
ATT09418,STU09418,67.24,22,6,2026-10-02
ATT09419,STU09419,74.89,16,6,2026-10-02
ATT09420,STU09420,65.58,21,6,2026-10-02
ATT09421,STU09421,74.31,19,5,2026-10-02
ATT09422,STU09422,93.84,4,0,2026-10-02
ATT09423,STU09423,79.37,14,2,2026-10-02
ATT09424,STU09424,73.06,17,5,2026-10-02
ATT09425,STU09425,100.0,0,0,2026-10-02
ATT09426,STU09426,84.83,11,2,2026-10-02
ATT09427,STU09427,100.0,0,0,2026-10-02
ATT09428,STU09428,73.21,17,3,2026-10-02
ATT09429,STU09429,84.6,8,1,2026-10-02
ATT09430,STU09430,84.05,13,1,2026-10-02
ATT09431,STU09431,81.56,11,4,2026-10-02
ATT09432,STU09432,98.68,0,0,2026-10-02
ATT09433,STU09433,79.27,13,0,2026-10-02
ATT09434,STU09434,92.52,5,0,2026-10-02
ATT09435,STU09435,98.53,3,0,2026-10-02
ATT09436,STU09436,88.4,7,3,2026-10-02
ATT09437,STU09437,67.93,20,6,2026-10-02
ATT09438,STU09438,100.0,1,0,2026-10-02
ATT09439,STU09439,90.34,5,0,2026-10-02
ATT09440,STU09440,92.36,2,0,2026-10-02
ATT09441,STU09441,76.51,17,6,2026-10-02
ATT09442,STU09442,62.02,21,7,2026-10-02
ATT09443,STU09443,100.0,2,0,2026-10-02
ATT09444,STU09444,86.08,9,1,2026-10-02
ATT09445,STU09445,76.01,16,6,2026-10-02
ATT09446,STU09446,84.72,7,0,2026-10-02
ATT09447,STU09447,96.94,1,0,2026-10-02
ATT09448,STU09448,87.65,6,2,2026-10-02
ATT09449,STU09449,75.7,17,4,2026-10-02
ATT09450,STU09450,100.0,0,0,2026-10-02
ATT09451,STU09451,89.04,10,5,2026-10-02
ATT09452,STU09452,82.6,10,2,2026-10-02
ATT09453,STU09453,100.0,0,0,2026-10-02
ATT09454,STU09454,97.01,4,2,2026-10-02
ATT09455,STU09455,100.0,1,0,2026-10-02
ATT09456,STU09456,86.0,9,2,2026-10-02
ATT09457,STU09457,85.84,10,1,2026-10-02
ATT09458,STU09458,73.15,18,6,2026-10-02
ATT09459,STU09459,88.8,6,0,2026-10-02
ATT09460,STU09460,86.85,7,0,2026-10-02
ATT09461,STU09461,86.93,8,1,2026-10-02
ATT09462,STU09462,74.08,14,4,2026-10-02
ATT09463,STU09463,50.73,31,11,2026-10-02
ATT09464,STU09464,85.52,9,2,2026-10-02
ATT09465,STU09465,80.13,13,8,2026-10-02
ATT09466,STU09466,65.1,22,8,2026-10-02
ATT09467,STU09467,80.52,14,3,2026-10-02
ATT09468,STU09468,82.57,12,5,2026-10-02
ATT09469,STU09469,73.13,16,7,2026-10-02
ATT09470,STU09470,74.94,16,6,2026-10-02
ATT09471,STU09471,95.8,5,0,2026-10-02
ATT09472,STU09472,94.79,1,0,2026-10-02
ATT09473,STU09473,81.62,13,3,2026-10-02
ATT09474,STU09474,100.0,0,0,2026-10-02
ATT09475,STU09475,64.19,24,9,2026-10-02
ATT09476,STU09476,74.97,17,2,2026-10-02
ATT09477,STU09477,58.26,29,5,2026-10-02
ATT09478,STU09478,95.53,3,0,2026-10-02
ATT09479,STU09479,78.34,15,7,2026-10-02
ATT09480,STU09480,83.46,13,7,2026-10-02
ATT09481,STU09481,78.74,12,2,2026-10-02
ATT09482,STU09482,67.97,22,8,2026-10-02
ATT09483,STU09483,79.04,16,4,2026-10-02
ATT09484,STU09484,60.58,27,11,2026-10-02
ATT09485,STU09485,85.28,10,3,2026-10-02
ATT09486,STU09486,75.94,15,5,2026-10-02
ATT09487,STU09487,71.04,19,3,2026-10-02
ATT09488,STU09488,67.44,19,5,2026-10-02
ATT09489,STU09489,71.69,19,8,2026-10-02
ATT09490,STU09490,90.03,7,0,2026-10-02
ATT09491,STU09491,92.5,4,1,2026-10-02
ATT09492,STU09492,86.94,8,3,2026-10-02
ATT09493,STU09493,91.04,7,0,2026-10-02
ATT09494,STU09494,79.8,13,4,2026-10-02
ATT09495,STU09495,82.16,11,3,2026-10-02
ATT09496,STU09496,60.04,27,9,2026-10-02
ATT09497,STU09497,64.3,23,4,2026-10-02
ATT09498,STU09498,80.1,15,6,2026-10-02
ATT09499,STU09499,60.78,26,10,2026-10-02
ATT09500,STU09500,89.01,4,1,2026-10-02
ATT09501,STU09501,87.36,8,4,2026-10-02
ATT09502,STU09502,100.0,1,0,2026-10-02
ATT09503,STU09503,80.94,13,5,2026-10-02
ATT09504,STU09504,82.72,14,5,2026-10-02
ATT09505,STU09505,88.26,7,2,2026-10-02
ATT09506,STU09506,75.51,16,2,2026-10-02
ATT09507,STU09507,97.04,1,0,2026-10-02
ATT09508,STU09508,100.0,2,1,2026-10-02
ATT09509,STU09509,75.53,17,4,2026-10-02
ATT09510,STU09510,89.12,8,0,2026-10-02
ATT09511,STU09511,100.0,0,0,2026-10-02
ATT09512,STU09512,63.65,23,8,2026-10-02
ATT09513,STU09513,97.28,4,0,2026-10-02
ATT09514,STU09514,79.25,13,4,2026-10-02
ATT09515,STU09515,71.43,20,8,2026-10-02
ATT09516,STU09516,68.96,22,6,2026-10-02
ATT09517,STU09517,91.09,4,0,2026-10-02
ATT09518,STU09518,77.85,14,6,2026-10-02
ATT09519,STU09519,86.14,8,1,2026-10-02
ATT09520,STU09520,97.84,4,0,2026-10-02
ATT09521,STU09521,65.55,23,9,2026-10-02
ATT09522,STU09522,86.76,9,3,2026-10-02
ATT09523,STU09523,90.96,6,3,2026-10-02
ATT09524,STU09524,82.11,14,5,2026-10-02
ATT09525,STU09525,75.18,16,7,2026-10-02
ATT09526,STU09526,61.97,26,5,2026-10-02
ATT09527,STU09527,68.28,20,7,2026-10-02
ATT09528,STU09528,86.02,9,0,2026-10-02
ATT09529,STU09529,83.19,10,2,2026-10-02
ATT09530,STU09530,73.33,17,4,2026-10-02
ATT09531,STU09531,51.98,30,11,2026-10-02
ATT09532,STU09532,87.07,10,2,2026-10-02
ATT09533,STU09533,68.84,19,7,2026-10-02
ATT09534,STU09534,98.42,2,0,2026-10-02
ATT09535,STU09535,67.8,20,4,2026-10-02
ATT09536,STU09536,100.0,0,0,2026-10-02
ATT09537,STU09537,80.12,8,2,2026-10-02
ATT09538,STU09538,78.24,13,4,2026-10-02
ATT09539,STU09539,76.97,15,3,2026-10-02
ATT09540,STU09540,88.43,9,2,2026-10-02
ATT09541,STU09541,82.22,12,7,2026-10-02
ATT09542,STU09542,70.16,19,4,2026-10-02
ATT09543,STU09543,78.31,16,7,2026-10-02
ATT09544,STU09544,66.46,23,8,2026-10-02
ATT09545,STU09545,62.67,23,8,2026-10-02
ATT09546,STU09546,79.48,15,4,2026-10-02
ATT09547,STU09547,95.87,3,1,2026-10-02
ATT09548,STU09548,86.65,9,0,2026-10-02
ATT09549,STU09549,73.73,18,6,2026-10-02
ATT09550,STU09550,80.23,12,3,2026-10-02
ATT09551,STU09551,88.7,6,1,2026-10-02
ATT09552,STU09552,97.21,1,0,2026-10-02
ATT09553,STU09553,94.94,3,0,2026-10-02
ATT09554,STU09554,86.29,9,1,2026-10-02
ATT09555,STU09555,97.22,5,0,2026-10-02
ATT09556,STU09556,78.42,15,2,2026-10-02
ATT09557,STU09557,100.0,0,0,2026-10-02
ATT09558,STU09558,58.53,29,11,2026-10-02
ATT09559,STU09559,74.22,19,6,2026-10-02
ATT09560,STU09560,61.62,27,6,2026-10-02
ATT09561,STU09561,83.3,10,3,2026-10-02
ATT09562,STU09562,76.85,16,6,2026-10-02
ATT09563,STU09563,70.45,21,7,2026-10-02
ATT09564,STU09564,94.8,4,0,2026-10-02
ATT09565,STU09565,67.47,22,9,2026-10-02
ATT09566,STU09566,97.29,4,2,2026-10-02
ATT09567,STU09567,78.82,14,2,2026-10-02
ATT09568,STU09568,74.69,16,5,2026-10-02
ATT09569,STU09569,83.76,11,5,2026-10-02
ATT09570,STU09570,85.0,8,0,2026-10-02
ATT09571,STU09571,84.33,8,1,2026-10-02
ATT09572,STU09572,100.0,0,0,2026-10-02
ATT09573,STU09573,80.73,15,4,2026-10-02
ATT09574,STU09574,97.08,2,1,2026-10-02
ATT09575,STU09575,64.82,23,9,2026-10-02
ATT09576,STU09576,75.57,16,9,2026-10-02
ATT09577,STU09577,74.19,16,5,2026-10-02
ATT09578,STU09578,84.16,11,6,2026-10-02
ATT09579,STU09579,58.79,26,7,2026-10-02
ATT09580,STU09580,79.09,15,7,2026-10-02
ATT09581,STU09581,83.84,10,3,2026-10-02
ATT09582,STU09582,64.83,22,7,2026-10-02
ATT09583,STU09583,87.42,10,2,2026-10-02
ATT09584,STU09584,69.95,17,2,2026-10-02
ATT09585,STU09585,69.55,19,2,2026-10-02
ATT09586,STU09586,89.93,6,0,2026-10-02
ATT09587,STU09587,84.56,9,0,2026-10-02
ATT09588,STU09588,72.86,17,8,2026-10-02
ATT09589,STU09589,97.41,5,2,2026-10-02
ATT09590,STU09590,76.59,14,5,2026-10-02
ATT09591,STU09591,92.21,4,0,2026-10-02
ATT09592,STU09592,97.58,4,1,2026-10-02
ATT09593,STU09593,60.9,23,7,2026-10-02
ATT09594,STU09594,75.65,16,5,2026-10-02
ATT09595,STU09595,98.2,0,0,2026-10-02
ATT09596,STU09596,95.93,2,1,2026-10-02
ATT09597,STU09597,69.17,18,6,2026-10-02
ATT09598,STU09598,100.0,0,0,2026-10-02
ATT09599,STU09599,74.64,17,5,2026-10-02
ATT09600,STU09600,77.52,17,6,2026-10-02
ATT09601,STU09601,78.54,14,6,2026-10-02
ATT09602,STU09602,67.59,24,6,2026-10-02
ATT09603,STU09603,91.06,4,0,2026-10-02
ATT09604,STU09604,81.41,11,2,2026-10-02
ATT09605,STU09605,100.0,2,0,2026-10-02
ATT09606,STU09606,83.57,10,2,2026-10-02
ATT09607,STU09607,76.93,16,3,2026-10-02
ATT09608,STU09608,79.23,11,5,2026-10-02
ATT09609,STU09609,88.01,5,1,2026-10-02
ATT09610,STU09610,91.75,4,0,2026-10-02
ATT09611,STU09611,97.31,4,0,2026-10-02
ATT09612,STU09612,80.43,15,3,2026-10-02
ATT09613,STU09613,92.07,6,2,2026-10-02
ATT09614,STU09614,69.68,16,5,2026-10-02
ATT09615,STU09615,61.15,24,10,2026-10-02
ATT09616,STU09616,84.25,9,4,2026-10-02
ATT09617,STU09617,80.37,14,5,2026-10-02
ATT09618,STU09618,77.97,17,5,2026-10-02
ATT09619,STU09619,97.52,0,0,2026-10-02
ATT09620,STU09620,99.96,1,0,2026-10-02
ATT09621,STU09621,85.08,12,2,2026-10-02
ATT09622,STU09622,56.16,27,7,2026-10-02
ATT09623,STU09623,88.6,7,5,2026-10-02
ATT09624,STU09624,86.86,8,6,2026-10-02
ATT09625,STU09625,85.25,8,3,2026-10-02
ATT09626,STU09626,100.0,0,0,2026-10-02
ATT09627,STU09627,77.89,12,2,2026-10-02
ATT09628,STU09628,67.73,21,6,2026-10-02
ATT09629,STU09629,92.45,4,0,2026-10-02
ATT09630,STU09630,66.16,21,6,2026-10-02
ATT09631,STU09631,85.67,11,3,2026-10-02
ATT09632,STU09632,86.17,8,0,2026-10-02
ATT09633,STU09633,67.98,21,5,2026-10-02
ATT09634,STU09634,65.37,24,5,2026-10-02
ATT09635,STU09635,85.43,8,1,2026-10-02
ATT09636,STU09636,79.51,14,4,2026-10-02
ATT09637,STU09637,73.29,15,4,2026-10-02
ATT09638,STU09638,78.07,18,4,2026-10-02
ATT09639,STU09639,65.11,24,4,2026-10-02
ATT09640,STU09640,97.77,1,0,2026-10-02
ATT09641,STU09641,78.91,16,2,2026-10-02
ATT09642,STU09642,84.19,10,1,2026-10-02
ATT09643,STU09643,76.42,18,5,2026-10-02
ATT09644,STU09644,97.02,1,0,2026-10-02
ATT09645,STU09645,97.52,4,1,2026-10-02
ATT09646,STU09646,54.95,28,9,2026-10-02
ATT09647,STU09647,83.74,11,6,2026-10-02
ATT09648,STU09648,92.82,5,0,2026-10-02
ATT09649,STU09649,91.0,7,1,2026-10-02
ATT09650,STU09650,74.53,17,5,2026-10-02
ATT09651,STU09651,74.72,15,1,2026-10-02
ATT09652,STU09652,92.33,5,0,2026-10-02
ATT09653,STU09653,85.29,10,0,2026-10-02
ATT09654,STU09654,80.74,14,7,2026-10-02
ATT09655,STU09655,66.63,24,9,2026-10-02
ATT09656,STU09656,100.0,1,0,2026-10-02
ATT09657,STU09657,86.48,8,3,2026-10-02
ATT09658,STU09658,76.74,13,1,2026-10-02
ATT09659,STU09659,89.26,9,2,2026-10-02
ATT09660,STU09660,77.55,17,2,2026-10-02
ATT09661,STU09661,82.93,11,3,2026-10-02
ATT09662,STU09662,78.59,14,6,2026-10-02
ATT09663,STU09663,74.87,17,7,2026-10-02
ATT09664,STU09664,76.81,13,3,2026-10-02
ATT09665,STU09665,76.61,15,6,2026-10-02
ATT09666,STU09666,76.33,14,5,2026-10-02
ATT09667,STU09667,94.41,3,3,2026-10-02
ATT09668,STU09668,92.71,4,1,2026-10-02
ATT09669,STU09669,70.34,20,6,2026-10-02
ATT09670,STU09670,93.68,5,1,2026-10-02
ATT09671,STU09671,86.66,9,0,2026-10-02
ATT09672,STU09672,96.03,1,0,2026-10-02
ATT09673,STU09673,77.49,13,4,2026-10-02
ATT09674,STU09674,83.87,11,3,2026-10-02
ATT09675,STU09675,72.97,14,7,2026-10-02
ATT09676,STU09676,75.18,14,0,2026-10-02
ATT09677,STU09677,81.83,11,0,2026-10-02
ATT09678,STU09678,72.32,19,2,2026-10-02
ATT09679,STU09679,85.72,8,3,2026-10-02
ATT09680,STU09680,88.04,6,1,2026-10-02
ATT09681,STU09681,72.76,18,4,2026-10-02
ATT09682,STU09682,76.16,16,8,2026-10-02
ATT09683,STU09683,59.08,25,8,2026-10-02
ATT09684,STU09684,85.06,9,4,2026-10-02
ATT09685,STU09685,84.13,12,4,2026-10-02
ATT09686,STU09686,78.25,14,4,2026-10-02
ATT09687,STU09687,100.0,0,0,2026-10-02
ATT09688,STU09688,67.14,21,5,2026-10-02
ATT09689,STU09689,62.3,24,14,2026-10-02
ATT09690,STU09690,65.61,24,9,2026-10-02
ATT09691,STU09691,79.67,14,5,2026-10-02
ATT09692,STU09692,68.5,18,6,2026-10-02
ATT09693,STU09693,86.49,10,5,2026-10-02
ATT09694,STU09694,87.32,6,2,2026-10-02
ATT09695,STU09695,86.15,8,3,2026-10-02
ATT09696,STU09696,73.68,18,4,2026-10-02
ATT09697,STU09697,72.68,17,5,2026-10-02
ATT09698,STU09698,80.56,15,5,2026-10-02
ATT09699,STU09699,71.65,21,7,2026-10-02
ATT09700,STU09700,96.81,1,0,2026-10-02
ATT09701,STU09701,71.03,18,3,2026-10-02
ATT09702,STU09702,92.45,4,0,2026-10-02
ATT09703,STU09703,98.66,0,0,2026-10-02
ATT09704,STU09704,97.26,1,0,2026-10-02
ATT09705,STU09705,100.0,2,0,2026-10-02
ATT09706,STU09706,72.99,19,7,2026-10-02
ATT09707,STU09707,86.74,9,4,2026-10-02
ATT09708,STU09708,88.09,7,0,2026-10-02
ATT09709,STU09709,85.66,8,2,2026-10-02
ATT09710,STU09710,87.17,10,2,2026-10-02
ATT09711,STU09711,89.55,8,2,2026-10-02
ATT09712,STU09712,66.11,22,9,2026-10-02
ATT09713,STU09713,76.9,15,4,2026-10-02
ATT09714,STU09714,49.4,30,9,2026-10-02
ATT09715,STU09715,73.75,16,2,2026-10-02
ATT09716,STU09716,68.54,23,8,2026-10-02
ATT09717,STU09717,82.78,10,2,2026-10-02
ATT09718,STU09718,75.99,16,1,2026-10-02
ATT09719,STU09719,69.01,19,3,2026-10-02
ATT09720,STU09720,97.74,5,0,2026-10-02
ATT09721,STU09721,69.76,19,4,2026-10-02
ATT09722,STU09722,94.88,5,0,2026-10-02
ATT09723,STU09723,88.09,6,2,2026-10-02
ATT09724,STU09724,68.54,20,10,2026-10-02
ATT09725,STU09725,91.99,4,2,2026-10-02
ATT09726,STU09726,74.56,18,3,2026-10-02
ATT09727,STU09727,76.36,15,4,2026-10-02
ATT09728,STU09728,83.07,11,5,2026-10-02
ATT09729,STU09729,90.72,5,0,2026-10-02
ATT09730,STU09730,66.29,20,9,2026-10-02
ATT09731,STU09731,85.31,8,1,2026-10-02
ATT09732,STU09732,69.92,21,8,2026-10-02
ATT09733,STU09733,79.33,15,6,2026-10-02
ATT09734,STU09734,100.0,0,0,2026-10-02
ATT09735,STU09735,63.11,21,8,2026-10-02
ATT09736,STU09736,74.63,18,4,2026-10-02
ATT09737,STU09737,91.22,2,0,2026-10-02
ATT09738,STU09738,74.4,16,5,2026-10-02
ATT09739,STU09739,97.85,1,0,2026-10-02
ATT09740,STU09740,72.26,15,5,2026-10-02
ATT09741,STU09741,92.28,4,1,2026-10-02
ATT09742,STU09742,78.84,15,3,2026-10-02
ATT09743,STU09743,89.57,7,3,2026-10-02
ATT09744,STU09744,77.09,18,4,2026-10-02
ATT09745,STU09745,68.0,20,7,2026-10-02
ATT09746,STU09746,82.27,11,1,2026-10-02
ATT09747,STU09747,76.38,14,0,2026-10-02
ATT09748,STU09748,83.67,11,5,2026-10-02
ATT09749,STU09749,100.0,0,0,2026-10-02
ATT09750,STU09750,100.0,0,0,2026-10-02
ATT09751,STU09751,98.72,1,1,2026-10-02
ATT09752,STU09752,77.84,16,7,2026-10-02
ATT09753,STU09753,89.24,7,0,2026-10-02
ATT09754,STU09754,75.23,15,6,2026-10-02
ATT09755,STU09755,71.61,17,3,2026-10-02
ATT09756,STU09756,71.08,20,4,2026-10-02
ATT09757,STU09757,90.11,4,2,2026-10-02
ATT09758,STU09758,90.12,5,0,2026-10-02
ATT09759,STU09759,67.1,21,4,2026-10-02
ATT09760,STU09760,76.74,16,7,2026-10-02
ATT09761,STU09761,84.21,11,2,2026-10-02
ATT09762,STU09762,70.53,21,8,2026-10-02
ATT09763,STU09763,87.5,8,2,2026-10-02
ATT09764,STU09764,80.55,14,5,2026-10-02
ATT09765,STU09765,90.92,5,1,2026-10-02
ATT09766,STU09766,76.58,17,5,2026-10-02
ATT09767,STU09767,72.45,19,5,2026-10-02
ATT09768,STU09768,80.42,11,6,2026-10-02
ATT09769,STU09769,84.82,9,2,2026-10-02
ATT09770,STU09770,85.17,7,3,2026-10-02
ATT09771,STU09771,90.48,7,4,2026-10-02
ATT09772,STU09772,79.94,14,2,2026-10-02
ATT09773,STU09773,82.4,11,6,2026-10-02
ATT09774,STU09774,73.14,16,6,2026-10-02
ATT09775,STU09775,73.56,16,5,2026-10-02
ATT09776,STU09776,74.5,17,1,2026-10-02
ATT09777,STU09777,68.73,20,5,2026-10-02
ATT09778,STU09778,87.95,11,2,2026-10-02
ATT09779,STU09779,100.0,0,0,2026-10-02
ATT09780,STU09780,87.86,11,1,2026-10-02
ATT09781,STU09781,73.28,19,9,2026-10-02
ATT09782,STU09782,92.11,5,0,2026-10-02
ATT09783,STU09783,97.41,0,0,2026-10-02
ATT09784,STU09784,90.73,8,0,2026-10-02
ATT09785,STU09785,63.98,21,5,2026-10-02
ATT09786,STU09786,80.97,12,4,2026-10-02
ATT09787,STU09787,76.13,18,5,2026-10-02
ATT09788,STU09788,76.49,14,6,2026-10-02
ATT09789,STU09789,74.17,16,2,2026-10-02
ATT09790,STU09790,86.6,9,1,2026-10-02
ATT09791,STU09791,69.5,21,5,2026-10-02
ATT09792,STU09792,88.8,5,0,2026-10-02
ATT09793,STU09793,80.16,13,3,2026-10-02
ATT09794,STU09794,90.12,6,0,2026-10-02
ATT09795,STU09795,90.99,2,1,2026-10-02
ATT09796,STU09796,67.17,22,6,2026-10-02
ATT09797,STU09797,73.93,16,3,2026-10-02
ATT09798,STU09798,74.31,17,4,2026-10-02
ATT09799,STU09799,59.81,25,10,2026-10-02
ATT09800,STU09800,76.39,15,7,2026-10-02
ATT09801,STU09801,79.96,14,2,2026-10-02
ATT09802,STU09802,89.34,6,0,2026-10-02
ATT09803,STU09803,97.11,4,1,2026-10-02
ATT09804,STU09804,81.66,12,4,2026-10-02
ATT09805,STU09805,71.45,20,4,2026-10-02
ATT09806,STU09806,86.37,8,2,2026-10-02
ATT09807,STU09807,78.1,14,5,2026-10-02
ATT09808,STU09808,83.54,11,4,2026-10-02
ATT09809,STU09809,89.04,10,0,2026-10-02
ATT09810,STU09810,74.68,17,5,2026-10-02
ATT09811,STU09811,61.91,22,6,2026-10-02
ATT09812,STU09812,90.95,8,3,2026-10-02
ATT09813,STU09813,71.32,20,7,2026-10-02
ATT09814,STU09814,82.66,11,1,2026-10-02
ATT09815,STU09815,85.31,11,4,2026-10-02
ATT09816,STU09816,73.07,18,3,2026-10-02
ATT09817,STU09817,84.85,11,3,2026-10-02
ATT09818,STU09818,87.76,11,3,2026-10-02
ATT09819,STU09819,88.01,10,4,2026-10-02
ATT09820,STU09820,81.69,15,6,2026-10-02
ATT09821,STU09821,70.82,18,7,2026-10-02
ATT09822,STU09822,95.93,5,0,2026-10-02
ATT09823,STU09823,73.46,19,4,2026-10-02
ATT09824,STU09824,71.81,17,7,2026-10-02
ATT09825,STU09825,64.55,23,8,2026-10-02
ATT09826,STU09826,78.95,13,5,2026-10-02
ATT09827,STU09827,82.44,8,3,2026-10-02
ATT09828,STU09828,69.58,19,4,2026-10-02
ATT09829,STU09829,92.92,5,1,2026-10-02
ATT09830,STU09830,73.73,19,5,2026-10-02
ATT09831,STU09831,77.54,15,2,2026-10-02
ATT09832,STU09832,100.0,0,0,2026-10-02
ATT09833,STU09833,72.89,17,5,2026-10-02
ATT09834,STU09834,68.12,21,5,2026-10-02
ATT09835,STU09835,83.18,11,1,2026-10-02
ATT09836,STU09836,89.38,10,0,2026-10-02
ATT09837,STU09837,90.74,6,0,2026-10-02
ATT09838,STU09838,79.7,11,2,2026-10-02
ATT09839,STU09839,80.83,13,1,2026-10-02
ATT09840,STU09840,84.0,9,2,2026-10-02
ATT09841,STU09841,92.33,6,3,2026-10-02
ATT09842,STU09842,70.83,18,7,2026-10-02
ATT09843,STU09843,62.13,24,6,2026-10-02
ATT09844,STU09844,86.63,10,2,2026-10-02
ATT09845,STU09845,85.5,9,4,2026-10-02
ATT09846,STU09846,80.42,15,4,2026-10-02
ATT09847,STU09847,83.59,13,2,2026-10-02
ATT09848,STU09848,78.13,14,6,2026-10-02
ATT09849,STU09849,76.94,16,5,2026-10-02
ATT09850,STU09850,68.36,20,7,2026-10-02
ATT09851,STU09851,69.67,17,2,2026-10-02
ATT09852,STU09852,87.36,8,2,2026-10-02
ATT09853,STU09853,68.42,23,6,2026-10-02
ATT09854,STU09854,76.58,17,8,2026-10-02
ATT09855,STU09855,84.86,11,2,2026-10-02
ATT09856,STU09856,100.0,0,0,2026-10-02
ATT09857,STU09857,73.88,20,1,2026-10-02
ATT09858,STU09858,66.68,21,4,2026-10-02
ATT09859,STU09859,78.29,14,6,2026-10-02
ATT09860,STU09860,73.91,16,4,2026-10-02
ATT09861,STU09861,81.33,12,2,2026-10-02
ATT09862,STU09862,50.71,31,11,2026-10-02
ATT09863,STU09863,85.57,9,2,2026-10-02
ATT09864,STU09864,72.65,18,2,2026-10-02
ATT09865,STU09865,85.02,11,2,2026-10-02
ATT09866,STU09866,92.05,4,0,2026-10-02
ATT09867,STU09867,100.0,0,0,2026-10-02
ATT09868,STU09868,81.62,13,2,2026-10-02
ATT09869,STU09869,76.08,18,4,2026-10-02
ATT09870,STU09870,73.54,17,4,2026-10-02
ATT09871,STU09871,78.12,14,5,2026-10-02
ATT09872,STU09872,96.32,2,0,2026-10-02
ATT09873,STU09873,64.7,25,10,2026-10-02
ATT09874,STU09874,74.14,16,6,2026-10-02
ATT09875,STU09875,81.72,12,3,2026-10-02
ATT09876,STU09876,69.54,20,5,2026-10-02
ATT09877,STU09877,84.27,9,0,2026-10-02
ATT09878,STU09878,100.0,0,0,2026-10-02
ATT09879,STU09879,67.36,20,3,2026-10-02
ATT09880,STU09880,67.64,21,5,2026-10-02
ATT09881,STU09881,73.43,17,6,2026-10-02
ATT09882,STU09882,75.73,15,4,2026-10-02
ATT09883,STU09883,89.95,8,2,2026-10-02
ATT09884,STU09884,70.79,19,4,2026-10-02
ATT09885,STU09885,67.13,21,5,2026-10-02
ATT09886,STU09886,91.55,6,2,2026-10-02
ATT09887,STU09887,80.94,10,2,2026-10-02
ATT09888,STU09888,65.44,21,7,2026-10-02
ATT09889,STU09889,81.86,14,5,2026-10-02
ATT09890,STU09890,90.27,5,2,2026-10-02
ATT09891,STU09891,68.04,18,8,2026-10-02
ATT09892,STU09892,66.87,21,5,2026-10-02
ATT09893,STU09893,85.22,8,0,2026-10-02
ATT09894,STU09894,94.88,5,3,2026-10-02
ATT09895,STU09895,78.57,15,2,2026-10-02
ATT09896,STU09896,76.06,16,5,2026-10-02
ATT09897,STU09897,71.84,14,4,2026-10-02
ATT09898,STU09898,85.55,11,5,2026-10-02
ATT09899,STU09899,93.88,5,0,2026-10-02
ATT09900,STU09900,100.0,0,0,2026-10-02
ATT09901,STU09901,80.93,13,6,2026-10-02
ATT09902,STU09902,84.11,10,1,2026-10-02
ATT09903,STU09903,77.9,11,3,2026-10-02
ATT09904,STU09904,96.23,2,0,2026-10-02
ATT09905,STU09905,65.43,21,6,2026-10-02
ATT09906,STU09906,96.41,4,2,2026-10-02
ATT09907,STU09907,81.17,13,2,2026-10-02
ATT09908,STU09908,93.37,3,1,2026-10-02
ATT09909,STU09909,88.36,6,0,2026-10-02
ATT09910,STU09910,91.57,9,2,2026-10-02
ATT09911,STU09911,83.68,10,2,2026-10-02
ATT09912,STU09912,78.6,12,4,2026-10-02
ATT09913,STU09913,74.0,15,8,2026-10-02
ATT09914,STU09914,77.18,11,5,2026-10-02
ATT09915,STU09915,84.38,12,4,2026-10-02
ATT09916,STU09916,75.97,14,6,2026-10-02
ATT09917,STU09917,89.91,6,0,2026-10-02
ATT09918,STU09918,57.56,29,8,2026-10-02
ATT09919,STU09919,84.25,9,1,2026-10-02
ATT09920,STU09920,70.53,19,6,2026-10-02
ATT09921,STU09921,73.48,17,5,2026-10-02
ATT09922,STU09922,64.3,24,6,2026-10-02
ATT09923,STU09923,91.68,7,1,2026-10-02
ATT09924,STU09924,80.09,13,3,2026-10-02
ATT09925,STU09925,60.2,25,8,2026-10-02
ATT09926,STU09926,65.73,22,5,2026-10-02
ATT09927,STU09927,63.25,25,8,2026-10-02
ATT09928,STU09928,62.61,24,6,2026-10-02
ATT09929,STU09929,83.46,11,2,2026-10-02
ATT09930,STU09930,96.87,1,0,2026-10-02
ATT09931,STU09931,86.74,10,4,2026-10-02
ATT09932,STU09932,88.96,8,3,2026-10-02
ATT09933,STU09933,94.33,4,2,2026-10-02
ATT09934,STU09934,82.32,12,3,2026-10-02
ATT09935,STU09935,74.1,15,2,2026-10-02
ATT09936,STU09936,73.06,16,3,2026-10-02
ATT09937,STU09937,69.51,21,3,2026-10-02
ATT09938,STU09938,59.98,27,10,2026-10-02
ATT09939,STU09939,95.57,0,0,2026-10-02
ATT09940,STU09940,79.54,12,5,2026-10-02
ATT09941,STU09941,74.58,16,6,2026-10-02
ATT09942,STU09942,60.54,25,6,2026-10-02
ATT09943,STU09943,85.3,8,4,2026-10-02
ATT09944,STU09944,89.14,5,5,2026-10-02
ATT09945,STU09945,64.33,21,8,2026-10-02
ATT09946,STU09946,100.0,0,0,2026-10-02
ATT09947,STU09947,94.95,4,0,2026-10-02
ATT09948,STU09948,77.17,15,6,2026-10-02
ATT09949,STU09949,64.5,24,7,2026-10-02
ATT09950,STU09950,99.97,0,0,2026-10-02
ATT09951,STU09951,85.85,10,3,2026-10-02
ATT09952,STU09952,93.14,4,1,2026-10-02
ATT09953,STU09953,95.51,4,0,2026-10-02
ATT09954,STU09954,61.52,27,10,2026-10-02
ATT09955,STU09955,65.58,23,5,2026-10-02
ATT09956,STU09956,94.2,5,1,2026-10-02
ATT09957,STU09957,79.49,13,4,2026-10-02
ATT09958,STU09958,82.25,10,3,2026-10-02
ATT09959,STU09959,80.7,10,4,2026-10-02
ATT09960,STU09960,74.86,15,6,2026-10-02
ATT09961,STU09961,74.35,19,4,2026-10-02
ATT09962,STU09962,52.43,33,11,2026-10-02
ATT09963,STU09963,84.65,10,3,2026-10-02
ATT09964,STU09964,100.0,0,0,2026-10-02
ATT09965,STU09965,90.12,8,2,2026-10-02
ATT09966,STU09966,100.0,0,0,2026-10-02
ATT09967,STU09967,86.37,8,3,2026-10-02
ATT09968,STU09968,63.58,22,8,2026-10-02
ATT09969,STU09969,92.73,4,0,2026-10-02
ATT09970,STU09970,58.4,28,10,2026-10-02
ATT09971,STU09971,80.63,10,3,2026-10-02
ATT09972,STU09972,100.0,0,0,2026-10-02
ATT09973,STU09973,85.56,10,3,2026-10-02
ATT09974,STU09974,98.14,0,0,2026-10-02
ATT09975,STU09975,99.54,3,1,2026-10-02
ATT09976,STU09976,89.62,8,3,2026-10-02
ATT09977,STU09977,74.69,15,3,2026-10-02
ATT09978,STU09978,79.62,16,4,2026-10-02
ATT09979,STU09979,83.45,9,4,2026-10-02
ATT09980,STU09980,74.77,17,6,2026-10-02
ATT09981,STU09981,84.27,10,0,2026-10-02
ATT09982,STU09982,78.29,14,3,2026-10-02
ATT09983,STU09983,75.59,18,3,2026-10-02
ATT09984,STU09984,89.22,6,0,2026-10-02
ATT09985,STU09985,73.3,18,3,2026-10-02
ATT09986,STU09986,97.35,3,2,2026-10-02
ATT09987,STU09987,84.84,12,4,2026-10-02
ATT09988,STU09988,98.67,3,3,2026-10-02
ATT09989,STU09989,61.43,24,7,2026-10-02
ATT09990,STU09990,86.63,10,0,2026-10-02
ATT09991,STU09991,73.27,16,3,2026-10-02
ATT09992,STU09992,74.2,15,1,2026-10-02
ATT09993,STU09993,87.34,9,0,2026-10-02
ATT09994,STU09994,93.89,7,0,2026-10-02
ATT09995,STU09995,65.79,21,7,2026-10-02
ATT09996,STU09996,70.81,19,5,2026-10-02
ATT09997,STU09997,98.57,4,0,2026-10-02
ATT09998,STU09998,76.05,16,6,2026-10-02
ATT09999,STU09999,87.99,8,1,2026-10-02
ATT10000,STU10000,86.52,8,2,2026-10-02
