prediction_id,student_id,model_id,academic_risk,dropout_risk,prediction_probability,prediction_date
PRD00001,STU00001,,Medium,High,0.99,2026-10-02
PRD00002,STU00002,,Medium,Low,0.3684,2026-10-02
PRD00003,STU00003,,Low,Medium,0.905,2026-10-02
PRD00004,STU00004,,Medium,Medium,0.8413,2026-10-02
PRD00005,STU00005,,Low,Low,0.3853,2026-10-02
PRD00006,STU00006,,High,High,0.99,2026-10-02
PRD00007,STU00007,,Low,Low,0.1375,2026-10-02
PRD00008,STU00008,,Medium,Medium,0.8621,2026-10-02
PRD00009,STU00009,,High,High,0.99,2026-10-02
PRD00010,STU00010,,High,High,0.9571,2026-10-02
PRD00011,STU00011,,Low,Medium,0.9266,2026-10-02
PRD00012,STU00012,,High,High,0.9585,2026-10-02
PRD00013,STU00013,,Medium,High,0.9877,2026-10-02
PRD00014,STU00014,,Medium,High,0.9343,2026-10-02
PRD00015,STU00015,,Medium,Medium,0.8264,2026-10-02
PRD00016,STU00016,,High,High,0.9645,2026-10-02
PRD00017,STU00017,,High,High,0.99,2026-10-02
PRD00018,STU00018,,Medium,Medium,0.656,2026-10-02
PRD00019,STU00019,,High,High,0.99,2026-10-02
PRD00020,STU00020,,Medium,Medium,0.9479,2026-10-02
PRD00021,STU00021,,High,High,0.99,2026-10-02
PRD00022,STU00022,,Medium,High,0.9843,2026-10-02
PRD00023,STU00023,,Low,Low,0.2433,2026-10-02
PRD00024,STU00024,,Medium,Medium,0.7936,2026-10-02
PRD00025,STU00025,,Low,Medium,0.5246,2026-10-02
PRD00026,STU00026,,Medium,High,0.9549,2026-10-02
PRD00027,STU00027,,Medium,High,0.9888,2026-10-02
PRD00028,STU00028,,Medium,High,0.9449,2026-10-02
PRD00029,STU00029,,Medium,Medium,0.727,2026-10-02
PRD00030,STU00030,,Low,Low,0.3032,2026-10-02
PRD00031,STU00031,,Low,Medium,0.7091,2026-10-02
PRD00032,STU00032,,Low,Low,0.2058,2026-10-02
PRD00033,STU00033,,High,High,0.99,2026-10-02
PRD00034,STU00034,,High,High,0.99,2026-10-02
PRD00035,STU00035,,Low,Low,0.4595,2026-10-02
PRD00036,STU00036,,Low,Low,0.3294,2026-10-02
PRD00037,STU00037,,Medium,Medium,0.8818,2026-10-02
PRD00038,STU00038,,Medium,High,0.99,2026-10-02
PRD00039,STU00039,,Low,Low,0.1936,2026-10-02
PRD00040,STU00040,,Medium,High,0.9514,2026-10-02
PRD00041,STU00041,,Medium,Medium,0.6664,2026-10-02
PRD00042,STU00042,,Medium,High,0.9448,2026-10-02
PRD00043,STU00043,,Low,Medium,0.8149,2026-10-02
PRD00044,STU00044,,High,High,0.99,2026-10-02
PRD00045,STU00045,,Low,Low,0.1333,2026-10-02
PRD00046,STU00046,,High,High,0.9813,2026-10-02
PRD00047,STU00047,,Low,Medium,0.571,2026-10-02
PRD00048,STU00048,,Medium,Medium,0.6894,2026-10-02
PRD00049,STU00049,,High,High,0.99,2026-10-02
PRD00050,STU00050,,High,High,0.99,2026-10-02
PRD00051,STU00051,,Low,Medium,0.7172,2026-10-02
PRD00052,STU00052,,Low,Low,0.3422,2026-10-02
PRD00053,STU00053,,Low,Medium,0.9312,2026-10-02
PRD00054,STU00054,,Low,Medium,0.6918,2026-10-02
PRD00055,STU00055,,Medium,Medium,0.7841,2026-10-02
PRD00056,STU00056,,Medium,High,0.9795,2026-10-02
PRD00057,STU00057,,High,High,0.99,2026-10-02
PRD00058,STU00058,,Low,Medium,0.4806,2026-10-02
PRD00059,STU00059,,High,High,0.9846,2026-10-02
PRD00060,STU00060,,Medium,Medium,0.9245,2026-10-02
PRD00061,STU00061,,Low,Medium,0.8825,2026-10-02
PRD00062,STU00062,,Medium,High,0.99,2026-10-02
PRD00063,STU00063,,High,High,0.9505,2026-10-02
PRD00064,STU00064,,Medium,High,0.9852,2026-10-02
PRD00065,STU00065,,Low,Medium,0.8928,2026-10-02
PRD00066,STU00066,,Low,Medium,0.7809,2026-10-02
PRD00067,STU00067,,Low,Medium,0.5813,2026-10-02
PRD00068,STU00068,,Medium,High,0.932,2026-10-02
PRD00069,STU00069,,Medium,Medium,0.9251,2026-10-02
PRD00070,STU00070,,Medium,Medium,0.9077,2026-10-02
PRD00071,STU00071,,Low,Medium,0.9487,2026-10-02
PRD00072,STU00072,,High,High,0.9869,2026-10-02
PRD00073,STU00073,,Medium,Medium,0.7986,2026-10-02
PRD00074,STU00074,,Low,Low,0.244,2026-10-02
PRD00075,STU00075,,Low,High,0.9513,2026-10-02
PRD00076,STU00076,,Low,Medium,0.8704,2026-10-02
PRD00077,STU00077,,Medium,Low,0.4416,2026-10-02
PRD00078,STU00078,,Medium,Medium,0.8498,2026-10-02
PRD00079,STU00079,,Medium,High,0.99,2026-10-02
PRD00080,STU00080,,Low,Low,0.1087,2026-10-02
PRD00081,STU00081,,Low,Medium,0.8028,2026-10-02
PRD00082,STU00082,,High,High,0.99,2026-10-02
PRD00083,STU00083,,Medium,High,0.99,2026-10-02
PRD00084,STU00084,,Medium,Medium,0.8946,2026-10-02
PRD00085,STU00085,,Medium,High,0.9665,2026-10-02
PRD00086,STU00086,,Low,Medium,0.6335,2026-10-02
PRD00087,STU00087,,Low,Low,0.3568,2026-10-02
PRD00088,STU00088,,Low,Low,0.2291,2026-10-02
PRD00089,STU00089,,Medium,Medium,0.8923,2026-10-02
PRD00090,STU00090,,High,High,0.99,2026-10-02
PRD00091,STU00091,,Medium,High,0.9363,2026-10-02
PRD00092,STU00092,,Medium,High,0.9757,2026-10-02
PRD00093,STU00093,,Low,Low,0.2918,2026-10-02
PRD00094,STU00094,,Medium,Medium,0.8435,2026-10-02
PRD00095,STU00095,,Medium,High,0.9893,2026-10-02
PRD00096,STU00096,,Medium,Medium,0.8302,2026-10-02
PRD00097,STU00097,,High,Medium,0.8057,2026-10-02
PRD00098,STU00098,,Medium,Medium,0.6659,2026-10-02
PRD00099,STU00099,,High,High,0.9355,2026-10-02
PRD00100,STU00100,,High,High,0.9659,2026-10-02
PRD00101,STU00101,,Medium,Medium,0.5915,2026-10-02
PRD00102,STU00102,,Low,Medium,0.7888,2026-10-02
PRD00103,STU00103,,Medium,High,0.9445,2026-10-02
PRD00104,STU00104,,Low,Low,0.2754,2026-10-02
PRD00105,STU00105,,Medium,Medium,0.8597,2026-10-02
PRD00106,STU00106,,Medium,Medium,0.5357,2026-10-02
PRD00107,STU00107,,Low,Low,0.1957,2026-10-02
PRD00108,STU00108,,High,High,0.99,2026-10-02
PRD00109,STU00109,,Medium,High,0.976,2026-10-02
PRD00110,STU00110,,Medium,Medium,0.8112,2026-10-02
PRD00111,STU00111,,Medium,High,0.99,2026-10-02
PRD00112,STU00112,,Medium,Medium,0.8998,2026-10-02
PRD00113,STU00113,,Medium,High,0.99,2026-10-02
PRD00114,STU00114,,Low,High,0.9474,2026-10-02
PRD00115,STU00115,,Medium,Medium,0.9804,2026-10-02
PRD00116,STU00116,,Low,Low,0.1371,2026-10-02
PRD00117,STU00117,,Medium,High,0.9406,2026-10-02
PRD00118,STU00118,,Low,Medium,0.7722,2026-10-02
PRD00119,STU00119,,Medium,High,0.9674,2026-10-02
PRD00120,STU00120,,Low,High,0.9352,2026-10-02
PRD00121,STU00121,,Low,Medium,0.8469,2026-10-02
PRD00122,STU00122,,High,High,0.99,2026-10-02
PRD00123,STU00123,,Medium,High,0.9757,2026-10-02
PRD00124,STU00124,,Low,Medium,0.8077,2026-10-02
PRD00125,STU00125,,Medium,High,0.9833,2026-10-02
PRD00126,STU00126,,Low,Low,0.2539,2026-10-02
PRD00127,STU00127,,High,High,0.99,2026-10-02
PRD00128,STU00128,,Medium,High,0.9622,2026-10-02
PRD00129,STU00129,,Low,Medium,0.7817,2026-10-02
PRD00130,STU00130,,Low,Medium,0.8311,2026-10-02
PRD00131,STU00131,,Medium,High,0.99,2026-10-02
PRD00132,STU00132,,Low,Low,0.2017,2026-10-02
PRD00133,STU00133,,Medium,Medium,0.9751,2026-10-02
PRD00134,STU00134,,Medium,Medium,0.6226,2026-10-02
PRD00135,STU00135,,Medium,Medium,0.9023,2026-10-02
PRD00136,STU00136,,Medium,High,0.9892,2026-10-02
PRD00137,STU00137,,Medium,High,0.99,2026-10-02
PRD00138,STU00138,,Low,Low,0.2511,2026-10-02
PRD00139,STU00139,,Low,Low,0.4051,2026-10-02
PRD00140,STU00140,,Medium,Medium,0.9043,2026-10-02
PRD00141,STU00141,,High,High,0.9897,2026-10-02
PRD00142,STU00142,,Low,Low,0.1071,2026-10-02
PRD00143,STU00143,,Medium,High,0.9867,2026-10-02
PRD00144,STU00144,,High,High,0.9691,2026-10-02
PRD00145,STU00145,,Medium,High,0.99,2026-10-02
PRD00146,STU00146,,High,High,0.99,2026-10-02
PRD00147,STU00147,,Low,Low,0.2957,2026-10-02
PRD00148,STU00148,,Low,Low,0.2691,2026-10-02
PRD00149,STU00149,,Low,Medium,0.5282,2026-10-02
PRD00150,STU00150,,Medium,Medium,0.8889,2026-10-02
PRD00151,STU00151,,Medium,High,0.9865,2026-10-02
PRD00152,STU00152,,Low,Medium,0.9038,2026-10-02
PRD00153,STU00153,,Low,Medium,0.6473,2026-10-02
PRD00154,STU00154,,Medium,Medium,0.8393,2026-10-02
PRD00155,STU00155,,Medium,High,0.9862,2026-10-02
PRD00156,STU00156,,Low,Medium,0.9645,2026-10-02
PRD00157,STU00157,,Low,Medium,0.9662,2026-10-02
PRD00158,STU00158,,High,High,0.99,2026-10-02
PRD00159,STU00159,,Medium,High,0.9831,2026-10-02
PRD00160,STU00160,,High,High,0.9463,2026-10-02
PRD00161,STU00161,,Low,Low,0.1906,2026-10-02
PRD00162,STU00162,,Medium,High,0.941,2026-10-02
PRD00163,STU00163,,Medium,High,0.99,2026-10-02
PRD00164,STU00164,,Low,Medium,0.6799,2026-10-02
PRD00165,STU00165,,High,High,0.99,2026-10-02
PRD00166,STU00166,,High,High,0.99,2026-10-02
PRD00167,STU00167,,Medium,Medium,0.8824,2026-10-02
PRD00168,STU00168,,Medium,Low,0.4546,2026-10-02
PRD00169,STU00169,,Low,Medium,0.9326,2026-10-02
PRD00170,STU00170,,Low,Low,0.152,2026-10-02
PRD00171,STU00171,,High,Medium,0.925,2026-10-02
PRD00172,STU00172,,Medium,High,0.9838,2026-10-02
PRD00173,STU00173,,Low,Low,0.1608,2026-10-02
PRD00174,STU00174,,Medium,High,0.99,2026-10-02
PRD00175,STU00175,,Medium,Medium,0.9463,2026-10-02
PRD00176,STU00176,,Medium,High,0.9786,2026-10-02
PRD00177,STU00177,,Medium,Medium,0.731,2026-10-02
PRD00178,STU00178,,Low,Medium,0.9147,2026-10-02
PRD00179,STU00179,,Medium,High,0.9652,2026-10-02
PRD00180,STU00180,,Low,Low,0.4433,2026-10-02
PRD00181,STU00181,,High,High,0.99,2026-10-02
PRD00182,STU00182,,Medium,Medium,0.8023,2026-10-02
PRD00183,STU00183,,Medium,Medium,0.9074,2026-10-02
PRD00184,STU00184,,Medium,Medium,0.9223,2026-10-02
PRD00185,STU00185,,Medium,High,0.99,2026-10-02
PRD00186,STU00186,,Medium,High,0.9667,2026-10-02
PRD00187,STU00187,,Medium,High,0.9865,2026-10-02
PRD00188,STU00188,,Low,Medium,0.5969,2026-10-02
PRD00189,STU00189,,Medium,Medium,0.9436,2026-10-02
PRD00190,STU00190,,High,High,0.9864,2026-10-02
PRD00191,STU00191,,Medium,Medium,0.9455,2026-10-02
PRD00192,STU00192,,Low,Low,0.4244,2026-10-02
PRD00193,STU00193,,Medium,Medium,0.6013,2026-10-02
PRD00194,STU00194,,Low,Low,0.31,2026-10-02
PRD00195,STU00195,,Medium,High,0.99,2026-10-02
PRD00196,STU00196,,Medium,Medium,0.8116,2026-10-02
PRD00197,STU00197,,Low,Medium,0.758,2026-10-02
PRD00198,STU00198,,Medium,High,0.99,2026-10-02
PRD00199,STU00199,,High,High,0.99,2026-10-02
PRD00200,STU00200,,Medium,High,0.99,2026-10-02
PRD00201,STU00201,,Medium,Medium,0.8175,2026-10-02
PRD00202,STU00202,,Low,Medium,0.6379,2026-10-02
PRD00203,STU00203,,Low,Low,0.462,2026-10-02
PRD00204,STU00204,,Medium,Medium,0.8547,2026-10-02
PRD00205,STU00205,,Medium,Medium,0.7644,2026-10-02
PRD00206,STU00206,,Low,Low,0.4053,2026-10-02
PRD00207,STU00207,,Low,Low,0.3824,2026-10-02
PRD00208,STU00208,,Medium,High,0.9685,2026-10-02
PRD00209,STU00209,,Low,Low,0.4627,2026-10-02
PRD00210,STU00210,,Medium,Medium,0.7907,2026-10-02
PRD00211,STU00211,,Medium,Medium,0.5902,2026-10-02
PRD00212,STU00212,,Medium,High,0.9596,2026-10-02
PRD00213,STU00213,,Low,Low,0.207,2026-10-02
PRD00214,STU00214,,Low,Low,0.3755,2026-10-02
PRD00215,STU00215,,High,High,0.99,2026-10-02
PRD00216,STU00216,,Medium,Medium,0.7843,2026-10-02
PRD00217,STU00217,,Medium,High,0.99,2026-10-02
PRD00218,STU00218,,Low,Medium,0.8385,2026-10-02
PRD00219,STU00219,,Low,Low,0.5065,2026-10-02
PRD00220,STU00220,,Low,Medium,0.8519,2026-10-02
PRD00221,STU00221,,Medium,High,0.99,2026-10-02
PRD00222,STU00222,,Low,Medium,0.5573,2026-10-02
PRD00223,STU00223,,Low,Low,0.264,2026-10-02
PRD00224,STU00224,,Medium,Medium,0.9144,2026-10-02
PRD00225,STU00225,,Medium,High,0.9294,2026-10-02
PRD00226,STU00226,,Medium,High,0.99,2026-10-02
PRD00227,STU00227,,Low,Low,0.1725,2026-10-02
PRD00228,STU00228,,Medium,High,0.9499,2026-10-02
PRD00229,STU00229,,Low,Low,0.1474,2026-10-02
PRD00230,STU00230,,Medium,Medium,0.7106,2026-10-02
PRD00231,STU00231,,Medium,High,0.9859,2026-10-02
PRD00232,STU00232,,Medium,Medium,0.8638,2026-10-02
PRD00233,STU00233,,Medium,High,0.99,2026-10-02
PRD00234,STU00234,,Low,Low,0.3233,2026-10-02
PRD00235,STU00235,,Low,Medium,0.6255,2026-10-02
PRD00236,STU00236,,Medium,High,0.9868,2026-10-02
PRD00237,STU00237,,High,High,0.99,2026-10-02
PRD00238,STU00238,,High,High,0.99,2026-10-02
PRD00239,STU00239,,Medium,High,0.9618,2026-10-02
PRD00240,STU00240,,High,High,0.99,2026-10-02
PRD00241,STU00241,,Medium,Medium,0.9204,2026-10-02
PRD00242,STU00242,,Medium,High,0.9284,2026-10-02
PRD00243,STU00243,,Medium,Medium,0.9067,2026-10-02
PRD00244,STU00244,,Medium,Medium,0.6779,2026-10-02
PRD00245,STU00245,,Low,High,0.99,2026-10-02
PRD00246,STU00246,,Low,Low,0.2095,2026-10-02
PRD00247,STU00247,,High,High,0.99,2026-10-02
PRD00248,STU00248,,Low,Low,0.3291,2026-10-02
PRD00249,STU00249,,High,High,0.99,2026-10-02
PRD00250,STU00250,,Medium,High,0.99,2026-10-02
PRD00251,STU00251,,High,High,0.99,2026-10-02
PRD00252,STU00252,,Medium,Medium,0.9304,2026-10-02
PRD00253,STU00253,,High,Medium,0.9149,2026-10-02
PRD00254,STU00254,,Medium,High,0.9541,2026-10-02
PRD00255,STU00255,,High,High,0.99,2026-10-02
PRD00256,STU00256,,Medium,Medium,0.871,2026-10-02
PRD00257,STU00257,,High,High,0.99,2026-10-02
PRD00258,STU00258,,Low,Medium,0.6322,2026-10-02
PRD00259,STU00259,,Medium,High,0.9222,2026-10-02
PRD00260,STU00260,,Medium,Low,0.4663,2026-10-02
PRD00261,STU00261,,Medium,High,0.99,2026-10-02
PRD00262,STU00262,,High,High,0.99,2026-10-02
PRD00263,STU00263,,High,High,0.99,2026-10-02
PRD00264,STU00264,,Medium,High,0.9396,2026-10-02
PRD00265,STU00265,,Low,Medium,0.691,2026-10-02
PRD00266,STU00266,,Medium,Medium,0.9601,2026-10-02
PRD00267,STU00267,,High,High,0.99,2026-10-02
PRD00268,STU00268,,Low,Low,0.2392,2026-10-02
PRD00269,STU00269,,Medium,High,0.9836,2026-10-02
PRD00270,STU00270,,Medium,High,0.9381,2026-10-02
PRD00271,STU00271,,High,High,0.99,2026-10-02
PRD00272,STU00272,,Medium,Low,0.2542,2026-10-02
PRD00273,STU00273,,Medium,Medium,0.8154,2026-10-02
PRD00274,STU00274,,Medium,Medium,0.8045,2026-10-02
PRD00275,STU00275,,High,High,0.99,2026-10-02
PRD00276,STU00276,,Low,High,0.9749,2026-10-02
PRD00277,STU00277,,Medium,Medium,0.83,2026-10-02
PRD00278,STU00278,,Low,Medium,0.575,2026-10-02
PRD00279,STU00279,,Medium,Medium,0.916,2026-10-02
PRD00280,STU00280,,Low,Medium,0.7429,2026-10-02
PRD00281,STU00281,,Medium,Medium,0.7599,2026-10-02
PRD00282,STU00282,,Medium,High,0.99,2026-10-02
PRD00283,STU00283,,Medium,High,0.9777,2026-10-02
PRD00284,STU00284,,Low,Medium,0.8853,2026-10-02
PRD00285,STU00285,,Medium,Medium,0.7962,2026-10-02
PRD00286,STU00286,,Medium,High,0.9886,2026-10-02
PRD00287,STU00287,,Medium,Medium,0.8897,2026-10-02
PRD00288,STU00288,,Low,Medium,0.8788,2026-10-02
PRD00289,STU00289,,Low,Medium,0.7466,2026-10-02
PRD00290,STU00290,,Medium,Medium,0.9086,2026-10-02
PRD00291,STU00291,,Medium,Medium,0.9061,2026-10-02
PRD00292,STU00292,,Medium,Medium,0.8742,2026-10-02
PRD00293,STU00293,,Low,Medium,0.7617,2026-10-02
PRD00294,STU00294,,Medium,High,0.9566,2026-10-02
PRD00295,STU00295,,High,High,0.99,2026-10-02
PRD00296,STU00296,,Low,Medium,0.6912,2026-10-02
PRD00297,STU00297,,Medium,High,0.939,2026-10-02
PRD00298,STU00298,,Low,Low,0.212,2026-10-02
PRD00299,STU00299,,Low,Low,0.1633,2026-10-02
PRD00300,STU00300,,Medium,High,0.986,2026-10-02
PRD00301,STU00301,,Medium,High,0.9327,2026-10-02
PRD00302,STU00302,,Low,Medium,0.817,2026-10-02
PRD00303,STU00303,,Low,Medium,0.489,2026-10-02
PRD00304,STU00304,,High,High,0.99,2026-10-02
PRD00305,STU00305,,Low,Medium,0.8088,2026-10-02
PRD00306,STU00306,,Medium,Medium,0.7138,2026-10-02
PRD00307,STU00307,,Medium,Medium,0.9175,2026-10-02
PRD00308,STU00308,,Medium,Medium,0.905,2026-10-02
PRD00309,STU00309,,Medium,High,0.9371,2026-10-02
PRD00310,STU00310,,Low,Medium,0.8344,2026-10-02
PRD00311,STU00311,,Low,Medium,0.498,2026-10-02
PRD00312,STU00312,,Low,Medium,0.6213,2026-10-02
PRD00313,STU00313,,Medium,Medium,0.9586,2026-10-02
PRD00314,STU00314,,Medium,High,0.9846,2026-10-02
PRD00315,STU00315,,Medium,Medium,0.9028,2026-10-02
PRD00316,STU00316,,Low,High,0.9707,2026-10-02
PRD00317,STU00317,,Medium,Medium,0.916,2026-10-02
PRD00318,STU00318,,Medium,High,0.9214,2026-10-02
PRD00319,STU00319,,Low,Low,0.2247,2026-10-02
PRD00320,STU00320,,High,High,0.9899,2026-10-02
PRD00321,STU00321,,Low,Low,0.2447,2026-10-02
PRD00322,STU00322,,Medium,Medium,0.9055,2026-10-02
PRD00323,STU00323,,High,High,0.9844,2026-10-02
PRD00324,STU00324,,Medium,High,0.9246,2026-10-02
PRD00325,STU00325,,Medium,High,0.99,2026-10-02
PRD00326,STU00326,,Low,Low,0.1255,2026-10-02
PRD00327,STU00327,,Medium,High,0.99,2026-10-02
PRD00328,STU00328,,Medium,Medium,0.8275,2026-10-02
PRD00329,STU00329,,Medium,Medium,0.909,2026-10-02
PRD00330,STU00330,,Medium,Medium,0.9017,2026-10-02
PRD00331,STU00331,,High,High,0.9878,2026-10-02
PRD00332,STU00332,,Medium,Medium,0.9611,2026-10-02
PRD00333,STU00333,,Medium,High,0.99,2026-10-02
PRD00334,STU00334,,Medium,High,0.99,2026-10-02
PRD00335,STU00335,,High,High,0.99,2026-10-02
PRD00336,STU00336,,High,High,0.99,2026-10-02
PRD00337,STU00337,,High,High,0.9894,2026-10-02
PRD00338,STU00338,,Low,Medium,0.853,2026-10-02
PRD00339,STU00339,,Low,Medium,0.8786,2026-10-02
PRD00340,STU00340,,Medium,Medium,0.9325,2026-10-02
PRD00341,STU00341,,Low,Medium,0.8845,2026-10-02
PRD00342,STU00342,,Low,Medium,0.4936,2026-10-02
PRD00343,STU00343,,Medium,Medium,0.6903,2026-10-02
PRD00344,STU00344,,Medium,High,0.8978,2026-10-02
PRD00345,STU00345,,High,High,0.99,2026-10-02
PRD00346,STU00346,,Medium,High,0.9703,2026-10-02
PRD00347,STU00347,,High,High,0.99,2026-10-02
PRD00348,STU00348,,Medium,Medium,0.897,2026-10-02
PRD00349,STU00349,,Low,Medium,0.8281,2026-10-02
PRD00350,STU00350,,Medium,Medium,0.7266,2026-10-02
PRD00351,STU00351,,Low,Medium,0.6036,2026-10-02
PRD00352,STU00352,,Low,Medium,0.7523,2026-10-02
PRD00353,STU00353,,Medium,Medium,0.9619,2026-10-02
PRD00354,STU00354,,High,High,0.9736,2026-10-02
PRD00355,STU00355,,Low,Low,0.4724,2026-10-02
PRD00356,STU00356,,Low,Low,0.2386,2026-10-02
PRD00357,STU00357,,Medium,Medium,0.924,2026-10-02
PRD00358,STU00358,,Medium,High,0.939,2026-10-02
PRD00359,STU00359,,High,High,0.99,2026-10-02
PRD00360,STU00360,,Low,Medium,0.6429,2026-10-02
PRD00361,STU00361,,Low,Medium,0.8295,2026-10-02
PRD00362,STU00362,,Medium,Medium,0.7019,2026-10-02
PRD00363,STU00363,,Medium,High,0.9775,2026-10-02
PRD00364,STU00364,,Medium,High,0.9488,2026-10-02
PRD00365,STU00365,,Low,Low,0.2579,2026-10-02
PRD00366,STU00366,,Low,High,0.9542,2026-10-02
PRD00367,STU00367,,Low,Medium,0.7762,2026-10-02
PRD00368,STU00368,,Low,Low,0.3944,2026-10-02
PRD00369,STU00369,,Medium,High,0.9847,2026-10-02
PRD00370,STU00370,,Low,Low,0.2512,2026-10-02
PRD00371,STU00371,,Medium,Medium,0.9147,2026-10-02
PRD00372,STU00372,,Medium,Medium,0.8085,2026-10-02
PRD00373,STU00373,,Low,Medium,0.9093,2026-10-02
PRD00374,STU00374,,Low,Low,0.1313,2026-10-02
PRD00375,STU00375,,Medium,Medium,0.7842,2026-10-02
PRD00376,STU00376,,Medium,High,0.99,2026-10-02
PRD00377,STU00377,,Medium,Medium,0.9117,2026-10-02
PRD00378,STU00378,,Medium,High,0.9259,2026-10-02
PRD00379,STU00379,,Low,Medium,0.6271,2026-10-02
PRD00380,STU00380,,High,High,0.9815,2026-10-02
PRD00381,STU00381,,Low,Low,0.4315,2026-10-02
PRD00382,STU00382,,Medium,Medium,0.924,2026-10-02
PRD00383,STU00383,,Medium,High,0.9241,2026-10-02
PRD00384,STU00384,,Medium,High,0.99,2026-10-02
PRD00385,STU00385,,High,High,0.99,2026-10-02
PRD00386,STU00386,,Low,Medium,0.5644,2026-10-02
PRD00387,STU00387,,High,High,0.9841,2026-10-02
PRD00388,STU00388,,High,High,0.9549,2026-10-02
PRD00389,STU00389,,Low,Medium,0.8978,2026-10-02
PRD00390,STU00390,,Medium,High,0.99,2026-10-02
PRD00391,STU00391,,Medium,Low,0.3533,2026-10-02
PRD00392,STU00392,,Medium,High,0.9639,2026-10-02
PRD00393,STU00393,,Low,Low,0.4306,2026-10-02
PRD00394,STU00394,,Medium,Medium,0.9127,2026-10-02
PRD00395,STU00395,,High,High,0.9585,2026-10-02
PRD00396,STU00396,,High,High,0.99,2026-10-02
PRD00397,STU00397,,Medium,High,0.9632,2026-10-02
PRD00398,STU00398,,Medium,High,0.9732,2026-10-02
PRD00399,STU00399,,High,High,0.9655,2026-10-02
PRD00400,STU00400,,Low,Low,0.1418,2026-10-02
PRD00401,STU00401,,High,High,0.99,2026-10-02
PRD00402,STU00402,,Medium,Medium,0.6537,2026-10-02
PRD00403,STU00403,,Medium,High,0.9768,2026-10-02
PRD00404,STU00404,,Low,Low,0.3903,2026-10-02
PRD00405,STU00405,,Low,High,0.99,2026-10-02
PRD00406,STU00406,,Medium,Medium,0.9289,2026-10-02
PRD00407,STU00407,,Low,Medium,0.8241,2026-10-02
PRD00408,STU00408,,Low,Low,0.4232,2026-10-02
PRD00409,STU00409,,Low,Low,0.3957,2026-10-02
PRD00410,STU00410,,Medium,Medium,0.9788,2026-10-02
PRD00411,STU00411,,Low,Low,0.3121,2026-10-02
PRD00412,STU00412,,Medium,High,0.99,2026-10-02
PRD00413,STU00413,,Medium,Medium,0.7545,2026-10-02
PRD00414,STU00414,,Medium,Medium,0.8469,2026-10-02
PRD00415,STU00415,,Medium,High,0.9837,2026-10-02
PRD00416,STU00416,,Low,Low,0.238,2026-10-02
PRD00417,STU00417,,Medium,High,0.9761,2026-10-02
PRD00418,STU00418,,Medium,Medium,0.8533,2026-10-02
PRD00419,STU00419,,Medium,Medium,0.8618,2026-10-02
PRD00420,STU00420,,High,High,0.9713,2026-10-02
PRD00421,STU00421,,Medium,Low,0.4198,2026-10-02
PRD00422,STU00422,,Medium,High,0.9835,2026-10-02
PRD00423,STU00423,,Medium,High,0.99,2026-10-02
PRD00424,STU00424,,Low,Medium,0.6679,2026-10-02
PRD00425,STU00425,,Low,Medium,0.6007,2026-10-02
PRD00426,STU00426,,Medium,Medium,0.5804,2026-10-02
PRD00427,STU00427,,Medium,Low,0.5178,2026-10-02
PRD00428,STU00428,,Low,High,0.99,2026-10-02
PRD00429,STU00429,,High,High,0.9733,2026-10-02
PRD00430,STU00430,,Medium,High,0.9697,2026-10-02
PRD00431,STU00431,,Medium,High,0.8939,2026-10-02
PRD00432,STU00432,,Medium,Medium,0.7881,2026-10-02
PRD00433,STU00433,,Medium,High,0.9867,2026-10-02
PRD00434,STU00434,,Low,Medium,0.6716,2026-10-02
PRD00435,STU00435,,Low,Low,0.4737,2026-10-02
PRD00436,STU00436,,Medium,Medium,0.8856,2026-10-02
PRD00437,STU00437,,High,High,0.9767,2026-10-02
PRD00438,STU00438,,High,High,0.99,2026-10-02
PRD00439,STU00439,,Medium,Medium,0.9269,2026-10-02
PRD00440,STU00440,,Low,Low,0.0727,2026-10-02
PRD00441,STU00441,,Medium,High,0.9697,2026-10-02
PRD00442,STU00442,,High,High,0.99,2026-10-02
PRD00443,STU00443,,Medium,Medium,0.8683,2026-10-02
PRD00444,STU00444,,Low,Medium,0.8689,2026-10-02
PRD00445,STU00445,,High,High,0.9342,2026-10-02
PRD00446,STU00446,,Medium,High,0.99,2026-10-02
PRD00447,STU00447,,Low,Low,0.1949,2026-10-02
PRD00448,STU00448,,Medium,High,0.9384,2026-10-02
PRD00449,STU00449,,Low,Medium,0.6607,2026-10-02
PRD00450,STU00450,,Medium,High,0.99,2026-10-02
PRD00451,STU00451,,Low,Low,0.4224,2026-10-02
PRD00452,STU00452,,Medium,High,0.949,2026-10-02
PRD00453,STU00453,,Medium,High,0.99,2026-10-02
PRD00454,STU00454,,High,High,0.99,2026-10-02
PRD00455,STU00455,,Medium,High,0.98,2026-10-02
PRD00456,STU00456,,Medium,Medium,0.9439,2026-10-02
PRD00457,STU00457,,Medium,High,0.9427,2026-10-02
PRD00458,STU00458,,Low,Medium,0.848,2026-10-02
PRD00459,STU00459,,High,High,0.9664,2026-10-02
PRD00460,STU00460,,Low,Low,0.3307,2026-10-02
PRD00461,STU00461,,Low,Low,0.2521,2026-10-02
PRD00462,STU00462,,Medium,High,0.9439,2026-10-02
PRD00463,STU00463,,Medium,High,0.9841,2026-10-02
PRD00464,STU00464,,High,High,0.9844,2026-10-02
PRD00465,STU00465,,Medium,High,0.9467,2026-10-02
PRD00466,STU00466,,Low,Medium,0.8279,2026-10-02
PRD00467,STU00467,,Low,Medium,0.8693,2026-10-02
PRD00468,STU00468,,Medium,Medium,0.9393,2026-10-02
PRD00469,STU00469,,Low,Low,0.3354,2026-10-02
PRD00470,STU00470,,High,High,0.9506,2026-10-02
PRD00471,STU00471,,Low,Medium,0.6953,2026-10-02
PRD00472,STU00472,,Low,Low,0.4788,2026-10-02
PRD00473,STU00473,,Low,Medium,0.6249,2026-10-02
PRD00474,STU00474,,Medium,Medium,0.7591,2026-10-02
PRD00475,STU00475,,High,High,0.99,2026-10-02
PRD00476,STU00476,,Low,Medium,0.6238,2026-10-02
PRD00477,STU00477,,Low,Low,0.2682,2026-10-02
PRD00478,STU00478,,Low,Low,0.1889,2026-10-02
PRD00479,STU00479,,Low,Low,0.4087,2026-10-02
PRD00480,STU00480,,Medium,High,0.9728,2026-10-02
PRD00481,STU00481,,Medium,High,0.99,2026-10-02
PRD00482,STU00482,,Medium,High,0.9744,2026-10-02
PRD00483,STU00483,,Medium,High,0.9793,2026-10-02
PRD00484,STU00484,,Medium,Medium,0.8379,2026-10-02
PRD00485,STU00485,,Medium,Medium,0.8909,2026-10-02
PRD00486,STU00486,,Low,Medium,0.9205,2026-10-02
PRD00487,STU00487,,Medium,High,0.99,2026-10-02
PRD00488,STU00488,,Medium,Medium,0.8683,2026-10-02
PRD00489,STU00489,,Medium,High,0.9753,2026-10-02
PRD00490,STU00490,,Low,Low,0.3889,2026-10-02
PRD00491,STU00491,,Medium,Medium,0.7756,2026-10-02
PRD00492,STU00492,,High,High,0.99,2026-10-02
PRD00493,STU00493,,Low,Medium,0.5439,2026-10-02
PRD00494,STU00494,,Low,Low,0.2282,2026-10-02
PRD00495,STU00495,,Medium,High,0.9649,2026-10-02
PRD00496,STU00496,,Medium,High,0.99,2026-10-02
PRD00497,STU00497,,Medium,High,0.9885,2026-10-02
PRD00498,STU00498,,Low,Medium,0.5416,2026-10-02
PRD00499,STU00499,,Low,Medium,0.5872,2026-10-02
PRD00500,STU00500,,Medium,High,0.99,2026-10-02
PRD00501,STU00501,,Low,High,0.9757,2026-10-02
PRD00502,STU00502,,Medium,High,0.9868,2026-10-02
PRD00503,STU00503,,Low,Medium,0.5282,2026-10-02
PRD00504,STU00504,,Medium,Medium,0.8556,2026-10-02
PRD00505,STU00505,,Medium,Medium,0.8809,2026-10-02
PRD00506,STU00506,,High,High,0.99,2026-10-02
PRD00507,STU00507,,High,High,0.9895,2026-10-02
PRD00508,STU00508,,Medium,High,0.9458,2026-10-02
PRD00509,STU00509,,Low,Medium,0.8622,2026-10-02
PRD00510,STU00510,,Medium,High,0.9434,2026-10-02
PRD00511,STU00511,,Low,Medium,0.7985,2026-10-02
PRD00512,STU00512,,Medium,Medium,0.9216,2026-10-02
PRD00513,STU00513,,Medium,High,0.9671,2026-10-02
PRD00514,STU00514,,Medium,High,0.934,2026-10-02
PRD00515,STU00515,,Medium,Medium,0.9401,2026-10-02
PRD00516,STU00516,,Medium,Medium,0.8994,2026-10-02
PRD00517,STU00517,,Low,Medium,0.872,2026-10-02
PRD00518,STU00518,,Low,Medium,0.788,2026-10-02
PRD00519,STU00519,,Low,Medium,0.6305,2026-10-02
PRD00520,STU00520,,Medium,Medium,0.9053,2026-10-02
PRD00521,STU00521,,High,High,0.9463,2026-10-02
PRD00522,STU00522,,Medium,Medium,0.885,2026-10-02
PRD00523,STU00523,,High,High,0.9772,2026-10-02
PRD00524,STU00524,,Medium,Medium,0.9184,2026-10-02
PRD00525,STU00525,,Medium,Medium,0.9052,2026-10-02
PRD00526,STU00526,,Low,Low,0.3715,2026-10-02
PRD00527,STU00527,,Medium,Medium,0.8585,2026-10-02
PRD00528,STU00528,,Low,Medium,0.644,2026-10-02
PRD00529,STU00529,,High,High,0.99,2026-10-02
PRD00530,STU00530,,Low,Low,0.292,2026-10-02
PRD00531,STU00531,,Low,Low,0.2697,2026-10-02
PRD00532,STU00532,,Medium,Medium,0.8955,2026-10-02
PRD00533,STU00533,,Medium,Low,0.4821,2026-10-02
PRD00534,STU00534,,Medium,Medium,0.6802,2026-10-02
PRD00535,STU00535,,Medium,Medium,0.7376,2026-10-02
PRD00536,STU00536,,Low,Medium,0.8987,2026-10-02
PRD00537,STU00537,,High,High,0.99,2026-10-02
PRD00538,STU00538,,High,High,0.99,2026-10-02
PRD00539,STU00539,,High,High,0.9684,2026-10-02
PRD00540,STU00540,,Medium,Medium,0.8743,2026-10-02
PRD00541,STU00541,,High,High,0.99,2026-10-02
PRD00542,STU00542,,High,High,0.99,2026-10-02
PRD00543,STU00543,,Medium,High,0.9361,2026-10-02
PRD00544,STU00544,,Medium,Medium,0.8254,2026-10-02
PRD00545,STU00545,,Medium,High,0.9794,2026-10-02
PRD00546,STU00546,,High,High,0.99,2026-10-02
PRD00547,STU00547,,Medium,High,0.9662,2026-10-02
PRD00548,STU00548,,Medium,Medium,0.739,2026-10-02
PRD00549,STU00549,,Medium,High,0.9684,2026-10-02
PRD00550,STU00550,,Low,Low,0.2076,2026-10-02
PRD00551,STU00551,,Medium,Medium,0.9246,2026-10-02
PRD00552,STU00552,,High,High,0.9667,2026-10-02
PRD00553,STU00553,,Medium,High,0.99,2026-10-02
PRD00554,STU00554,,Medium,High,0.9712,2026-10-02
PRD00555,STU00555,,Low,Medium,0.8331,2026-10-02
PRD00556,STU00556,,Low,Medium,0.6585,2026-10-02
PRD00557,STU00557,,Medium,Medium,0.8813,2026-10-02
PRD00558,STU00558,,High,High,0.99,2026-10-02
PRD00559,STU00559,,High,High,0.985,2026-10-02
PRD00560,STU00560,,Medium,Medium,0.678,2026-10-02
PRD00561,STU00561,,Medium,High,0.9124,2026-10-02
PRD00562,STU00562,,High,High,0.99,2026-10-02
PRD00563,STU00563,,Low,Medium,0.778,2026-10-02
PRD00564,STU00564,,High,High,0.99,2026-10-02
PRD00565,STU00565,,Medium,High,0.9784,2026-10-02
PRD00566,STU00566,,Medium,Medium,0.8601,2026-10-02
PRD00567,STU00567,,Low,High,0.9762,2026-10-02
PRD00568,STU00568,,High,High,0.9804,2026-10-02
PRD00569,STU00569,,Medium,High,0.9011,2026-10-02
PRD00570,STU00570,,High,High,0.99,2026-10-02
PRD00571,STU00571,,High,High,0.9789,2026-10-02
PRD00572,STU00572,,Medium,High,0.99,2026-10-02
PRD00573,STU00573,,Low,Medium,0.8348,2026-10-02
PRD00574,STU00574,,Low,Low,0.3233,2026-10-02
PRD00575,STU00575,,High,High,0.99,2026-10-02
PRD00576,STU00576,,Low,Medium,0.7028,2026-10-02
PRD00577,STU00577,,Medium,High,0.9616,2026-10-02
PRD00578,STU00578,,Low,Medium,0.7248,2026-10-02
PRD00579,STU00579,,High,High,0.99,2026-10-02
PRD00580,STU00580,,Low,Medium,0.708,2026-10-02
PRD00581,STU00581,,High,High,0.9846,2026-10-02
PRD00582,STU00582,,High,High,0.9642,2026-10-02
PRD00583,STU00583,,Medium,High,0.9604,2026-10-02
PRD00584,STU00584,,Low,Low,0.478,2026-10-02
PRD00585,STU00585,,Medium,High,0.9705,2026-10-02
PRD00586,STU00586,,High,High,0.9858,2026-10-02
PRD00587,STU00587,,Medium,High,0.99,2026-10-02
PRD00588,STU00588,,Low,Low,0.4121,2026-10-02
PRD00589,STU00589,,Medium,High,0.99,2026-10-02
PRD00590,STU00590,,High,High,0.99,2026-10-02
PRD00591,STU00591,,Medium,High,0.9709,2026-10-02
PRD00592,STU00592,,Medium,Medium,0.9563,2026-10-02
PRD00593,STU00593,,Low,High,0.99,2026-10-02
PRD00594,STU00594,,Medium,Medium,0.9037,2026-10-02
PRD00595,STU00595,,Medium,High,0.99,2026-10-02
PRD00596,STU00596,,High,High,0.9501,2026-10-02
PRD00597,STU00597,,Medium,High,0.99,2026-10-02
PRD00598,STU00598,,Low,Low,0.3348,2026-10-02
PRD00599,STU00599,,Medium,High,0.9786,2026-10-02
PRD00600,STU00600,,High,High,0.9802,2026-10-02
PRD00601,STU00601,,High,High,0.99,2026-10-02
PRD00602,STU00602,,Medium,High,0.9851,2026-10-02
PRD00603,STU00603,,Low,Low,0.2175,2026-10-02
PRD00604,STU00604,,Low,Medium,0.7959,2026-10-02
PRD00605,STU00605,,Low,Low,0.3843,2026-10-02
PRD00606,STU00606,,Medium,High,0.948,2026-10-02
PRD00607,STU00607,,Low,Low,0.2944,2026-10-02
PRD00608,STU00608,,Medium,High,0.9745,2026-10-02
PRD00609,STU00609,,Medium,High,0.9654,2026-10-02
PRD00610,STU00610,,Medium,Medium,0.8501,2026-10-02
PRD00611,STU00611,,Low,Low,0.2223,2026-10-02
PRD00612,STU00612,,Medium,High,0.9019,2026-10-02
PRD00613,STU00613,,Medium,Medium,0.8293,2026-10-02
PRD00614,STU00614,,Medium,Medium,0.787,2026-10-02
PRD00615,STU00615,,Medium,High,0.9583,2026-10-02
PRD00616,STU00616,,Medium,Medium,0.9041,2026-10-02
PRD00617,STU00617,,Medium,Medium,0.9339,2026-10-02
PRD00618,STU00618,,Medium,Medium,0.9177,2026-10-02
PRD00619,STU00619,,Low,Low,0.3158,2026-10-02
PRD00620,STU00620,,High,High,0.99,2026-10-02
PRD00621,STU00621,,High,High,0.9835,2026-10-02
PRD00622,STU00622,,Medium,High,0.99,2026-10-02
PRD00623,STU00623,,Low,Low,0.3509,2026-10-02
PRD00624,STU00624,,Medium,Medium,0.6927,2026-10-02
PRD00625,STU00625,,Medium,Medium,0.6204,2026-10-02
PRD00626,STU00626,,Low,Low,0.4177,2026-10-02
PRD00627,STU00627,,Medium,Medium,0.8362,2026-10-02
PRD00628,STU00628,,Medium,Medium,0.8135,2026-10-02
PRD00629,STU00629,,Medium,Medium,0.9156,2026-10-02
PRD00630,STU00630,,Medium,Medium,0.6408,2026-10-02
PRD00631,STU00631,,High,High,0.99,2026-10-02
PRD00632,STU00632,,High,High,0.948,2026-10-02
PRD00633,STU00633,,High,High,0.9593,2026-10-02
PRD00634,STU00634,,Medium,High,0.9431,2026-10-02
PRD00635,STU00635,,Medium,Medium,0.8453,2026-10-02
PRD00636,STU00636,,Medium,Medium,0.8823,2026-10-02
PRD00637,STU00637,,Medium,Medium,0.6399,2026-10-02
PRD00638,STU00638,,Medium,High,0.9783,2026-10-02
PRD00639,STU00639,,Low,Medium,0.5381,2026-10-02
PRD00640,STU00640,,Low,High,0.9668,2026-10-02
PRD00641,STU00641,,Medium,High,0.9818,2026-10-02
PRD00642,STU00642,,Low,Medium,0.8469,2026-10-02
PRD00643,STU00643,,Medium,High,0.9891,2026-10-02
PRD00644,STU00644,,Low,Medium,0.8737,2026-10-02
PRD00645,STU00645,,Low,Medium,0.9017,2026-10-02
PRD00646,STU00646,,Medium,High,0.9847,2026-10-02
PRD00647,STU00647,,Medium,Medium,0.8796,2026-10-02
PRD00648,STU00648,,Low,Medium,0.5193,2026-10-02
PRD00649,STU00649,,Low,Medium,0.6722,2026-10-02
PRD00650,STU00650,,Low,Medium,0.6541,2026-10-02
PRD00651,STU00651,,Low,Medium,0.5581,2026-10-02
PRD00652,STU00652,,Medium,High,0.99,2026-10-02
PRD00653,STU00653,,Medium,High,0.99,2026-10-02
PRD00654,STU00654,,Medium,Medium,0.9107,2026-10-02
PRD00655,STU00655,,Medium,Low,0.3555,2026-10-02
PRD00656,STU00656,,High,High,0.99,2026-10-02
PRD00657,STU00657,,Low,Low,0.2811,2026-10-02
PRD00658,STU00658,,Medium,Medium,0.8762,2026-10-02
PRD00659,STU00659,,Low,Medium,0.7926,2026-10-02
PRD00660,STU00660,,Low,Low,0.3003,2026-10-02
PRD00661,STU00661,,Medium,Medium,0.5847,2026-10-02
PRD00662,STU00662,,Low,Medium,0.5178,2026-10-02
PRD00663,STU00663,,Low,Low,0.4273,2026-10-02
PRD00664,STU00664,,Low,Medium,0.9326,2026-10-02
PRD00665,STU00665,,Medium,Medium,0.891,2026-10-02
PRD00666,STU00666,,Low,Low,0.2621,2026-10-02
PRD00667,STU00667,,Low,Medium,0.9023,2026-10-02
PRD00668,STU00668,,High,High,0.9625,2026-10-02
PRD00669,STU00669,,High,High,0.99,2026-10-02
PRD00670,STU00670,,Medium,Low,0.4958,2026-10-02
PRD00671,STU00671,,High,High,0.99,2026-10-02
PRD00672,STU00672,,Medium,Medium,0.895,2026-10-02
PRD00673,STU00673,,Low,Medium,0.5584,2026-10-02
PRD00674,STU00674,,Low,Medium,0.5372,2026-10-02
PRD00675,STU00675,,Low,Medium,0.629,2026-10-02
PRD00676,STU00676,,Low,Low,0.1545,2026-10-02
PRD00677,STU00677,,Low,Medium,0.7107,2026-10-02
PRD00678,STU00678,,High,High,0.961,2026-10-02
PRD00679,STU00679,,Medium,Medium,0.8279,2026-10-02
PRD00680,STU00680,,Low,Medium,0.8687,2026-10-02
PRD00681,STU00681,,High,High,0.9839,2026-10-02
PRD00682,STU00682,,Medium,Medium,0.918,2026-10-02
PRD00683,STU00683,,Medium,Medium,0.8802,2026-10-02
PRD00684,STU00684,,Medium,Medium,0.7941,2026-10-02
PRD00685,STU00685,,High,High,0.99,2026-10-02
PRD00686,STU00686,,Medium,High,0.99,2026-10-02
PRD00687,STU00687,,Medium,Medium,0.8564,2026-10-02
PRD00688,STU00688,,Low,Medium,0.7908,2026-10-02
PRD00689,STU00689,,Medium,Medium,0.8231,2026-10-02
PRD00690,STU00690,,Medium,Medium,0.9293,2026-10-02
PRD00691,STU00691,,Medium,Medium,0.891,2026-10-02
PRD00692,STU00692,,High,High,0.99,2026-10-02
PRD00693,STU00693,,Low,Low,0.2941,2026-10-02
PRD00694,STU00694,,High,High,0.99,2026-10-02
PRD00695,STU00695,,High,High,0.99,2026-10-02
PRD00696,STU00696,,Low,Medium,0.5344,2026-10-02
PRD00697,STU00697,,Low,Medium,0.7062,2026-10-02
PRD00698,STU00698,,Medium,Medium,0.5291,2026-10-02
PRD00699,STU00699,,High,High,0.99,2026-10-02
PRD00700,STU00700,,Medium,Medium,0.9193,2026-10-02
PRD00701,STU00701,,High,High,0.99,2026-10-02
PRD00702,STU00702,,Medium,High,0.99,2026-10-02
PRD00703,STU00703,,High,High,0.9638,2026-10-02
PRD00704,STU00704,,Medium,Medium,0.5027,2026-10-02
PRD00705,STU00705,,Medium,Medium,0.801,2026-10-02
PRD00706,STU00706,,Medium,Medium,0.499,2026-10-02
PRD00707,STU00707,,Low,High,0.9725,2026-10-02
PRD00708,STU00708,,Low,Medium,0.7486,2026-10-02
PRD00709,STU00709,,High,High,0.9838,2026-10-02
PRD00710,STU00710,,Low,Medium,0.646,2026-10-02
PRD00711,STU00711,,Low,Medium,0.5842,2026-10-02
PRD00712,STU00712,,Medium,High,0.99,2026-10-02
PRD00713,STU00713,,Low,Medium,0.6784,2026-10-02
PRD00714,STU00714,,Low,Medium,0.698,2026-10-02
PRD00715,STU00715,,Medium,Medium,0.9586,2026-10-02
PRD00716,STU00716,,Medium,High,0.99,2026-10-02
PRD00717,STU00717,,Medium,Medium,0.9364,2026-10-02
PRD00718,STU00718,,Low,Medium,0.702,2026-10-02
PRD00719,STU00719,,High,High,0.99,2026-10-02
PRD00720,STU00720,,Medium,High,0.9247,2026-10-02
PRD00721,STU00721,,Low,Low,0.2447,2026-10-02
PRD00722,STU00722,,Medium,Medium,0.6912,2026-10-02
PRD00723,STU00723,,High,High,0.99,2026-10-02
PRD00724,STU00724,,Low,Medium,0.5158,2026-10-02
PRD00725,STU00725,,Medium,Medium,0.8756,2026-10-02
PRD00726,STU00726,,Medium,High,0.99,2026-10-02
PRD00727,STU00727,,Medium,Low,0.4804,2026-10-02
PRD00728,STU00728,,Low,Medium,0.6591,2026-10-02
PRD00729,STU00729,,Medium,Medium,0.8954,2026-10-02
PRD00730,STU00730,,Medium,Medium,0.9526,2026-10-02
PRD00731,STU00731,,Medium,High,0.9839,2026-10-02
PRD00732,STU00732,,High,High,0.99,2026-10-02
PRD00733,STU00733,,Medium,Medium,0.9456,2026-10-02
PRD00734,STU00734,,Medium,High,0.99,2026-10-02
PRD00735,STU00735,,Medium,High,0.99,2026-10-02
PRD00736,STU00736,,Low,Low,0.198,2026-10-02
PRD00737,STU00737,,Medium,High,0.9686,2026-10-02
PRD00738,STU00738,,High,High,0.9614,2026-10-02
PRD00739,STU00739,,Low,Medium,0.6905,2026-10-02
PRD00740,STU00740,,Low,Medium,0.7372,2026-10-02
PRD00741,STU00741,,Medium,High,0.99,2026-10-02
PRD00742,STU00742,,Low,Medium,0.5998,2026-10-02
PRD00743,STU00743,,Medium,Medium,0.9531,2026-10-02
PRD00744,STU00744,,Medium,High,0.9586,2026-10-02
PRD00745,STU00745,,Medium,High,0.9106,2026-10-02
PRD00746,STU00746,,Medium,High,0.9511,2026-10-02
PRD00747,STU00747,,Low,Low,0.4306,2026-10-02
PRD00748,STU00748,,Medium,High,0.9246,2026-10-02
PRD00749,STU00749,,Medium,High,0.9794,2026-10-02
PRD00750,STU00750,,Medium,Medium,0.5024,2026-10-02
PRD00751,STU00751,,Low,Low,0.4457,2026-10-02
PRD00752,STU00752,,Low,Medium,0.5923,2026-10-02
PRD00753,STU00753,,Medium,Medium,0.85,2026-10-02
PRD00754,STU00754,,Low,Low,0.5253,2026-10-02
PRD00755,STU00755,,Low,Medium,0.75,2026-10-02
PRD00756,STU00756,,Medium,High,0.99,2026-10-02
PRD00757,STU00757,,Medium,Medium,0.8049,2026-10-02
PRD00758,STU00758,,Low,Low,0.5161,2026-10-02
PRD00759,STU00759,,Medium,Medium,0.9209,2026-10-02
PRD00760,STU00760,,Medium,Medium,0.9439,2026-10-02
PRD00761,STU00761,,Low,Low,0.4013,2026-10-02
PRD00762,STU00762,,Medium,High,0.9768,2026-10-02
PRD00763,STU00763,,Medium,Medium,0.6972,2026-10-02
PRD00764,STU00764,,Low,High,0.9586,2026-10-02
PRD00765,STU00765,,Low,Low,0.3703,2026-10-02
PRD00766,STU00766,,Low,Medium,0.7427,2026-10-02
PRD00767,STU00767,,High,Medium,0.8262,2026-10-02
PRD00768,STU00768,,Medium,High,0.9363,2026-10-02
PRD00769,STU00769,,Medium,Medium,0.8158,2026-10-02
PRD00770,STU00770,,Medium,Medium,0.8478,2026-10-02
PRD00771,STU00771,,Low,Medium,0.8325,2026-10-02
PRD00772,STU00772,,Medium,High,0.9721,2026-10-02
PRD00773,STU00773,,Medium,High,0.99,2026-10-02
PRD00774,STU00774,,Medium,High,0.9429,2026-10-02
PRD00775,STU00775,,Low,Medium,0.645,2026-10-02
PRD00776,STU00776,,Low,Low,0.1082,2026-10-02
PRD00777,STU00777,,Low,Medium,0.9074,2026-10-02
PRD00778,STU00778,,High,High,0.9676,2026-10-02
PRD00779,STU00779,,Low,Low,0.301,2026-10-02
PRD00780,STU00780,,Low,Medium,0.5567,2026-10-02
PRD00781,STU00781,,High,High,0.9743,2026-10-02
PRD00782,STU00782,,Low,Medium,0.8757,2026-10-02
PRD00783,STU00783,,Low,Low,0.3239,2026-10-02
PRD00784,STU00784,,Medium,Medium,0.7203,2026-10-02
PRD00785,STU00785,,Medium,Medium,0.9445,2026-10-02
PRD00786,STU00786,,Low,Medium,0.896,2026-10-02
PRD00787,STU00787,,Low,Low,0.2617,2026-10-02
PRD00788,STU00788,,Medium,Low,0.4341,2026-10-02
PRD00789,STU00789,,Medium,Medium,0.7494,2026-10-02
PRD00790,STU00790,,Medium,High,0.99,2026-10-02
PRD00791,STU00791,,Low,High,0.9695,2026-10-02
PRD00792,STU00792,,Medium,Medium,0.9203,2026-10-02
PRD00793,STU00793,,Low,Medium,0.7383,2026-10-02
PRD00794,STU00794,,High,High,0.99,2026-10-02
PRD00795,STU00795,,Medium,Medium,0.861,2026-10-02
PRD00796,STU00796,,Low,Medium,0.7826,2026-10-02
PRD00797,STU00797,,Low,Medium,0.6395,2026-10-02
PRD00798,STU00798,,Low,Low,0.1691,2026-10-02
PRD00799,STU00799,,High,High,0.99,2026-10-02
PRD00800,STU00800,,Medium,High,0.9503,2026-10-02
PRD00801,STU00801,,Low,Medium,0.5726,2026-10-02
PRD00802,STU00802,,Medium,High,0.9617,2026-10-02
PRD00803,STU00803,,Medium,Medium,0.9229,2026-10-02
PRD00804,STU00804,,Low,Low,0.4536,2026-10-02
PRD00805,STU00805,,High,High,0.99,2026-10-02
PRD00806,STU00806,,Medium,Medium,0.898,2026-10-02
PRD00807,STU00807,,High,High,0.99,2026-10-02
PRD00808,STU00808,,Low,Medium,0.9146,2026-10-02
PRD00809,STU00809,,Medium,Medium,0.8676,2026-10-02
PRD00810,STU00810,,Medium,High,0.99,2026-10-02
PRD00811,STU00811,,Low,Low,0.4519,2026-10-02
PRD00812,STU00812,,Low,Low,0.4324,2026-10-02
PRD00813,STU00813,,Medium,High,0.9694,2026-10-02
PRD00814,STU00814,,Low,Low,0.3126,2026-10-02
PRD00815,STU00815,,Low,Medium,0.9073,2026-10-02
PRD00816,STU00816,,Medium,Medium,0.8312,2026-10-02
PRD00817,STU00817,,Low,Medium,0.6163,2026-10-02
PRD00818,STU00818,,Low,Low,0.1884,2026-10-02
PRD00819,STU00819,,Medium,Medium,0.8365,2026-10-02
PRD00820,STU00820,,Medium,High,0.9533,2026-10-02
PRD00821,STU00821,,Medium,High,0.9893,2026-10-02
PRD00822,STU00822,,Medium,Medium,0.9443,2026-10-02
PRD00823,STU00823,,Low,High,0.965,2026-10-02
PRD00824,STU00824,,High,High,0.99,2026-10-02
PRD00825,STU00825,,Low,Low,0.4899,2026-10-02
PRD00826,STU00826,,High,High,0.99,2026-10-02
PRD00827,STU00827,,Low,Low,0.2406,2026-10-02
PRD00828,STU00828,,High,High,0.9732,2026-10-02
PRD00829,STU00829,,Medium,Medium,0.9014,2026-10-02
PRD00830,STU00830,,Low,Low,0.3269,2026-10-02
PRD00831,STU00831,,Low,Medium,0.8139,2026-10-02
PRD00832,STU00832,,High,High,0.9803,2026-10-02
PRD00833,STU00833,,Medium,Medium,0.8988,2026-10-02
PRD00834,STU00834,,Low,Low,0.415,2026-10-02
PRD00835,STU00835,,Low,Low,0.2338,2026-10-02
PRD00836,STU00836,,High,High,0.9773,2026-10-02
PRD00837,STU00837,,High,High,0.99,2026-10-02
PRD00838,STU00838,,Low,Medium,0.9081,2026-10-02
PRD00839,STU00839,,Low,Medium,0.7577,2026-10-02
PRD00840,STU00840,,Medium,Medium,0.915,2026-10-02
PRD00841,STU00841,,Medium,High,0.99,2026-10-02
PRD00842,STU00842,,Medium,High,0.99,2026-10-02
PRD00843,STU00843,,Medium,High,0.99,2026-10-02
PRD00844,STU00844,,Medium,High,0.9797,2026-10-02
PRD00845,STU00845,,Medium,High,0.9483,2026-10-02
PRD00846,STU00846,,Low,Medium,0.7366,2026-10-02
PRD00847,STU00847,,High,High,0.99,2026-10-02
PRD00848,STU00848,,Medium,High,0.9695,2026-10-02
PRD00849,STU00849,,Low,Low,0.4406,2026-10-02
PRD00850,STU00850,,Medium,Medium,0.9091,2026-10-02
PRD00851,STU00851,,Medium,Medium,0.8381,2026-10-02
PRD00852,STU00852,,Medium,High,0.9875,2026-10-02
PRD00853,STU00853,,Low,Medium,0.9058,2026-10-02
PRD00854,STU00854,,Medium,High,0.9261,2026-10-02
PRD00855,STU00855,,Medium,Medium,0.9419,2026-10-02
PRD00856,STU00856,,Medium,Medium,0.8673,2026-10-02
PRD00857,STU00857,,Low,Medium,0.9504,2026-10-02
PRD00858,STU00858,,Medium,Medium,0.6012,2026-10-02
PRD00859,STU00859,,Low,Medium,0.7402,2026-10-02
PRD00860,STU00860,,High,High,0.9873,2026-10-02
PRD00861,STU00861,,Low,High,0.9224,2026-10-02
PRD00862,STU00862,,Medium,Medium,0.9489,2026-10-02
PRD00863,STU00863,,Low,Low,0.0482,2026-10-02
PRD00864,STU00864,,Medium,High,0.9887,2026-10-02
PRD00865,STU00865,,Medium,High,0.99,2026-10-02
PRD00866,STU00866,,High,High,0.9633,2026-10-02
PRD00867,STU00867,,Medium,Medium,0.8012,2026-10-02
PRD00868,STU00868,,High,High,0.99,2026-10-02
PRD00869,STU00869,,High,High,0.9539,2026-10-02
PRD00870,STU00870,,Medium,Medium,0.9233,2026-10-02
PRD00871,STU00871,,Medium,Medium,0.9177,2026-10-02
PRD00872,STU00872,,Medium,Medium,0.7576,2026-10-02
PRD00873,STU00873,,Medium,Medium,0.9275,2026-10-02
PRD00874,STU00874,,Low,Low,0.3325,2026-10-02
PRD00875,STU00875,,Medium,High,0.99,2026-10-02
PRD00876,STU00876,,Medium,Medium,0.9336,2026-10-02
PRD00877,STU00877,,High,Medium,0.9465,2026-10-02
PRD00878,STU00878,,Medium,High,0.99,2026-10-02
PRD00879,STU00879,,Low,Medium,0.7079,2026-10-02
PRD00880,STU00880,,High,High,0.9893,2026-10-02
PRD00881,STU00881,,Medium,Medium,0.8853,2026-10-02
PRD00882,STU00882,,Low,Low,0.3176,2026-10-02
PRD00883,STU00883,,Low,Low,0.4814,2026-10-02
PRD00884,STU00884,,High,Medium,0.9311,2026-10-02
PRD00885,STU00885,,Low,Medium,0.4847,2026-10-02
PRD00886,STU00886,,Medium,Medium,0.8444,2026-10-02
PRD00887,STU00887,,Medium,Medium,0.8791,2026-10-02
PRD00888,STU00888,,Medium,Medium,0.7677,2026-10-02
PRD00889,STU00889,,Medium,Medium,0.6738,2026-10-02
PRD00890,STU00890,,Low,Medium,0.5454,2026-10-02
PRD00891,STU00891,,Medium,Medium,0.8767,2026-10-02
PRD00892,STU00892,,Medium,Medium,0.9434,2026-10-02
PRD00893,STU00893,,Low,Medium,0.667,2026-10-02
PRD00894,STU00894,,Medium,Medium,0.8078,2026-10-02
PRD00895,STU00895,,Low,Low,0.4487,2026-10-02
PRD00896,STU00896,,High,High,0.99,2026-10-02
PRD00897,STU00897,,Medium,High,0.99,2026-10-02
PRD00898,STU00898,,Medium,High,0.9643,2026-10-02
PRD00899,STU00899,,High,High,0.99,2026-10-02
PRD00900,STU00900,,Medium,High,0.9838,2026-10-02
PRD00901,STU00901,,Medium,Medium,0.9304,2026-10-02
PRD00902,STU00902,,Medium,High,0.9088,2026-10-02
PRD00903,STU00903,,Low,Medium,0.736,2026-10-02
PRD00904,STU00904,,Medium,High,0.9457,2026-10-02
PRD00905,STU00905,,Medium,Medium,0.8579,2026-10-02
PRD00906,STU00906,,Low,Low,0.4616,2026-10-02
PRD00907,STU00907,,High,High,0.99,2026-10-02
PRD00908,STU00908,,High,High,0.99,2026-10-02
PRD00909,STU00909,,Medium,High,0.939,2026-10-02
PRD00910,STU00910,,High,Medium,0.9053,2026-10-02
PRD00911,STU00911,,Low,Low,0.3407,2026-10-02
PRD00912,STU00912,,High,High,0.9861,2026-10-02
PRD00913,STU00913,,Medium,High,0.9636,2026-10-02
PRD00914,STU00914,,Medium,Medium,0.9209,2026-10-02
PRD00915,STU00915,,Medium,Medium,0.9159,2026-10-02
PRD00916,STU00916,,High,High,0.9666,2026-10-02
PRD00917,STU00917,,Low,Low,0.2067,2026-10-02
PRD00918,STU00918,,Low,Low,0.3472,2026-10-02
PRD00919,STU00919,,Medium,High,0.9734,2026-10-02
PRD00920,STU00920,,Medium,High,0.985,2026-10-02
PRD00921,STU00921,,Low,Medium,0.9084,2026-10-02
PRD00922,STU00922,,Medium,High,0.9674,2026-10-02
PRD00923,STU00923,,Low,Medium,0.5349,2026-10-02
PRD00924,STU00924,,Low,Low,0.2788,2026-10-02
PRD00925,STU00925,,Medium,Medium,0.9245,2026-10-02
PRD00926,STU00926,,Medium,Medium,0.9187,2026-10-02
PRD00927,STU00927,,Medium,High,0.99,2026-10-02
PRD00928,STU00928,,Low,Low,0.2205,2026-10-02
PRD00929,STU00929,,Low,Medium,0.931,2026-10-02
PRD00930,STU00930,,Medium,Medium,0.5951,2026-10-02
PRD00931,STU00931,,Medium,High,0.9362,2026-10-02
PRD00932,STU00932,,Medium,High,0.9382,2026-10-02
PRD00933,STU00933,,Medium,High,0.99,2026-10-02
PRD00934,STU00934,,Medium,High,0.99,2026-10-02
PRD00935,STU00935,,Medium,High,0.9526,2026-10-02
PRD00936,STU00936,,Medium,Medium,0.7864,2026-10-02
PRD00937,STU00937,,High,High,0.99,2026-10-02
PRD00938,STU00938,,High,High,0.99,2026-10-02
PRD00939,STU00939,,Medium,High,0.9702,2026-10-02
PRD00940,STU00940,,Low,Low,0.3353,2026-10-02
PRD00941,STU00941,,Low,Medium,0.6319,2026-10-02
PRD00942,STU00942,,Medium,Medium,0.5574,2026-10-02
PRD00943,STU00943,,Low,Medium,0.6644,2026-10-02
PRD00944,STU00944,,Medium,High,0.99,2026-10-02
PRD00945,STU00945,,Low,Medium,0.728,2026-10-02
PRD00946,STU00946,,Medium,Medium,0.886,2026-10-02
PRD00947,STU00947,,High,Medium,0.9184,2026-10-02
PRD00948,STU00948,,Low,Medium,0.8928,2026-10-02
PRD00949,STU00949,,Low,Low,0.1633,2026-10-02
PRD00950,STU00950,,Medium,High,0.99,2026-10-02
PRD00951,STU00951,,High,High,0.99,2026-10-02
PRD00952,STU00952,,Low,Medium,0.6013,2026-10-02
PRD00953,STU00953,,Low,Low,0.3436,2026-10-02
PRD00954,STU00954,,Low,Low,0.1322,2026-10-02
PRD00955,STU00955,,Low,Medium,0.8563,2026-10-02
PRD00956,STU00956,,High,High,0.9787,2026-10-02
PRD00957,STU00957,,Medium,High,0.9615,2026-10-02
PRD00958,STU00958,,Medium,High,0.9825,2026-10-02
PRD00959,STU00959,,Low,Low,0.4388,2026-10-02
PRD00960,STU00960,,Low,Medium,0.916,2026-10-02
PRD00961,STU00961,,Medium,Medium,0.9051,2026-10-02
PRD00962,STU00962,,Medium,Medium,0.664,2026-10-02
PRD00963,STU00963,,Medium,High,0.9605,2026-10-02
PRD00964,STU00964,,High,High,0.9239,2026-10-02
PRD00965,STU00965,,Medium,High,0.9863,2026-10-02
PRD00966,STU00966,,High,High,0.9886,2026-10-02
PRD00967,STU00967,,Medium,High,0.9625,2026-10-02
PRD00968,STU00968,,Medium,Medium,0.6537,2026-10-02
PRD00969,STU00969,,Medium,Medium,0.9058,2026-10-02
PRD00970,STU00970,,Medium,Medium,0.8749,2026-10-02
PRD00971,STU00971,,Medium,Low,0.4614,2026-10-02
PRD00972,STU00972,,Low,High,0.99,2026-10-02
PRD00973,STU00973,,Low,Low,0.4763,2026-10-02
PRD00974,STU00974,,Medium,High,0.99,2026-10-02
PRD00975,STU00975,,Medium,Medium,0.8125,2026-10-02
PRD00976,STU00976,,Low,Medium,0.7074,2026-10-02
PRD00977,STU00977,,High,High,0.99,2026-10-02
PRD00978,STU00978,,Medium,High,0.9384,2026-10-02
PRD00979,STU00979,,High,High,0.9434,2026-10-02
PRD00980,STU00980,,Medium,Medium,0.8652,2026-10-02
PRD00981,STU00981,,Low,Low,0.2706,2026-10-02
PRD00982,STU00982,,Low,Medium,0.7975,2026-10-02
PRD00983,STU00983,,Low,High,0.9488,2026-10-02
PRD00984,STU00984,,Medium,High,0.9466,2026-10-02
PRD00985,STU00985,,Medium,High,0.9661,2026-10-02
PRD00986,STU00986,,Medium,Medium,0.557,2026-10-02
PRD00987,STU00987,,Medium,Medium,0.781,2026-10-02
PRD00988,STU00988,,Medium,Medium,0.9051,2026-10-02
PRD00989,STU00989,,Medium,High,0.99,2026-10-02
PRD00990,STU00990,,High,High,0.99,2026-10-02
PRD00991,STU00991,,Medium,High,0.99,2026-10-02
PRD00992,STU00992,,Medium,High,0.9625,2026-10-02
PRD00993,STU00993,,Low,Low,0.1816,2026-10-02
PRD00994,STU00994,,Medium,Medium,0.8896,2026-10-02
PRD00995,STU00995,,Low,Low,0.2697,2026-10-02
PRD00996,STU00996,,Medium,High,0.9523,2026-10-02
PRD00997,STU00997,,High,High,0.99,2026-10-02
PRD00998,STU00998,,Medium,High,0.978,2026-10-02
PRD00999,STU00999,,Medium,High,0.99,2026-10-02
PRD01000,STU01000,,Medium,Medium,0.8928,2026-10-02
PRD01001,STU01001,,High,High,0.99,2026-10-02
PRD01002,STU01002,,Medium,Medium,0.8544,2026-10-02
PRD01003,STU01003,,Low,Low,0.1704,2026-10-02
PRD01004,STU01004,,Low,Low,0.4241,2026-10-02
PRD01005,STU01005,,Low,Low,0.2058,2026-10-02
PRD01006,STU01006,,Low,Low,0.3366,2026-10-02
PRD01007,STU01007,,Low,Medium,0.5818,2026-10-02
PRD01008,STU01008,,Medium,Medium,0.6633,2026-10-02
PRD01009,STU01009,,High,High,0.9246,2026-10-02
PRD01010,STU01010,,Low,High,0.99,2026-10-02
PRD01011,STU01011,,Low,Medium,0.6985,2026-10-02
PRD01012,STU01012,,Medium,High,0.99,2026-10-02
PRD01013,STU01013,,Low,Medium,0.8212,2026-10-02
PRD01014,STU01014,,Medium,Medium,0.8959,2026-10-02
PRD01015,STU01015,,Medium,High,0.9707,2026-10-02
PRD01016,STU01016,,Low,Low,0.3635,2026-10-02
PRD01017,STU01017,,Medium,Medium,0.9153,2026-10-02
PRD01018,STU01018,,Medium,Medium,0.9724,2026-10-02
PRD01019,STU01019,,High,High,0.9771,2026-10-02
PRD01020,STU01020,,Low,Medium,0.8582,2026-10-02
PRD01021,STU01021,,Medium,Medium,0.6063,2026-10-02
PRD01022,STU01022,,High,High,0.99,2026-10-02
PRD01023,STU01023,,Low,Low,0.3979,2026-10-02
PRD01024,STU01024,,Low,High,0.99,2026-10-02
PRD01025,STU01025,,Medium,High,0.99,2026-10-02
PRD01026,STU01026,,Medium,Medium,0.935,2026-10-02
PRD01027,STU01027,,Low,Low,0.2486,2026-10-02
PRD01028,STU01028,,Medium,Low,0.3702,2026-10-02
PRD01029,STU01029,,High,High,0.962,2026-10-02
PRD01030,STU01030,,Low,Low,0.3559,2026-10-02
PRD01031,STU01031,,Medium,Medium,0.9045,2026-10-02
PRD01032,STU01032,,Medium,High,0.99,2026-10-02
PRD01033,STU01033,,Low,Medium,0.9467,2026-10-02
PRD01034,STU01034,,Medium,High,0.9584,2026-10-02
PRD01035,STU01035,,High,High,0.9677,2026-10-02
PRD01036,STU01036,,Low,Low,0.2573,2026-10-02
PRD01037,STU01037,,High,High,0.9747,2026-10-02
PRD01038,STU01038,,Low,Low,0.196,2026-10-02
PRD01039,STU01039,,Low,Medium,0.8327,2026-10-02
PRD01040,STU01040,,Medium,High,0.99,2026-10-02
PRD01041,STU01041,,Medium,High,0.9641,2026-10-02
PRD01042,STU01042,,High,High,0.99,2026-10-02
PRD01043,STU01043,,Medium,Medium,0.9202,2026-10-02
PRD01044,STU01044,,Low,Medium,0.6,2026-10-02
PRD01045,STU01045,,Medium,High,0.9373,2026-10-02
PRD01046,STU01046,,Medium,High,0.99,2026-10-02
PRD01047,STU01047,,High,High,0.99,2026-10-02
PRD01048,STU01048,,Low,Medium,0.8315,2026-10-02
PRD01049,STU01049,,High,High,0.99,2026-10-02
PRD01050,STU01050,,Medium,High,0.9859,2026-10-02
PRD01051,STU01051,,Low,Low,0.2323,2026-10-02
PRD01052,STU01052,,Low,Low,0.3321,2026-10-02
PRD01053,STU01053,,Low,High,0.8999,2026-10-02
PRD01054,STU01054,,Low,Low,0.1905,2026-10-02
PRD01055,STU01055,,High,High,0.986,2026-10-02
PRD01056,STU01056,,Low,Medium,0.7567,2026-10-02
PRD01057,STU01057,,Medium,Medium,0.8262,2026-10-02
PRD01058,STU01058,,High,High,0.9702,2026-10-02
PRD01059,STU01059,,Low,Low,0.4714,2026-10-02
PRD01060,STU01060,,High,High,0.922,2026-10-02
PRD01061,STU01061,,Low,Medium,0.664,2026-10-02
PRD01062,STU01062,,Low,Low,0.4781,2026-10-02
PRD01063,STU01063,,Medium,High,0.9809,2026-10-02
PRD01064,STU01064,,Low,Medium,0.823,2026-10-02
PRD01065,STU01065,,High,High,0.99,2026-10-02
PRD01066,STU01066,,Low,Low,0.3291,2026-10-02
PRD01067,STU01067,,Medium,Medium,0.5367,2026-10-02
PRD01068,STU01068,,High,High,0.9171,2026-10-02
PRD01069,STU01069,,Low,Low,0.3576,2026-10-02
PRD01070,STU01070,,Medium,Medium,0.8352,2026-10-02
PRD01071,STU01071,,High,High,0.99,2026-10-02
PRD01072,STU01072,,Low,Low,0.3356,2026-10-02
PRD01073,STU01073,,Low,Medium,0.571,2026-10-02
PRD01074,STU01074,,Medium,Medium,0.8154,2026-10-02
PRD01075,STU01075,,Medium,High,0.948,2026-10-02
PRD01076,STU01076,,Low,Low,0.1251,2026-10-02
PRD01077,STU01077,,High,High,0.99,2026-10-02
PRD01078,STU01078,,High,High,0.9598,2026-10-02
PRD01079,STU01079,,Medium,Medium,0.719,2026-10-02
PRD01080,STU01080,,Medium,High,0.9767,2026-10-02
PRD01081,STU01081,,Low,High,0.9389,2026-10-02
PRD01082,STU01082,,High,High,0.9621,2026-10-02
PRD01083,STU01083,,Medium,High,0.959,2026-10-02
PRD01084,STU01084,,Medium,Low,0.3713,2026-10-02
PRD01085,STU01085,,Low,Medium,0.7528,2026-10-02
PRD01086,STU01086,,Medium,High,0.9647,2026-10-02
PRD01087,STU01087,,Low,Low,0.1051,2026-10-02
PRD01088,STU01088,,High,High,0.99,2026-10-02
PRD01089,STU01089,,High,High,0.99,2026-10-02
PRD01090,STU01090,,Low,Low,0.4216,2026-10-02
PRD01091,STU01091,,Medium,High,0.9607,2026-10-02
PRD01092,STU01092,,Medium,High,0.99,2026-10-02
PRD01093,STU01093,,Medium,Medium,0.8241,2026-10-02
PRD01094,STU01094,,High,High,0.9666,2026-10-02
PRD01095,STU01095,,Low,Medium,0.63,2026-10-02
PRD01096,STU01096,,Medium,High,0.945,2026-10-02
PRD01097,STU01097,,High,High,0.99,2026-10-02
PRD01098,STU01098,,Low,Medium,0.9397,2026-10-02
PRD01099,STU01099,,Medium,High,0.9773,2026-10-02
PRD01100,STU01100,,Low,Medium,0.7901,2026-10-02
PRD01101,STU01101,,High,High,0.9669,2026-10-02
PRD01102,STU01102,,High,High,0.99,2026-10-02
PRD01103,STU01103,,Medium,High,0.9853,2026-10-02
PRD01104,STU01104,,Medium,Medium,0.8059,2026-10-02
PRD01105,STU01105,,Medium,Medium,0.8461,2026-10-02
PRD01106,STU01106,,Low,Medium,0.6507,2026-10-02
PRD01107,STU01107,,Low,Low,0.444,2026-10-02
PRD01108,STU01108,,High,High,0.9799,2026-10-02
PRD01109,STU01109,,Medium,Medium,0.8895,2026-10-02
PRD01110,STU01110,,Medium,Medium,0.9554,2026-10-02
PRD01111,STU01111,,Low,Low,0.4245,2026-10-02
PRD01112,STU01112,,High,High,0.981,2026-10-02
PRD01113,STU01113,,Medium,High,0.9477,2026-10-02
PRD01114,STU01114,,Medium,High,0.99,2026-10-02
PRD01115,STU01115,,Medium,High,0.99,2026-10-02
PRD01116,STU01116,,Low,Medium,0.6353,2026-10-02
PRD01117,STU01117,,Medium,Medium,0.6909,2026-10-02
PRD01118,STU01118,,Medium,High,0.985,2026-10-02
PRD01119,STU01119,,Low,Low,0.1532,2026-10-02
PRD01120,STU01120,,Medium,Medium,0.9344,2026-10-02
PRD01121,STU01121,,Medium,Low,0.2377,2026-10-02
PRD01122,STU01122,,Low,Medium,0.7407,2026-10-02
PRD01123,STU01123,,Low,Medium,0.9044,2026-10-02
PRD01124,STU01124,,High,High,0.99,2026-10-02
PRD01125,STU01125,,Medium,Medium,0.9467,2026-10-02
PRD01126,STU01126,,Low,Medium,0.7798,2026-10-02
PRD01127,STU01127,,Low,Medium,0.6552,2026-10-02
PRD01128,STU01128,,High,High,0.99,2026-10-02
PRD01129,STU01129,,Low,Low,0.261,2026-10-02
PRD01130,STU01130,,Low,Medium,0.8724,2026-10-02
PRD01131,STU01131,,Medium,High,0.99,2026-10-02
PRD01132,STU01132,,High,High,0.99,2026-10-02
PRD01133,STU01133,,Medium,Medium,0.9131,2026-10-02
PRD01134,STU01134,,Medium,High,0.99,2026-10-02
PRD01135,STU01135,,Low,Medium,0.9031,2026-10-02
PRD01136,STU01136,,Medium,Medium,0.8986,2026-10-02
PRD01137,STU01137,,Medium,Medium,0.7577,2026-10-02
PRD01138,STU01138,,Low,High,0.9354,2026-10-02
PRD01139,STU01139,,Medium,Medium,0.9141,2026-10-02
PRD01140,STU01140,,Medium,Medium,0.8632,2026-10-02
PRD01141,STU01141,,Low,Medium,0.8381,2026-10-02
PRD01142,STU01142,,High,High,0.9822,2026-10-02
PRD01143,STU01143,,Low,Low,0.3577,2026-10-02
PRD01144,STU01144,,High,High,0.9571,2026-10-02
PRD01145,STU01145,,Medium,High,0.99,2026-10-02
PRD01146,STU01146,,Medium,Medium,0.9381,2026-10-02
PRD01147,STU01147,,Medium,Medium,0.7343,2026-10-02
PRD01148,STU01148,,Low,Low,0.452,2026-10-02
PRD01149,STU01149,,Medium,High,0.9875,2026-10-02
PRD01150,STU01150,,Medium,Medium,0.9,2026-10-02
PRD01151,STU01151,,High,High,0.9848,2026-10-02
PRD01152,STU01152,,Medium,Medium,0.8387,2026-10-02
PRD01153,STU01153,,High,High,0.9862,2026-10-02
PRD01154,STU01154,,Medium,High,0.9536,2026-10-02
PRD01155,STU01155,,Medium,Medium,0.8262,2026-10-02
PRD01156,STU01156,,Medium,High,0.99,2026-10-02
PRD01157,STU01157,,Low,Low,0.1302,2026-10-02
PRD01158,STU01158,,Low,Low,0.4517,2026-10-02
PRD01159,STU01159,,Low,Medium,0.9018,2026-10-02
PRD01160,STU01160,,Medium,High,0.9681,2026-10-02
PRD01161,STU01161,,High,High,0.99,2026-10-02
PRD01162,STU01162,,High,High,0.9624,2026-10-02
PRD01163,STU01163,,Low,Medium,0.8877,2026-10-02
PRD01164,STU01164,,Low,High,0.9722,2026-10-02
PRD01165,STU01165,,Medium,Medium,0.8561,2026-10-02
PRD01166,STU01166,,Medium,Medium,0.7497,2026-10-02
PRD01167,STU01167,,Medium,High,0.9753,2026-10-02
PRD01168,STU01168,,High,High,0.99,2026-10-02
PRD01169,STU01169,,Medium,Medium,0.9177,2026-10-02
PRD01170,STU01170,,Low,Low,0.1293,2026-10-02
PRD01171,STU01171,,Medium,Medium,0.6875,2026-10-02
PRD01172,STU01172,,Low,Medium,0.5256,2026-10-02
PRD01173,STU01173,,Medium,Medium,0.7713,2026-10-02
PRD01174,STU01174,,Medium,Medium,0.8217,2026-10-02
PRD01175,STU01175,,Medium,Medium,0.8707,2026-10-02
PRD01176,STU01176,,Medium,Medium,0.9489,2026-10-02
PRD01177,STU01177,,Low,Medium,0.674,2026-10-02
PRD01178,STU01178,,High,High,0.9869,2026-10-02
PRD01179,STU01179,,Low,Low,0.3454,2026-10-02
PRD01180,STU01180,,Medium,High,0.9523,2026-10-02
PRD01181,STU01181,,Medium,Medium,0.9151,2026-10-02
PRD01182,STU01182,,High,High,0.989,2026-10-02
PRD01183,STU01183,,Medium,High,0.99,2026-10-02
PRD01184,STU01184,,Medium,High,0.9614,2026-10-02
PRD01185,STU01185,,High,High,0.99,2026-10-02
PRD01186,STU01186,,Medium,Medium,0.9057,2026-10-02
PRD01187,STU01187,,Medium,Medium,0.9383,2026-10-02
PRD01188,STU01188,,Low,Medium,0.8837,2026-10-02
PRD01189,STU01189,,Low,Medium,0.7356,2026-10-02
PRD01190,STU01190,,Low,Medium,0.8136,2026-10-02
PRD01191,STU01191,,Low,Medium,0.8383,2026-10-02
PRD01192,STU01192,,Medium,Medium,0.9244,2026-10-02
PRD01193,STU01193,,Medium,Medium,0.8029,2026-10-02
PRD01194,STU01194,,High,High,0.99,2026-10-02
PRD01195,STU01195,,Low,Medium,0.7767,2026-10-02
PRD01196,STU01196,,Low,Medium,0.7119,2026-10-02
PRD01197,STU01197,,Medium,Medium,0.889,2026-10-02
PRD01198,STU01198,,Low,Low,0.2905,2026-10-02
PRD01199,STU01199,,High,Medium,0.9138,2026-10-02
PRD01200,STU01200,,Low,Medium,0.7621,2026-10-02
PRD01201,STU01201,,High,High,0.99,2026-10-02
PRD01202,STU01202,,Medium,Medium,0.8941,2026-10-02
PRD01203,STU01203,,Medium,Medium,0.8606,2026-10-02
PRD01204,STU01204,,High,High,0.9559,2026-10-02
PRD01205,STU01205,,Medium,High,0.9361,2026-10-02
PRD01206,STU01206,,Low,Low,0.4439,2026-10-02
PRD01207,STU01207,,Medium,Medium,0.8833,2026-10-02
PRD01208,STU01208,,High,Medium,0.9595,2026-10-02
PRD01209,STU01209,,High,High,0.99,2026-10-02
PRD01210,STU01210,,Medium,Medium,0.8698,2026-10-02
PRD01211,STU01211,,High,High,0.9699,2026-10-02
PRD01212,STU01212,,High,High,0.9816,2026-10-02
PRD01213,STU01213,,Medium,Medium,0.5987,2026-10-02
PRD01214,STU01214,,Medium,Medium,0.7914,2026-10-02
PRD01215,STU01215,,Medium,High,0.9529,2026-10-02
PRD01216,STU01216,,Medium,High,0.99,2026-10-02
PRD01217,STU01217,,Low,Medium,0.7715,2026-10-02
PRD01218,STU01218,,Low,Medium,0.6189,2026-10-02
PRD01219,STU01219,,Medium,High,0.9371,2026-10-02
PRD01220,STU01220,,High,High,0.99,2026-10-02
PRD01221,STU01221,,Low,Medium,0.567,2026-10-02
PRD01222,STU01222,,Low,Medium,0.9079,2026-10-02
PRD01223,STU01223,,Medium,Low,0.4941,2026-10-02
PRD01224,STU01224,,Low,Low,0.2907,2026-10-02
PRD01225,STU01225,,Medium,Medium,0.6722,2026-10-02
PRD01226,STU01226,,Low,Low,0.3451,2026-10-02
PRD01227,STU01227,,Medium,High,0.9269,2026-10-02
PRD01228,STU01228,,Medium,Medium,0.9415,2026-10-02
PRD01229,STU01229,,High,High,0.99,2026-10-02
PRD01230,STU01230,,High,High,0.9843,2026-10-02
PRD01231,STU01231,,Medium,High,0.9501,2026-10-02
PRD01232,STU01232,,Medium,High,0.9738,2026-10-02
PRD01233,STU01233,,Low,Medium,0.8601,2026-10-02
PRD01234,STU01234,,Low,Medium,0.5895,2026-10-02
PRD01235,STU01235,,Medium,High,0.99,2026-10-02
PRD01236,STU01236,,High,High,0.9806,2026-10-02
PRD01237,STU01237,,Low,Low,0.1621,2026-10-02
PRD01238,STU01238,,Low,Medium,0.698,2026-10-02
PRD01239,STU01239,,Medium,Medium,0.6214,2026-10-02
PRD01240,STU01240,,Medium,High,0.9255,2026-10-02
PRD01241,STU01241,,Medium,Medium,0.8112,2026-10-02
PRD01242,STU01242,,Medium,High,0.9606,2026-10-02
PRD01243,STU01243,,Low,Low,0.117,2026-10-02
PRD01244,STU01244,,Low,Medium,0.6445,2026-10-02
PRD01245,STU01245,,Low,Medium,0.6508,2026-10-02
PRD01246,STU01246,,Medium,Medium,0.903,2026-10-02
PRD01247,STU01247,,Medium,High,0.9428,2026-10-02
PRD01248,STU01248,,Low,Medium,0.7186,2026-10-02
PRD01249,STU01249,,Medium,High,0.959,2026-10-02
PRD01250,STU01250,,Medium,High,0.9876,2026-10-02
PRD01251,STU01251,,High,High,0.9797,2026-10-02
PRD01252,STU01252,,Low,Medium,0.5184,2026-10-02
PRD01253,STU01253,,Medium,High,0.99,2026-10-02
PRD01254,STU01254,,Low,Low,0.2681,2026-10-02
PRD01255,STU01255,,Low,Low,0.3165,2026-10-02
PRD01256,STU01256,,Medium,Medium,0.8785,2026-10-02
PRD01257,STU01257,,Medium,Medium,0.9267,2026-10-02
PRD01258,STU01258,,High,High,0.99,2026-10-02
PRD01259,STU01259,,Medium,High,0.9895,2026-10-02
PRD01260,STU01260,,Medium,Medium,0.9136,2026-10-02
PRD01261,STU01261,,Low,Medium,0.8294,2026-10-02
PRD01262,STU01262,,Low,Medium,0.6233,2026-10-02
PRD01263,STU01263,,High,High,0.99,2026-10-02
PRD01264,STU01264,,Medium,Medium,0.928,2026-10-02
PRD01265,STU01265,,Medium,High,0.9602,2026-10-02
PRD01266,STU01266,,Medium,High,0.99,2026-10-02
PRD01267,STU01267,,Medium,High,0.99,2026-10-02
PRD01268,STU01268,,Medium,Medium,0.7643,2026-10-02
PRD01269,STU01269,,Medium,Medium,0.9597,2026-10-02
PRD01270,STU01270,,High,High,0.99,2026-10-02
PRD01271,STU01271,,Medium,Medium,0.922,2026-10-02
PRD01272,STU01272,,Medium,High,0.9444,2026-10-02
PRD01273,STU01273,,Low,Medium,0.8655,2026-10-02
PRD01274,STU01274,,Medium,High,0.99,2026-10-02
PRD01275,STU01275,,Medium,High,0.99,2026-10-02
PRD01276,STU01276,,Medium,Medium,0.9062,2026-10-02
PRD01277,STU01277,,Medium,High,0.9437,2026-10-02
PRD01278,STU01278,,Low,Medium,0.563,2026-10-02
PRD01279,STU01279,,Low,Low,0.3299,2026-10-02
PRD01280,STU01280,,High,High,0.9826,2026-10-02
PRD01281,STU01281,,Low,Medium,0.6643,2026-10-02
PRD01282,STU01282,,Low,Low,0.5277,2026-10-02
PRD01283,STU01283,,Medium,High,0.9456,2026-10-02
PRD01284,STU01284,,Low,Low,0.3225,2026-10-02
PRD01285,STU01285,,High,High,0.9891,2026-10-02
PRD01286,STU01286,,Medium,High,0.9722,2026-10-02
PRD01287,STU01287,,High,High,0.9513,2026-10-02
PRD01288,STU01288,,Medium,Medium,0.9259,2026-10-02
PRD01289,STU01289,,Low,Medium,0.7867,2026-10-02
PRD01290,STU01290,,High,High,0.968,2026-10-02
PRD01291,STU01291,,Medium,Medium,0.6733,2026-10-02
PRD01292,STU01292,,Low,Low,0.1884,2026-10-02
PRD01293,STU01293,,High,High,0.9641,2026-10-02
PRD01294,STU01294,,Low,Medium,0.5498,2026-10-02
PRD01295,STU01295,,High,High,0.99,2026-10-02
PRD01296,STU01296,,High,High,0.99,2026-10-02
PRD01297,STU01297,,Medium,Medium,0.8563,2026-10-02
PRD01298,STU01298,,Medium,Medium,0.9394,2026-10-02
PRD01299,STU01299,,Low,Medium,0.5608,2026-10-02
PRD01300,STU01300,,Medium,High,0.9695,2026-10-02
PRD01301,STU01301,,High,High,0.99,2026-10-02
PRD01302,STU01302,,Medium,High,0.99,2026-10-02
PRD01303,STU01303,,Low,Medium,0.6822,2026-10-02
PRD01304,STU01304,,Medium,High,0.965,2026-10-02
PRD01305,STU01305,,Medium,Medium,0.6163,2026-10-02
PRD01306,STU01306,,Low,Medium,0.8257,2026-10-02
PRD01307,STU01307,,Low,Low,0.4384,2026-10-02
PRD01308,STU01308,,Medium,High,0.96,2026-10-02
PRD01309,STU01309,,Low,Medium,0.6577,2026-10-02
PRD01310,STU01310,,Medium,Medium,0.7614,2026-10-02
PRD01311,STU01311,,Medium,Medium,0.8742,2026-10-02
PRD01312,STU01312,,Medium,Medium,0.8811,2026-10-02
PRD01313,STU01313,,Medium,Medium,0.9395,2026-10-02
PRD01314,STU01314,,Medium,Medium,0.889,2026-10-02
PRD01315,STU01315,,Medium,High,0.99,2026-10-02
PRD01316,STU01316,,Medium,High,0.99,2026-10-02
PRD01317,STU01317,,Low,High,0.9779,2026-10-02
PRD01318,STU01318,,High,High,0.99,2026-10-02
PRD01319,STU01319,,Medium,Medium,0.8294,2026-10-02
PRD01320,STU01320,,Medium,High,0.9851,2026-10-02
PRD01321,STU01321,,Medium,Medium,0.5227,2026-10-02
PRD01322,STU01322,,Low,Medium,0.8127,2026-10-02
PRD01323,STU01323,,Medium,Medium,0.9318,2026-10-02
PRD01324,STU01324,,Low,Low,0.1575,2026-10-02
PRD01325,STU01325,,Medium,High,0.9226,2026-10-02
PRD01326,STU01326,,High,High,0.99,2026-10-02
PRD01327,STU01327,,Medium,Medium,0.8852,2026-10-02
PRD01328,STU01328,,Medium,Medium,0.9608,2026-10-02
PRD01329,STU01329,,Low,Medium,0.6298,2026-10-02
PRD01330,STU01330,,Low,Medium,0.8312,2026-10-02
PRD01331,STU01331,,Medium,Medium,0.855,2026-10-02
PRD01332,STU01332,,Medium,Medium,0.8825,2026-10-02
PRD01333,STU01333,,Low,Medium,0.8617,2026-10-02
PRD01334,STU01334,,Medium,High,0.9608,2026-10-02
PRD01335,STU01335,,Medium,Medium,0.9369,2026-10-02
PRD01336,STU01336,,Low,Medium,0.5997,2026-10-02
PRD01337,STU01337,,High,High,0.99,2026-10-02
PRD01338,STU01338,,Medium,High,0.99,2026-10-02
PRD01339,STU01339,,Medium,High,0.9429,2026-10-02
PRD01340,STU01340,,Medium,High,0.987,2026-10-02
PRD01341,STU01341,,Low,Medium,0.5378,2026-10-02
PRD01342,STU01342,,Low,Low,0.1286,2026-10-02
PRD01343,STU01343,,Low,Medium,0.8396,2026-10-02
PRD01344,STU01344,,Medium,High,0.99,2026-10-02
PRD01345,STU01345,,Low,Medium,0.718,2026-10-02
PRD01346,STU01346,,Medium,Medium,0.8049,2026-10-02
PRD01347,STU01347,,Medium,High,0.9656,2026-10-02
PRD01348,STU01348,,Medium,High,0.9769,2026-10-02
PRD01349,STU01349,,Medium,High,0.99,2026-10-02
PRD01350,STU01350,,Low,Low,0.4683,2026-10-02
PRD01351,STU01351,,Medium,High,0.9888,2026-10-02
PRD01352,STU01352,,Medium,Medium,0.8233,2026-10-02
PRD01353,STU01353,,Medium,High,0.99,2026-10-02
PRD01354,STU01354,,Low,Low,0.4273,2026-10-02
PRD01355,STU01355,,Medium,Medium,0.9189,2026-10-02
PRD01356,STU01356,,Medium,Medium,0.9312,2026-10-02
PRD01357,STU01357,,High,High,0.99,2026-10-02
PRD01358,STU01358,,Medium,High,0.9811,2026-10-02
PRD01359,STU01359,,High,High,0.9873,2026-10-02
PRD01360,STU01360,,Medium,High,0.9511,2026-10-02
PRD01361,STU01361,,Low,Medium,0.785,2026-10-02
PRD01362,STU01362,,Low,Medium,0.7757,2026-10-02
PRD01363,STU01363,,Medium,High,0.9733,2026-10-02
PRD01364,STU01364,,Low,Low,0.2201,2026-10-02
PRD01365,STU01365,,Low,Medium,0.5377,2026-10-02
PRD01366,STU01366,,Low,Medium,0.6337,2026-10-02
PRD01367,STU01367,,Medium,Medium,0.9312,2026-10-02
PRD01368,STU01368,,Medium,High,0.9471,2026-10-02
PRD01369,STU01369,,High,High,0.99,2026-10-02
PRD01370,STU01370,,Low,Low,0.1247,2026-10-02
PRD01371,STU01371,,High,High,0.99,2026-10-02
PRD01372,STU01372,,Low,Medium,0.4834,2026-10-02
PRD01373,STU01373,,High,High,0.99,2026-10-02
PRD01374,STU01374,,Medium,High,0.99,2026-10-02
PRD01375,STU01375,,Low,Low,0.3808,2026-10-02
PRD01376,STU01376,,Medium,High,0.9515,2026-10-02
PRD01377,STU01377,,Low,Medium,0.6799,2026-10-02
PRD01378,STU01378,,Medium,High,0.99,2026-10-02
PRD01379,STU01379,,Medium,Medium,0.866,2026-10-02
PRD01380,STU01380,,Low,Low,0.1938,2026-10-02
PRD01381,STU01381,,Medium,High,0.9788,2026-10-02
PRD01382,STU01382,,High,High,0.99,2026-10-02
PRD01383,STU01383,,Medium,Medium,0.8567,2026-10-02
PRD01384,STU01384,,Low,Low,0.4361,2026-10-02
PRD01385,STU01385,,Medium,Medium,0.6953,2026-10-02
PRD01386,STU01386,,High,Medium,0.9195,2026-10-02
PRD01387,STU01387,,Medium,Medium,0.8492,2026-10-02
PRD01388,STU01388,,High,High,0.99,2026-10-02
PRD01389,STU01389,,Low,Low,0.3864,2026-10-02
PRD01390,STU01390,,Medium,High,0.9693,2026-10-02
PRD01391,STU01391,,Medium,High,0.99,2026-10-02
PRD01392,STU01392,,High,High,0.99,2026-10-02
PRD01393,STU01393,,Low,Medium,0.9606,2026-10-02
PRD01394,STU01394,,Medium,Medium,0.843,2026-10-02
PRD01395,STU01395,,Low,Medium,0.8562,2026-10-02
PRD01396,STU01396,,Medium,High,0.99,2026-10-02
PRD01397,STU01397,,Medium,Medium,0.7781,2026-10-02
PRD01398,STU01398,,Medium,Medium,0.9609,2026-10-02
PRD01399,STU01399,,Medium,Medium,0.9349,2026-10-02
PRD01400,STU01400,,Medium,High,0.9156,2026-10-02
PRD01401,STU01401,,High,High,0.99,2026-10-02
PRD01402,STU01402,,Medium,Medium,0.9058,2026-10-02
PRD01403,STU01403,,Low,Low,0.3052,2026-10-02
PRD01404,STU01404,,Medium,High,0.99,2026-10-02
PRD01405,STU01405,,Medium,Medium,0.9259,2026-10-02
PRD01406,STU01406,,High,High,0.99,2026-10-02
PRD01407,STU01407,,Medium,Medium,0.9353,2026-10-02
PRD01408,STU01408,,High,High,0.9851,2026-10-02
PRD01409,STU01409,,Medium,Medium,0.8074,2026-10-02
PRD01410,STU01410,,Medium,High,0.9748,2026-10-02
PRD01411,STU01411,,High,High,0.99,2026-10-02
PRD01412,STU01412,,Medium,High,0.9776,2026-10-02
PRD01413,STU01413,,Low,Low,0.2869,2026-10-02
PRD01414,STU01414,,Low,Low,0.2734,2026-10-02
PRD01415,STU01415,,Low,Medium,0.484,2026-10-02
PRD01416,STU01416,,High,High,0.9893,2026-10-02
PRD01417,STU01417,,Medium,High,0.986,2026-10-02
PRD01418,STU01418,,Medium,Medium,0.8843,2026-10-02
PRD01419,STU01419,,Medium,High,0.99,2026-10-02
PRD01420,STU01420,,High,High,0.99,2026-10-02
PRD01421,STU01421,,Medium,Medium,0.7645,2026-10-02
PRD01422,STU01422,,High,High,0.99,2026-10-02
PRD01423,STU01423,,Medium,Medium,0.7611,2026-10-02
PRD01424,STU01424,,Medium,Medium,0.8817,2026-10-02
PRD01425,STU01425,,Medium,Medium,0.9483,2026-10-02
PRD01426,STU01426,,Low,Medium,0.6743,2026-10-02
PRD01427,STU01427,,Medium,Medium,0.8634,2026-10-02
PRD01428,STU01428,,Low,Medium,0.762,2026-10-02
PRD01429,STU01429,,Low,Medium,0.9493,2026-10-02
PRD01430,STU01430,,Low,Low,0.4339,2026-10-02
PRD01431,STU01431,,Low,Medium,0.6464,2026-10-02
PRD01432,STU01432,,Medium,Medium,0.7182,2026-10-02
PRD01433,STU01433,,Low,Low,0.2057,2026-10-02
PRD01434,STU01434,,High,High,0.99,2026-10-02
PRD01435,STU01435,,Low,Low,0.4331,2026-10-02
PRD01436,STU01436,,Low,Low,0.4484,2026-10-02
PRD01437,STU01437,,Medium,High,0.9726,2026-10-02
PRD01438,STU01438,,Medium,Medium,0.6186,2026-10-02
PRD01439,STU01439,,High,High,0.99,2026-10-02
PRD01440,STU01440,,High,High,0.9661,2026-10-02
PRD01441,STU01441,,Medium,High,0.99,2026-10-02
PRD01442,STU01442,,Low,Medium,0.7285,2026-10-02
PRD01443,STU01443,,Medium,High,0.9519,2026-10-02
PRD01444,STU01444,,High,High,0.9692,2026-10-02
PRD01445,STU01445,,Low,Medium,0.8507,2026-10-02
PRD01446,STU01446,,Low,Medium,0.909,2026-10-02
PRD01447,STU01447,,High,High,0.99,2026-10-02
PRD01448,STU01448,,Medium,High,0.9656,2026-10-02
PRD01449,STU01449,,High,High,0.9878,2026-10-02
PRD01450,STU01450,,Medium,Medium,0.7997,2026-10-02
PRD01451,STU01451,,Medium,Low,0.4013,2026-10-02
PRD01452,STU01452,,Medium,Medium,0.9444,2026-10-02
PRD01453,STU01453,,Medium,Medium,0.8376,2026-10-02
PRD01454,STU01454,,Low,Medium,0.8246,2026-10-02
PRD01455,STU01455,,Low,Low,0.2641,2026-10-02
PRD01456,STU01456,,Medium,High,0.9822,2026-10-02
PRD01457,STU01457,,Low,Medium,0.7339,2026-10-02
PRD01458,STU01458,,Low,Low,0.5006,2026-10-02
PRD01459,STU01459,,Medium,Medium,0.8209,2026-10-02
PRD01460,STU01460,,High,High,0.99,2026-10-02
PRD01461,STU01461,,High,High,0.99,2026-10-02
PRD01462,STU01462,,High,High,0.9815,2026-10-02
PRD01463,STU01463,,Medium,High,0.9777,2026-10-02
PRD01464,STU01464,,High,High,0.9873,2026-10-02
PRD01465,STU01465,,High,High,0.99,2026-10-02
PRD01466,STU01466,,Medium,High,0.958,2026-10-02
PRD01467,STU01467,,High,High,0.9855,2026-10-02
PRD01468,STU01468,,Medium,Medium,0.9774,2026-10-02
PRD01469,STU01469,,Medium,High,0.9725,2026-10-02
PRD01470,STU01470,,Low,Low,0.3203,2026-10-02
PRD01471,STU01471,,Low,Low,0.4553,2026-10-02
PRD01472,STU01472,,Low,Medium,0.871,2026-10-02
PRD01473,STU01473,,Medium,Medium,0.6864,2026-10-02
PRD01474,STU01474,,Medium,High,0.99,2026-10-02
PRD01475,STU01475,,Medium,High,0.9764,2026-10-02
PRD01476,STU01476,,Medium,Medium,0.8085,2026-10-02
PRD01477,STU01477,,Low,Medium,0.7993,2026-10-02
PRD01478,STU01478,,Medium,Medium,0.9281,2026-10-02
PRD01479,STU01479,,Low,Low,0.3907,2026-10-02
PRD01480,STU01480,,Medium,Medium,0.9022,2026-10-02
PRD01481,STU01481,,Low,Medium,0.6346,2026-10-02
PRD01482,STU01482,,Medium,Medium,0.9036,2026-10-02
PRD01483,STU01483,,High,High,0.99,2026-10-02
PRD01484,STU01484,,High,High,0.99,2026-10-02
PRD01485,STU01485,,Medium,High,0.9801,2026-10-02
PRD01486,STU01486,,Low,Medium,0.7394,2026-10-02
PRD01487,STU01487,,Low,Low,0.2208,2026-10-02
PRD01488,STU01488,,Low,Low,0.3142,2026-10-02
PRD01489,STU01489,,High,High,0.9412,2026-10-02
PRD01490,STU01490,,Low,Low,0.274,2026-10-02
PRD01491,STU01491,,Medium,Medium,0.6581,2026-10-02
PRD01492,STU01492,,Low,Medium,0.8902,2026-10-02
PRD01493,STU01493,,Medium,High,0.9719,2026-10-02
PRD01494,STU01494,,Medium,High,0.9887,2026-10-02
PRD01495,STU01495,,High,High,0.9539,2026-10-02
PRD01496,STU01496,,Low,Low,0.5146,2026-10-02
PRD01497,STU01497,,Low,Low,0.1133,2026-10-02
PRD01498,STU01498,,Medium,Medium,0.9097,2026-10-02
PRD01499,STU01499,,High,High,0.99,2026-10-02
PRD01500,STU01500,,Low,Low,0.2403,2026-10-02
PRD01501,STU01501,,Low,Medium,0.8574,2026-10-02
PRD01502,STU01502,,Medium,High,0.9675,2026-10-02
PRD01503,STU01503,,Low,Low,0.169,2026-10-02
PRD01504,STU01504,,Low,Low,0.1567,2026-10-02
PRD01505,STU01505,,Medium,Medium,0.7627,2026-10-02
PRD01506,STU01506,,High,High,0.99,2026-10-02
PRD01507,STU01507,,High,High,0.99,2026-10-02
PRD01508,STU01508,,Medium,Medium,0.617,2026-10-02
PRD01509,STU01509,,Low,Low,0.4738,2026-10-02
PRD01510,STU01510,,Medium,High,0.99,2026-10-02
PRD01511,STU01511,,Low,Low,0.3256,2026-10-02
PRD01512,STU01512,,Low,Low,0.0898,2026-10-02
PRD01513,STU01513,,Medium,High,0.9738,2026-10-02
PRD01514,STU01514,,Low,Medium,0.5933,2026-10-02
PRD01515,STU01515,,Medium,Medium,0.8806,2026-10-02
PRD01516,STU01516,,High,High,0.99,2026-10-02
PRD01517,STU01517,,Low,Medium,0.6262,2026-10-02
PRD01518,STU01518,,Medium,High,0.9636,2026-10-02
PRD01519,STU01519,,Medium,High,0.9516,2026-10-02
PRD01520,STU01520,,Low,Medium,0.7042,2026-10-02
PRD01521,STU01521,,Low,Low,0.147,2026-10-02
PRD01522,STU01522,,High,High,0.99,2026-10-02
PRD01523,STU01523,,Medium,Medium,0.9279,2026-10-02
PRD01524,STU01524,,High,High,0.99,2026-10-02
PRD01525,STU01525,,High,High,0.985,2026-10-02
PRD01526,STU01526,,High,High,0.99,2026-10-02
PRD01527,STU01527,,Low,High,0.9396,2026-10-02
PRD01528,STU01528,,Medium,High,0.99,2026-10-02
PRD01529,STU01529,,Low,Medium,0.8184,2026-10-02
PRD01530,STU01530,,High,High,0.9897,2026-10-02
PRD01531,STU01531,,High,High,0.9407,2026-10-02
PRD01532,STU01532,,High,High,0.99,2026-10-02
PRD01533,STU01533,,Low,Low,0.2205,2026-10-02
PRD01534,STU01534,,Medium,Medium,0.638,2026-10-02
PRD01535,STU01535,,Low,Low,0.5023,2026-10-02
PRD01536,STU01536,,Medium,High,0.9854,2026-10-02
PRD01537,STU01537,,Medium,High,0.984,2026-10-02
PRD01538,STU01538,,Medium,Medium,0.736,2026-10-02
PRD01539,STU01539,,Medium,Medium,0.8853,2026-10-02
PRD01540,STU01540,,Medium,Medium,0.8848,2026-10-02
PRD01541,STU01541,,Medium,Medium,0.8784,2026-10-02
PRD01542,STU01542,,Low,Low,0.2345,2026-10-02
PRD01543,STU01543,,High,High,0.99,2026-10-02
PRD01544,STU01544,,Medium,Medium,0.8886,2026-10-02
PRD01545,STU01545,,Medium,Medium,0.9558,2026-10-02
PRD01546,STU01546,,Medium,High,0.99,2026-10-02
PRD01547,STU01547,,Low,Medium,0.9,2026-10-02
PRD01548,STU01548,,Medium,Medium,0.9533,2026-10-02
PRD01549,STU01549,,Medium,Medium,0.6584,2026-10-02
PRD01550,STU01550,,Medium,Medium,0.9112,2026-10-02
PRD01551,STU01551,,High,High,0.9155,2026-10-02
PRD01552,STU01552,,Low,Medium,0.6419,2026-10-02
PRD01553,STU01553,,Medium,High,0.9181,2026-10-02
PRD01554,STU01554,,Medium,Medium,0.9104,2026-10-02
PRD01555,STU01555,,Medium,Medium,0.8779,2026-10-02
PRD01556,STU01556,,Medium,Medium,0.8385,2026-10-02
PRD01557,STU01557,,Low,Medium,0.7571,2026-10-02
PRD01558,STU01558,,Low,Medium,0.9016,2026-10-02
PRD01559,STU01559,,Low,Medium,0.5882,2026-10-02
PRD01560,STU01560,,Low,High,0.9561,2026-10-02
PRD01561,STU01561,,Medium,Medium,0.9594,2026-10-02
PRD01562,STU01562,,Low,Low,0.2898,2026-10-02
PRD01563,STU01563,,Medium,High,0.9897,2026-10-02
PRD01564,STU01564,,Medium,Medium,0.8846,2026-10-02
PRD01565,STU01565,,Medium,Medium,0.7838,2026-10-02
PRD01566,STU01566,,Medium,Medium,0.6822,2026-10-02
PRD01567,STU01567,,Medium,Medium,0.9113,2026-10-02
PRD01568,STU01568,,Low,Low,0.3477,2026-10-02
PRD01569,STU01569,,Medium,Medium,0.9542,2026-10-02
PRD01570,STU01570,,Medium,High,0.9493,2026-10-02
PRD01571,STU01571,,Medium,High,0.9495,2026-10-02
PRD01572,STU01572,,Medium,High,0.99,2026-10-02
PRD01573,STU01573,,Medium,Medium,0.8284,2026-10-02
PRD01574,STU01574,,Low,Low,0.4731,2026-10-02
PRD01575,STU01575,,Medium,High,0.981,2026-10-02
PRD01576,STU01576,,Low,Low,0.295,2026-10-02
PRD01577,STU01577,,High,High,0.99,2026-10-02
PRD01578,STU01578,,Low,Low,0.3317,2026-10-02
PRD01579,STU01579,,High,High,0.99,2026-10-02
PRD01580,STU01580,,Medium,Medium,0.5927,2026-10-02
PRD01581,STU01581,,Medium,Medium,0.886,2026-10-02
PRD01582,STU01582,,Medium,High,0.9607,2026-10-02
PRD01583,STU01583,,Medium,Medium,0.9161,2026-10-02
PRD01584,STU01584,,Low,Low,0.3484,2026-10-02
PRD01585,STU01585,,Low,Medium,0.9502,2026-10-02
PRD01586,STU01586,,Medium,Medium,0.5644,2026-10-02
PRD01587,STU01587,,Medium,Medium,0.8876,2026-10-02
PRD01588,STU01588,,Low,Low,0.2047,2026-10-02
PRD01589,STU01589,,Low,Low,0.323,2026-10-02
PRD01590,STU01590,,Medium,High,0.9861,2026-10-02
PRD01591,STU01591,,Medium,Medium,0.7019,2026-10-02
PRD01592,STU01592,,High,High,0.99,2026-10-02
PRD01593,STU01593,,High,High,0.99,2026-10-02
PRD01594,STU01594,,Medium,High,0.952,2026-10-02
PRD01595,STU01595,,Medium,Medium,0.8939,2026-10-02
PRD01596,STU01596,,Medium,High,0.9716,2026-10-02
PRD01597,STU01597,,Medium,Medium,0.8005,2026-10-02
PRD01598,STU01598,,Medium,Medium,0.8878,2026-10-02
PRD01599,STU01599,,Medium,Medium,0.8422,2026-10-02
PRD01600,STU01600,,Medium,High,0.99,2026-10-02
PRD01601,STU01601,,Medium,Medium,0.7493,2026-10-02
PRD01602,STU01602,,Low,Medium,0.5617,2026-10-02
PRD01603,STU01603,,High,High,0.99,2026-10-02
PRD01604,STU01604,,Medium,High,0.99,2026-10-02
PRD01605,STU01605,,Low,Medium,0.5151,2026-10-02
PRD01606,STU01606,,Low,Medium,0.6851,2026-10-02
PRD01607,STU01607,,Low,Low,0.1441,2026-10-02
PRD01608,STU01608,,High,High,0.99,2026-10-02
PRD01609,STU01609,,Low,Low,0.4695,2026-10-02
PRD01610,STU01610,,High,High,0.99,2026-10-02
PRD01611,STU01611,,Low,Medium,0.6505,2026-10-02
PRD01612,STU01612,,Low,Medium,0.9517,2026-10-02
PRD01613,STU01613,,Medium,Medium,0.7791,2026-10-02
PRD01614,STU01614,,Medium,Low,0.2873,2026-10-02
PRD01615,STU01615,,Medium,Medium,0.8925,2026-10-02
PRD01616,STU01616,,High,High,0.9563,2026-10-02
PRD01617,STU01617,,Medium,Medium,0.8202,2026-10-02
PRD01618,STU01618,,Medium,Medium,0.909,2026-10-02
PRD01619,STU01619,,Low,Low,0.1876,2026-10-02
PRD01620,STU01620,,Low,Low,0.3196,2026-10-02
PRD01621,STU01621,,Medium,High,0.953,2026-10-02
PRD01622,STU01622,,Medium,High,0.9358,2026-10-02
PRD01623,STU01623,,Medium,Medium,0.8138,2026-10-02
PRD01624,STU01624,,High,High,0.99,2026-10-02
PRD01625,STU01625,,High,High,0.9541,2026-10-02
PRD01626,STU01626,,Medium,High,0.99,2026-10-02
PRD01627,STU01627,,Low,Medium,0.7121,2026-10-02
PRD01628,STU01628,,Low,Low,0.2583,2026-10-02
PRD01629,STU01629,,High,High,0.9844,2026-10-02
PRD01630,STU01630,,Low,High,0.99,2026-10-02
PRD01631,STU01631,,Medium,High,0.9633,2026-10-02
PRD01632,STU01632,,Medium,Medium,0.4918,2026-10-02
PRD01633,STU01633,,Low,Low,0.3297,2026-10-02
PRD01634,STU01634,,High,High,0.99,2026-10-02
PRD01635,STU01635,,Medium,Medium,0.921,2026-10-02
PRD01636,STU01636,,Low,Medium,0.708,2026-10-02
PRD01637,STU01637,,Medium,Medium,0.8382,2026-10-02
PRD01638,STU01638,,Medium,Medium,0.7922,2026-10-02
PRD01639,STU01639,,Medium,Medium,0.9174,2026-10-02
PRD01640,STU01640,,Medium,High,0.99,2026-10-02
PRD01641,STU01641,,Medium,High,0.9449,2026-10-02
PRD01642,STU01642,,High,High,0.99,2026-10-02
PRD01643,STU01643,,Low,Medium,0.7258,2026-10-02
PRD01644,STU01644,,Low,Low,0.3896,2026-10-02
PRD01645,STU01645,,Medium,High,0.9491,2026-10-02
PRD01646,STU01646,,Medium,High,0.9293,2026-10-02
PRD01647,STU01647,,Low,Low,0.4097,2026-10-02
PRD01648,STU01648,,Medium,High,0.9661,2026-10-02
PRD01649,STU01649,,Medium,Medium,0.8151,2026-10-02
PRD01650,STU01650,,Medium,High,0.9576,2026-10-02
PRD01651,STU01651,,High,High,0.99,2026-10-02
PRD01652,STU01652,,Medium,Medium,0.7345,2026-10-02
PRD01653,STU01653,,Medium,Medium,0.9439,2026-10-02
PRD01654,STU01654,,Medium,Medium,0.8763,2026-10-02
PRD01655,STU01655,,Low,Medium,0.8838,2026-10-02
PRD01656,STU01656,,High,High,0.9879,2026-10-02
PRD01657,STU01657,,Medium,Medium,0.6275,2026-10-02
PRD01658,STU01658,,Low,Medium,0.5934,2026-10-02
PRD01659,STU01659,,Medium,Medium,0.6031,2026-10-02
PRD01660,STU01660,,Medium,Medium,0.9061,2026-10-02
PRD01661,STU01661,,Low,Medium,0.5832,2026-10-02
PRD01662,STU01662,,Low,Low,0.3549,2026-10-02
PRD01663,STU01663,,Medium,High,0.99,2026-10-02
PRD01664,STU01664,,Medium,High,0.9553,2026-10-02
PRD01665,STU01665,,Medium,Medium,0.6859,2026-10-02
PRD01666,STU01666,,Medium,High,0.9842,2026-10-02
PRD01667,STU01667,,Medium,High,0.9431,2026-10-02
PRD01668,STU01668,,Medium,High,0.99,2026-10-02
PRD01669,STU01669,,Medium,Medium,0.7432,2026-10-02
PRD01670,STU01670,,Medium,High,0.8999,2026-10-02
PRD01671,STU01671,,Low,Medium,0.6745,2026-10-02
PRD01672,STU01672,,Low,Medium,0.5629,2026-10-02
PRD01673,STU01673,,Medium,High,0.9445,2026-10-02
PRD01674,STU01674,,Medium,Medium,0.9157,2026-10-02
PRD01675,STU01675,,Medium,Medium,0.7519,2026-10-02
PRD01676,STU01676,,Medium,High,0.9712,2026-10-02
PRD01677,STU01677,,Medium,High,0.9585,2026-10-02
PRD01678,STU01678,,Medium,Medium,0.8814,2026-10-02
PRD01679,STU01679,,Medium,Medium,0.9595,2026-10-02
PRD01680,STU01680,,High,High,0.99,2026-10-02
PRD01681,STU01681,,Medium,High,0.99,2026-10-02
PRD01682,STU01682,,Low,Low,0.1941,2026-10-02
PRD01683,STU01683,,Medium,Medium,0.6678,2026-10-02
PRD01684,STU01684,,Medium,High,0.99,2026-10-02
PRD01685,STU01685,,Medium,Medium,0.7563,2026-10-02
PRD01686,STU01686,,Medium,Medium,0.6951,2026-10-02
PRD01687,STU01687,,High,High,0.9802,2026-10-02
PRD01688,STU01688,,Medium,Medium,0.8801,2026-10-02
PRD01689,STU01689,,Medium,High,0.99,2026-10-02
PRD01690,STU01690,,Low,Medium,0.8584,2026-10-02
PRD01691,STU01691,,Low,Medium,0.921,2026-10-02
PRD01692,STU01692,,Low,Low,0.3852,2026-10-02
PRD01693,STU01693,,High,High,0.9868,2026-10-02
PRD01694,STU01694,,Low,Low,0.1453,2026-10-02
PRD01695,STU01695,,Medium,High,0.9446,2026-10-02
PRD01696,STU01696,,Medium,Medium,0.8565,2026-10-02
PRD01697,STU01697,,Medium,High,0.99,2026-10-02
PRD01698,STU01698,,Low,Medium,0.5483,2026-10-02
PRD01699,STU01699,,Medium,Medium,0.9434,2026-10-02
PRD01700,STU01700,,Low,Low,0.4472,2026-10-02
PRD01701,STU01701,,Medium,Medium,0.857,2026-10-02
PRD01702,STU01702,,Medium,Medium,0.9117,2026-10-02
PRD01703,STU01703,,Medium,Medium,0.8146,2026-10-02
PRD01704,STU01704,,Low,Low,0.4466,2026-10-02
PRD01705,STU01705,,Low,Medium,0.5592,2026-10-02
PRD01706,STU01706,,Low,Medium,0.8679,2026-10-02
PRD01707,STU01707,,Medium,Medium,0.8846,2026-10-02
PRD01708,STU01708,,High,High,0.99,2026-10-02
PRD01709,STU01709,,Low,Medium,0.4921,2026-10-02
PRD01710,STU01710,,Low,Low,0.3521,2026-10-02
PRD01711,STU01711,,Medium,High,0.9435,2026-10-02
PRD01712,STU01712,,High,High,0.9645,2026-10-02
PRD01713,STU01713,,High,High,0.99,2026-10-02
PRD01714,STU01714,,Low,Medium,0.8372,2026-10-02
PRD01715,STU01715,,Low,Medium,0.8169,2026-10-02
PRD01716,STU01716,,Medium,Medium,0.9163,2026-10-02
PRD01717,STU01717,,Low,High,0.9705,2026-10-02
PRD01718,STU01718,,Low,Medium,0.8976,2026-10-02
PRD01719,STU01719,,Medium,High,0.985,2026-10-02
PRD01720,STU01720,,Low,Medium,0.9163,2026-10-02
PRD01721,STU01721,,Low,Medium,0.6946,2026-10-02
PRD01722,STU01722,,High,High,0.99,2026-10-02
PRD01723,STU01723,,Medium,Medium,0.7189,2026-10-02
PRD01724,STU01724,,High,High,0.99,2026-10-02
PRD01725,STU01725,,Medium,Medium,0.8106,2026-10-02
PRD01726,STU01726,,High,High,0.99,2026-10-02
PRD01727,STU01727,,Low,Low,0.4886,2026-10-02
PRD01728,STU01728,,Low,Medium,0.619,2026-10-02
PRD01729,STU01729,,Medium,High,0.9308,2026-10-02
PRD01730,STU01730,,Medium,Medium,0.9175,2026-10-02
PRD01731,STU01731,,Medium,Medium,0.888,2026-10-02
PRD01732,STU01732,,Medium,Medium,0.8889,2026-10-02
PRD01733,STU01733,,Low,Medium,0.507,2026-10-02
PRD01734,STU01734,,Medium,Medium,0.8599,2026-10-02
PRD01735,STU01735,,Low,Medium,0.8226,2026-10-02
PRD01736,STU01736,,Low,Medium,0.6203,2026-10-02
PRD01737,STU01737,,Low,Medium,0.86,2026-10-02
PRD01738,STU01738,,Medium,High,0.9508,2026-10-02
PRD01739,STU01739,,Medium,Medium,0.7862,2026-10-02
PRD01740,STU01740,,High,High,0.99,2026-10-02
PRD01741,STU01741,,High,High,0.99,2026-10-02
PRD01742,STU01742,,Low,Low,0.1088,2026-10-02
PRD01743,STU01743,,Medium,Medium,0.9373,2026-10-02
PRD01744,STU01744,,Medium,High,0.9617,2026-10-02
PRD01745,STU01745,,Medium,Medium,0.9002,2026-10-02
PRD01746,STU01746,,Medium,High,0.9791,2026-10-02
PRD01747,STU01747,,Medium,Medium,0.9091,2026-10-02
PRD01748,STU01748,,Low,Medium,0.7342,2026-10-02
PRD01749,STU01749,,Low,Medium,0.7658,2026-10-02
PRD01750,STU01750,,Low,Low,0.1139,2026-10-02
PRD01751,STU01751,,Medium,High,0.9562,2026-10-02
PRD01752,STU01752,,Low,Low,0.308,2026-10-02
PRD01753,STU01753,,Medium,Medium,0.9403,2026-10-02
PRD01754,STU01754,,High,High,0.99,2026-10-02
PRD01755,STU01755,,Low,High,0.982,2026-10-02
PRD01756,STU01756,,Low,Medium,0.584,2026-10-02
PRD01757,STU01757,,Medium,Medium,0.9331,2026-10-02
PRD01758,STU01758,,Low,Medium,0.7886,2026-10-02
PRD01759,STU01759,,Medium,Medium,0.912,2026-10-02
PRD01760,STU01760,,Medium,High,0.9492,2026-10-02
PRD01761,STU01761,,Low,Medium,0.6129,2026-10-02
PRD01762,STU01762,,Medium,Medium,0.9114,2026-10-02
PRD01763,STU01763,,High,High,0.9651,2026-10-02
PRD01764,STU01764,,Medium,Medium,0.8129,2026-10-02
PRD01765,STU01765,,Medium,High,0.9591,2026-10-02
PRD01766,STU01766,,Medium,Medium,0.7482,2026-10-02
PRD01767,STU01767,,Medium,High,0.9251,2026-10-02
PRD01768,STU01768,,High,High,0.99,2026-10-02
PRD01769,STU01769,,Medium,Medium,0.844,2026-10-02
PRD01770,STU01770,,Low,High,0.9663,2026-10-02
PRD01771,STU01771,,Medium,High,0.9655,2026-10-02
PRD01772,STU01772,,Medium,High,0.9787,2026-10-02
PRD01773,STU01773,,High,High,0.99,2026-10-02
PRD01774,STU01774,,Low,Low,0.1596,2026-10-02
PRD01775,STU01775,,Medium,High,0.9863,2026-10-02
PRD01776,STU01776,,High,High,0.99,2026-10-02
PRD01777,STU01777,,Low,Low,0.4836,2026-10-02
PRD01778,STU01778,,Medium,Medium,0.872,2026-10-02
PRD01779,STU01779,,Medium,Medium,0.932,2026-10-02
PRD01780,STU01780,,Low,Medium,0.6819,2026-10-02
PRD01781,STU01781,,Medium,High,0.99,2026-10-02
PRD01782,STU01782,,Medium,High,0.9726,2026-10-02
PRD01783,STU01783,,Medium,Medium,0.9174,2026-10-02
PRD01784,STU01784,,High,High,0.9793,2026-10-02
PRD01785,STU01785,,Medium,Medium,0.8714,2026-10-02
PRD01786,STU01786,,High,High,0.99,2026-10-02
PRD01787,STU01787,,High,High,0.99,2026-10-02
PRD01788,STU01788,,Low,Low,0.4779,2026-10-02
PRD01789,STU01789,,Medium,Medium,0.9429,2026-10-02
PRD01790,STU01790,,Medium,High,0.99,2026-10-02
PRD01791,STU01791,,Low,Low,0.4317,2026-10-02
PRD01792,STU01792,,Low,Low,0.1184,2026-10-02
PRD01793,STU01793,,Low,Low,0.2726,2026-10-02
PRD01794,STU01794,,Low,Medium,0.7312,2026-10-02
PRD01795,STU01795,,Medium,Medium,0.7777,2026-10-02
PRD01796,STU01796,,Low,Medium,0.762,2026-10-02
PRD01797,STU01797,,Medium,High,0.9602,2026-10-02
PRD01798,STU01798,,Medium,High,0.9665,2026-10-02
PRD01799,STU01799,,Medium,High,0.9509,2026-10-02
PRD01800,STU01800,,Low,Medium,0.6884,2026-10-02
PRD01801,STU01801,,Medium,Medium,0.8768,2026-10-02
PRD01802,STU01802,,Low,Medium,0.7661,2026-10-02
PRD01803,STU01803,,Low,Low,0.4243,2026-10-02
PRD01804,STU01804,,High,High,0.99,2026-10-02
PRD01805,STU01805,,Low,Medium,0.8818,2026-10-02
PRD01806,STU01806,,High,High,0.9495,2026-10-02
PRD01807,STU01807,,Medium,Medium,0.9685,2026-10-02
PRD01808,STU01808,,Low,Low,0.2668,2026-10-02
PRD01809,STU01809,,Low,Low,0.5095,2026-10-02
PRD01810,STU01810,,High,High,0.99,2026-10-02
PRD01811,STU01811,,High,High,0.99,2026-10-02
PRD01812,STU01812,,Medium,High,0.9354,2026-10-02
PRD01813,STU01813,,Low,Low,0.2213,2026-10-02
PRD01814,STU01814,,Low,Medium,0.8051,2026-10-02
PRD01815,STU01815,,Low,Medium,0.8322,2026-10-02
PRD01816,STU01816,,High,High,0.9514,2026-10-02
PRD01817,STU01817,,Medium,Medium,0.8198,2026-10-02
PRD01818,STU01818,,Medium,High,0.99,2026-10-02
PRD01819,STU01819,,Medium,Medium,0.902,2026-10-02
PRD01820,STU01820,,Low,Medium,0.7432,2026-10-02
PRD01821,STU01821,,Medium,Medium,0.8528,2026-10-02
PRD01822,STU01822,,Low,Medium,0.8918,2026-10-02
PRD01823,STU01823,,High,High,0.99,2026-10-02
PRD01824,STU01824,,Low,Medium,0.723,2026-10-02
PRD01825,STU01825,,Medium,High,0.9488,2026-10-02
PRD01826,STU01826,,Medium,Medium,0.8402,2026-10-02
PRD01827,STU01827,,Medium,Medium,0.8139,2026-10-02
PRD01828,STU01828,,Medium,High,0.9762,2026-10-02
PRD01829,STU01829,,Low,Medium,0.9001,2026-10-02
PRD01830,STU01830,,High,High,0.99,2026-10-02
PRD01831,STU01831,,Medium,Medium,0.8523,2026-10-02
PRD01832,STU01832,,Low,Medium,0.9056,2026-10-02
PRD01833,STU01833,,Medium,High,0.9823,2026-10-02
PRD01834,STU01834,,Medium,Medium,0.8135,2026-10-02
PRD01835,STU01835,,Low,Low,0.2575,2026-10-02
PRD01836,STU01836,,Medium,High,0.99,2026-10-02
PRD01837,STU01837,,Medium,Medium,0.9261,2026-10-02
PRD01838,STU01838,,Medium,Medium,0.8256,2026-10-02
PRD01839,STU01839,,Medium,Medium,0.7894,2026-10-02
PRD01840,STU01840,,High,High,0.99,2026-10-02
PRD01841,STU01841,,Medium,Medium,0.9094,2026-10-02
PRD01842,STU01842,,Medium,High,0.9599,2026-10-02
PRD01843,STU01843,,Medium,Medium,0.8842,2026-10-02
PRD01844,STU01844,,Medium,Medium,0.9751,2026-10-02
PRD01845,STU01845,,Medium,High,0.9586,2026-10-02
PRD01846,STU01846,,Low,Medium,0.9182,2026-10-02
PRD01847,STU01847,,Low,Medium,0.8893,2026-10-02
PRD01848,STU01848,,Medium,High,0.99,2026-10-02
PRD01849,STU01849,,Low,Low,0.2625,2026-10-02
PRD01850,STU01850,,Medium,Medium,0.9021,2026-10-02
PRD01851,STU01851,,High,High,0.9867,2026-10-02
PRD01852,STU01852,,Medium,Medium,0.8196,2026-10-02
PRD01853,STU01853,,Medium,High,0.99,2026-10-02
PRD01854,STU01854,,Low,Low,0.4554,2026-10-02
PRD01855,STU01855,,Medium,Medium,0.8549,2026-10-02
PRD01856,STU01856,,Medium,Medium,0.9134,2026-10-02
PRD01857,STU01857,,Medium,High,0.945,2026-10-02
PRD01858,STU01858,,High,High,0.9643,2026-10-02
PRD01859,STU01859,,Medium,Medium,0.8466,2026-10-02
PRD01860,STU01860,,Medium,High,0.99,2026-10-02
PRD01861,STU01861,,Medium,Medium,0.7684,2026-10-02
PRD01862,STU01862,,Medium,High,0.9647,2026-10-02
PRD01863,STU01863,,Low,High,0.99,2026-10-02
PRD01864,STU01864,,Medium,Medium,0.8958,2026-10-02
PRD01865,STU01865,,High,High,0.99,2026-10-02
PRD01866,STU01866,,Medium,Medium,0.7732,2026-10-02
PRD01867,STU01867,,Low,Medium,0.7654,2026-10-02
PRD01868,STU01868,,High,High,0.9825,2026-10-02
PRD01869,STU01869,,Medium,Medium,0.7224,2026-10-02
PRD01870,STU01870,,Medium,Medium,0.523,2026-10-02
PRD01871,STU01871,,Low,Medium,0.8126,2026-10-02
PRD01872,STU01872,,Medium,Medium,0.7481,2026-10-02
PRD01873,STU01873,,Medium,Medium,0.8943,2026-10-02
PRD01874,STU01874,,Low,Medium,0.8927,2026-10-02
PRD01875,STU01875,,Medium,High,0.99,2026-10-02
PRD01876,STU01876,,Medium,Low,0.4416,2026-10-02
PRD01877,STU01877,,Medium,High,0.9853,2026-10-02
PRD01878,STU01878,,Low,Low,0.2145,2026-10-02
PRD01879,STU01879,,High,High,0.99,2026-10-02
PRD01880,STU01880,,Medium,Medium,0.8431,2026-10-02
PRD01881,STU01881,,Medium,High,0.9159,2026-10-02
PRD01882,STU01882,,Low,Medium,0.6744,2026-10-02
PRD01883,STU01883,,Low,Low,0.2595,2026-10-02
PRD01884,STU01884,,Low,Medium,0.5225,2026-10-02
PRD01885,STU01885,,Low,Medium,0.5658,2026-10-02
PRD01886,STU01886,,Medium,Medium,0.8751,2026-10-02
PRD01887,STU01887,,Medium,High,0.99,2026-10-02
PRD01888,STU01888,,High,High,0.9735,2026-10-02
PRD01889,STU01889,,High,High,0.9863,2026-10-02
PRD01890,STU01890,,Medium,Medium,0.8909,2026-10-02
PRD01891,STU01891,,Medium,Medium,0.9789,2026-10-02
PRD01892,STU01892,,Medium,Medium,0.9397,2026-10-02
PRD01893,STU01893,,High,High,0.9447,2026-10-02
PRD01894,STU01894,,Medium,High,0.99,2026-10-02
PRD01895,STU01895,,Low,Low,0.3617,2026-10-02
PRD01896,STU01896,,Medium,Medium,0.7056,2026-10-02
PRD01897,STU01897,,Medium,High,0.9618,2026-10-02
PRD01898,STU01898,,Medium,High,0.9494,2026-10-02
PRD01899,STU01899,,Medium,High,0.9892,2026-10-02
PRD01900,STU01900,,Low,Low,0.3063,2026-10-02
PRD01901,STU01901,,Low,Low,0.461,2026-10-02
PRD01902,STU01902,,Medium,Medium,0.7381,2026-10-02
PRD01903,STU01903,,Low,Medium,0.9184,2026-10-02
PRD01904,STU01904,,Low,Medium,0.5826,2026-10-02
PRD01905,STU01905,,High,High,0.99,2026-10-02
PRD01906,STU01906,,High,High,0.9847,2026-10-02
PRD01907,STU01907,,Medium,High,0.9245,2026-10-02
PRD01908,STU01908,,High,High,0.9521,2026-10-02
PRD01909,STU01909,,High,High,0.99,2026-10-02
PRD01910,STU01910,,Medium,High,0.99,2026-10-02
PRD01911,STU01911,,Low,Medium,0.6409,2026-10-02
PRD01912,STU01912,,Medium,Medium,0.8163,2026-10-02
PRD01913,STU01913,,Medium,High,0.99,2026-10-02
PRD01914,STU01914,,Low,Low,0.2476,2026-10-02
PRD01915,STU01915,,Medium,High,0.9616,2026-10-02
PRD01916,STU01916,,Low,Medium,0.6811,2026-10-02
PRD01917,STU01917,,Medium,Medium,0.8904,2026-10-02
PRD01918,STU01918,,High,High,0.9727,2026-10-02
PRD01919,STU01919,,High,High,0.99,2026-10-02
PRD01920,STU01920,,Medium,High,0.9676,2026-10-02
PRD01921,STU01921,,Medium,Medium,0.9282,2026-10-02
PRD01922,STU01922,,Medium,Medium,0.7784,2026-10-02
PRD01923,STU01923,,High,High,0.9797,2026-10-02
PRD01924,STU01924,,Low,Medium,0.6348,2026-10-02
PRD01925,STU01925,,Medium,Medium,0.8617,2026-10-02
PRD01926,STU01926,,Low,Low,0.4275,2026-10-02
PRD01927,STU01927,,Medium,Medium,0.8623,2026-10-02
PRD01928,STU01928,,Low,Medium,0.8517,2026-10-02
PRD01929,STU01929,,Low,Medium,0.5887,2026-10-02
PRD01930,STU01930,,Medium,High,0.9743,2026-10-02
PRD01931,STU01931,,High,High,0.99,2026-10-02
PRD01932,STU01932,,Low,Low,0.3142,2026-10-02
PRD01933,STU01933,,High,High,0.99,2026-10-02
PRD01934,STU01934,,Low,Low,0.3589,2026-10-02
PRD01935,STU01935,,Low,Low,0.2367,2026-10-02
PRD01936,STU01936,,Medium,Medium,0.5666,2026-10-02
PRD01937,STU01937,,Medium,High,0.9733,2026-10-02
PRD01938,STU01938,,Medium,High,0.99,2026-10-02
PRD01939,STU01939,,Medium,High,0.9768,2026-10-02
PRD01940,STU01940,,Low,Medium,0.6784,2026-10-02
PRD01941,STU01941,,Medium,Medium,0.7245,2026-10-02
PRD01942,STU01942,,Medium,Medium,0.8076,2026-10-02
PRD01943,STU01943,,High,High,0.9639,2026-10-02
PRD01944,STU01944,,Medium,High,0.99,2026-10-02
PRD01945,STU01945,,Medium,Medium,0.8281,2026-10-02
PRD01946,STU01946,,Medium,High,0.9696,2026-10-02
PRD01947,STU01947,,Medium,High,0.9723,2026-10-02
PRD01948,STU01948,,Low,Medium,0.6049,2026-10-02
PRD01949,STU01949,,Medium,High,0.9727,2026-10-02
PRD01950,STU01950,,Low,Medium,0.7255,2026-10-02
PRD01951,STU01951,,Medium,Low,0.4604,2026-10-02
PRD01952,STU01952,,Medium,Medium,0.9587,2026-10-02
PRD01953,STU01953,,High,Medium,0.7876,2026-10-02
PRD01954,STU01954,,Medium,High,0.99,2026-10-02
PRD01955,STU01955,,Medium,Medium,0.7685,2026-10-02
PRD01956,STU01956,,High,High,0.99,2026-10-02
PRD01957,STU01957,,Medium,High,0.9642,2026-10-02
PRD01958,STU01958,,Medium,Medium,0.9473,2026-10-02
PRD01959,STU01959,,Low,Low,0.3929,2026-10-02
PRD01960,STU01960,,High,High,0.99,2026-10-02
PRD01961,STU01961,,Medium,High,0.9787,2026-10-02
PRD01962,STU01962,,Medium,Medium,0.5397,2026-10-02
PRD01963,STU01963,,Low,Medium,0.7694,2026-10-02
PRD01964,STU01964,,Low,Low,0.155,2026-10-02
PRD01965,STU01965,,Low,Medium,0.7503,2026-10-02
PRD01966,STU01966,,Low,Medium,0.7977,2026-10-02
PRD01967,STU01967,,Medium,High,0.99,2026-10-02
PRD01968,STU01968,,Medium,Medium,0.8668,2026-10-02
PRD01969,STU01969,,Medium,High,0.99,2026-10-02
PRD01970,STU01970,,High,High,0.9572,2026-10-02
PRD01971,STU01971,,Medium,High,0.9769,2026-10-02
PRD01972,STU01972,,High,High,0.9685,2026-10-02
PRD01973,STU01973,,High,High,0.99,2026-10-02
PRD01974,STU01974,,Medium,Medium,0.8654,2026-10-02
PRD01975,STU01975,,Medium,Medium,0.8915,2026-10-02
PRD01976,STU01976,,Low,Medium,0.7533,2026-10-02
PRD01977,STU01977,,Low,Medium,0.8974,2026-10-02
PRD01978,STU01978,,High,High,0.9721,2026-10-02
PRD01979,STU01979,,Low,Medium,0.7257,2026-10-02
PRD01980,STU01980,,Medium,High,0.99,2026-10-02
PRD01981,STU01981,,Low,Medium,0.5015,2026-10-02
PRD01982,STU01982,,High,High,0.9467,2026-10-02
PRD01983,STU01983,,High,High,0.99,2026-10-02
PRD01984,STU01984,,Low,Medium,0.5492,2026-10-02
PRD01985,STU01985,,Low,Medium,0.5386,2026-10-02
PRD01986,STU01986,,Low,Medium,0.8961,2026-10-02
PRD01987,STU01987,,Medium,Medium,0.729,2026-10-02
PRD01988,STU01988,,Medium,High,0.9612,2026-10-02
PRD01989,STU01989,,Medium,Medium,0.7125,2026-10-02
PRD01990,STU01990,,Medium,Medium,0.6189,2026-10-02
PRD01991,STU01991,,Medium,Medium,0.8963,2026-10-02
PRD01992,STU01992,,Medium,High,0.9663,2026-10-02
PRD01993,STU01993,,Medium,Medium,0.9318,2026-10-02
PRD01994,STU01994,,Medium,High,0.9807,2026-10-02
PRD01995,STU01995,,Medium,Medium,0.8923,2026-10-02
PRD01996,STU01996,,Medium,High,0.99,2026-10-02
PRD01997,STU01997,,High,High,0.99,2026-10-02
PRD01998,STU01998,,Low,Low,0.4819,2026-10-02
PRD01999,STU01999,,Medium,High,0.99,2026-10-02
PRD02000,STU02000,,Medium,High,0.9731,2026-10-02
PRD02001,STU02001,,High,High,0.9878,2026-10-02
PRD02002,STU02002,,Medium,Medium,0.9636,2026-10-02
PRD02003,STU02003,,Low,Low,0.0584,2026-10-02
PRD02004,STU02004,,Medium,Medium,0.619,2026-10-02
PRD02005,STU02005,,Low,Medium,0.8058,2026-10-02
PRD02006,STU02006,,Low,Low,0.4275,2026-10-02
PRD02007,STU02007,,Medium,High,0.99,2026-10-02
PRD02008,STU02008,,Medium,High,0.958,2026-10-02
PRD02009,STU02009,,High,High,0.99,2026-10-02
PRD02010,STU02010,,Medium,Medium,0.8752,2026-10-02
PRD02011,STU02011,,Low,Low,0.0969,2026-10-02
PRD02012,STU02012,,Medium,High,0.99,2026-10-02
PRD02013,STU02013,,High,High,0.99,2026-10-02
PRD02014,STU02014,,Medium,High,0.9604,2026-10-02
PRD02015,STU02015,,Medium,High,0.99,2026-10-02
PRD02016,STU02016,,High,High,0.99,2026-10-02
PRD02017,STU02017,,High,High,0.9807,2026-10-02
PRD02018,STU02018,,Medium,Medium,0.5546,2026-10-02
PRD02019,STU02019,,Low,Medium,0.9066,2026-10-02
PRD02020,STU02020,,High,High,0.99,2026-10-02
PRD02021,STU02021,,Low,Low,0.1083,2026-10-02
PRD02022,STU02022,,Medium,Medium,0.5295,2026-10-02
PRD02023,STU02023,,Medium,Medium,0.9222,2026-10-02
PRD02024,STU02024,,Medium,Medium,0.844,2026-10-02
PRD02025,STU02025,,Medium,Low,0.3637,2026-10-02
PRD02026,STU02026,,Medium,Medium,0.8851,2026-10-02
PRD02027,STU02027,,Medium,High,0.9612,2026-10-02
PRD02028,STU02028,,High,High,0.99,2026-10-02
PRD02029,STU02029,,Medium,Medium,0.9298,2026-10-02
PRD02030,STU02030,,High,High,0.99,2026-10-02
PRD02031,STU02031,,Low,Low,0.5105,2026-10-02
PRD02032,STU02032,,Medium,High,0.99,2026-10-02
PRD02033,STU02033,,High,High,0.99,2026-10-02
PRD02034,STU02034,,Low,Medium,0.4959,2026-10-02
PRD02035,STU02035,,Medium,Medium,0.8353,2026-10-02
PRD02036,STU02036,,Medium,Medium,0.8617,2026-10-02
PRD02037,STU02037,,Medium,High,0.99,2026-10-02
PRD02038,STU02038,,Medium,Medium,0.9299,2026-10-02
PRD02039,STU02039,,Low,High,0.99,2026-10-02
PRD02040,STU02040,,Low,Low,0.3571,2026-10-02
PRD02041,STU02041,,Medium,Medium,0.909,2026-10-02
PRD02042,STU02042,,Medium,High,0.9216,2026-10-02
PRD02043,STU02043,,High,Medium,0.8998,2026-10-02
PRD02044,STU02044,,Medium,High,0.99,2026-10-02
PRD02045,STU02045,,Medium,Medium,0.9734,2026-10-02
PRD02046,STU02046,,Medium,Medium,0.8087,2026-10-02
PRD02047,STU02047,,Medium,High,0.916,2026-10-02
PRD02048,STU02048,,Medium,High,0.9712,2026-10-02
PRD02049,STU02049,,High,High,0.9768,2026-10-02
PRD02050,STU02050,,Medium,High,0.99,2026-10-02
PRD02051,STU02051,,Low,Low,0.5258,2026-10-02
PRD02052,STU02052,,High,High,0.9564,2026-10-02
PRD02053,STU02053,,Low,Medium,0.7622,2026-10-02
PRD02054,STU02054,,Low,Low,0.2659,2026-10-02
PRD02055,STU02055,,Medium,Medium,0.9581,2026-10-02
PRD02056,STU02056,,Medium,High,0.99,2026-10-02
PRD02057,STU02057,,Medium,Medium,0.7025,2026-10-02
PRD02058,STU02058,,Medium,High,0.99,2026-10-02
PRD02059,STU02059,,Medium,Medium,0.9154,2026-10-02
PRD02060,STU02060,,Medium,High,0.9452,2026-10-02
PRD02061,STU02061,,Low,Medium,0.4713,2026-10-02
PRD02062,STU02062,,Low,Medium,0.7388,2026-10-02
PRD02063,STU02063,,Medium,High,0.9437,2026-10-02
PRD02064,STU02064,,Low,Medium,0.9027,2026-10-02
PRD02065,STU02065,,Medium,Medium,0.7889,2026-10-02
PRD02066,STU02066,,Low,Low,0.2888,2026-10-02
PRD02067,STU02067,,Medium,High,0.99,2026-10-02
PRD02068,STU02068,,Medium,High,0.9844,2026-10-02
PRD02069,STU02069,,Low,Medium,0.932,2026-10-02
PRD02070,STU02070,,Low,Medium,0.5663,2026-10-02
PRD02071,STU02071,,High,High,0.9526,2026-10-02
PRD02072,STU02072,,Low,Medium,0.481,2026-10-02
PRD02073,STU02073,,Medium,Medium,0.8793,2026-10-02
PRD02074,STU02074,,High,High,0.9787,2026-10-02
PRD02075,STU02075,,Low,Low,0.3393,2026-10-02
PRD02076,STU02076,,Low,Medium,0.8312,2026-10-02
PRD02077,STU02077,,Medium,High,0.9659,2026-10-02
PRD02078,STU02078,,High,High,0.99,2026-10-02
PRD02079,STU02079,,Medium,High,0.99,2026-10-02
PRD02080,STU02080,,Medium,High,0.9367,2026-10-02
PRD02081,STU02081,,Medium,High,0.9803,2026-10-02
PRD02082,STU02082,,Medium,High,0.9791,2026-10-02
PRD02083,STU02083,,Medium,Low,0.4804,2026-10-02
PRD02084,STU02084,,High,High,0.99,2026-10-02
PRD02085,STU02085,,Low,Low,0.3861,2026-10-02
PRD02086,STU02086,,Medium,Medium,0.8051,2026-10-02
PRD02087,STU02087,,Low,Low,0.1916,2026-10-02
PRD02088,STU02088,,Low,Low,0.2081,2026-10-02
PRD02089,STU02089,,Medium,Medium,0.8488,2026-10-02
PRD02090,STU02090,,Medium,Medium,0.7649,2026-10-02
PRD02091,STU02091,,Low,Low,0.1967,2026-10-02
PRD02092,STU02092,,Low,Low,0.3131,2026-10-02
PRD02093,STU02093,,Medium,Medium,0.8264,2026-10-02
PRD02094,STU02094,,High,High,0.99,2026-10-02
PRD02095,STU02095,,Medium,Medium,0.8776,2026-10-02
PRD02096,STU02096,,Low,Medium,0.6562,2026-10-02
PRD02097,STU02097,,High,High,0.9685,2026-10-02
PRD02098,STU02098,,Low,Medium,0.9057,2026-10-02
PRD02099,STU02099,,Medium,High,0.99,2026-10-02
PRD02100,STU02100,,Medium,High,0.9477,2026-10-02
PRD02101,STU02101,,Low,Low,0.1942,2026-10-02
PRD02102,STU02102,,Medium,Medium,0.7989,2026-10-02
PRD02103,STU02103,,Medium,Medium,0.8425,2026-10-02
PRD02104,STU02104,,Medium,High,0.9881,2026-10-02
PRD02105,STU02105,,Low,Medium,0.7554,2026-10-02
PRD02106,STU02106,,Medium,Medium,0.8937,2026-10-02
PRD02107,STU02107,,Medium,Medium,0.7362,2026-10-02
PRD02108,STU02108,,Low,Medium,0.5841,2026-10-02
PRD02109,STU02109,,Medium,Medium,0.9256,2026-10-02
PRD02110,STU02110,,Low,Low,0.3231,2026-10-02
PRD02111,STU02111,,Medium,Medium,0.4963,2026-10-02
PRD02112,STU02112,,Low,Medium,0.7292,2026-10-02
PRD02113,STU02113,,High,High,0.9814,2026-10-02
PRD02114,STU02114,,Medium,High,0.9235,2026-10-02
PRD02115,STU02115,,Medium,Medium,0.8787,2026-10-02
PRD02116,STU02116,,High,High,0.9609,2026-10-02
PRD02117,STU02117,,Low,Medium,0.8424,2026-10-02
PRD02118,STU02118,,Medium,Medium,0.8898,2026-10-02
PRD02119,STU02119,,Medium,High,0.99,2026-10-02
PRD02120,STU02120,,Medium,Medium,0.9532,2026-10-02
PRD02121,STU02121,,Low,Medium,0.892,2026-10-02
PRD02122,STU02122,,High,Medium,0.7743,2026-10-02
PRD02123,STU02123,,Low,Low,0.0638,2026-10-02
PRD02124,STU02124,,Low,Medium,0.9058,2026-10-02
PRD02125,STU02125,,Low,Low,0.4111,2026-10-02
PRD02126,STU02126,,Low,Medium,0.4666,2026-10-02
PRD02127,STU02127,,Medium,High,0.9848,2026-10-02
PRD02128,STU02128,,High,High,0.9831,2026-10-02
PRD02129,STU02129,,Low,Medium,0.8092,2026-10-02
PRD02130,STU02130,,High,High,0.99,2026-10-02
PRD02131,STU02131,,High,High,0.99,2026-10-02
PRD02132,STU02132,,High,Medium,0.9389,2026-10-02
PRD02133,STU02133,,Low,Low,0.3119,2026-10-02
PRD02134,STU02134,,Low,Low,0.2243,2026-10-02
PRD02135,STU02135,,Low,High,0.9896,2026-10-02
PRD02136,STU02136,,High,High,0.9895,2026-10-02
PRD02137,STU02137,,Medium,Medium,0.8838,2026-10-02
PRD02138,STU02138,,High,High,0.9855,2026-10-02
PRD02139,STU02139,,Medium,Medium,0.876,2026-10-02
PRD02140,STU02140,,Medium,High,0.9495,2026-10-02
PRD02141,STU02141,,Low,Low,0.168,2026-10-02
PRD02142,STU02142,,Medium,Medium,0.9601,2026-10-02
PRD02143,STU02143,,Low,Low,0.4154,2026-10-02
PRD02144,STU02144,,Medium,High,0.9547,2026-10-02
PRD02145,STU02145,,Medium,High,0.9305,2026-10-02
PRD02146,STU02146,,High,High,0.9524,2026-10-02
PRD02147,STU02147,,Medium,High,0.9694,2026-10-02
PRD02148,STU02148,,High,High,0.99,2026-10-02
PRD02149,STU02149,,High,High,0.99,2026-10-02
PRD02150,STU02150,,Low,Medium,0.5165,2026-10-02
PRD02151,STU02151,,High,High,0.99,2026-10-02
PRD02152,STU02152,,Medium,Medium,0.8219,2026-10-02
PRD02153,STU02153,,Medium,High,0.99,2026-10-02
PRD02154,STU02154,,Medium,High,0.9535,2026-10-02
PRD02155,STU02155,,Medium,High,0.9882,2026-10-02
PRD02156,STU02156,,Low,Low,0.1468,2026-10-02
PRD02157,STU02157,,Low,Low,0.1556,2026-10-02
PRD02158,STU02158,,Medium,High,0.9832,2026-10-02
PRD02159,STU02159,,Low,Medium,0.8479,2026-10-02
PRD02160,STU02160,,Low,Medium,0.6113,2026-10-02
PRD02161,STU02161,,Medium,High,0.9704,2026-10-02
PRD02162,STU02162,,Medium,High,0.99,2026-10-02
PRD02163,STU02163,,Medium,High,0.9669,2026-10-02
PRD02164,STU02164,,Low,Low,0.1849,2026-10-02
PRD02165,STU02165,,High,High,0.99,2026-10-02
PRD02166,STU02166,,Medium,Medium,0.5794,2026-10-02
PRD02167,STU02167,,High,High,0.959,2026-10-02
PRD02168,STU02168,,Medium,High,0.99,2026-10-02
PRD02169,STU02169,,Medium,Medium,0.873,2026-10-02
PRD02170,STU02170,,High,High,0.99,2026-10-02
PRD02171,STU02171,,Medium,Medium,0.8936,2026-10-02
PRD02172,STU02172,,Low,Medium,0.5621,2026-10-02
PRD02173,STU02173,,High,High,0.9833,2026-10-02
PRD02174,STU02174,,High,High,0.99,2026-10-02
PRD02175,STU02175,,Medium,Medium,0.6035,2026-10-02
PRD02176,STU02176,,Medium,High,0.9602,2026-10-02
PRD02177,STU02177,,Medium,High,0.99,2026-10-02
PRD02178,STU02178,,Low,Low,0.3778,2026-10-02
PRD02179,STU02179,,Low,Medium,0.624,2026-10-02
PRD02180,STU02180,,Medium,High,0.9701,2026-10-02
PRD02181,STU02181,,High,High,0.99,2026-10-02
PRD02182,STU02182,,Medium,Medium,0.9444,2026-10-02
PRD02183,STU02183,,Low,Low,0.4584,2026-10-02
PRD02184,STU02184,,Medium,Medium,0.9488,2026-10-02
PRD02185,STU02185,,Medium,High,0.9651,2026-10-02
PRD02186,STU02186,,Medium,High,0.99,2026-10-02
PRD02187,STU02187,,Medium,High,0.9162,2026-10-02
PRD02188,STU02188,,Low,Low,0.3364,2026-10-02
PRD02189,STU02189,,Medium,High,0.9757,2026-10-02
PRD02190,STU02190,,Medium,High,0.99,2026-10-02
PRD02191,STU02191,,High,High,0.9824,2026-10-02
PRD02192,STU02192,,Low,Low,0.4864,2026-10-02
PRD02193,STU02193,,Low,Medium,0.5243,2026-10-02
PRD02194,STU02194,,Low,Low,0.3774,2026-10-02
PRD02195,STU02195,,Medium,High,0.9561,2026-10-02
PRD02196,STU02196,,High,High,0.99,2026-10-02
PRD02197,STU02197,,Medium,Medium,0.6775,2026-10-02
PRD02198,STU02198,,Medium,Medium,0.8692,2026-10-02
PRD02199,STU02199,,Medium,Medium,0.8513,2026-10-02
PRD02200,STU02200,,Low,Medium,0.543,2026-10-02
PRD02201,STU02201,,Low,Low,0.3047,2026-10-02
PRD02202,STU02202,,High,High,0.9565,2026-10-02
PRD02203,STU02203,,Medium,High,0.9534,2026-10-02
PRD02204,STU02204,,Low,Low,0.3268,2026-10-02
PRD02205,STU02205,,Medium,High,0.9686,2026-10-02
PRD02206,STU02206,,Medium,Medium,0.7661,2026-10-02
PRD02207,STU02207,,Medium,High,0.9779,2026-10-02
PRD02208,STU02208,,Low,Medium,0.6589,2026-10-02
PRD02209,STU02209,,Low,Medium,0.6129,2026-10-02
PRD02210,STU02210,,Low,Low,0.3746,2026-10-02
PRD02211,STU02211,,High,High,0.99,2026-10-02
PRD02212,STU02212,,Medium,Medium,0.8335,2026-10-02
PRD02213,STU02213,,Low,Medium,0.7158,2026-10-02
PRD02214,STU02214,,Medium,High,0.99,2026-10-02
PRD02215,STU02215,,Low,Low,0.178,2026-10-02
PRD02216,STU02216,,High,High,0.99,2026-10-02
PRD02217,STU02217,,Medium,Medium,0.9047,2026-10-02
PRD02218,STU02218,,Medium,Medium,0.8368,2026-10-02
PRD02219,STU02219,,High,High,0.99,2026-10-02
PRD02220,STU02220,,Medium,Medium,0.9185,2026-10-02
PRD02221,STU02221,,Low,Medium,0.7189,2026-10-02
PRD02222,STU02222,,High,High,0.99,2026-10-02
PRD02223,STU02223,,Medium,Medium,0.8474,2026-10-02
PRD02224,STU02224,,High,High,0.99,2026-10-02
PRD02225,STU02225,,Medium,Medium,0.8564,2026-10-02
PRD02226,STU02226,,High,High,0.99,2026-10-02
PRD02227,STU02227,,High,High,0.99,2026-10-02
PRD02228,STU02228,,Low,Medium,0.7511,2026-10-02
PRD02229,STU02229,,Medium,High,0.99,2026-10-02
PRD02230,STU02230,,Medium,Medium,0.8454,2026-10-02
PRD02231,STU02231,,Medium,High,0.987,2026-10-02
PRD02232,STU02232,,Medium,Medium,0.8874,2026-10-02
PRD02233,STU02233,,High,High,0.9885,2026-10-02
PRD02234,STU02234,,Medium,High,0.99,2026-10-02
PRD02235,STU02235,,Low,Low,0.436,2026-10-02
PRD02236,STU02236,,Medium,High,0.9816,2026-10-02
PRD02237,STU02237,,Medium,Medium,0.6629,2026-10-02
PRD02238,STU02238,,Medium,High,0.99,2026-10-02
PRD02239,STU02239,,Low,Low,0.2351,2026-10-02
PRD02240,STU02240,,Low,Medium,0.8593,2026-10-02
PRD02241,STU02241,,Medium,Medium,0.6288,2026-10-02
PRD02242,STU02242,,Medium,Medium,0.9259,2026-10-02
PRD02243,STU02243,,High,High,0.9491,2026-10-02
PRD02244,STU02244,,Medium,High,0.9585,2026-10-02
PRD02245,STU02245,,Low,Low,0.3064,2026-10-02
PRD02246,STU02246,,Low,Low,0.3195,2026-10-02
PRD02247,STU02247,,High,High,0.9736,2026-10-02
PRD02248,STU02248,,High,High,0.99,2026-10-02
PRD02249,STU02249,,Medium,Medium,0.8906,2026-10-02
PRD02250,STU02250,,Low,Medium,0.8878,2026-10-02
PRD02251,STU02251,,Low,Medium,0.6723,2026-10-02
PRD02252,STU02252,,Medium,Medium,0.9322,2026-10-02
PRD02253,STU02253,,Medium,High,0.99,2026-10-02
PRD02254,STU02254,,Low,Medium,0.7539,2026-10-02
PRD02255,STU02255,,Medium,Medium,0.7879,2026-10-02
PRD02256,STU02256,,Low,Medium,0.6898,2026-10-02
PRD02257,STU02257,,Medium,High,0.9268,2026-10-02
PRD02258,STU02258,,Medium,Medium,0.9279,2026-10-02
PRD02259,STU02259,,Low,Medium,0.7949,2026-10-02
PRD02260,STU02260,,High,High,0.9864,2026-10-02
PRD02261,STU02261,,Medium,Medium,0.6439,2026-10-02
PRD02262,STU02262,,Medium,Medium,0.8975,2026-10-02
PRD02263,STU02263,,Medium,Medium,0.7602,2026-10-02
PRD02264,STU02264,,Medium,High,0.9655,2026-10-02
PRD02265,STU02265,,Medium,High,0.9586,2026-10-02
PRD02266,STU02266,,High,High,0.9795,2026-10-02
PRD02267,STU02267,,Low,Low,0.1346,2026-10-02
PRD02268,STU02268,,Medium,High,0.9169,2026-10-02
PRD02269,STU02269,,Medium,High,0.9301,2026-10-02
PRD02270,STU02270,,Medium,Medium,0.6542,2026-10-02
PRD02271,STU02271,,High,High,0.9706,2026-10-02
PRD02272,STU02272,,Medium,Medium,0.8852,2026-10-02
PRD02273,STU02273,,Low,Medium,0.7736,2026-10-02
PRD02274,STU02274,,Low,Medium,0.7516,2026-10-02
PRD02275,STU02275,,Low,Medium,0.5841,2026-10-02
PRD02276,STU02276,,Low,Medium,0.6718,2026-10-02
PRD02277,STU02277,,Medium,Medium,0.6056,2026-10-02
PRD02278,STU02278,,Medium,Medium,0.9173,2026-10-02
PRD02279,STU02279,,Low,Medium,0.9208,2026-10-02
PRD02280,STU02280,,Low,Low,0.2864,2026-10-02
PRD02281,STU02281,,Low,Medium,0.4862,2026-10-02
PRD02282,STU02282,,Low,Low,0.2215,2026-10-02
PRD02283,STU02283,,Medium,High,0.9668,2026-10-02
PRD02284,STU02284,,Medium,High,0.9795,2026-10-02
PRD02285,STU02285,,Low,Medium,0.9399,2026-10-02
PRD02286,STU02286,,Low,Low,0.4394,2026-10-02
PRD02287,STU02287,,Medium,High,0.9788,2026-10-02
PRD02288,STU02288,,High,High,0.99,2026-10-02
PRD02289,STU02289,,Low,Medium,0.8226,2026-10-02
PRD02290,STU02290,,Medium,Medium,0.9104,2026-10-02
PRD02291,STU02291,,Medium,Medium,0.9438,2026-10-02
PRD02292,STU02292,,High,High,0.99,2026-10-02
PRD02293,STU02293,,Medium,High,0.9714,2026-10-02
PRD02294,STU02294,,Low,Low,0.1116,2026-10-02
PRD02295,STU02295,,Low,Low,0.4497,2026-10-02
PRD02296,STU02296,,Medium,High,0.99,2026-10-02
PRD02297,STU02297,,High,High,0.9551,2026-10-02
PRD02298,STU02298,,Medium,Medium,0.9393,2026-10-02
PRD02299,STU02299,,Medium,High,0.9593,2026-10-02
PRD02300,STU02300,,Medium,High,0.9688,2026-10-02
PRD02301,STU02301,,Low,High,0.99,2026-10-02
PRD02302,STU02302,,Low,Medium,0.7919,2026-10-02
PRD02303,STU02303,,Medium,High,0.99,2026-10-02
PRD02304,STU02304,,Low,Low,0.2629,2026-10-02
PRD02305,STU02305,,Medium,Medium,0.809,2026-10-02
PRD02306,STU02306,,Medium,Medium,0.8936,2026-10-02
PRD02307,STU02307,,Medium,Medium,0.7984,2026-10-02
PRD02308,STU02308,,High,High,0.9827,2026-10-02
PRD02309,STU02309,,High,High,0.99,2026-10-02
PRD02310,STU02310,,High,High,0.99,2026-10-02
PRD02311,STU02311,,Low,Medium,0.6989,2026-10-02
PRD02312,STU02312,,Low,Low,0.0978,2026-10-02
PRD02313,STU02313,,Medium,Medium,0.8832,2026-10-02
PRD02314,STU02314,,Medium,Medium,0.8219,2026-10-02
PRD02315,STU02315,,Low,Low,0.4563,2026-10-02
PRD02316,STU02316,,Medium,Low,0.5,2026-10-02
PRD02317,STU02317,,Medium,Medium,0.7524,2026-10-02
PRD02318,STU02318,,High,High,0.9808,2026-10-02
PRD02319,STU02319,,Low,Medium,0.518,2026-10-02
PRD02320,STU02320,,Medium,High,0.9814,2026-10-02
PRD02321,STU02321,,Low,Low,0.4642,2026-10-02
PRD02322,STU02322,,Medium,High,0.99,2026-10-02
PRD02323,STU02323,,Medium,High,0.9617,2026-10-02
PRD02324,STU02324,,Medium,Medium,0.9223,2026-10-02
PRD02325,STU02325,,Low,Medium,0.5358,2026-10-02
PRD02326,STU02326,,Low,Medium,0.6061,2026-10-02
PRD02327,STU02327,,High,High,0.9364,2026-10-02
PRD02328,STU02328,,Low,Medium,0.8108,2026-10-02
PRD02329,STU02329,,Low,Medium,0.8466,2026-10-02
PRD02330,STU02330,,Medium,High,0.9321,2026-10-02
PRD02331,STU02331,,High,High,0.9731,2026-10-02
PRD02332,STU02332,,High,High,0.99,2026-10-02
PRD02333,STU02333,,Medium,High,0.9463,2026-10-02
PRD02334,STU02334,,Medium,High,0.9458,2026-10-02
PRD02335,STU02335,,High,High,0.9866,2026-10-02
PRD02336,STU02336,,Low,Low,0.4319,2026-10-02
PRD02337,STU02337,,Low,Medium,0.715,2026-10-02
PRD02338,STU02338,,Medium,High,0.9663,2026-10-02
PRD02339,STU02339,,Medium,Medium,0.6594,2026-10-02
PRD02340,STU02340,,Low,Medium,0.531,2026-10-02
PRD02341,STU02341,,High,Medium,0.8487,2026-10-02
PRD02342,STU02342,,Medium,Medium,0.9509,2026-10-02
PRD02343,STU02343,,Medium,High,0.99,2026-10-02
PRD02344,STU02344,,Medium,High,0.954,2026-10-02
PRD02345,STU02345,,Low,Low,0.3945,2026-10-02
PRD02346,STU02346,,Medium,High,0.99,2026-10-02
PRD02347,STU02347,,Low,Medium,0.5492,2026-10-02
PRD02348,STU02348,,Medium,Medium,0.7415,2026-10-02
PRD02349,STU02349,,High,High,0.9032,2026-10-02
PRD02350,STU02350,,Medium,High,0.9197,2026-10-02
PRD02351,STU02351,,Low,Medium,0.6348,2026-10-02
PRD02352,STU02352,,Medium,Low,0.372,2026-10-02
PRD02353,STU02353,,High,High,0.99,2026-10-02
PRD02354,STU02354,,Low,Low,0.4322,2026-10-02
PRD02355,STU02355,,Medium,High,0.9672,2026-10-02
PRD02356,STU02356,,Low,Medium,0.8816,2026-10-02
PRD02357,STU02357,,Medium,High,0.9359,2026-10-02
PRD02358,STU02358,,High,High,0.99,2026-10-02
PRD02359,STU02359,,Low,Low,0.1843,2026-10-02
PRD02360,STU02360,,Medium,High,0.99,2026-10-02
PRD02361,STU02361,,High,High,0.99,2026-10-02
PRD02362,STU02362,,Low,Medium,0.8192,2026-10-02
PRD02363,STU02363,,Low,Medium,0.9353,2026-10-02
PRD02364,STU02364,,Medium,High,0.9761,2026-10-02
PRD02365,STU02365,,High,High,0.9692,2026-10-02
PRD02366,STU02366,,High,High,0.9868,2026-10-02
PRD02367,STU02367,,Medium,Medium,0.9306,2026-10-02
PRD02368,STU02368,,Medium,High,0.9809,2026-10-02
PRD02369,STU02369,,Low,Medium,0.8355,2026-10-02
PRD02370,STU02370,,Medium,High,0.9779,2026-10-02
PRD02371,STU02371,,Medium,Medium,0.4729,2026-10-02
PRD02372,STU02372,,Low,Low,0.3075,2026-10-02
PRD02373,STU02373,,Low,High,0.99,2026-10-02
PRD02374,STU02374,,Medium,High,0.9702,2026-10-02
PRD02375,STU02375,,Medium,Medium,0.799,2026-10-02
PRD02376,STU02376,,Medium,Medium,0.7855,2026-10-02
PRD02377,STU02377,,Low,Low,0.277,2026-10-02
PRD02378,STU02378,,Low,Low,0.2956,2026-10-02
PRD02379,STU02379,,Medium,High,0.9488,2026-10-02
PRD02380,STU02380,,Medium,High,0.9124,2026-10-02
PRD02381,STU02381,,Medium,Medium,0.8687,2026-10-02
PRD02382,STU02382,,High,Medium,0.8481,2026-10-02
PRD02383,STU02383,,Medium,Medium,0.6513,2026-10-02
PRD02384,STU02384,,High,High,0.969,2026-10-02
PRD02385,STU02385,,Low,Medium,0.8074,2026-10-02
PRD02386,STU02386,,High,High,0.9877,2026-10-02
PRD02387,STU02387,,High,High,0.99,2026-10-02
PRD02388,STU02388,,Medium,High,0.9264,2026-10-02
PRD02389,STU02389,,Medium,High,0.9668,2026-10-02
PRD02390,STU02390,,Low,Medium,0.9003,2026-10-02
PRD02391,STU02391,,Medium,High,0.9721,2026-10-02
PRD02392,STU02392,,Medium,High,0.9628,2026-10-02
PRD02393,STU02393,,Medium,High,0.982,2026-10-02
PRD02394,STU02394,,Low,Medium,0.6947,2026-10-02
PRD02395,STU02395,,Medium,Medium,0.8355,2026-10-02
PRD02396,STU02396,,Medium,Medium,0.9224,2026-10-02
PRD02397,STU02397,,Medium,Medium,0.8053,2026-10-02
PRD02398,STU02398,,Low,Medium,0.7524,2026-10-02
PRD02399,STU02399,,High,High,0.99,2026-10-02
PRD02400,STU02400,,Medium,Medium,0.8602,2026-10-02
PRD02401,STU02401,,Low,Medium,0.5391,2026-10-02
PRD02402,STU02402,,Low,High,0.9808,2026-10-02
PRD02403,STU02403,,Medium,High,0.9594,2026-10-02
PRD02404,STU02404,,High,High,0.99,2026-10-02
PRD02405,STU02405,,Medium,Medium,0.7766,2026-10-02
PRD02406,STU02406,,High,High,0.9839,2026-10-02
PRD02407,STU02407,,Medium,Medium,0.9016,2026-10-02
PRD02408,STU02408,,Low,Low,0.2616,2026-10-02
PRD02409,STU02409,,Medium,High,0.9807,2026-10-02
PRD02410,STU02410,,High,High,0.923,2026-10-02
PRD02411,STU02411,,Low,Medium,0.6042,2026-10-02
PRD02412,STU02412,,Low,Low,0.2975,2026-10-02
PRD02413,STU02413,,Medium,Medium,0.808,2026-10-02
PRD02414,STU02414,,High,Medium,0.9647,2026-10-02
PRD02415,STU02415,,Medium,Medium,0.9213,2026-10-02
PRD02416,STU02416,,High,High,0.9687,2026-10-02
PRD02417,STU02417,,Medium,High,0.99,2026-10-02
PRD02418,STU02418,,Low,Medium,0.7844,2026-10-02
PRD02419,STU02419,,Low,Medium,0.5964,2026-10-02
PRD02420,STU02420,,High,High,0.99,2026-10-02
PRD02421,STU02421,,Medium,High,0.9738,2026-10-02
PRD02422,STU02422,,High,High,0.99,2026-10-02
PRD02423,STU02423,,Low,Low,0.382,2026-10-02
PRD02424,STU02424,,Medium,High,0.99,2026-10-02
PRD02425,STU02425,,Medium,High,0.99,2026-10-02
PRD02426,STU02426,,Medium,High,0.99,2026-10-02
PRD02427,STU02427,,Low,Medium,0.6723,2026-10-02
PRD02428,STU02428,,Low,Medium,0.5189,2026-10-02
PRD02429,STU02429,,Low,Medium,0.7341,2026-10-02
PRD02430,STU02430,,Low,Medium,0.6014,2026-10-02
PRD02431,STU02431,,Medium,Medium,0.8844,2026-10-02
PRD02432,STU02432,,Medium,High,0.9513,2026-10-02
PRD02433,STU02433,,High,High,0.9846,2026-10-02
PRD02434,STU02434,,Low,Medium,0.7967,2026-10-02
PRD02435,STU02435,,Low,Medium,0.5832,2026-10-02
PRD02436,STU02436,,Low,Low,0.3984,2026-10-02
PRD02437,STU02437,,Low,Low,0.4128,2026-10-02
PRD02438,STU02438,,Low,Low,0.1527,2026-10-02
PRD02439,STU02439,,Medium,Low,0.2857,2026-10-02
PRD02440,STU02440,,High,High,0.9532,2026-10-02
PRD02441,STU02441,,Medium,Medium,0.931,2026-10-02
PRD02442,STU02442,,Low,Low,0.3011,2026-10-02
PRD02443,STU02443,,Medium,High,0.967,2026-10-02
PRD02444,STU02444,,High,High,0.99,2026-10-02
PRD02445,STU02445,,Medium,High,0.9733,2026-10-02
PRD02446,STU02446,,Medium,High,0.9855,2026-10-02
PRD02447,STU02447,,Low,Low,0.4707,2026-10-02
PRD02448,STU02448,,Medium,Medium,0.8179,2026-10-02
PRD02449,STU02449,,Low,Low,0.1875,2026-10-02
PRD02450,STU02450,,Low,Medium,0.7849,2026-10-02
PRD02451,STU02451,,Low,Medium,0.799,2026-10-02
PRD02452,STU02452,,Medium,Medium,0.9113,2026-10-02
PRD02453,STU02453,,Medium,Low,0.4962,2026-10-02
PRD02454,STU02454,,Medium,Medium,0.6196,2026-10-02
PRD02455,STU02455,,Low,Low,0.2119,2026-10-02
PRD02456,STU02456,,Low,Medium,0.9061,2026-10-02
PRD02457,STU02457,,Medium,Medium,0.7969,2026-10-02
PRD02458,STU02458,,Medium,High,0.99,2026-10-02
PRD02459,STU02459,,Low,Medium,0.5752,2026-10-02
PRD02460,STU02460,,High,High,0.99,2026-10-02
PRD02461,STU02461,,Medium,Medium,0.684,2026-10-02
PRD02462,STU02462,,Medium,Medium,0.975,2026-10-02
PRD02463,STU02463,,Low,Low,0.5021,2026-10-02
PRD02464,STU02464,,Medium,Medium,0.945,2026-10-02
PRD02465,STU02465,,Medium,Medium,0.8262,2026-10-02
PRD02466,STU02466,,Low,Low,0.3399,2026-10-02
PRD02467,STU02467,,Low,Medium,0.8045,2026-10-02
PRD02468,STU02468,,Low,Medium,0.8039,2026-10-02
PRD02469,STU02469,,Medium,Medium,0.8063,2026-10-02
PRD02470,STU02470,,Medium,Medium,0.9524,2026-10-02
PRD02471,STU02471,,High,High,0.99,2026-10-02
PRD02472,STU02472,,Medium,High,0.99,2026-10-02
PRD02473,STU02473,,Low,Low,0.2573,2026-10-02
PRD02474,STU02474,,Medium,Medium,0.9225,2026-10-02
PRD02475,STU02475,,High,High,0.99,2026-10-02
PRD02476,STU02476,,Low,Medium,0.804,2026-10-02
PRD02477,STU02477,,Medium,Medium,0.9026,2026-10-02
PRD02478,STU02478,,High,High,0.99,2026-10-02
PRD02479,STU02479,,Low,Medium,0.7833,2026-10-02
PRD02480,STU02480,,Low,Medium,0.9122,2026-10-02
PRD02481,STU02481,,Medium,Medium,0.4824,2026-10-02
PRD02482,STU02482,,Medium,High,0.9376,2026-10-02
PRD02483,STU02483,,Medium,Medium,0.9524,2026-10-02
PRD02484,STU02484,,Medium,Medium,0.7928,2026-10-02
PRD02485,STU02485,,Low,Medium,0.6126,2026-10-02
PRD02486,STU02486,,Medium,Medium,0.8781,2026-10-02
PRD02487,STU02487,,High,High,0.99,2026-10-02
PRD02488,STU02488,,Medium,High,0.9217,2026-10-02
PRD02489,STU02489,,Low,Low,0.2197,2026-10-02
PRD02490,STU02490,,Medium,Medium,0.6954,2026-10-02
PRD02491,STU02491,,Medium,Medium,0.9384,2026-10-02
PRD02492,STU02492,,Low,Low,0.4469,2026-10-02
PRD02493,STU02493,,Medium,High,0.9076,2026-10-02
PRD02494,STU02494,,Medium,Medium,0.7364,2026-10-02
PRD02495,STU02495,,Low,Medium,0.8007,2026-10-02
PRD02496,STU02496,,Medium,Medium,0.9277,2026-10-02
PRD02497,STU02497,,Low,Medium,0.8413,2026-10-02
PRD02498,STU02498,,Low,Medium,0.561,2026-10-02
PRD02499,STU02499,,High,High,0.99,2026-10-02
PRD02500,STU02500,,Medium,Medium,0.99,2026-10-02
PRD02501,STU02501,,High,High,0.9634,2026-10-02
PRD02502,STU02502,,High,High,0.99,2026-10-02
PRD02503,STU02503,,Medium,Medium,0.8876,2026-10-02
PRD02504,STU02504,,Low,Medium,0.7151,2026-10-02
PRD02505,STU02505,,Low,Medium,0.5962,2026-10-02
PRD02506,STU02506,,Low,High,0.9669,2026-10-02
PRD02507,STU02507,,Low,Low,0.0817,2026-10-02
PRD02508,STU02508,,Low,Low,0.2776,2026-10-02
PRD02509,STU02509,,Medium,Medium,0.8721,2026-10-02
PRD02510,STU02510,,Low,Low,0.4477,2026-10-02
PRD02511,STU02511,,Medium,High,0.9755,2026-10-02
PRD02512,STU02512,,Medium,Medium,0.7938,2026-10-02
PRD02513,STU02513,,Medium,High,0.99,2026-10-02
PRD02514,STU02514,,Medium,Medium,0.6751,2026-10-02
PRD02515,STU02515,,Medium,High,0.9645,2026-10-02
PRD02516,STU02516,,Medium,Medium,0.509,2026-10-02
PRD02517,STU02517,,Medium,Medium,0.8393,2026-10-02
PRD02518,STU02518,,Medium,High,0.9616,2026-10-02
PRD02519,STU02519,,Medium,High,0.9733,2026-10-02
PRD02520,STU02520,,Medium,Medium,0.7645,2026-10-02
PRD02521,STU02521,,Medium,Medium,0.5292,2026-10-02
PRD02522,STU02522,,Medium,High,0.9475,2026-10-02
PRD02523,STU02523,,Low,Low,0.2628,2026-10-02
PRD02524,STU02524,,Medium,Medium,0.6673,2026-10-02
PRD02525,STU02525,,Low,Low,0.1574,2026-10-02
PRD02526,STU02526,,High,High,0.99,2026-10-02
PRD02527,STU02527,,High,High,0.99,2026-10-02
PRD02528,STU02528,,Medium,High,0.9408,2026-10-02
PRD02529,STU02529,,Low,Medium,0.7656,2026-10-02
PRD02530,STU02530,,Low,Low,0.5032,2026-10-02
PRD02531,STU02531,,Low,Low,0.3295,2026-10-02
PRD02532,STU02532,,High,High,0.9764,2026-10-02
PRD02533,STU02533,,Medium,Medium,0.8548,2026-10-02
PRD02534,STU02534,,Medium,Medium,0.873,2026-10-02
PRD02535,STU02535,,Medium,High,0.9649,2026-10-02
PRD02536,STU02536,,Medium,High,0.9843,2026-10-02
PRD02537,STU02537,,Low,Medium,0.6399,2026-10-02
PRD02538,STU02538,,Medium,High,0.99,2026-10-02
PRD02539,STU02539,,Medium,High,0.9705,2026-10-02
PRD02540,STU02540,,Medium,High,0.9442,2026-10-02
PRD02541,STU02541,,Medium,Medium,0.8807,2026-10-02
PRD02542,STU02542,,Medium,Medium,0.8487,2026-10-02
PRD02543,STU02543,,Medium,Medium,0.894,2026-10-02
PRD02544,STU02544,,Low,Medium,0.5877,2026-10-02
PRD02545,STU02545,,Low,Low,0.4327,2026-10-02
PRD02546,STU02546,,Low,Low,0.2137,2026-10-02
PRD02547,STU02547,,Medium,High,0.9485,2026-10-02
PRD02548,STU02548,,Low,Medium,0.803,2026-10-02
PRD02549,STU02549,,Low,Low,0.1093,2026-10-02
PRD02550,STU02550,,Medium,Medium,0.8525,2026-10-02
PRD02551,STU02551,,Medium,High,0.9687,2026-10-02
PRD02552,STU02552,,Medium,High,0.9345,2026-10-02
PRD02553,STU02553,,Low,Low,0.4803,2026-10-02
PRD02554,STU02554,,High,High,0.99,2026-10-02
PRD02555,STU02555,,Medium,Medium,0.8228,2026-10-02
PRD02556,STU02556,,Medium,Medium,0.8633,2026-10-02
PRD02557,STU02557,,High,High,0.9672,2026-10-02
PRD02558,STU02558,,Low,Medium,0.5677,2026-10-02
PRD02559,STU02559,,Medium,High,0.99,2026-10-02
PRD02560,STU02560,,Low,Medium,0.8314,2026-10-02
PRD02561,STU02561,,Medium,Medium,0.9004,2026-10-02
PRD02562,STU02562,,Low,Medium,0.8182,2026-10-02
PRD02563,STU02563,,Medium,Low,0.4972,2026-10-02
PRD02564,STU02564,,High,High,0.99,2026-10-02
PRD02565,STU02565,,Medium,Medium,0.6806,2026-10-02
PRD02566,STU02566,,Low,Low,0.3793,2026-10-02
PRD02567,STU02567,,Low,Low,0.3902,2026-10-02
PRD02568,STU02568,,Low,Medium,0.7829,2026-10-02
PRD02569,STU02569,,Medium,High,0.99,2026-10-02
PRD02570,STU02570,,Low,Medium,0.5666,2026-10-02
PRD02571,STU02571,,Low,Medium,0.5957,2026-10-02
PRD02572,STU02572,,Low,Medium,0.5984,2026-10-02
PRD02573,STU02573,,Medium,Medium,0.7039,2026-10-02
PRD02574,STU02574,,Low,Low,0.2106,2026-10-02
PRD02575,STU02575,,Medium,High,0.9708,2026-10-02
PRD02576,STU02576,,Medium,Medium,0.89,2026-10-02
PRD02577,STU02577,,High,High,0.9692,2026-10-02
PRD02578,STU02578,,High,High,0.9662,2026-10-02
PRD02579,STU02579,,Medium,High,0.99,2026-10-02
PRD02580,STU02580,,Medium,Medium,0.929,2026-10-02
PRD02581,STU02581,,Low,Medium,0.9363,2026-10-02
PRD02582,STU02582,,High,High,0.9884,2026-10-02
PRD02583,STU02583,,Medium,Medium,0.7612,2026-10-02
PRD02584,STU02584,,Low,Low,0.1712,2026-10-02
PRD02585,STU02585,,Medium,Medium,0.9294,2026-10-02
PRD02586,STU02586,,High,High,0.9451,2026-10-02
PRD02587,STU02587,,Low,High,0.9534,2026-10-02
PRD02588,STU02588,,Low,Medium,0.5703,2026-10-02
PRD02589,STU02589,,Medium,High,0.9726,2026-10-02
PRD02590,STU02590,,Low,Low,0.4246,2026-10-02
PRD02591,STU02591,,Medium,High,0.9301,2026-10-02
PRD02592,STU02592,,High,High,0.99,2026-10-02
PRD02593,STU02593,,Medium,Low,0.5068,2026-10-02
PRD02594,STU02594,,Low,Low,0.1003,2026-10-02
PRD02595,STU02595,,High,High,0.99,2026-10-02
PRD02596,STU02596,,Medium,Medium,0.9432,2026-10-02
PRD02597,STU02597,,Low,Low,0.3602,2026-10-02
PRD02598,STU02598,,Medium,High,0.99,2026-10-02
PRD02599,STU02599,,High,High,0.99,2026-10-02
PRD02600,STU02600,,Medium,Low,0.3708,2026-10-02
PRD02601,STU02601,,Medium,High,0.9429,2026-10-02
PRD02602,STU02602,,Medium,Medium,0.8837,2026-10-02
PRD02603,STU02603,,High,High,0.9685,2026-10-02
PRD02604,STU02604,,Low,Low,0.1903,2026-10-02
PRD02605,STU02605,,High,High,0.99,2026-10-02
PRD02606,STU02606,,Medium,Medium,0.8684,2026-10-02
PRD02607,STU02607,,Medium,Medium,0.8469,2026-10-02
PRD02608,STU02608,,Low,Medium,0.7992,2026-10-02
PRD02609,STU02609,,Medium,High,0.99,2026-10-02
PRD02610,STU02610,,Medium,High,0.99,2026-10-02
PRD02611,STU02611,,Medium,Medium,0.8246,2026-10-02
PRD02612,STU02612,,Medium,High,0.9723,2026-10-02
PRD02613,STU02613,,Medium,High,0.9415,2026-10-02
PRD02614,STU02614,,Low,Low,0.222,2026-10-02
PRD02615,STU02615,,Medium,Medium,0.9197,2026-10-02
PRD02616,STU02616,,High,High,0.99,2026-10-02
PRD02617,STU02617,,Medium,Medium,0.8805,2026-10-02
PRD02618,STU02618,,Medium,Low,0.4133,2026-10-02
PRD02619,STU02619,,Medium,High,0.9387,2026-10-02
PRD02620,STU02620,,High,High,0.99,2026-10-02
PRD02621,STU02621,,High,High,0.99,2026-10-02
PRD02622,STU02622,,Low,Medium,0.7236,2026-10-02
PRD02623,STU02623,,Medium,High,0.9454,2026-10-02
PRD02624,STU02624,,Medium,High,0.9861,2026-10-02
PRD02625,STU02625,,Medium,High,0.9443,2026-10-02
PRD02626,STU02626,,High,High,0.99,2026-10-02
PRD02627,STU02627,,High,High,0.99,2026-10-02
PRD02628,STU02628,,Low,Medium,0.862,2026-10-02
PRD02629,STU02629,,Medium,High,0.9602,2026-10-02
PRD02630,STU02630,,Medium,High,0.9889,2026-10-02
PRD02631,STU02631,,Medium,Medium,0.9307,2026-10-02
PRD02632,STU02632,,Medium,High,0.9301,2026-10-02
PRD02633,STU02633,,Low,Low,0.108,2026-10-02
PRD02634,STU02634,,Medium,High,0.9848,2026-10-02
PRD02635,STU02635,,Medium,Medium,0.8711,2026-10-02
PRD02636,STU02636,,Low,Low,0.2716,2026-10-02
PRD02637,STU02637,,Low,Low,0.4073,2026-10-02
PRD02638,STU02638,,Medium,Medium,0.9168,2026-10-02
PRD02639,STU02639,,High,High,0.9893,2026-10-02
PRD02640,STU02640,,Low,Low,0.4079,2026-10-02
PRD02641,STU02641,,Low,High,0.9531,2026-10-02
PRD02642,STU02642,,Medium,Medium,0.8756,2026-10-02
PRD02643,STU02643,,Low,Low,0.3377,2026-10-02
PRD02644,STU02644,,Medium,High,0.9783,2026-10-02
PRD02645,STU02645,,Low,Low,0.3895,2026-10-02
PRD02646,STU02646,,Low,Medium,0.6052,2026-10-02
PRD02647,STU02647,,Medium,Medium,0.9387,2026-10-02
PRD02648,STU02648,,High,High,0.9445,2026-10-02
PRD02649,STU02649,,Low,Medium,0.686,2026-10-02
PRD02650,STU02650,,Low,Low,0.265,2026-10-02
PRD02651,STU02651,,Low,Medium,0.664,2026-10-02
PRD02652,STU02652,,High,High,0.99,2026-10-02
PRD02653,STU02653,,Low,Medium,0.6931,2026-10-02
PRD02654,STU02654,,Medium,Medium,0.528,2026-10-02
PRD02655,STU02655,,Low,Medium,0.8503,2026-10-02
PRD02656,STU02656,,High,High,0.9764,2026-10-02
PRD02657,STU02657,,Low,Medium,0.8608,2026-10-02
PRD02658,STU02658,,Medium,High,0.9753,2026-10-02
PRD02659,STU02659,,Low,Medium,0.6392,2026-10-02
PRD02660,STU02660,,High,High,0.99,2026-10-02
PRD02661,STU02661,,Low,Medium,0.758,2026-10-02
PRD02662,STU02662,,Low,Medium,0.9087,2026-10-02
PRD02663,STU02663,,Medium,High,0.9444,2026-10-02
PRD02664,STU02664,,Low,Medium,0.7482,2026-10-02
PRD02665,STU02665,,Medium,High,0.99,2026-10-02
PRD02666,STU02666,,Medium,High,0.99,2026-10-02
PRD02667,STU02667,,Medium,Medium,0.7137,2026-10-02
PRD02668,STU02668,,Low,Medium,0.5902,2026-10-02
PRD02669,STU02669,,Low,Low,0.4255,2026-10-02
PRD02670,STU02670,,Medium,High,0.9609,2026-10-02
PRD02671,STU02671,,High,High,0.9854,2026-10-02
PRD02672,STU02672,,High,High,0.99,2026-10-02
PRD02673,STU02673,,High,High,0.9733,2026-10-02
PRD02674,STU02674,,Low,Medium,0.6889,2026-10-02
PRD02675,STU02675,,Medium,Medium,0.9355,2026-10-02
PRD02676,STU02676,,Low,Medium,0.6192,2026-10-02
PRD02677,STU02677,,Low,Medium,0.9515,2026-10-02
PRD02678,STU02678,,Medium,Medium,0.5894,2026-10-02
PRD02679,STU02679,,Medium,Medium,0.8767,2026-10-02
PRD02680,STU02680,,Medium,Medium,0.9386,2026-10-02
PRD02681,STU02681,,Low,Low,0.3331,2026-10-02
PRD02682,STU02682,,Low,Medium,0.7589,2026-10-02
PRD02683,STU02683,,Low,Low,0.5056,2026-10-02
PRD02684,STU02684,,Low,Medium,0.5244,2026-10-02
PRD02685,STU02685,,Low,Medium,0.9334,2026-10-02
PRD02686,STU02686,,Low,Low,0.1873,2026-10-02
PRD02687,STU02687,,Low,Low,0.147,2026-10-02
PRD02688,STU02688,,Low,Medium,0.7351,2026-10-02
PRD02689,STU02689,,Medium,Medium,0.6607,2026-10-02
PRD02690,STU02690,,High,High,0.99,2026-10-02
PRD02691,STU02691,,Medium,Medium,0.9305,2026-10-02
PRD02692,STU02692,,Medium,High,0.9465,2026-10-02
PRD02693,STU02693,,High,High,0.9862,2026-10-02
PRD02694,STU02694,,Low,Medium,0.8634,2026-10-02
PRD02695,STU02695,,Medium,Medium,0.8911,2026-10-02
PRD02696,STU02696,,Low,Medium,0.6753,2026-10-02
PRD02697,STU02697,,Medium,Medium,0.6577,2026-10-02
PRD02698,STU02698,,Medium,High,0.9734,2026-10-02
PRD02699,STU02699,,Low,Medium,0.566,2026-10-02
PRD02700,STU02700,,Medium,Medium,0.9027,2026-10-02
PRD02701,STU02701,,Low,Medium,0.8761,2026-10-02
PRD02702,STU02702,,Medium,High,0.99,2026-10-02
PRD02703,STU02703,,High,High,0.959,2026-10-02
PRD02704,STU02704,,Low,Medium,0.6391,2026-10-02
PRD02705,STU02705,,High,High,0.99,2026-10-02
PRD02706,STU02706,,High,Medium,0.7963,2026-10-02
PRD02707,STU02707,,Low,Medium,0.8368,2026-10-02
PRD02708,STU02708,,Medium,High,0.99,2026-10-02
PRD02709,STU02709,,Medium,Medium,0.5423,2026-10-02
PRD02710,STU02710,,Medium,High,0.99,2026-10-02
PRD02711,STU02711,,Medium,Medium,0.8268,2026-10-02
PRD02712,STU02712,,Medium,High,0.99,2026-10-02
PRD02713,STU02713,,Medium,High,0.9106,2026-10-02
PRD02714,STU02714,,Low,Low,0.3992,2026-10-02
PRD02715,STU02715,,Medium,High,0.9721,2026-10-02
PRD02716,STU02716,,Medium,High,0.99,2026-10-02
PRD02717,STU02717,,High,High,0.99,2026-10-02
PRD02718,STU02718,,Medium,High,0.9381,2026-10-02
PRD02719,STU02719,,Low,Low,0.3222,2026-10-02
PRD02720,STU02720,,Low,Medium,0.5348,2026-10-02
PRD02721,STU02721,,Low,Low,0.319,2026-10-02
PRD02722,STU02722,,Medium,Medium,0.8351,2026-10-02
PRD02723,STU02723,,Medium,High,0.99,2026-10-02
PRD02724,STU02724,,Medium,Low,0.4057,2026-10-02
PRD02725,STU02725,,Medium,Medium,0.9177,2026-10-02
PRD02726,STU02726,,Low,Medium,0.7516,2026-10-02
PRD02727,STU02727,,Medium,High,0.98,2026-10-02
PRD02728,STU02728,,Low,Medium,0.6202,2026-10-02
PRD02729,STU02729,,Medium,Medium,0.769,2026-10-02
PRD02730,STU02730,,Medium,Medium,0.7776,2026-10-02
PRD02731,STU02731,,Medium,High,0.99,2026-10-02
PRD02732,STU02732,,Low,Low,0.5249,2026-10-02
PRD02733,STU02733,,Medium,Medium,0.7186,2026-10-02
PRD02734,STU02734,,Medium,High,0.99,2026-10-02
PRD02735,STU02735,,Medium,High,0.99,2026-10-02
PRD02736,STU02736,,Medium,Medium,0.5084,2026-10-02
PRD02737,STU02737,,High,High,0.99,2026-10-02
PRD02738,STU02738,,High,High,0.987,2026-10-02
PRD02739,STU02739,,Medium,Medium,0.8453,2026-10-02
PRD02740,STU02740,,Medium,High,0.9704,2026-10-02
PRD02741,STU02741,,Medium,High,0.9839,2026-10-02
PRD02742,STU02742,,Low,Low,0.1154,2026-10-02
PRD02743,STU02743,,Low,Medium,0.5518,2026-10-02
PRD02744,STU02744,,Low,Medium,0.6024,2026-10-02
PRD02745,STU02745,,Medium,High,0.99,2026-10-02
PRD02746,STU02746,,Medium,Medium,0.8015,2026-10-02
PRD02747,STU02747,,Medium,Medium,0.6474,2026-10-02
PRD02748,STU02748,,Medium,High,0.9241,2026-10-02
PRD02749,STU02749,,High,High,0.9667,2026-10-02
PRD02750,STU02750,,Low,Medium,0.91,2026-10-02
PRD02751,STU02751,,Low,Medium,0.7982,2026-10-02
PRD02752,STU02752,,Low,Low,0.2762,2026-10-02
PRD02753,STU02753,,Medium,Medium,0.9106,2026-10-02
PRD02754,STU02754,,Medium,High,0.99,2026-10-02
PRD02755,STU02755,,Low,Low,0.4141,2026-10-02
PRD02756,STU02756,,Medium,Medium,0.8936,2026-10-02
PRD02757,STU02757,,Medium,Medium,0.9501,2026-10-02
PRD02758,STU02758,,High,Medium,0.8173,2026-10-02
PRD02759,STU02759,,Medium,Medium,0.7284,2026-10-02
PRD02760,STU02760,,High,High,0.99,2026-10-02
PRD02761,STU02761,,High,High,0.9828,2026-10-02
PRD02762,STU02762,,Low,Low,0.1652,2026-10-02
PRD02763,STU02763,,Medium,High,0.9816,2026-10-02
PRD02764,STU02764,,Low,Medium,0.8647,2026-10-02
PRD02765,STU02765,,Low,Low,0.324,2026-10-02
PRD02766,STU02766,,Medium,Medium,0.8044,2026-10-02
PRD02767,STU02767,,High,High,0.99,2026-10-02
PRD02768,STU02768,,Medium,Medium,0.8869,2026-10-02
PRD02769,STU02769,,Medium,Medium,0.9576,2026-10-02
PRD02770,STU02770,,Medium,Medium,0.8775,2026-10-02
PRD02771,STU02771,,Medium,Medium,0.8991,2026-10-02
PRD02772,STU02772,,Medium,Medium,0.8134,2026-10-02
PRD02773,STU02773,,High,High,0.99,2026-10-02
PRD02774,STU02774,,Low,Medium,0.5256,2026-10-02
PRD02775,STU02775,,Medium,Medium,0.7797,2026-10-02
PRD02776,STU02776,,Medium,Medium,0.65,2026-10-02
PRD02777,STU02777,,High,High,0.99,2026-10-02
PRD02778,STU02778,,Medium,Medium,0.7768,2026-10-02
PRD02779,STU02779,,Low,Medium,0.9424,2026-10-02
PRD02780,STU02780,,Medium,Medium,0.9573,2026-10-02
PRD02781,STU02781,,Medium,High,0.99,2026-10-02
PRD02782,STU02782,,Low,Low,0.2958,2026-10-02
PRD02783,STU02783,,Medium,Medium,0.8149,2026-10-02
PRD02784,STU02784,,Medium,Medium,0.9533,2026-10-02
PRD02785,STU02785,,Medium,High,0.9839,2026-10-02
PRD02786,STU02786,,Low,Low,0.4375,2026-10-02
PRD02787,STU02787,,High,High,0.9894,2026-10-02
PRD02788,STU02788,,Low,Medium,0.8504,2026-10-02
PRD02789,STU02789,,Low,Low,0.1272,2026-10-02
PRD02790,STU02790,,Medium,Medium,0.9226,2026-10-02
PRD02791,STU02791,,Medium,Medium,0.9041,2026-10-02
PRD02792,STU02792,,Medium,High,0.9415,2026-10-02
PRD02793,STU02793,,Medium,High,0.99,2026-10-02
PRD02794,STU02794,,Medium,High,0.9275,2026-10-02
PRD02795,STU02795,,Low,Medium,0.8184,2026-10-02
PRD02796,STU02796,,Medium,Medium,0.7602,2026-10-02
PRD02797,STU02797,,High,High,0.9077,2026-10-02
PRD02798,STU02798,,Low,Medium,0.8814,2026-10-02
PRD02799,STU02799,,Medium,High,0.9357,2026-10-02
PRD02800,STU02800,,Low,Low,0.3154,2026-10-02
PRD02801,STU02801,,High,High,0.99,2026-10-02
PRD02802,STU02802,,Medium,Medium,0.8428,2026-10-02
PRD02803,STU02803,,Low,Medium,0.4889,2026-10-02
PRD02804,STU02804,,Medium,High,0.9369,2026-10-02
PRD02805,STU02805,,Low,Medium,0.6009,2026-10-02
PRD02806,STU02806,,Medium,High,0.9478,2026-10-02
PRD02807,STU02807,,Medium,High,0.9497,2026-10-02
PRD02808,STU02808,,Medium,Medium,0.664,2026-10-02
PRD02809,STU02809,,Medium,High,0.9746,2026-10-02
PRD02810,STU02810,,Low,Low,0.1768,2026-10-02
PRD02811,STU02811,,Medium,High,0.988,2026-10-02
PRD02812,STU02812,,Low,Low,0.2778,2026-10-02
PRD02813,STU02813,,Low,Medium,0.876,2026-10-02
PRD02814,STU02814,,Medium,High,0.9008,2026-10-02
PRD02815,STU02815,,Medium,High,0.9702,2026-10-02
PRD02816,STU02816,,Low,Low,0.3621,2026-10-02
PRD02817,STU02817,,Medium,High,0.9298,2026-10-02
PRD02818,STU02818,,Medium,Medium,0.8662,2026-10-02
PRD02819,STU02819,,High,High,0.9674,2026-10-02
PRD02820,STU02820,,Medium,Medium,0.845,2026-10-02
PRD02821,STU02821,,Medium,Medium,0.9571,2026-10-02
PRD02822,STU02822,,Low,Low,0.2014,2026-10-02
PRD02823,STU02823,,Medium,Medium,0.8369,2026-10-02
PRD02824,STU02824,,High,High,0.983,2026-10-02
PRD02825,STU02825,,Low,Low,0.0687,2026-10-02
PRD02826,STU02826,,Low,Low,0.4771,2026-10-02
PRD02827,STU02827,,High,High,0.9774,2026-10-02
PRD02828,STU02828,,Medium,High,0.99,2026-10-02
PRD02829,STU02829,,Medium,High,0.9798,2026-10-02
PRD02830,STU02830,,Medium,High,0.99,2026-10-02
PRD02831,STU02831,,High,High,0.99,2026-10-02
PRD02832,STU02832,,Medium,High,0.9865,2026-10-02
PRD02833,STU02833,,Medium,Medium,0.8833,2026-10-02
PRD02834,STU02834,,High,High,0.9598,2026-10-02
PRD02835,STU02835,,Medium,Medium,0.7684,2026-10-02
PRD02836,STU02836,,Medium,Medium,0.8888,2026-10-02
PRD02837,STU02837,,Medium,High,0.9646,2026-10-02
PRD02838,STU02838,,High,High,0.9573,2026-10-02
PRD02839,STU02839,,Medium,High,0.99,2026-10-02
PRD02840,STU02840,,Medium,High,0.9732,2026-10-02
PRD02841,STU02841,,Low,Low,0.3077,2026-10-02
PRD02842,STU02842,,Low,Low,0.2675,2026-10-02
PRD02843,STU02843,,Low,Medium,0.8091,2026-10-02
PRD02844,STU02844,,Low,Low,0.3492,2026-10-02
PRD02845,STU02845,,Low,Medium,0.81,2026-10-02
PRD02846,STU02846,,Low,Low,0.2217,2026-10-02
PRD02847,STU02847,,Medium,Medium,0.9011,2026-10-02
PRD02848,STU02848,,Low,Low,0.4548,2026-10-02
PRD02849,STU02849,,Medium,Medium,0.6194,2026-10-02
PRD02850,STU02850,,Low,Medium,0.6742,2026-10-02
PRD02851,STU02851,,Medium,High,0.9305,2026-10-02
PRD02852,STU02852,,High,High,0.99,2026-10-02
PRD02853,STU02853,,Medium,Medium,0.9323,2026-10-02
PRD02854,STU02854,,Medium,Medium,0.8235,2026-10-02
PRD02855,STU02855,,Low,Low,0.3415,2026-10-02
PRD02856,STU02856,,Low,Medium,0.6935,2026-10-02
PRD02857,STU02857,,Medium,Medium,0.8266,2026-10-02
PRD02858,STU02858,,Medium,High,0.9181,2026-10-02
PRD02859,STU02859,,Low,Low,0.4261,2026-10-02
PRD02860,STU02860,,Medium,High,0.9771,2026-10-02
PRD02861,STU02861,,High,High,0.99,2026-10-02
PRD02862,STU02862,,Low,Low,0.5188,2026-10-02
PRD02863,STU02863,,Medium,Medium,0.8529,2026-10-02
PRD02864,STU02864,,Medium,Medium,0.7789,2026-10-02
PRD02865,STU02865,,Low,Medium,0.5009,2026-10-02
PRD02866,STU02866,,Medium,High,0.9886,2026-10-02
PRD02867,STU02867,,Low,Medium,0.5497,2026-10-02
PRD02868,STU02868,,High,High,0.99,2026-10-02
PRD02869,STU02869,,Low,Medium,0.5947,2026-10-02
PRD02870,STU02870,,High,High,0.99,2026-10-02
PRD02871,STU02871,,Medium,High,0.9661,2026-10-02
PRD02872,STU02872,,Low,Low,0.4155,2026-10-02
PRD02873,STU02873,,Low,Low,0.1893,2026-10-02
PRD02874,STU02874,,Low,Low,0.3179,2026-10-02
PRD02875,STU02875,,Low,Medium,0.7702,2026-10-02
PRD02876,STU02876,,Low,Low,0.2062,2026-10-02
PRD02877,STU02877,,Medium,Medium,0.8294,2026-10-02
PRD02878,STU02878,,Medium,High,0.9484,2026-10-02
PRD02879,STU02879,,Medium,High,0.99,2026-10-02
PRD02880,STU02880,,High,High,0.9349,2026-10-02
PRD02881,STU02881,,Medium,Medium,0.9422,2026-10-02
PRD02882,STU02882,,High,High,0.99,2026-10-02
PRD02883,STU02883,,Low,Medium,0.8051,2026-10-02
PRD02884,STU02884,,Medium,Medium,0.8271,2026-10-02
PRD02885,STU02885,,Medium,Medium,0.9076,2026-10-02
PRD02886,STU02886,,Medium,Medium,0.8176,2026-10-02
PRD02887,STU02887,,Low,Low,0.2967,2026-10-02
PRD02888,STU02888,,Low,High,0.99,2026-10-02
PRD02889,STU02889,,High,High,0.99,2026-10-02
PRD02890,STU02890,,High,High,0.987,2026-10-02
PRD02891,STU02891,,Medium,Medium,0.806,2026-10-02
PRD02892,STU02892,,Low,Medium,0.777,2026-10-02
PRD02893,STU02893,,Medium,High,0.9861,2026-10-02
PRD02894,STU02894,,Low,Medium,0.7234,2026-10-02
PRD02895,STU02895,,Low,Low,0.4735,2026-10-02
PRD02896,STU02896,,Medium,Medium,0.6172,2026-10-02
PRD02897,STU02897,,High,High,0.9804,2026-10-02
PRD02898,STU02898,,Medium,High,0.99,2026-10-02
PRD02899,STU02899,,Medium,Low,0.4886,2026-10-02
PRD02900,STU02900,,Low,Medium,0.608,2026-10-02
PRD02901,STU02901,,Medium,Medium,0.8281,2026-10-02
PRD02902,STU02902,,Medium,High,0.9238,2026-10-02
PRD02903,STU02903,,Low,Medium,0.6178,2026-10-02
PRD02904,STU02904,,High,High,0.99,2026-10-02
PRD02905,STU02905,,High,High,0.99,2026-10-02
PRD02906,STU02906,,High,High,0.9601,2026-10-02
PRD02907,STU02907,,Medium,High,0.9898,2026-10-02
PRD02908,STU02908,,Low,Medium,0.6178,2026-10-02
PRD02909,STU02909,,High,High,0.9656,2026-10-02
PRD02910,STU02910,,Low,Low,0.3802,2026-10-02
PRD02911,STU02911,,Low,Low,0.4909,2026-10-02
PRD02912,STU02912,,High,High,0.9811,2026-10-02
PRD02913,STU02913,,Low,Medium,0.8197,2026-10-02
PRD02914,STU02914,,High,High,0.9791,2026-10-02
PRD02915,STU02915,,Medium,High,0.9116,2026-10-02
PRD02916,STU02916,,High,High,0.99,2026-10-02
PRD02917,STU02917,,Low,Medium,0.5503,2026-10-02
PRD02918,STU02918,,High,High,0.9855,2026-10-02
PRD02919,STU02919,,Medium,Medium,0.9103,2026-10-02
PRD02920,STU02920,,Low,Medium,0.7772,2026-10-02
PRD02921,STU02921,,Medium,High,0.99,2026-10-02
PRD02922,STU02922,,Medium,High,0.915,2026-10-02
PRD02923,STU02923,,Medium,Medium,0.9191,2026-10-02
PRD02924,STU02924,,Medium,Medium,0.954,2026-10-02
PRD02925,STU02925,,Medium,Medium,0.7171,2026-10-02
PRD02926,STU02926,,Medium,High,0.99,2026-10-02
PRD02927,STU02927,,High,High,0.989,2026-10-02
PRD02928,STU02928,,Low,Medium,0.6165,2026-10-02
PRD02929,STU02929,,Low,Medium,0.5364,2026-10-02
PRD02930,STU02930,,Low,Low,0.4597,2026-10-02
PRD02931,STU02931,,Low,Medium,0.7875,2026-10-02
PRD02932,STU02932,,Medium,Medium,0.5952,2026-10-02
PRD02933,STU02933,,Low,Medium,0.5166,2026-10-02
PRD02934,STU02934,,Medium,High,0.9702,2026-10-02
PRD02935,STU02935,,High,High,0.9706,2026-10-02
PRD02936,STU02936,,High,High,0.99,2026-10-02
PRD02937,STU02937,,High,High,0.99,2026-10-02
PRD02938,STU02938,,Low,Medium,0.6653,2026-10-02
PRD02939,STU02939,,Medium,High,0.99,2026-10-02
PRD02940,STU02940,,Low,Low,0.26,2026-10-02
PRD02941,STU02941,,Medium,Low,0.3478,2026-10-02
PRD02942,STU02942,,Low,Medium,0.5648,2026-10-02
PRD02943,STU02943,,Medium,High,0.9882,2026-10-02
PRD02944,STU02944,,Medium,High,0.99,2026-10-02
PRD02945,STU02945,,Low,Low,0.3015,2026-10-02
PRD02946,STU02946,,Low,Medium,0.5905,2026-10-02
PRD02947,STU02947,,High,High,0.9546,2026-10-02
PRD02948,STU02948,,Medium,High,0.99,2026-10-02
PRD02949,STU02949,,Medium,Medium,0.7132,2026-10-02
PRD02950,STU02950,,Low,Low,0.144,2026-10-02
PRD02951,STU02951,,Medium,High,0.9881,2026-10-02
PRD02952,STU02952,,Medium,Medium,0.8519,2026-10-02
PRD02953,STU02953,,Low,Medium,0.603,2026-10-02
PRD02954,STU02954,,Medium,High,0.9083,2026-10-02
PRD02955,STU02955,,Low,Low,0.4872,2026-10-02
PRD02956,STU02956,,Medium,Medium,0.5255,2026-10-02
PRD02957,STU02957,,Low,Medium,0.4872,2026-10-02
PRD02958,STU02958,,Low,Low,0.1012,2026-10-02
PRD02959,STU02959,,Low,Medium,0.5545,2026-10-02
PRD02960,STU02960,,High,High,0.99,2026-10-02
PRD02961,STU02961,,Low,Medium,0.8907,2026-10-02
PRD02962,STU02962,,Low,Low,0.1733,2026-10-02
PRD02963,STU02963,,Low,Low,0.3067,2026-10-02
PRD02964,STU02964,,Low,Medium,0.6622,2026-10-02
PRD02965,STU02965,,Low,Medium,0.6918,2026-10-02
PRD02966,STU02966,,High,High,0.9486,2026-10-02
PRD02967,STU02967,,Medium,Medium,0.933,2026-10-02
PRD02968,STU02968,,High,High,0.99,2026-10-02
PRD02969,STU02969,,Medium,High,0.99,2026-10-02
PRD02970,STU02970,,High,High,0.99,2026-10-02
PRD02971,STU02971,,High,High,0.99,2026-10-02
PRD02972,STU02972,,High,High,0.99,2026-10-02
PRD02973,STU02973,,Medium,High,0.99,2026-10-02
PRD02974,STU02974,,Low,Medium,0.8711,2026-10-02
PRD02975,STU02975,,Medium,Medium,0.7804,2026-10-02
PRD02976,STU02976,,Medium,Medium,0.5779,2026-10-02
PRD02977,STU02977,,Medium,Medium,0.7598,2026-10-02
PRD02978,STU02978,,Low,Low,0.1353,2026-10-02
PRD02979,STU02979,,Low,Medium,0.8949,2026-10-02
PRD02980,STU02980,,High,High,0.9764,2026-10-02
PRD02981,STU02981,,Low,Low,0.2236,2026-10-02
PRD02982,STU02982,,Medium,Medium,0.847,2026-10-02
PRD02983,STU02983,,Medium,High,0.99,2026-10-02
PRD02984,STU02984,,Medium,High,0.967,2026-10-02
PRD02985,STU02985,,Medium,Medium,0.776,2026-10-02
PRD02986,STU02986,,Low,Medium,0.6852,2026-10-02
PRD02987,STU02987,,Low,Medium,0.6756,2026-10-02
PRD02988,STU02988,,Medium,Medium,0.9086,2026-10-02
PRD02989,STU02989,,Medium,High,0.99,2026-10-02
PRD02990,STU02990,,Low,Medium,0.5387,2026-10-02
PRD02991,STU02991,,Low,Medium,0.8153,2026-10-02
PRD02992,STU02992,,Medium,High,0.9681,2026-10-02
PRD02993,STU02993,,Medium,Medium,0.8237,2026-10-02
PRD02994,STU02994,,Medium,Medium,0.9591,2026-10-02
PRD02995,STU02995,,Low,Low,0.476,2026-10-02
PRD02996,STU02996,,Medium,Medium,0.8255,2026-10-02
PRD02997,STU02997,,Medium,High,0.9672,2026-10-02
PRD02998,STU02998,,Low,Medium,0.9232,2026-10-02
PRD02999,STU02999,,Medium,Low,0.4689,2026-10-02
PRD03000,STU03000,,Low,Low,0.4137,2026-10-02
PRD03001,STU03001,,Medium,High,0.9337,2026-10-02
PRD03002,STU03002,,Low,Medium,0.6896,2026-10-02
PRD03003,STU03003,,Medium,High,0.9793,2026-10-02
PRD03004,STU03004,,Low,Medium,0.9016,2026-10-02
PRD03005,STU03005,,Medium,High,0.9741,2026-10-02
PRD03006,STU03006,,Medium,Medium,0.9575,2026-10-02
PRD03007,STU03007,,Low,Medium,0.6628,2026-10-02
PRD03008,STU03008,,Medium,High,0.9874,2026-10-02
PRD03009,STU03009,,High,High,0.99,2026-10-02
PRD03010,STU03010,,Low,Low,0.115,2026-10-02
PRD03011,STU03011,,Medium,Medium,0.7145,2026-10-02
PRD03012,STU03012,,Medium,Medium,0.8374,2026-10-02
PRD03013,STU03013,,Medium,High,0.9595,2026-10-02
PRD03014,STU03014,,Medium,High,0.99,2026-10-02
PRD03015,STU03015,,Low,Low,0.3813,2026-10-02
PRD03016,STU03016,,High,High,0.9412,2026-10-02
PRD03017,STU03017,,Medium,Medium,0.6019,2026-10-02
PRD03018,STU03018,,Medium,Medium,0.6394,2026-10-02
PRD03019,STU03019,,Low,High,0.9832,2026-10-02
PRD03020,STU03020,,Low,Medium,0.99,2026-10-02
PRD03021,STU03021,,Medium,Medium,0.8701,2026-10-02
PRD03022,STU03022,,Medium,High,0.9467,2026-10-02
PRD03023,STU03023,,Medium,High,0.9641,2026-10-02
PRD03024,STU03024,,Low,Medium,0.7224,2026-10-02
PRD03025,STU03025,,High,High,0.99,2026-10-02
PRD03026,STU03026,,Low,Medium,0.8196,2026-10-02
PRD03027,STU03027,,Medium,High,0.9159,2026-10-02
PRD03028,STU03028,,Medium,Medium,0.9072,2026-10-02
PRD03029,STU03029,,Low,Medium,0.9246,2026-10-02
PRD03030,STU03030,,High,High,0.99,2026-10-02
PRD03031,STU03031,,Medium,Medium,0.6316,2026-10-02
PRD03032,STU03032,,Low,Low,0.4031,2026-10-02
PRD03033,STU03033,,Medium,Medium,0.933,2026-10-02
PRD03034,STU03034,,High,High,0.99,2026-10-02
PRD03035,STU03035,,High,High,0.9849,2026-10-02
PRD03036,STU03036,,High,High,0.99,2026-10-02
PRD03037,STU03037,,Medium,High,0.9526,2026-10-02
PRD03038,STU03038,,Medium,Medium,0.9268,2026-10-02
PRD03039,STU03039,,Medium,Medium,0.7083,2026-10-02
PRD03040,STU03040,,Medium,High,0.9752,2026-10-02
PRD03041,STU03041,,Medium,High,0.9509,2026-10-02
PRD03042,STU03042,,Low,Low,0.4636,2026-10-02
PRD03043,STU03043,,Low,Low,0.4428,2026-10-02
PRD03044,STU03044,,High,High,0.99,2026-10-02
PRD03045,STU03045,,High,High,0.99,2026-10-02
PRD03046,STU03046,,Medium,Medium,0.9005,2026-10-02
PRD03047,STU03047,,Low,Medium,0.6453,2026-10-02
PRD03048,STU03048,,Low,Medium,0.7962,2026-10-02
PRD03049,STU03049,,Medium,High,0.99,2026-10-02
PRD03050,STU03050,,Low,Medium,0.6689,2026-10-02
PRD03051,STU03051,,High,Medium,0.963,2026-10-02
PRD03052,STU03052,,Medium,Medium,0.8685,2026-10-02
PRD03053,STU03053,,Medium,Medium,0.9064,2026-10-02
PRD03054,STU03054,,Medium,Medium,0.8675,2026-10-02
PRD03055,STU03055,,Medium,Medium,0.876,2026-10-02
PRD03056,STU03056,,Medium,High,0.99,2026-10-02
PRD03057,STU03057,,Medium,High,0.9805,2026-10-02
PRD03058,STU03058,,Medium,High,0.9667,2026-10-02
PRD03059,STU03059,,Medium,Medium,0.9278,2026-10-02
PRD03060,STU03060,,Low,Medium,0.8984,2026-10-02
PRD03061,STU03061,,Medium,High,0.9191,2026-10-02
PRD03062,STU03062,,Low,Medium,0.8571,2026-10-02
PRD03063,STU03063,,Medium,Medium,0.511,2026-10-02
PRD03064,STU03064,,High,High,0.9894,2026-10-02
PRD03065,STU03065,,Medium,Medium,0.9122,2026-10-02
PRD03066,STU03066,,Medium,Medium,0.7084,2026-10-02
PRD03067,STU03067,,High,High,0.99,2026-10-02
PRD03068,STU03068,,High,High,0.99,2026-10-02
PRD03069,STU03069,,Medium,Medium,0.5492,2026-10-02
PRD03070,STU03070,,Medium,Medium,0.8566,2026-10-02
PRD03071,STU03071,,Medium,Medium,0.9628,2026-10-02
PRD03072,STU03072,,Low,Medium,0.875,2026-10-02
PRD03073,STU03073,,Low,Medium,0.7795,2026-10-02
PRD03074,STU03074,,Medium,Medium,0.9191,2026-10-02
PRD03075,STU03075,,Medium,Medium,0.8306,2026-10-02
PRD03076,STU03076,,Medium,High,0.99,2026-10-02
PRD03077,STU03077,,Medium,High,0.9723,2026-10-02
PRD03078,STU03078,,High,High,0.9667,2026-10-02
PRD03079,STU03079,,Medium,High,0.99,2026-10-02
PRD03080,STU03080,,Low,Medium,0.5773,2026-10-02
PRD03081,STU03081,,Medium,Medium,0.5275,2026-10-02
PRD03082,STU03082,,High,High,0.9829,2026-10-02
PRD03083,STU03083,,Medium,High,0.9885,2026-10-02
PRD03084,STU03084,,Medium,Medium,0.8678,2026-10-02
PRD03085,STU03085,,High,High,0.99,2026-10-02
PRD03086,STU03086,,Medium,High,0.9445,2026-10-02
PRD03087,STU03087,,Medium,Medium,0.9448,2026-10-02
PRD03088,STU03088,,Low,Medium,0.7879,2026-10-02
PRD03089,STU03089,,Low,Medium,0.7117,2026-10-02
PRD03090,STU03090,,Low,Low,0.2996,2026-10-02
PRD03091,STU03091,,Medium,Medium,0.891,2026-10-02
PRD03092,STU03092,,High,High,0.99,2026-10-02
PRD03093,STU03093,,High,High,0.9833,2026-10-02
PRD03094,STU03094,,High,High,0.979,2026-10-02
PRD03095,STU03095,,Low,Medium,0.5333,2026-10-02
PRD03096,STU03096,,High,High,0.99,2026-10-02
PRD03097,STU03097,,High,Medium,0.9143,2026-10-02
PRD03098,STU03098,,Medium,High,0.9704,2026-10-02
PRD03099,STU03099,,Medium,Medium,0.8189,2026-10-02
PRD03100,STU03100,,High,High,0.99,2026-10-02
PRD03101,STU03101,,Medium,High,0.99,2026-10-02
PRD03102,STU03102,,Medium,High,0.9298,2026-10-02
PRD03103,STU03103,,High,High,0.99,2026-10-02
PRD03104,STU03104,,Medium,Medium,0.8373,2026-10-02
PRD03105,STU03105,,High,High,0.9713,2026-10-02
PRD03106,STU03106,,Low,Medium,0.9642,2026-10-02
PRD03107,STU03107,,Low,Low,0.2637,2026-10-02
PRD03108,STU03108,,Medium,Medium,0.94,2026-10-02
PRD03109,STU03109,,Medium,Low,0.4651,2026-10-02
PRD03110,STU03110,,Low,Medium,0.6183,2026-10-02
PRD03111,STU03111,,High,High,0.99,2026-10-02
PRD03112,STU03112,,Low,Medium,0.5587,2026-10-02
PRD03113,STU03113,,Medium,High,0.99,2026-10-02
PRD03114,STU03114,,Low,Low,0.3274,2026-10-02
PRD03115,STU03115,,Medium,Medium,0.7703,2026-10-02
PRD03116,STU03116,,Low,Low,0.1116,2026-10-02
PRD03117,STU03117,,Low,Medium,0.7192,2026-10-02
PRD03118,STU03118,,High,High,0.99,2026-10-02
PRD03119,STU03119,,Low,Medium,0.8878,2026-10-02
PRD03120,STU03120,,Low,Low,0.4697,2026-10-02
PRD03121,STU03121,,Low,Medium,0.5912,2026-10-02
PRD03122,STU03122,,Medium,Medium,0.6808,2026-10-02
PRD03123,STU03123,,Medium,Medium,0.8517,2026-10-02
PRD03124,STU03124,,Medium,High,0.9421,2026-10-02
PRD03125,STU03125,,Low,Medium,0.7909,2026-10-02
PRD03126,STU03126,,Medium,High,0.99,2026-10-02
PRD03127,STU03127,,Medium,Medium,0.9043,2026-10-02
PRD03128,STU03128,,Low,Low,0.4547,2026-10-02
PRD03129,STU03129,,Medium,Medium,0.9005,2026-10-02
PRD03130,STU03130,,Low,Medium,0.7587,2026-10-02
PRD03131,STU03131,,Medium,Medium,0.9268,2026-10-02
PRD03132,STU03132,,Low,Medium,0.8217,2026-10-02
PRD03133,STU03133,,High,High,0.99,2026-10-02
PRD03134,STU03134,,Low,Low,0.429,2026-10-02
PRD03135,STU03135,,High,High,0.99,2026-10-02
PRD03136,STU03136,,Medium,Medium,0.5237,2026-10-02
PRD03137,STU03137,,Medium,Medium,0.7527,2026-10-02
PRD03138,STU03138,,Medium,Medium,0.7663,2026-10-02
PRD03139,STU03139,,Low,Low,0.0815,2026-10-02
PRD03140,STU03140,,High,High,0.99,2026-10-02
PRD03141,STU03141,,Medium,High,0.9802,2026-10-02
PRD03142,STU03142,,Medium,Medium,0.8333,2026-10-02
PRD03143,STU03143,,Medium,High,0.99,2026-10-02
PRD03144,STU03144,,Medium,High,0.99,2026-10-02
PRD03145,STU03145,,High,High,0.9665,2026-10-02
PRD03146,STU03146,,Low,Low,0.4289,2026-10-02
PRD03147,STU03147,,Medium,High,0.9057,2026-10-02
PRD03148,STU03148,,Medium,Medium,0.8671,2026-10-02
PRD03149,STU03149,,Medium,High,0.9617,2026-10-02
PRD03150,STU03150,,Low,Medium,0.823,2026-10-02
PRD03151,STU03151,,Medium,High,0.99,2026-10-02
PRD03152,STU03152,,Medium,Medium,0.8716,2026-10-02
PRD03153,STU03153,,Low,Low,0.4216,2026-10-02
PRD03154,STU03154,,High,High,0.99,2026-10-02
PRD03155,STU03155,,Medium,High,0.9473,2026-10-02
PRD03156,STU03156,,Low,Medium,0.9642,2026-10-02
PRD03157,STU03157,,Medium,High,0.9378,2026-10-02
PRD03158,STU03158,,Low,High,0.9717,2026-10-02
PRD03159,STU03159,,Medium,High,0.99,2026-10-02
PRD03160,STU03160,,Medium,Medium,0.9167,2026-10-02
PRD03161,STU03161,,Medium,High,0.99,2026-10-02
PRD03162,STU03162,,Medium,Medium,0.9009,2026-10-02
PRD03163,STU03163,,Low,Medium,0.569,2026-10-02
PRD03164,STU03164,,Medium,Medium,0.9019,2026-10-02
PRD03165,STU03165,,Medium,High,0.99,2026-10-02
PRD03166,STU03166,,Medium,Medium,0.8649,2026-10-02
PRD03167,STU03167,,Medium,Medium,0.9096,2026-10-02
PRD03168,STU03168,,Low,Medium,0.5495,2026-10-02
PRD03169,STU03169,,Medium,High,0.9664,2026-10-02
PRD03170,STU03170,,Medium,High,0.99,2026-10-02
PRD03171,STU03171,,Low,Medium,0.813,2026-10-02
PRD03172,STU03172,,High,High,0.99,2026-10-02
PRD03173,STU03173,,Medium,Medium,0.9621,2026-10-02
PRD03174,STU03174,,High,High,0.9146,2026-10-02
PRD03175,STU03175,,Medium,High,0.99,2026-10-02
PRD03176,STU03176,,Medium,High,0.9785,2026-10-02
PRD03177,STU03177,,Low,Medium,0.8192,2026-10-02
PRD03178,STU03178,,Low,Low,0.3034,2026-10-02
PRD03179,STU03179,,Low,Medium,0.9022,2026-10-02
PRD03180,STU03180,,High,High,0.9879,2026-10-02
PRD03181,STU03181,,Medium,High,0.9798,2026-10-02
PRD03182,STU03182,,High,High,0.99,2026-10-02
PRD03183,STU03183,,Low,Medium,0.99,2026-10-02
PRD03184,STU03184,,Low,Medium,0.7659,2026-10-02
PRD03185,STU03185,,Medium,Medium,0.8097,2026-10-02
PRD03186,STU03186,,Medium,Medium,0.9257,2026-10-02
PRD03187,STU03187,,Medium,High,0.9884,2026-10-02
PRD03188,STU03188,,Low,Low,0.274,2026-10-02
PRD03189,STU03189,,Medium,Medium,0.8042,2026-10-02
PRD03190,STU03190,,Medium,Medium,0.733,2026-10-02
PRD03191,STU03191,,Low,Medium,0.8385,2026-10-02
PRD03192,STU03192,,High,High,0.99,2026-10-02
PRD03193,STU03193,,Medium,Medium,0.7874,2026-10-02
PRD03194,STU03194,,Medium,Medium,0.7394,2026-10-02
PRD03195,STU03195,,Medium,High,0.99,2026-10-02
PRD03196,STU03196,,Medium,Medium,0.7037,2026-10-02
PRD03197,STU03197,,Low,Low,0.3444,2026-10-02
PRD03198,STU03198,,Low,Medium,0.767,2026-10-02
PRD03199,STU03199,,Medium,Medium,0.7898,2026-10-02
PRD03200,STU03200,,High,High,0.99,2026-10-02
PRD03201,STU03201,,Low,Medium,0.9286,2026-10-02
PRD03202,STU03202,,Medium,High,0.99,2026-10-02
PRD03203,STU03203,,Medium,Medium,0.9065,2026-10-02
PRD03204,STU03204,,Medium,High,0.9768,2026-10-02
PRD03205,STU03205,,Low,Low,0.2047,2026-10-02
PRD03206,STU03206,,Low,Medium,0.9389,2026-10-02
PRD03207,STU03207,,Medium,High,0.99,2026-10-02
PRD03208,STU03208,,Low,Medium,0.7054,2026-10-02
PRD03209,STU03209,,Low,Low,0.1393,2026-10-02
PRD03210,STU03210,,Medium,Medium,0.8157,2026-10-02
PRD03211,STU03211,,High,High,0.9856,2026-10-02
PRD03212,STU03212,,Medium,Medium,0.7557,2026-10-02
PRD03213,STU03213,,Low,Medium,0.6931,2026-10-02
PRD03214,STU03214,,Low,Low,0.2251,2026-10-02
PRD03215,STU03215,,Medium,High,0.9694,2026-10-02
PRD03216,STU03216,,Medium,High,0.9526,2026-10-02
PRD03217,STU03217,,Medium,Medium,0.8568,2026-10-02
PRD03218,STU03218,,Low,Medium,0.805,2026-10-02
PRD03219,STU03219,,Low,Medium,0.6654,2026-10-02
PRD03220,STU03220,,Low,Medium,0.524,2026-10-02
PRD03221,STU03221,,Low,Medium,0.5669,2026-10-02
PRD03222,STU03222,,High,High,0.99,2026-10-02
PRD03223,STU03223,,High,High,0.9701,2026-10-02
PRD03224,STU03224,,Medium,Medium,0.8247,2026-10-02
PRD03225,STU03225,,Low,Low,0.4695,2026-10-02
PRD03226,STU03226,,High,High,0.99,2026-10-02
PRD03227,STU03227,,Medium,Medium,0.5153,2026-10-02
PRD03228,STU03228,,Low,Low,0.3871,2026-10-02
PRD03229,STU03229,,Low,Low,0.3944,2026-10-02
PRD03230,STU03230,,Low,Medium,0.7565,2026-10-02
PRD03231,STU03231,,Low,Medium,0.5218,2026-10-02
PRD03232,STU03232,,Medium,Medium,0.9393,2026-10-02
PRD03233,STU03233,,Medium,Medium,0.5736,2026-10-02
PRD03234,STU03234,,Low,Medium,0.674,2026-10-02
PRD03235,STU03235,,Medium,High,0.9754,2026-10-02
PRD03236,STU03236,,High,High,0.942,2026-10-02
PRD03237,STU03237,,Medium,High,0.9626,2026-10-02
PRD03238,STU03238,,Medium,High,0.9494,2026-10-02
PRD03239,STU03239,,High,High,0.99,2026-10-02
PRD03240,STU03240,,Medium,High,0.9831,2026-10-02
PRD03241,STU03241,,Medium,High,0.99,2026-10-02
PRD03242,STU03242,,High,High,0.99,2026-10-02
PRD03243,STU03243,,Low,Low,0.4946,2026-10-02
PRD03244,STU03244,,High,High,0.99,2026-10-02
PRD03245,STU03245,,Low,Low,0.2189,2026-10-02
PRD03246,STU03246,,Low,Low,0.2756,2026-10-02
PRD03247,STU03247,,Medium,High,0.9767,2026-10-02
PRD03248,STU03248,,Medium,Medium,0.8612,2026-10-02
PRD03249,STU03249,,Low,Medium,0.9027,2026-10-02
PRD03250,STU03250,,Medium,Medium,0.8995,2026-10-02
PRD03251,STU03251,,High,High,0.99,2026-10-02
PRD03252,STU03252,,Medium,Medium,0.5297,2026-10-02
PRD03253,STU03253,,High,High,0.9746,2026-10-02
PRD03254,STU03254,,High,High,0.99,2026-10-02
PRD03255,STU03255,,Medium,High,0.9456,2026-10-02
PRD03256,STU03256,,Medium,High,0.9741,2026-10-02
PRD03257,STU03257,,Medium,Medium,0.8915,2026-10-02
PRD03258,STU03258,,Medium,High,0.99,2026-10-02
PRD03259,STU03259,,Medium,High,0.9367,2026-10-02
PRD03260,STU03260,,Low,Medium,0.781,2026-10-02
PRD03261,STU03261,,Low,Medium,0.7064,2026-10-02
PRD03262,STU03262,,High,High,0.99,2026-10-02
PRD03263,STU03263,,Low,High,0.9462,2026-10-02
PRD03264,STU03264,,Medium,Medium,0.7052,2026-10-02
PRD03265,STU03265,,Medium,Medium,0.8312,2026-10-02
PRD03266,STU03266,,Medium,Medium,0.9485,2026-10-02
PRD03267,STU03267,,Medium,Medium,0.6757,2026-10-02
PRD03268,STU03268,,Medium,Medium,0.6592,2026-10-02
PRD03269,STU03269,,Low,High,0.9653,2026-10-02
PRD03270,STU03270,,Medium,High,0.9678,2026-10-02
PRD03271,STU03271,,Medium,Medium,0.5416,2026-10-02
PRD03272,STU03272,,Low,Low,0.3607,2026-10-02
PRD03273,STU03273,,Medium,High,0.9184,2026-10-02
PRD03274,STU03274,,Medium,Medium,0.706,2026-10-02
PRD03275,STU03275,,Medium,Medium,0.9304,2026-10-02
PRD03276,STU03276,,Low,Medium,0.6106,2026-10-02
PRD03277,STU03277,,Medium,Medium,0.8298,2026-10-02
PRD03278,STU03278,,High,High,0.99,2026-10-02
PRD03279,STU03279,,Low,Medium,0.5771,2026-10-02
PRD03280,STU03280,,Medium,High,0.943,2026-10-02
PRD03281,STU03281,,Medium,High,0.9513,2026-10-02
PRD03282,STU03282,,Low,Medium,0.885,2026-10-02
PRD03283,STU03283,,Medium,High,0.9125,2026-10-02
PRD03284,STU03284,,Low,Medium,0.4893,2026-10-02
PRD03285,STU03285,,Low,High,0.9696,2026-10-02
PRD03286,STU03286,,Medium,Medium,0.8237,2026-10-02
PRD03287,STU03287,,Medium,High,0.9615,2026-10-02
PRD03288,STU03288,,Low,Medium,0.8291,2026-10-02
PRD03289,STU03289,,Medium,Medium,0.7199,2026-10-02
PRD03290,STU03290,,Medium,Medium,0.5801,2026-10-02
PRD03291,STU03291,,Medium,High,0.9843,2026-10-02
PRD03292,STU03292,,Medium,High,0.9327,2026-10-02
PRD03293,STU03293,,Medium,Medium,0.9276,2026-10-02
PRD03294,STU03294,,Low,Low,0.3,2026-10-02
PRD03295,STU03295,,Low,Medium,0.5197,2026-10-02
PRD03296,STU03296,,Medium,Medium,0.7874,2026-10-02
PRD03297,STU03297,,Medium,Medium,0.907,2026-10-02
PRD03298,STU03298,,Medium,Medium,0.8749,2026-10-02
PRD03299,STU03299,,Medium,Medium,0.607,2026-10-02
PRD03300,STU03300,,High,High,0.9853,2026-10-02
PRD03301,STU03301,,Medium,Medium,0.8869,2026-10-02
PRD03302,STU03302,,Medium,Medium,0.6758,2026-10-02
PRD03303,STU03303,,Medium,High,0.9755,2026-10-02
PRD03304,STU03304,,Medium,Medium,0.8346,2026-10-02
PRD03305,STU03305,,Low,Low,0.3517,2026-10-02
PRD03306,STU03306,,High,High,0.9382,2026-10-02
PRD03307,STU03307,,Low,Low,0.2228,2026-10-02
PRD03308,STU03308,,Low,Medium,0.6674,2026-10-02
PRD03309,STU03309,,Low,Low,0.4858,2026-10-02
PRD03310,STU03310,,Low,Low,0.3104,2026-10-02
PRD03311,STU03311,,Low,Medium,0.575,2026-10-02
PRD03312,STU03312,,Medium,Medium,0.9043,2026-10-02
PRD03313,STU03313,,Medium,Medium,0.556,2026-10-02
PRD03314,STU03314,,High,High,0.9793,2026-10-02
PRD03315,STU03315,,High,High,0.99,2026-10-02
PRD03316,STU03316,,Low,Medium,0.831,2026-10-02
PRD03317,STU03317,,Medium,Medium,0.9401,2026-10-02
PRD03318,STU03318,,Medium,Medium,0.9691,2026-10-02
PRD03319,STU03319,,Low,Low,0.1094,2026-10-02
PRD03320,STU03320,,Medium,High,0.9785,2026-10-02
PRD03321,STU03321,,Low,Low,0.083,2026-10-02
PRD03322,STU03322,,Medium,High,0.982,2026-10-02
PRD03323,STU03323,,Low,Medium,0.5802,2026-10-02
PRD03324,STU03324,,Medium,Medium,0.8512,2026-10-02
PRD03325,STU03325,,Medium,Medium,0.8601,2026-10-02
PRD03326,STU03326,,Medium,Medium,0.7386,2026-10-02
PRD03327,STU03327,,Medium,Low,0.4367,2026-10-02
PRD03328,STU03328,,Low,Low,0.4002,2026-10-02
PRD03329,STU03329,,Medium,High,0.9399,2026-10-02
PRD03330,STU03330,,High,High,0.975,2026-10-02
PRD03331,STU03331,,Low,Medium,0.5594,2026-10-02
PRD03332,STU03332,,Medium,High,0.9621,2026-10-02
PRD03333,STU03333,,Medium,High,0.9651,2026-10-02
PRD03334,STU03334,,Low,Low,0.3042,2026-10-02
PRD03335,STU03335,,Medium,Medium,0.8828,2026-10-02
PRD03336,STU03336,,Low,Low,0.4776,2026-10-02
PRD03337,STU03337,,Medium,Medium,0.8964,2026-10-02
PRD03338,STU03338,,High,High,0.9502,2026-10-02
PRD03339,STU03339,,Low,Medium,0.8085,2026-10-02
PRD03340,STU03340,,Low,Low,0.4721,2026-10-02
PRD03341,STU03341,,Low,Low,0.3585,2026-10-02
PRD03342,STU03342,,Medium,Medium,0.9431,2026-10-02
PRD03343,STU03343,,High,High,0.99,2026-10-02
PRD03344,STU03344,,High,High,0.99,2026-10-02
PRD03345,STU03345,,Medium,Medium,0.902,2026-10-02
PRD03346,STU03346,,Medium,High,0.9885,2026-10-02
PRD03347,STU03347,,Medium,High,0.9874,2026-10-02
PRD03348,STU03348,,Medium,Medium,0.8639,2026-10-02
PRD03349,STU03349,,Medium,High,0.9441,2026-10-02
PRD03350,STU03350,,Low,Low,0.2241,2026-10-02
PRD03351,STU03351,,Low,Medium,0.7469,2026-10-02
PRD03352,STU03352,,Medium,Medium,0.7573,2026-10-02
PRD03353,STU03353,,Medium,Medium,0.9319,2026-10-02
PRD03354,STU03354,,Medium,High,0.99,2026-10-02
PRD03355,STU03355,,Low,Low,0.4132,2026-10-02
PRD03356,STU03356,,Low,Low,0.2086,2026-10-02
PRD03357,STU03357,,Medium,High,0.99,2026-10-02
PRD03358,STU03358,,Medium,High,0.9786,2026-10-02
PRD03359,STU03359,,Low,Medium,0.8738,2026-10-02
PRD03360,STU03360,,Medium,High,0.9523,2026-10-02
PRD03361,STU03361,,Medium,Medium,0.5525,2026-10-02
PRD03362,STU03362,,Low,Medium,0.5041,2026-10-02
PRD03363,STU03363,,Medium,High,0.9716,2026-10-02
PRD03364,STU03364,,Low,Medium,0.7453,2026-10-02
PRD03365,STU03365,,Medium,High,0.9708,2026-10-02
PRD03366,STU03366,,High,High,0.99,2026-10-02
PRD03367,STU03367,,High,High,0.99,2026-10-02
PRD03368,STU03368,,Low,Medium,0.6993,2026-10-02
PRD03369,STU03369,,Medium,Medium,0.7457,2026-10-02
PRD03370,STU03370,,Low,Medium,0.7507,2026-10-02
PRD03371,STU03371,,Medium,Medium,0.7915,2026-10-02
PRD03372,STU03372,,Low,Low,0.3216,2026-10-02
PRD03373,STU03373,,Medium,High,0.9638,2026-10-02
PRD03374,STU03374,,Low,Low,0.264,2026-10-02
PRD03375,STU03375,,Low,Low,0.2779,2026-10-02
PRD03376,STU03376,,Low,Low,0.4693,2026-10-02
PRD03377,STU03377,,Medium,High,0.99,2026-10-02
PRD03378,STU03378,,Medium,Medium,0.8099,2026-10-02
PRD03379,STU03379,,Medium,Medium,0.8829,2026-10-02
PRD03380,STU03380,,Low,Medium,0.6831,2026-10-02
PRD03381,STU03381,,Low,Medium,0.9176,2026-10-02
PRD03382,STU03382,,High,High,0.99,2026-10-02
PRD03383,STU03383,,Low,Low,0.2016,2026-10-02
PRD03384,STU03384,,Low,Low,0.451,2026-10-02
PRD03385,STU03385,,Medium,Medium,0.7804,2026-10-02
PRD03386,STU03386,,Medium,High,0.99,2026-10-02
PRD03387,STU03387,,Low,Medium,0.4568,2026-10-02
PRD03388,STU03388,,Medium,High,0.99,2026-10-02
PRD03389,STU03389,,Medium,Medium,0.9363,2026-10-02
PRD03390,STU03390,,Medium,High,0.9815,2026-10-02
PRD03391,STU03391,,High,High,0.99,2026-10-02
PRD03392,STU03392,,Low,High,0.958,2026-10-02
PRD03393,STU03393,,Medium,Medium,0.9506,2026-10-02
PRD03394,STU03394,,Medium,Medium,0.5397,2026-10-02
PRD03395,STU03395,,Medium,Medium,0.8582,2026-10-02
PRD03396,STU03396,,Low,Low,0.5107,2026-10-02
PRD03397,STU03397,,High,High,0.99,2026-10-02
PRD03398,STU03398,,Medium,Medium,0.8894,2026-10-02
PRD03399,STU03399,,High,High,0.99,2026-10-02
PRD03400,STU03400,,Medium,High,0.9756,2026-10-02
PRD03401,STU03401,,Low,Low,0.2416,2026-10-02
PRD03402,STU03402,,Medium,Low,0.3622,2026-10-02
PRD03403,STU03403,,Medium,Medium,0.871,2026-10-02
PRD03404,STU03404,,Low,Medium,0.5556,2026-10-02
PRD03405,STU03405,,Low,Medium,0.7123,2026-10-02
PRD03406,STU03406,,Medium,Medium,0.9075,2026-10-02
PRD03407,STU03407,,Medium,Medium,0.6991,2026-10-02
PRD03408,STU03408,,Low,Low,0.1272,2026-10-02
PRD03409,STU03409,,High,High,0.9816,2026-10-02
PRD03410,STU03410,,Medium,Medium,0.8113,2026-10-02
PRD03411,STU03411,,Medium,Medium,0.5619,2026-10-02
PRD03412,STU03412,,Medium,Medium,0.9338,2026-10-02
PRD03413,STU03413,,Medium,Medium,0.5545,2026-10-02
PRD03414,STU03414,,Medium,High,0.99,2026-10-02
PRD03415,STU03415,,Medium,Medium,0.8262,2026-10-02
PRD03416,STU03416,,Low,Medium,0.7357,2026-10-02
PRD03417,STU03417,,Medium,Medium,0.8689,2026-10-02
PRD03418,STU03418,,Medium,Medium,0.9711,2026-10-02
PRD03419,STU03419,,Medium,High,0.9567,2026-10-02
PRD03420,STU03420,,Low,Medium,0.6826,2026-10-02
PRD03421,STU03421,,Medium,High,0.99,2026-10-02
PRD03422,STU03422,,Low,Low,0.3968,2026-10-02
PRD03423,STU03423,,Low,Low,0.2706,2026-10-02
PRD03424,STU03424,,Medium,Medium,0.9185,2026-10-02
PRD03425,STU03425,,Medium,High,0.99,2026-10-02
PRD03426,STU03426,,Medium,High,0.99,2026-10-02
PRD03427,STU03427,,Medium,Medium,0.8621,2026-10-02
PRD03428,STU03428,,Low,Medium,0.7724,2026-10-02
PRD03429,STU03429,,High,High,0.9815,2026-10-02
PRD03430,STU03430,,High,High,0.99,2026-10-02
PRD03431,STU03431,,Medium,Medium,0.6711,2026-10-02
PRD03432,STU03432,,Medium,High,0.9739,2026-10-02
PRD03433,STU03433,,Low,High,0.9529,2026-10-02
PRD03434,STU03434,,Low,Medium,0.7355,2026-10-02
PRD03435,STU03435,,Medium,Medium,0.9836,2026-10-02
PRD03436,STU03436,,Medium,Low,0.3973,2026-10-02
PRD03437,STU03437,,Medium,Medium,0.9027,2026-10-02
PRD03438,STU03438,,Medium,Medium,0.8848,2026-10-02
PRD03439,STU03439,,Low,Low,0.2688,2026-10-02
PRD03440,STU03440,,Medium,Medium,0.8142,2026-10-02
PRD03441,STU03441,,Medium,High,0.99,2026-10-02
PRD03442,STU03442,,Medium,High,0.9313,2026-10-02
PRD03443,STU03443,,Medium,Medium,0.9272,2026-10-02
PRD03444,STU03444,,Medium,Medium,0.9326,2026-10-02
PRD03445,STU03445,,High,High,0.9846,2026-10-02
PRD03446,STU03446,,Low,Medium,0.8649,2026-10-02
PRD03447,STU03447,,Low,Medium,0.8368,2026-10-02
PRD03448,STU03448,,Low,Medium,0.8463,2026-10-02
PRD03449,STU03449,,Medium,Medium,0.8769,2026-10-02
PRD03450,STU03450,,Medium,High,0.9665,2026-10-02
PRD03451,STU03451,,Medium,Medium,0.5411,2026-10-02
PRD03452,STU03452,,Low,Low,0.4002,2026-10-02
PRD03453,STU03453,,High,High,0.9526,2026-10-02
PRD03454,STU03454,,High,High,0.99,2026-10-02
PRD03455,STU03455,,Medium,Medium,0.9194,2026-10-02
PRD03456,STU03456,,Low,Low,0.3602,2026-10-02
PRD03457,STU03457,,Low,Low,0.2935,2026-10-02
PRD03458,STU03458,,Medium,Medium,0.9366,2026-10-02
PRD03459,STU03459,,Medium,Medium,0.903,2026-10-02
PRD03460,STU03460,,Medium,High,0.99,2026-10-02
PRD03461,STU03461,,Low,Low,0.0824,2026-10-02
PRD03462,STU03462,,Medium,High,0.99,2026-10-02
PRD03463,STU03463,,Medium,High,0.9812,2026-10-02
PRD03464,STU03464,,Low,Medium,0.892,2026-10-02
PRD03465,STU03465,,Medium,Medium,0.9285,2026-10-02
PRD03466,STU03466,,High,High,0.9745,2026-10-02
PRD03467,STU03467,,Medium,High,0.9371,2026-10-02
PRD03468,STU03468,,Medium,Medium,0.9479,2026-10-02
PRD03469,STU03469,,Medium,High,0.99,2026-10-02
PRD03470,STU03470,,Low,Medium,0.7858,2026-10-02
PRD03471,STU03471,,Low,Medium,0.8972,2026-10-02
PRD03472,STU03472,,Medium,High,0.9738,2026-10-02
PRD03473,STU03473,,Medium,High,0.9558,2026-10-02
PRD03474,STU03474,,Medium,High,0.99,2026-10-02
PRD03475,STU03475,,Low,Medium,0.7841,2026-10-02
PRD03476,STU03476,,Medium,Medium,0.6046,2026-10-02
PRD03477,STU03477,,Medium,Medium,0.9143,2026-10-02
PRD03478,STU03478,,High,High,0.9846,2026-10-02
PRD03479,STU03479,,Medium,High,0.99,2026-10-02
PRD03480,STU03480,,Medium,High,0.99,2026-10-02
PRD03481,STU03481,,High,High,0.99,2026-10-02
PRD03482,STU03482,,Low,Medium,0.8839,2026-10-02
PRD03483,STU03483,,Low,Low,0.2106,2026-10-02
PRD03484,STU03484,,Medium,Medium,0.7759,2026-10-02
PRD03485,STU03485,,Medium,High,0.9501,2026-10-02
PRD03486,STU03486,,Medium,Medium,0.9355,2026-10-02
PRD03487,STU03487,,Low,Medium,0.7661,2026-10-02
PRD03488,STU03488,,Medium,Medium,0.9141,2026-10-02
PRD03489,STU03489,,High,High,0.9888,2026-10-02
PRD03490,STU03490,,Medium,High,0.9871,2026-10-02
PRD03491,STU03491,,Low,Medium,0.4936,2026-10-02
PRD03492,STU03492,,Medium,Medium,0.9239,2026-10-02
PRD03493,STU03493,,Medium,High,0.9798,2026-10-02
PRD03494,STU03494,,Medium,High,0.9515,2026-10-02
PRD03495,STU03495,,Medium,Medium,0.8968,2026-10-02
PRD03496,STU03496,,Medium,High,0.99,2026-10-02
PRD03497,STU03497,,Low,Medium,0.6499,2026-10-02
PRD03498,STU03498,,Low,Low,0.3795,2026-10-02
PRD03499,STU03499,,Medium,Medium,0.8704,2026-10-02
PRD03500,STU03500,,High,High,0.99,2026-10-02
PRD03501,STU03501,,Medium,High,0.979,2026-10-02
PRD03502,STU03502,,Low,Low,0.3277,2026-10-02
PRD03503,STU03503,,Medium,Medium,0.7994,2026-10-02
PRD03504,STU03504,,Low,Low,0.4911,2026-10-02
PRD03505,STU03505,,Medium,Medium,0.7861,2026-10-02
PRD03506,STU03506,,Medium,High,0.9645,2026-10-02
PRD03507,STU03507,,Medium,Medium,0.9122,2026-10-02
PRD03508,STU03508,,Medium,Medium,0.8728,2026-10-02
PRD03509,STU03509,,Medium,High,0.99,2026-10-02
PRD03510,STU03510,,Medium,High,0.9835,2026-10-02
PRD03511,STU03511,,High,High,0.9594,2026-10-02
PRD03512,STU03512,,Low,Medium,0.5678,2026-10-02
PRD03513,STU03513,,Low,Low,0.5039,2026-10-02
PRD03514,STU03514,,Medium,Medium,0.7845,2026-10-02
PRD03515,STU03515,,Low,Low,0.2791,2026-10-02
PRD03516,STU03516,,Medium,Medium,0.9276,2026-10-02
PRD03517,STU03517,,Low,Medium,0.8353,2026-10-02
PRD03518,STU03518,,Low,Medium,0.6791,2026-10-02
PRD03519,STU03519,,Medium,High,0.9771,2026-10-02
PRD03520,STU03520,,Medium,High,0.9751,2026-10-02
PRD03521,STU03521,,Medium,High,0.99,2026-10-02
PRD03522,STU03522,,High,High,0.99,2026-10-02
PRD03523,STU03523,,Medium,Medium,0.6164,2026-10-02
PRD03524,STU03524,,Medium,Medium,0.9464,2026-10-02
PRD03525,STU03525,,Low,Low,0.283,2026-10-02
PRD03526,STU03526,,High,High,0.99,2026-10-02
PRD03527,STU03527,,Medium,Medium,0.7419,2026-10-02
PRD03528,STU03528,,Medium,High,0.9654,2026-10-02
PRD03529,STU03529,,Low,Low,0.398,2026-10-02
PRD03530,STU03530,,High,High,0.9735,2026-10-02
PRD03531,STU03531,,Medium,Medium,0.8885,2026-10-02
PRD03532,STU03532,,Low,Medium,0.7076,2026-10-02
PRD03533,STU03533,,Medium,High,0.9823,2026-10-02
PRD03534,STU03534,,Medium,Medium,0.8445,2026-10-02
PRD03535,STU03535,,Low,Low,0.4261,2026-10-02
PRD03536,STU03536,,High,High,0.99,2026-10-02
PRD03537,STU03537,,Medium,Medium,0.9222,2026-10-02
PRD03538,STU03538,,Low,Low,0.4944,2026-10-02
PRD03539,STU03539,,Medium,Medium,0.879,2026-10-02
PRD03540,STU03540,,Low,Low,0.4192,2026-10-02
PRD03541,STU03541,,Low,Medium,0.766,2026-10-02
PRD03542,STU03542,,Medium,Medium,0.9265,2026-10-02
PRD03543,STU03543,,Low,Low,0.4041,2026-10-02
PRD03544,STU03544,,Low,Medium,0.5724,2026-10-02
PRD03545,STU03545,,Medium,High,0.9582,2026-10-02
PRD03546,STU03546,,Low,Medium,0.8298,2026-10-02
PRD03547,STU03547,,Medium,Medium,0.9134,2026-10-02
PRD03548,STU03548,,High,High,0.99,2026-10-02
PRD03549,STU03549,,Low,Low,0.5141,2026-10-02
PRD03550,STU03550,,Medium,Medium,0.6925,2026-10-02
PRD03551,STU03551,,High,High,0.9826,2026-10-02
PRD03552,STU03552,,Low,Medium,0.6496,2026-10-02
PRD03553,STU03553,,Medium,High,0.9694,2026-10-02
PRD03554,STU03554,,Medium,Medium,0.7296,2026-10-02
PRD03555,STU03555,,Medium,Medium,0.7812,2026-10-02
PRD03556,STU03556,,High,High,0.9815,2026-10-02
PRD03557,STU03557,,Low,Low,0.4839,2026-10-02
PRD03558,STU03558,,Low,Low,0.321,2026-10-02
PRD03559,STU03559,,Medium,Medium,0.8377,2026-10-02
PRD03560,STU03560,,Medium,High,0.99,2026-10-02
PRD03561,STU03561,,Low,Medium,0.5787,2026-10-02
PRD03562,STU03562,,High,High,0.9887,2026-10-02
PRD03563,STU03563,,Medium,Medium,0.5803,2026-10-02
PRD03564,STU03564,,Medium,High,0.9823,2026-10-02
PRD03565,STU03565,,Medium,Medium,0.9611,2026-10-02
PRD03566,STU03566,,Medium,Medium,0.837,2026-10-02
PRD03567,STU03567,,Medium,High,0.9293,2026-10-02
PRD03568,STU03568,,Low,Low,0.3594,2026-10-02
PRD03569,STU03569,,Medium,Medium,0.8001,2026-10-02
PRD03570,STU03570,,Medium,High,0.9272,2026-10-02
PRD03571,STU03571,,Medium,High,0.9754,2026-10-02
PRD03572,STU03572,,High,High,0.99,2026-10-02
PRD03573,STU03573,,Low,Medium,0.8837,2026-10-02
PRD03574,STU03574,,High,High,0.99,2026-10-02
PRD03575,STU03575,,Low,Medium,0.6461,2026-10-02
PRD03576,STU03576,,Low,Low,0.3654,2026-10-02
PRD03577,STU03577,,Low,Low,0.2062,2026-10-02
PRD03578,STU03578,,High,High,0.9884,2026-10-02
PRD03579,STU03579,,High,High,0.99,2026-10-02
PRD03580,STU03580,,Medium,High,0.9299,2026-10-02
PRD03581,STU03581,,Low,Low,0.3992,2026-10-02
PRD03582,STU03582,,High,High,0.9509,2026-10-02
PRD03583,STU03583,,High,High,0.9868,2026-10-02
PRD03584,STU03584,,Low,Low,0.4302,2026-10-02
PRD03585,STU03585,,Low,Low,0.3439,2026-10-02
PRD03586,STU03586,,Medium,Medium,0.9167,2026-10-02
PRD03587,STU03587,,Medium,High,0.99,2026-10-02
PRD03588,STU03588,,Low,Low,0.4774,2026-10-02
PRD03589,STU03589,,Medium,High,0.9776,2026-10-02
PRD03590,STU03590,,Low,Medium,0.6344,2026-10-02
PRD03591,STU03591,,Medium,Medium,0.646,2026-10-02
PRD03592,STU03592,,Medium,Medium,0.7059,2026-10-02
PRD03593,STU03593,,Medium,Medium,0.8687,2026-10-02
PRD03594,STU03594,,Medium,High,0.9761,2026-10-02
PRD03595,STU03595,,High,High,0.9864,2026-10-02
PRD03596,STU03596,,Low,Medium,0.8234,2026-10-02
PRD03597,STU03597,,Low,Low,0.4602,2026-10-02
PRD03598,STU03598,,Low,Medium,0.5788,2026-10-02
PRD03599,STU03599,,Medium,Medium,0.7621,2026-10-02
PRD03600,STU03600,,Medium,High,0.9374,2026-10-02
PRD03601,STU03601,,Medium,High,0.99,2026-10-02
PRD03602,STU03602,,Low,Medium,0.8592,2026-10-02
PRD03603,STU03603,,Medium,Medium,0.9019,2026-10-02
PRD03604,STU03604,,Medium,Medium,0.9173,2026-10-02
PRD03605,STU03605,,Low,Low,0.4491,2026-10-02
PRD03606,STU03606,,Medium,High,0.9572,2026-10-02
PRD03607,STU03607,,Low,Low,0.3767,2026-10-02
PRD03608,STU03608,,Medium,Medium,0.8102,2026-10-02
PRD03609,STU03609,,High,High,0.9602,2026-10-02
PRD03610,STU03610,,Low,Medium,0.9484,2026-10-02
PRD03611,STU03611,,Medium,High,0.95,2026-10-02
PRD03612,STU03612,,Low,High,0.9509,2026-10-02
PRD03613,STU03613,,High,High,0.99,2026-10-02
PRD03614,STU03614,,Medium,Medium,0.94,2026-10-02
PRD03615,STU03615,,High,High,0.99,2026-10-02
PRD03616,STU03616,,Medium,High,0.938,2026-10-02
PRD03617,STU03617,,High,High,0.99,2026-10-02
PRD03618,STU03618,,High,High,0.9774,2026-10-02
PRD03619,STU03619,,Low,Low,0.4231,2026-10-02
PRD03620,STU03620,,Low,Low,0.3568,2026-10-02
PRD03621,STU03621,,Medium,Medium,0.701,2026-10-02
PRD03622,STU03622,,Medium,High,0.988,2026-10-02
PRD03623,STU03623,,Medium,High,0.9309,2026-10-02
PRD03624,STU03624,,Medium,High,0.9603,2026-10-02
PRD03625,STU03625,,Medium,Medium,0.6757,2026-10-02
PRD03626,STU03626,,High,High,0.99,2026-10-02
PRD03627,STU03627,,Medium,Medium,0.8409,2026-10-02
PRD03628,STU03628,,Low,Medium,0.8131,2026-10-02
PRD03629,STU03629,,Low,Low,0.1472,2026-10-02
PRD03630,STU03630,,Medium,Medium,0.9711,2026-10-02
PRD03631,STU03631,,Medium,High,0.99,2026-10-02
PRD03632,STU03632,,Medium,Medium,0.9025,2026-10-02
PRD03633,STU03633,,Low,Medium,0.5599,2026-10-02
PRD03634,STU03634,,Low,Low,0.2408,2026-10-02
PRD03635,STU03635,,Low,Medium,0.7208,2026-10-02
PRD03636,STU03636,,Low,Medium,0.6657,2026-10-02
PRD03637,STU03637,,Medium,Medium,0.5811,2026-10-02
PRD03638,STU03638,,Medium,High,0.9611,2026-10-02
PRD03639,STU03639,,Low,Medium,0.525,2026-10-02
PRD03640,STU03640,,Medium,High,0.99,2026-10-02
PRD03641,STU03641,,High,High,0.9774,2026-10-02
PRD03642,STU03642,,Medium,High,0.9499,2026-10-02
PRD03643,STU03643,,Low,Low,0.48,2026-10-02
PRD03644,STU03644,,High,High,0.9839,2026-10-02
PRD03645,STU03645,,High,High,0.99,2026-10-02
PRD03646,STU03646,,Medium,High,0.962,2026-10-02
PRD03647,STU03647,,Low,Low,0.4513,2026-10-02
PRD03648,STU03648,,Medium,High,0.99,2026-10-02
PRD03649,STU03649,,Medium,High,0.9383,2026-10-02
PRD03650,STU03650,,Medium,Medium,0.8878,2026-10-02
PRD03651,STU03651,,Medium,Medium,0.9421,2026-10-02
PRD03652,STU03652,,Low,Low,0.2665,2026-10-02
PRD03653,STU03653,,High,High,0.99,2026-10-02
PRD03654,STU03654,,Medium,Medium,0.9668,2026-10-02
PRD03655,STU03655,,Medium,Medium,0.9114,2026-10-02
PRD03656,STU03656,,Medium,Medium,0.9038,2026-10-02
PRD03657,STU03657,,Medium,High,0.9384,2026-10-02
PRD03658,STU03658,,Medium,High,0.976,2026-10-02
PRD03659,STU03659,,Low,Low,0.4445,2026-10-02
PRD03660,STU03660,,Low,Low,0.2543,2026-10-02
PRD03661,STU03661,,Medium,High,0.9521,2026-10-02
PRD03662,STU03662,,Medium,High,0.9865,2026-10-02
PRD03663,STU03663,,Medium,High,0.9509,2026-10-02
PRD03664,STU03664,,Low,Medium,0.5537,2026-10-02
PRD03665,STU03665,,Medium,Medium,0.8911,2026-10-02
PRD03666,STU03666,,Medium,High,0.9856,2026-10-02
PRD03667,STU03667,,Medium,Medium,0.7448,2026-10-02
PRD03668,STU03668,,Medium,High,0.9694,2026-10-02
PRD03669,STU03669,,Low,Medium,0.7799,2026-10-02
PRD03670,STU03670,,Medium,Medium,0.9597,2026-10-02
PRD03671,STU03671,,Medium,High,0.99,2026-10-02
PRD03672,STU03672,,Medium,Medium,0.8653,2026-10-02
PRD03673,STU03673,,Low,Medium,0.542,2026-10-02
PRD03674,STU03674,,Medium,Medium,0.8752,2026-10-02
PRD03675,STU03675,,Medium,Medium,0.9186,2026-10-02
PRD03676,STU03676,,Medium,Low,0.3698,2026-10-02
PRD03677,STU03677,,Medium,Medium,0.9288,2026-10-02
PRD03678,STU03678,,Medium,Medium,0.9359,2026-10-02
PRD03679,STU03679,,Low,Low,0.3499,2026-10-02
PRD03680,STU03680,,Medium,High,0.99,2026-10-02
PRD03681,STU03681,,Medium,Medium,0.7801,2026-10-02
PRD03682,STU03682,,Medium,Medium,0.8521,2026-10-02
PRD03683,STU03683,,Low,Medium,0.6377,2026-10-02
PRD03684,STU03684,,Low,Low,0.4722,2026-10-02
PRD03685,STU03685,,Medium,Medium,0.7331,2026-10-02
PRD03686,STU03686,,Low,Low,0.3854,2026-10-02
PRD03687,STU03687,,Low,Medium,0.7242,2026-10-02
PRD03688,STU03688,,Medium,High,0.9276,2026-10-02
PRD03689,STU03689,,Medium,Medium,0.9142,2026-10-02
PRD03690,STU03690,,High,High,0.9846,2026-10-02
PRD03691,STU03691,,High,High,0.9899,2026-10-02
PRD03692,STU03692,,Medium,High,0.99,2026-10-02
PRD03693,STU03693,,High,High,0.968,2026-10-02
PRD03694,STU03694,,Medium,Medium,0.8625,2026-10-02
PRD03695,STU03695,,Medium,Medium,0.8904,2026-10-02
PRD03696,STU03696,,High,High,0.99,2026-10-02
PRD03697,STU03697,,High,High,0.99,2026-10-02
PRD03698,STU03698,,Medium,High,0.99,2026-10-02
PRD03699,STU03699,,Low,Medium,0.6702,2026-10-02
PRD03700,STU03700,,Low,Low,0.2421,2026-10-02
PRD03701,STU03701,,Low,Medium,0.6128,2026-10-02
PRD03702,STU03702,,Low,Low,0.2997,2026-10-02
PRD03703,STU03703,,Medium,Medium,0.901,2026-10-02
PRD03704,STU03704,,High,High,0.9775,2026-10-02
PRD03705,STU03705,,Medium,Medium,0.9065,2026-10-02
PRD03706,STU03706,,Low,Medium,0.663,2026-10-02
PRD03707,STU03707,,Medium,High,0.99,2026-10-02
PRD03708,STU03708,,Medium,Medium,0.7907,2026-10-02
PRD03709,STU03709,,High,High,0.99,2026-10-02
PRD03710,STU03710,,Medium,Medium,0.8532,2026-10-02
PRD03711,STU03711,,Medium,High,0.9758,2026-10-02
PRD03712,STU03712,,Medium,High,0.99,2026-10-02
PRD03713,STU03713,,High,High,0.9833,2026-10-02
PRD03714,STU03714,,Medium,Medium,0.7167,2026-10-02
PRD03715,STU03715,,Medium,High,0.9278,2026-10-02
PRD03716,STU03716,,Medium,High,0.9473,2026-10-02
PRD03717,STU03717,,Medium,High,0.9284,2026-10-02
PRD03718,STU03718,,High,High,0.99,2026-10-02
PRD03719,STU03719,,Medium,High,0.99,2026-10-02
PRD03720,STU03720,,Low,Low,0.2519,2026-10-02
PRD03721,STU03721,,Low,Low,0.4323,2026-10-02
PRD03722,STU03722,,Low,Low,0.2663,2026-10-02
PRD03723,STU03723,,Low,Medium,0.6781,2026-10-02
PRD03724,STU03724,,High,High,0.99,2026-10-02
PRD03725,STU03725,,Medium,High,0.99,2026-10-02
PRD03726,STU03726,,Medium,Medium,0.6211,2026-10-02
PRD03727,STU03727,,Medium,Low,0.395,2026-10-02
PRD03728,STU03728,,Medium,Medium,0.9282,2026-10-02
PRD03729,STU03729,,Medium,Medium,0.865,2026-10-02
PRD03730,STU03730,,Medium,Medium,0.5842,2026-10-02
PRD03731,STU03731,,High,High,0.99,2026-10-02
PRD03732,STU03732,,Medium,High,0.9,2026-10-02
PRD03733,STU03733,,Low,Medium,0.6644,2026-10-02
PRD03734,STU03734,,Low,Medium,0.5214,2026-10-02
PRD03735,STU03735,,High,High,0.99,2026-10-02
PRD03736,STU03736,,Low,Low,0.1774,2026-10-02
PRD03737,STU03737,,High,High,0.99,2026-10-02
PRD03738,STU03738,,Medium,High,0.99,2026-10-02
PRD03739,STU03739,,Medium,High,0.99,2026-10-02
PRD03740,STU03740,,Medium,Medium,0.7438,2026-10-02
PRD03741,STU03741,,Medium,Medium,0.8091,2026-10-02
PRD03742,STU03742,,High,High,0.99,2026-10-02
PRD03743,STU03743,,Low,Medium,0.6264,2026-10-02
PRD03744,STU03744,,Low,Medium,0.5674,2026-10-02
PRD03745,STU03745,,Low,Medium,0.7504,2026-10-02
PRD03746,STU03746,,Medium,Medium,0.9075,2026-10-02
PRD03747,STU03747,,Medium,High,0.9845,2026-10-02
PRD03748,STU03748,,Low,Low,0.453,2026-10-02
PRD03749,STU03749,,Low,Low,0.2742,2026-10-02
PRD03750,STU03750,,Low,Medium,0.9234,2026-10-02
PRD03751,STU03751,,Medium,High,0.9723,2026-10-02
PRD03752,STU03752,,High,High,0.99,2026-10-02
PRD03753,STU03753,,Low,Medium,0.8249,2026-10-02
PRD03754,STU03754,,Low,Low,0.2408,2026-10-02
PRD03755,STU03755,,Medium,High,0.99,2026-10-02
PRD03756,STU03756,,High,High,0.99,2026-10-02
PRD03757,STU03757,,High,High,0.99,2026-10-02
PRD03758,STU03758,,Low,Low,0.327,2026-10-02
PRD03759,STU03759,,Medium,Medium,0.8882,2026-10-02
PRD03760,STU03760,,High,High,0.99,2026-10-02
PRD03761,STU03761,,Medium,Medium,0.9034,2026-10-02
PRD03762,STU03762,,Low,Medium,0.7792,2026-10-02
PRD03763,STU03763,,Medium,High,0.9807,2026-10-02
PRD03764,STU03764,,Medium,Medium,0.4979,2026-10-02
PRD03765,STU03765,,Low,Medium,0.5512,2026-10-02
PRD03766,STU03766,,Low,Low,0.4659,2026-10-02
PRD03767,STU03767,,Low,Medium,0.7588,2026-10-02
PRD03768,STU03768,,Medium,High,0.9747,2026-10-02
PRD03769,STU03769,,Low,Medium,0.7114,2026-10-02
PRD03770,STU03770,,High,High,0.9726,2026-10-02
PRD03771,STU03771,,Low,Medium,0.7325,2026-10-02
PRD03772,STU03772,,High,High,0.99,2026-10-02
PRD03773,STU03773,,High,High,0.9495,2026-10-02
PRD03774,STU03774,,Low,Medium,0.7919,2026-10-02
PRD03775,STU03775,,High,High,0.99,2026-10-02
PRD03776,STU03776,,Medium,High,0.99,2026-10-02
PRD03777,STU03777,,Medium,Medium,0.5652,2026-10-02
PRD03778,STU03778,,Low,Medium,0.5838,2026-10-02
PRD03779,STU03779,,Low,Medium,0.4927,2026-10-02
PRD03780,STU03780,,Low,Medium,0.813,2026-10-02
PRD03781,STU03781,,Medium,Medium,0.5805,2026-10-02
PRD03782,STU03782,,Medium,Medium,0.7879,2026-10-02
PRD03783,STU03783,,High,High,0.9513,2026-10-02
PRD03784,STU03784,,Medium,High,0.9428,2026-10-02
PRD03785,STU03785,,Medium,High,0.9394,2026-10-02
PRD03786,STU03786,,Low,Medium,0.9152,2026-10-02
PRD03787,STU03787,,Low,Low,0.1629,2026-10-02
PRD03788,STU03788,,Medium,Medium,0.5514,2026-10-02
PRD03789,STU03789,,Low,Medium,0.6776,2026-10-02
PRD03790,STU03790,,Medium,Medium,0.7529,2026-10-02
PRD03791,STU03791,,Medium,High,0.9799,2026-10-02
PRD03792,STU03792,,Low,Low,0.1243,2026-10-02
PRD03793,STU03793,,Medium,Medium,0.6502,2026-10-02
PRD03794,STU03794,,Medium,Medium,0.9383,2026-10-02
PRD03795,STU03795,,Low,Low,0.4161,2026-10-02
PRD03796,STU03796,,Medium,High,0.9478,2026-10-02
PRD03797,STU03797,,High,High,0.99,2026-10-02
PRD03798,STU03798,,Medium,High,0.9469,2026-10-02
PRD03799,STU03799,,High,High,0.9441,2026-10-02
PRD03800,STU03800,,Medium,Medium,0.5344,2026-10-02
PRD03801,STU03801,,Low,Medium,0.762,2026-10-02
PRD03802,STU03802,,Medium,Medium,0.9109,2026-10-02
PRD03803,STU03803,,High,High,0.9893,2026-10-02
PRD03804,STU03804,,Medium,High,0.9293,2026-10-02
PRD03805,STU03805,,Medium,Medium,0.7474,2026-10-02
PRD03806,STU03806,,Medium,High,0.99,2026-10-02
PRD03807,STU03807,,Medium,Medium,0.6869,2026-10-02
PRD03808,STU03808,,Medium,High,0.9747,2026-10-02
PRD03809,STU03809,,Low,Medium,0.6395,2026-10-02
PRD03810,STU03810,,Low,Low,0.4619,2026-10-02
PRD03811,STU03811,,Medium,Medium,0.8871,2026-10-02
PRD03812,STU03812,,Medium,Medium,0.9278,2026-10-02
PRD03813,STU03813,,Medium,High,0.99,2026-10-02
PRD03814,STU03814,,Medium,Medium,0.6729,2026-10-02
PRD03815,STU03815,,Medium,Medium,0.8702,2026-10-02
PRD03816,STU03816,,Low,Low,0.467,2026-10-02
PRD03817,STU03817,,Medium,Medium,0.5022,2026-10-02
PRD03818,STU03818,,Medium,Medium,0.7898,2026-10-02
PRD03819,STU03819,,Medium,Medium,0.9296,2026-10-02
PRD03820,STU03820,,Low,Medium,0.4857,2026-10-02
PRD03821,STU03821,,Low,Medium,0.7275,2026-10-02
PRD03822,STU03822,,Medium,Medium,0.8845,2026-10-02
PRD03823,STU03823,,Medium,High,0.99,2026-10-02
PRD03824,STU03824,,Medium,Medium,0.965,2026-10-02
PRD03825,STU03825,,High,High,0.99,2026-10-02
PRD03826,STU03826,,Medium,Medium,0.7834,2026-10-02
PRD03827,STU03827,,Medium,Medium,0.8601,2026-10-02
PRD03828,STU03828,,Medium,Medium,0.8592,2026-10-02
PRD03829,STU03829,,Medium,Medium,0.7023,2026-10-02
PRD03830,STU03830,,Low,Medium,0.4825,2026-10-02
PRD03831,STU03831,,High,High,0.9663,2026-10-02
PRD03832,STU03832,,Medium,High,0.9661,2026-10-02
PRD03833,STU03833,,Medium,Medium,0.868,2026-10-02
PRD03834,STU03834,,Medium,High,0.9612,2026-10-02
PRD03835,STU03835,,Medium,Medium,0.9301,2026-10-02
PRD03836,STU03836,,Medium,High,0.9709,2026-10-02
PRD03837,STU03837,,Medium,Medium,0.5648,2026-10-02
PRD03838,STU03838,,Medium,Medium,0.6199,2026-10-02
PRD03839,STU03839,,High,High,0.9525,2026-10-02
PRD03840,STU03840,,High,High,0.99,2026-10-02
PRD03841,STU03841,,Medium,Medium,0.8833,2026-10-02
PRD03842,STU03842,,Low,Low,0.1379,2026-10-02
PRD03843,STU03843,,High,Medium,0.9709,2026-10-02
PRD03844,STU03844,,Low,Medium,0.8881,2026-10-02
PRD03845,STU03845,,Medium,High,0.99,2026-10-02
PRD03846,STU03846,,Medium,High,0.95,2026-10-02
PRD03847,STU03847,,Low,Low,0.2555,2026-10-02
PRD03848,STU03848,,Medium,High,0.9526,2026-10-02
PRD03849,STU03849,,Low,Medium,0.5271,2026-10-02
PRD03850,STU03850,,Low,Medium,0.8419,2026-10-02
PRD03851,STU03851,,Low,Medium,0.6317,2026-10-02
PRD03852,STU03852,,Medium,Medium,0.8618,2026-10-02
PRD03853,STU03853,,Medium,High,0.99,2026-10-02
PRD03854,STU03854,,Low,Low,0.436,2026-10-02
PRD03855,STU03855,,High,High,0.99,2026-10-02
PRD03856,STU03856,,Medium,High,0.9155,2026-10-02
PRD03857,STU03857,,High,High,0.99,2026-10-02
PRD03858,STU03858,,Low,Low,0.1985,2026-10-02
PRD03859,STU03859,,Low,Low,0.4317,2026-10-02
PRD03860,STU03860,,Low,Medium,0.6113,2026-10-02
PRD03861,STU03861,,Low,Medium,0.8334,2026-10-02
PRD03862,STU03862,,Medium,Medium,0.8322,2026-10-02
PRD03863,STU03863,,Low,High,0.9563,2026-10-02
PRD03864,STU03864,,Medium,High,0.9589,2026-10-02
PRD03865,STU03865,,Medium,Medium,0.7892,2026-10-02
PRD03866,STU03866,,Medium,High,0.9789,2026-10-02
PRD03867,STU03867,,High,High,0.99,2026-10-02
PRD03868,STU03868,,Low,Low,0.4142,2026-10-02
PRD03869,STU03869,,Medium,High,0.9583,2026-10-02
PRD03870,STU03870,,Medium,Medium,0.9218,2026-10-02
PRD03871,STU03871,,High,High,0.99,2026-10-02
PRD03872,STU03872,,Low,Medium,0.8575,2026-10-02
PRD03873,STU03873,,Medium,High,0.9697,2026-10-02
PRD03874,STU03874,,Low,High,0.95,2026-10-02
PRD03875,STU03875,,Low,High,0.9418,2026-10-02
PRD03876,STU03876,,Medium,High,0.9484,2026-10-02
PRD03877,STU03877,,Medium,High,0.99,2026-10-02
PRD03878,STU03878,,Medium,Medium,0.8548,2026-10-02
PRD03879,STU03879,,Medium,High,0.9655,2026-10-02
PRD03880,STU03880,,Low,Medium,0.6063,2026-10-02
PRD03881,STU03881,,High,High,0.99,2026-10-02
PRD03882,STU03882,,Medium,Medium,0.8701,2026-10-02
PRD03883,STU03883,,Low,Medium,0.7065,2026-10-02
PRD03884,STU03884,,Medium,Medium,0.7066,2026-10-02
PRD03885,STU03885,,Medium,High,0.99,2026-10-02
PRD03886,STU03886,,Medium,High,0.9306,2026-10-02
PRD03887,STU03887,,Low,Medium,0.757,2026-10-02
PRD03888,STU03888,,Medium,Medium,0.9412,2026-10-02
PRD03889,STU03889,,Low,Low,0.463,2026-10-02
PRD03890,STU03890,,Low,Medium,0.9238,2026-10-02
PRD03891,STU03891,,Low,High,0.9457,2026-10-02
PRD03892,STU03892,,Medium,High,0.99,2026-10-02
PRD03893,STU03893,,High,High,0.9819,2026-10-02
PRD03894,STU03894,,Medium,Medium,0.9179,2026-10-02
PRD03895,STU03895,,Low,Medium,0.695,2026-10-02
PRD03896,STU03896,,Low,Medium,0.6424,2026-10-02
PRD03897,STU03897,,Low,Medium,0.7493,2026-10-02
PRD03898,STU03898,,Medium,Medium,0.656,2026-10-02
PRD03899,STU03899,,Medium,Medium,0.712,2026-10-02
PRD03900,STU03900,,Medium,Medium,0.8794,2026-10-02
PRD03901,STU03901,,Low,Medium,0.8364,2026-10-02
PRD03902,STU03902,,Low,Low,0.3324,2026-10-02
PRD03903,STU03903,,Medium,Medium,0.7191,2026-10-02
PRD03904,STU03904,,Medium,Medium,0.9641,2026-10-02
PRD03905,STU03905,,Medium,Medium,0.9147,2026-10-02
PRD03906,STU03906,,Medium,High,0.947,2026-10-02
PRD03907,STU03907,,Medium,High,0.99,2026-10-02
PRD03908,STU03908,,Medium,Medium,0.9141,2026-10-02
PRD03909,STU03909,,Medium,Medium,0.9065,2026-10-02
PRD03910,STU03910,,Low,Low,0.4758,2026-10-02
PRD03911,STU03911,,High,High,0.9643,2026-10-02
PRD03912,STU03912,,Low,Medium,0.5462,2026-10-02
PRD03913,STU03913,,Low,Low,0.3169,2026-10-02
PRD03914,STU03914,,Low,Low,0.4447,2026-10-02
PRD03915,STU03915,,Low,Low,0.2866,2026-10-02
PRD03916,STU03916,,High,High,0.9673,2026-10-02
PRD03917,STU03917,,High,High,0.99,2026-10-02
PRD03918,STU03918,,Medium,High,0.9856,2026-10-02
PRD03919,STU03919,,Medium,Medium,0.8733,2026-10-02
PRD03920,STU03920,,Low,Medium,0.5346,2026-10-02
PRD03921,STU03921,,Medium,Medium,0.846,2026-10-02
PRD03922,STU03922,,Medium,Medium,0.8838,2026-10-02
PRD03923,STU03923,,Medium,High,0.9275,2026-10-02
PRD03924,STU03924,,Low,Medium,0.5549,2026-10-02
PRD03925,STU03925,,Low,Low,0.2098,2026-10-02
PRD03926,STU03926,,Medium,High,0.99,2026-10-02
PRD03927,STU03927,,Medium,High,0.9477,2026-10-02
PRD03928,STU03928,,High,High,0.938,2026-10-02
PRD03929,STU03929,,Medium,Medium,0.9448,2026-10-02
PRD03930,STU03930,,Low,Low,0.4083,2026-10-02
PRD03931,STU03931,,Medium,High,0.9553,2026-10-02
PRD03932,STU03932,,High,High,0.99,2026-10-02
PRD03933,STU03933,,Low,Medium,0.7466,2026-10-02
PRD03934,STU03934,,High,High,0.9835,2026-10-02
PRD03935,STU03935,,Medium,Medium,0.7954,2026-10-02
PRD03936,STU03936,,High,High,0.984,2026-10-02
PRD03937,STU03937,,Medium,Medium,0.7109,2026-10-02
PRD03938,STU03938,,Medium,Medium,0.764,2026-10-02
PRD03939,STU03939,,Low,Medium,0.7866,2026-10-02
PRD03940,STU03940,,Low,Medium,0.8445,2026-10-02
PRD03941,STU03941,,Medium,High,0.99,2026-10-02
PRD03942,STU03942,,Low,Medium,0.826,2026-10-02
PRD03943,STU03943,,High,High,0.9363,2026-10-02
PRD03944,STU03944,,Medium,Medium,0.8551,2026-10-02
PRD03945,STU03945,,Medium,High,0.99,2026-10-02
PRD03946,STU03946,,Medium,Medium,0.8531,2026-10-02
PRD03947,STU03947,,Medium,Medium,0.9177,2026-10-02
PRD03948,STU03948,,Medium,Medium,0.8626,2026-10-02
PRD03949,STU03949,,Medium,Medium,0.8178,2026-10-02
PRD03950,STU03950,,High,High,0.9674,2026-10-02
PRD03951,STU03951,,Medium,Medium,0.6273,2026-10-02
PRD03952,STU03952,,Low,Low,0.283,2026-10-02
PRD03953,STU03953,,Low,Low,0.1963,2026-10-02
PRD03954,STU03954,,Medium,Medium,0.8475,2026-10-02
PRD03955,STU03955,,Medium,Medium,0.8836,2026-10-02
PRD03956,STU03956,,Medium,High,0.9527,2026-10-02
PRD03957,STU03957,,Low,Medium,0.7863,2026-10-02
PRD03958,STU03958,,Medium,High,0.99,2026-10-02
PRD03959,STU03959,,Medium,Medium,0.7966,2026-10-02
PRD03960,STU03960,,Low,High,0.9729,2026-10-02
PRD03961,STU03961,,High,High,0.9552,2026-10-02
PRD03962,STU03962,,Medium,High,0.9455,2026-10-02
PRD03963,STU03963,,Medium,Medium,0.8494,2026-10-02
PRD03964,STU03964,,Medium,Medium,0.8518,2026-10-02
PRD03965,STU03965,,High,Medium,0.8965,2026-10-02
PRD03966,STU03966,,Medium,High,0.986,2026-10-02
PRD03967,STU03967,,Low,Medium,0.6852,2026-10-02
PRD03968,STU03968,,Medium,High,0.9666,2026-10-02
PRD03969,STU03969,,High,High,0.9048,2026-10-02
PRD03970,STU03970,,Low,Medium,0.692,2026-10-02
PRD03971,STU03971,,Medium,High,0.9557,2026-10-02
PRD03972,STU03972,,Medium,Medium,0.8383,2026-10-02
PRD03973,STU03973,,Low,Low,0.4501,2026-10-02
PRD03974,STU03974,,Medium,High,0.99,2026-10-02
PRD03975,STU03975,,High,High,0.99,2026-10-02
PRD03976,STU03976,,Low,Low,0.3865,2026-10-02
PRD03977,STU03977,,Medium,Medium,0.8282,2026-10-02
PRD03978,STU03978,,Medium,High,0.9534,2026-10-02
PRD03979,STU03979,,Medium,High,0.9406,2026-10-02
PRD03980,STU03980,,Low,Medium,0.865,2026-10-02
PRD03981,STU03981,,Low,Medium,0.8872,2026-10-02
PRD03982,STU03982,,Medium,Medium,0.8975,2026-10-02
PRD03983,STU03983,,High,High,0.99,2026-10-02
PRD03984,STU03984,,Low,Medium,0.6122,2026-10-02
PRD03985,STU03985,,Medium,Low,0.5113,2026-10-02
PRD03986,STU03986,,Low,Low,0.1144,2026-10-02
PRD03987,STU03987,,Medium,Medium,0.8099,2026-10-02
PRD03988,STU03988,,High,High,0.9795,2026-10-02
PRD03989,STU03989,,Medium,Medium,0.8791,2026-10-02
PRD03990,STU03990,,Low,Medium,0.6674,2026-10-02
PRD03991,STU03991,,Low,Low,0.2274,2026-10-02
PRD03992,STU03992,,Low,Medium,0.5295,2026-10-02
PRD03993,STU03993,,Medium,High,0.99,2026-10-02
PRD03994,STU03994,,Low,Medium,0.8647,2026-10-02
PRD03995,STU03995,,High,High,0.9607,2026-10-02
PRD03996,STU03996,,Medium,High,0.9425,2026-10-02
PRD03997,STU03997,,Medium,High,0.9774,2026-10-02
PRD03998,STU03998,,Low,Medium,0.9082,2026-10-02
PRD03999,STU03999,,High,High,0.99,2026-10-02
PRD04000,STU04000,,High,High,0.9836,2026-10-02
PRD04001,STU04001,,High,High,0.99,2026-10-02
PRD04002,STU04002,,Low,Low,0.3299,2026-10-02
PRD04003,STU04003,,High,High,0.9797,2026-10-02
PRD04004,STU04004,,Medium,Medium,0.8091,2026-10-02
PRD04005,STU04005,,Medium,Medium,0.8885,2026-10-02
PRD04006,STU04006,,Low,Medium,0.4808,2026-10-02
PRD04007,STU04007,,High,High,0.9773,2026-10-02
PRD04008,STU04008,,Low,Low,0.2708,2026-10-02
PRD04009,STU04009,,Low,Low,0.3623,2026-10-02
PRD04010,STU04010,,Medium,Medium,0.5163,2026-10-02
PRD04011,STU04011,,Medium,High,0.9827,2026-10-02
PRD04012,STU04012,,High,High,0.9809,2026-10-02
PRD04013,STU04013,,Low,Medium,0.5754,2026-10-02
PRD04014,STU04014,,Medium,High,0.9816,2026-10-02
PRD04015,STU04015,,Low,Medium,0.654,2026-10-02
PRD04016,STU04016,,Low,Medium,0.6037,2026-10-02
PRD04017,STU04017,,Low,Medium,0.8684,2026-10-02
PRD04018,STU04018,,Low,Medium,0.5261,2026-10-02
PRD04019,STU04019,,Medium,High,0.99,2026-10-02
PRD04020,STU04020,,Medium,High,0.99,2026-10-02
PRD04021,STU04021,,High,High,0.9795,2026-10-02
PRD04022,STU04022,,Medium,High,0.9453,2026-10-02
PRD04023,STU04023,,Medium,High,0.9488,2026-10-02
PRD04024,STU04024,,High,High,0.99,2026-10-02
PRD04025,STU04025,,High,High,0.9764,2026-10-02
PRD04026,STU04026,,High,High,0.99,2026-10-02
PRD04027,STU04027,,Low,Medium,0.5807,2026-10-02
PRD04028,STU04028,,Low,Medium,0.5009,2026-10-02
PRD04029,STU04029,,Medium,Medium,0.7657,2026-10-02
PRD04030,STU04030,,Medium,Medium,0.7296,2026-10-02
PRD04031,STU04031,,High,High,0.99,2026-10-02
PRD04032,STU04032,,High,High,0.99,2026-10-02
PRD04033,STU04033,,Medium,High,0.9343,2026-10-02
PRD04034,STU04034,,Low,Medium,0.6404,2026-10-02
PRD04035,STU04035,,Medium,Medium,0.9351,2026-10-02
PRD04036,STU04036,,Medium,Medium,0.5538,2026-10-02
PRD04037,STU04037,,Medium,Medium,0.9029,2026-10-02
PRD04038,STU04038,,Medium,High,0.99,2026-10-02
PRD04039,STU04039,,Medium,High,0.99,2026-10-02
PRD04040,STU04040,,Medium,High,0.99,2026-10-02
PRD04041,STU04041,,Low,Medium,0.4779,2026-10-02
PRD04042,STU04042,,Medium,High,0.99,2026-10-02
PRD04043,STU04043,,Low,Low,0.2112,2026-10-02
PRD04044,STU04044,,Low,Low,0.1994,2026-10-02
PRD04045,STU04045,,Medium,Medium,0.845,2026-10-02
PRD04046,STU04046,,Medium,Medium,0.885,2026-10-02
PRD04047,STU04047,,Low,Low,0.2233,2026-10-02
PRD04048,STU04048,,Medium,High,0.99,2026-10-02
PRD04049,STU04049,,Medium,High,0.9673,2026-10-02
PRD04050,STU04050,,Medium,High,0.9389,2026-10-02
PRD04051,STU04051,,Medium,High,0.978,2026-10-02
PRD04052,STU04052,,Medium,Medium,0.5298,2026-10-02
PRD04053,STU04053,,Medium,Medium,0.8656,2026-10-02
PRD04054,STU04054,,Medium,Medium,0.9361,2026-10-02
PRD04055,STU04055,,Medium,High,0.9405,2026-10-02
PRD04056,STU04056,,High,High,0.9744,2026-10-02
PRD04057,STU04057,,Medium,Medium,0.9551,2026-10-02
PRD04058,STU04058,,Low,Low,0.0736,2026-10-02
PRD04059,STU04059,,Medium,High,0.99,2026-10-02
PRD04060,STU04060,,Medium,High,0.9679,2026-10-02
PRD04061,STU04061,,Low,Medium,0.6987,2026-10-02
PRD04062,STU04062,,Low,Low,0.1166,2026-10-02
PRD04063,STU04063,,Low,Medium,0.6278,2026-10-02
PRD04064,STU04064,,Medium,High,0.9745,2026-10-02
PRD04065,STU04065,,Low,Medium,0.5725,2026-10-02
PRD04066,STU04066,,Low,Medium,0.6991,2026-10-02
PRD04067,STU04067,,Medium,High,0.99,2026-10-02
PRD04068,STU04068,,Medium,Medium,0.9136,2026-10-02
PRD04069,STU04069,,Medium,High,0.9697,2026-10-02
PRD04070,STU04070,,Medium,Medium,0.8835,2026-10-02
PRD04071,STU04071,,High,High,0.9873,2026-10-02
PRD04072,STU04072,,Low,Low,0.3126,2026-10-02
PRD04073,STU04073,,Low,Low,0.3413,2026-10-02
PRD04074,STU04074,,Low,Medium,0.6229,2026-10-02
PRD04075,STU04075,,Medium,Low,0.402,2026-10-02
PRD04076,STU04076,,Low,Medium,0.6352,2026-10-02
PRD04077,STU04077,,Medium,High,0.99,2026-10-02
PRD04078,STU04078,,Medium,High,0.99,2026-10-02
PRD04079,STU04079,,Medium,High,0.99,2026-10-02
PRD04080,STU04080,,Medium,Low,0.4155,2026-10-02
PRD04081,STU04081,,Low,Medium,0.8919,2026-10-02
PRD04082,STU04082,,Low,Medium,0.9742,2026-10-02
PRD04083,STU04083,,Medium,Medium,0.9527,2026-10-02
PRD04084,STU04084,,Medium,Medium,0.9092,2026-10-02
PRD04085,STU04085,,Medium,High,0.99,2026-10-02
PRD04086,STU04086,,High,High,0.99,2026-10-02
PRD04087,STU04087,,High,Medium,0.9524,2026-10-02
PRD04088,STU04088,,Medium,Medium,0.8806,2026-10-02
PRD04089,STU04089,,Low,Medium,0.9042,2026-10-02
PRD04090,STU04090,,Medium,Medium,0.6169,2026-10-02
PRD04091,STU04091,,Low,Low,0.203,2026-10-02
PRD04092,STU04092,,Medium,High,0.99,2026-10-02
PRD04093,STU04093,,Low,Medium,0.5579,2026-10-02
PRD04094,STU04094,,High,High,0.99,2026-10-02
PRD04095,STU04095,,Medium,Medium,0.9214,2026-10-02
PRD04096,STU04096,,Low,Medium,0.5607,2026-10-02
PRD04097,STU04097,,Low,Medium,0.6638,2026-10-02
PRD04098,STU04098,,Medium,Medium,0.872,2026-10-02
PRD04099,STU04099,,Medium,High,0.9437,2026-10-02
PRD04100,STU04100,,Medium,Medium,0.7029,2026-10-02
PRD04101,STU04101,,Medium,Medium,0.9656,2026-10-02
PRD04102,STU04102,,Medium,High,0.9336,2026-10-02
PRD04103,STU04103,,Low,Low,0.1797,2026-10-02
PRD04104,STU04104,,Medium,Medium,0.9836,2026-10-02
PRD04105,STU04105,,Medium,Medium,0.8024,2026-10-02
PRD04106,STU04106,,Medium,Medium,0.7315,2026-10-02
PRD04107,STU04107,,Low,Low,0.1893,2026-10-02
PRD04108,STU04108,,High,High,0.99,2026-10-02
PRD04109,STU04109,,Medium,Medium,0.7757,2026-10-02
PRD04110,STU04110,,Medium,High,0.99,2026-10-02
PRD04111,STU04111,,Low,Medium,0.9446,2026-10-02
PRD04112,STU04112,,Medium,High,0.9641,2026-10-02
PRD04113,STU04113,,Medium,High,0.99,2026-10-02
PRD04114,STU04114,,High,High,0.99,2026-10-02
PRD04115,STU04115,,Medium,High,0.9314,2026-10-02
PRD04116,STU04116,,Low,Low,0.3315,2026-10-02
PRD04117,STU04117,,Medium,Medium,0.7064,2026-10-02
PRD04118,STU04118,,High,High,0.99,2026-10-02
PRD04119,STU04119,,High,High,0.9664,2026-10-02
PRD04120,STU04120,,Medium,Medium,0.7541,2026-10-02
PRD04121,STU04121,,Low,Low,0.3397,2026-10-02
PRD04122,STU04122,,Medium,High,0.99,2026-10-02
PRD04123,STU04123,,Medium,High,0.99,2026-10-02
PRD04124,STU04124,,High,High,0.9825,2026-10-02
PRD04125,STU04125,,Medium,Medium,0.8193,2026-10-02
PRD04126,STU04126,,Low,Medium,0.6135,2026-10-02
PRD04127,STU04127,,Low,Medium,0.5079,2026-10-02
PRD04128,STU04128,,High,High,0.99,2026-10-02
PRD04129,STU04129,,Low,Medium,0.5455,2026-10-02
PRD04130,STU04130,,Low,Medium,0.8444,2026-10-02
PRD04131,STU04131,,Low,Low,0.1943,2026-10-02
PRD04132,STU04132,,Medium,High,0.9555,2026-10-02
PRD04133,STU04133,,High,High,0.99,2026-10-02
PRD04134,STU04134,,Medium,High,0.9136,2026-10-02
PRD04135,STU04135,,Low,Medium,0.9166,2026-10-02
PRD04136,STU04136,,Low,Medium,0.7935,2026-10-02
PRD04137,STU04137,,Medium,Medium,0.9539,2026-10-02
PRD04138,STU04138,,Medium,High,0.99,2026-10-02
PRD04139,STU04139,,Medium,High,0.9805,2026-10-02
PRD04140,STU04140,,High,High,0.99,2026-10-02
PRD04141,STU04141,,Low,Medium,0.6319,2026-10-02
PRD04142,STU04142,,High,High,0.99,2026-10-02
PRD04143,STU04143,,Medium,High,0.9849,2026-10-02
PRD04144,STU04144,,Medium,Medium,0.8272,2026-10-02
PRD04145,STU04145,,Low,Medium,0.6185,2026-10-02
PRD04146,STU04146,,Medium,Medium,0.8402,2026-10-02
PRD04147,STU04147,,Medium,Medium,0.724,2026-10-02
PRD04148,STU04148,,Medium,Medium,0.8388,2026-10-02
PRD04149,STU04149,,Medium,Medium,0.9189,2026-10-02
PRD04150,STU04150,,Medium,High,0.9855,2026-10-02
PRD04151,STU04151,,High,High,0.99,2026-10-02
PRD04152,STU04152,,Low,Medium,0.6188,2026-10-02
PRD04153,STU04153,,Medium,Medium,0.7323,2026-10-02
PRD04154,STU04154,,Medium,Medium,0.5999,2026-10-02
PRD04155,STU04155,,Low,Low,0.4461,2026-10-02
PRD04156,STU04156,,Medium,High,0.99,2026-10-02
PRD04157,STU04157,,Medium,High,0.959,2026-10-02
PRD04158,STU04158,,Low,Medium,0.8392,2026-10-02
PRD04159,STU04159,,Medium,Medium,0.8744,2026-10-02
PRD04160,STU04160,,Medium,Medium,0.8694,2026-10-02
PRD04161,STU04161,,Medium,High,0.9518,2026-10-02
PRD04162,STU04162,,Low,Medium,0.6127,2026-10-02
PRD04163,STU04163,,High,High,0.99,2026-10-02
PRD04164,STU04164,,Low,Low,0.2037,2026-10-02
PRD04165,STU04165,,Medium,Medium,0.9144,2026-10-02
PRD04166,STU04166,,Medium,Medium,0.9075,2026-10-02
PRD04167,STU04167,,Medium,Medium,0.8328,2026-10-02
PRD04168,STU04168,,Low,Medium,0.9212,2026-10-02
PRD04169,STU04169,,Low,Low,0.1851,2026-10-02
PRD04170,STU04170,,Low,Low,0.1235,2026-10-02
PRD04171,STU04171,,Medium,High,0.9154,2026-10-02
PRD04172,STU04172,,High,High,0.99,2026-10-02
PRD04173,STU04173,,Medium,Medium,0.9445,2026-10-02
PRD04174,STU04174,,Medium,High,0.9704,2026-10-02
PRD04175,STU04175,,Medium,Medium,0.8228,2026-10-02
PRD04176,STU04176,,Medium,High,0.9848,2026-10-02
PRD04177,STU04177,,Medium,Medium,0.9182,2026-10-02
PRD04178,STU04178,,Low,Medium,0.8488,2026-10-02
PRD04179,STU04179,,Low,Low,0.1276,2026-10-02
PRD04180,STU04180,,High,High,0.99,2026-10-02
PRD04181,STU04181,,Low,Medium,0.7606,2026-10-02
PRD04182,STU04182,,Medium,High,0.99,2026-10-02
PRD04183,STU04183,,Medium,High,0.9324,2026-10-02
PRD04184,STU04184,,High,High,0.99,2026-10-02
PRD04185,STU04185,,Low,Low,0.3052,2026-10-02
PRD04186,STU04186,,Low,Low,0.3033,2026-10-02
PRD04187,STU04187,,Low,Medium,0.9635,2026-10-02
PRD04188,STU04188,,Medium,Medium,0.7193,2026-10-02
PRD04189,STU04189,,Low,Medium,0.557,2026-10-02
PRD04190,STU04190,,Low,Low,0.19,2026-10-02
PRD04191,STU04191,,Low,Medium,0.6782,2026-10-02
PRD04192,STU04192,,High,High,0.9653,2026-10-02
PRD04193,STU04193,,Low,Low,0.3713,2026-10-02
PRD04194,STU04194,,Medium,High,0.9828,2026-10-02
PRD04195,STU04195,,High,High,0.9866,2026-10-02
PRD04196,STU04196,,Medium,Medium,0.8207,2026-10-02
PRD04197,STU04197,,Medium,High,0.9773,2026-10-02
PRD04198,STU04198,,Low,Medium,0.5829,2026-10-02
PRD04199,STU04199,,Low,Medium,0.6088,2026-10-02
PRD04200,STU04200,,Medium,High,0.99,2026-10-02
PRD04201,STU04201,,Low,Low,0.4741,2026-10-02
PRD04202,STU04202,,Low,Low,0.4427,2026-10-02
PRD04203,STU04203,,Medium,Medium,0.9002,2026-10-02
PRD04204,STU04204,,Low,Low,0.0935,2026-10-02
PRD04205,STU04205,,Low,Medium,0.9531,2026-10-02
PRD04206,STU04206,,Medium,High,0.99,2026-10-02
PRD04207,STU04207,,Low,Low,0.4253,2026-10-02
PRD04208,STU04208,,Medium,Medium,0.8244,2026-10-02
PRD04209,STU04209,,Medium,Medium,0.5872,2026-10-02
PRD04210,STU04210,,Medium,Medium,0.9413,2026-10-02
PRD04211,STU04211,,Medium,High,0.9748,2026-10-02
PRD04212,STU04212,,Low,Medium,0.7709,2026-10-02
PRD04213,STU04213,,Medium,Low,0.298,2026-10-02
PRD04214,STU04214,,Medium,High,0.9757,2026-10-02
PRD04215,STU04215,,Medium,Medium,0.8036,2026-10-02
PRD04216,STU04216,,Medium,Medium,0.8153,2026-10-02
PRD04217,STU04217,,Medium,Medium,0.9101,2026-10-02
PRD04218,STU04218,,Medium,Medium,0.9655,2026-10-02
PRD04219,STU04219,,Low,Low,0.4161,2026-10-02
PRD04220,STU04220,,Low,Low,0.4287,2026-10-02
PRD04221,STU04221,,Medium,High,0.99,2026-10-02
PRD04222,STU04222,,Medium,Medium,0.5965,2026-10-02
PRD04223,STU04223,,Medium,Medium,0.7596,2026-10-02
PRD04224,STU04224,,Medium,High,0.9893,2026-10-02
PRD04225,STU04225,,Low,Medium,0.8795,2026-10-02
PRD04226,STU04226,,Low,Low,0.1401,2026-10-02
PRD04227,STU04227,,Medium,High,0.9705,2026-10-02
PRD04228,STU04228,,Medium,High,0.988,2026-10-02
PRD04229,STU04229,,High,High,0.99,2026-10-02
PRD04230,STU04230,,High,High,0.9662,2026-10-02
PRD04231,STU04231,,High,High,0.99,2026-10-02
PRD04232,STU04232,,Medium,High,0.99,2026-10-02
PRD04233,STU04233,,Medium,High,0.9435,2026-10-02
PRD04234,STU04234,,High,High,0.929,2026-10-02
PRD04235,STU04235,,Low,Medium,0.7053,2026-10-02
PRD04236,STU04236,,Medium,High,0.9859,2026-10-02
PRD04237,STU04237,,Medium,Medium,0.8251,2026-10-02
PRD04238,STU04238,,Low,Medium,0.5751,2026-10-02
PRD04239,STU04239,,Medium,High,0.954,2026-10-02
PRD04240,STU04240,,High,High,0.9767,2026-10-02
PRD04241,STU04241,,Low,Medium,0.6653,2026-10-02
PRD04242,STU04242,,Medium,High,0.9368,2026-10-02
PRD04243,STU04243,,Medium,High,0.99,2026-10-02
PRD04244,STU04244,,Low,Medium,0.84,2026-10-02
PRD04245,STU04245,,High,High,0.958,2026-10-02
PRD04246,STU04246,,Medium,Medium,0.8919,2026-10-02
PRD04247,STU04247,,Medium,Medium,0.9612,2026-10-02
PRD04248,STU04248,,Low,Medium,0.9467,2026-10-02
PRD04249,STU04249,,Medium,Medium,0.7681,2026-10-02
PRD04250,STU04250,,Medium,High,0.9856,2026-10-02
PRD04251,STU04251,,Low,Low,0.0792,2026-10-02
PRD04252,STU04252,,Medium,Medium,0.5819,2026-10-02
PRD04253,STU04253,,Low,Medium,0.7611,2026-10-02
PRD04254,STU04254,,Medium,Medium,0.8983,2026-10-02
PRD04255,STU04255,,Medium,High,0.99,2026-10-02
PRD04256,STU04256,,Medium,Medium,0.928,2026-10-02
PRD04257,STU04257,,High,High,0.99,2026-10-02
PRD04258,STU04258,,Low,High,0.9503,2026-10-02
PRD04259,STU04259,,High,High,0.967,2026-10-02
PRD04260,STU04260,,Medium,Medium,0.8686,2026-10-02
PRD04261,STU04261,,Medium,Medium,0.7684,2026-10-02
PRD04262,STU04262,,Low,Low,0.0461,2026-10-02
PRD04263,STU04263,,Medium,High,0.9876,2026-10-02
PRD04264,STU04264,,Medium,High,0.99,2026-10-02
PRD04265,STU04265,,Low,Medium,0.8405,2026-10-02
PRD04266,STU04266,,Medium,Medium,0.8517,2026-10-02
PRD04267,STU04267,,Low,Medium,0.5426,2026-10-02
PRD04268,STU04268,,Medium,High,0.99,2026-10-02
PRD04269,STU04269,,Low,Medium,0.5355,2026-10-02
PRD04270,STU04270,,High,High,0.99,2026-10-02
PRD04271,STU04271,,Low,Medium,0.8948,2026-10-02
PRD04272,STU04272,,High,High,0.99,2026-10-02
PRD04273,STU04273,,High,High,0.981,2026-10-02
PRD04274,STU04274,,Low,Medium,0.7033,2026-10-02
PRD04275,STU04275,,High,High,0.9815,2026-10-02
PRD04276,STU04276,,Medium,High,0.9638,2026-10-02
PRD04277,STU04277,,Low,Medium,0.498,2026-10-02
PRD04278,STU04278,,Low,Medium,0.6031,2026-10-02
PRD04279,STU04279,,Medium,Medium,0.8789,2026-10-02
PRD04280,STU04280,,Medium,Medium,0.8256,2026-10-02
PRD04281,STU04281,,Medium,Medium,0.9622,2026-10-02
PRD04282,STU04282,,Medium,High,0.9613,2026-10-02
PRD04283,STU04283,,Low,Medium,0.6399,2026-10-02
PRD04284,STU04284,,Medium,High,0.9377,2026-10-02
PRD04285,STU04285,,Medium,Medium,0.5431,2026-10-02
PRD04286,STU04286,,High,High,0.99,2026-10-02
PRD04287,STU04287,,Medium,Medium,0.8723,2026-10-02
PRD04288,STU04288,,High,High,0.99,2026-10-02
PRD04289,STU04289,,Medium,Medium,0.7709,2026-10-02
PRD04290,STU04290,,Medium,Medium,0.9149,2026-10-02
PRD04291,STU04291,,Low,Medium,0.8423,2026-10-02
PRD04292,STU04292,,Medium,Medium,0.7567,2026-10-02
PRD04293,STU04293,,Medium,Medium,0.9156,2026-10-02
PRD04294,STU04294,,Medium,Medium,0.9387,2026-10-02
PRD04295,STU04295,,Medium,High,0.8949,2026-10-02
PRD04296,STU04296,,High,High,0.9796,2026-10-02
PRD04297,STU04297,,Low,Medium,0.5637,2026-10-02
PRD04298,STU04298,,Medium,High,0.9491,2026-10-02
PRD04299,STU04299,,Low,High,0.9341,2026-10-02
PRD04300,STU04300,,Medium,Medium,0.9225,2026-10-02
PRD04301,STU04301,,Low,Low,0.1703,2026-10-02
PRD04302,STU04302,,Medium,High,0.99,2026-10-02
PRD04303,STU04303,,Medium,Medium,0.9534,2026-10-02
PRD04304,STU04304,,High,High,0.9193,2026-10-02
PRD04305,STU04305,,Medium,High,0.99,2026-10-02
PRD04306,STU04306,,Low,Low,0.1925,2026-10-02
PRD04307,STU04307,,High,High,0.99,2026-10-02
PRD04308,STU04308,,Low,Low,0.2582,2026-10-02
PRD04309,STU04309,,Medium,High,0.9598,2026-10-02
PRD04310,STU04310,,High,High,0.9601,2026-10-02
PRD04311,STU04311,,Low,Medium,0.6722,2026-10-02
PRD04312,STU04312,,Medium,Medium,0.8395,2026-10-02
PRD04313,STU04313,,Medium,High,0.9886,2026-10-02
PRD04314,STU04314,,Medium,High,0.9751,2026-10-02
PRD04315,STU04315,,Medium,Medium,0.7208,2026-10-02
PRD04316,STU04316,,Low,Low,0.252,2026-10-02
PRD04317,STU04317,,Low,Medium,0.6905,2026-10-02
PRD04318,STU04318,,Medium,Medium,0.8433,2026-10-02
PRD04319,STU04319,,Medium,High,0.9743,2026-10-02
PRD04320,STU04320,,Low,Medium,0.521,2026-10-02
PRD04321,STU04321,,Low,Low,0.3913,2026-10-02
PRD04322,STU04322,,Low,Medium,0.817,2026-10-02
PRD04323,STU04323,,Low,Low,0.1225,2026-10-02
PRD04324,STU04324,,Medium,Medium,0.7321,2026-10-02
PRD04325,STU04325,,Low,Low,0.2696,2026-10-02
PRD04326,STU04326,,Low,Low,0.2616,2026-10-02
PRD04327,STU04327,,Low,Low,0.408,2026-10-02
PRD04328,STU04328,,Low,Low,0.3385,2026-10-02
PRD04329,STU04329,,High,High,0.99,2026-10-02
PRD04330,STU04330,,Low,Low,0.2692,2026-10-02
PRD04331,STU04331,,Medium,Medium,0.8844,2026-10-02
PRD04332,STU04332,,Medium,Medium,0.6001,2026-10-02
PRD04333,STU04333,,Medium,Medium,0.7692,2026-10-02
PRD04334,STU04334,,Medium,Medium,0.8343,2026-10-02
PRD04335,STU04335,,Medium,High,0.9817,2026-10-02
PRD04336,STU04336,,Medium,Medium,0.8107,2026-10-02
PRD04337,STU04337,,Low,Medium,0.9151,2026-10-02
PRD04338,STU04338,,Medium,Medium,0.6223,2026-10-02
PRD04339,STU04339,,Medium,High,0.9878,2026-10-02
PRD04340,STU04340,,Medium,High,0.99,2026-10-02
PRD04341,STU04341,,Low,Medium,0.9787,2026-10-02
PRD04342,STU04342,,High,High,0.99,2026-10-02
PRD04343,STU04343,,Medium,High,0.99,2026-10-02
PRD04344,STU04344,,Medium,Medium,0.9611,2026-10-02
PRD04345,STU04345,,Low,Medium,0.7151,2026-10-02
PRD04346,STU04346,,Medium,Low,0.4446,2026-10-02
PRD04347,STU04347,,High,High,0.9846,2026-10-02
PRD04348,STU04348,,High,High,0.9848,2026-10-02
PRD04349,STU04349,,High,High,0.99,2026-10-02
PRD04350,STU04350,,Medium,Medium,0.7413,2026-10-02
PRD04351,STU04351,,Medium,High,0.9294,2026-10-02
PRD04352,STU04352,,Medium,High,0.9899,2026-10-02
PRD04353,STU04353,,Medium,High,0.9434,2026-10-02
PRD04354,STU04354,,Medium,Medium,0.7554,2026-10-02
PRD04355,STU04355,,Low,Low,0.5168,2026-10-02
PRD04356,STU04356,,Low,Medium,0.7001,2026-10-02
PRD04357,STU04357,,Medium,Medium,0.8946,2026-10-02
PRD04358,STU04358,,Medium,High,0.9472,2026-10-02
PRD04359,STU04359,,Medium,Medium,0.8857,2026-10-02
PRD04360,STU04360,,Low,High,0.9658,2026-10-02
PRD04361,STU04361,,Medium,Medium,0.8903,2026-10-02
PRD04362,STU04362,,High,High,0.9885,2026-10-02
PRD04363,STU04363,,Medium,High,0.99,2026-10-02
PRD04364,STU04364,,Low,Medium,0.5521,2026-10-02
PRD04365,STU04365,,Medium,High,0.9537,2026-10-02
PRD04366,STU04366,,Medium,Medium,0.8546,2026-10-02
PRD04367,STU04367,,Low,Low,0.3733,2026-10-02
PRD04368,STU04368,,Medium,Medium,0.609,2026-10-02
PRD04369,STU04369,,Low,Medium,0.6569,2026-10-02
PRD04370,STU04370,,Low,Medium,0.5467,2026-10-02
PRD04371,STU04371,,Low,Low,0.527,2026-10-02
PRD04372,STU04372,,High,High,0.9773,2026-10-02
PRD04373,STU04373,,Medium,High,0.9443,2026-10-02
PRD04374,STU04374,,Low,Medium,0.5269,2026-10-02
PRD04375,STU04375,,Medium,High,0.9864,2026-10-02
PRD04376,STU04376,,Low,Medium,0.6544,2026-10-02
PRD04377,STU04377,,Medium,High,0.9657,2026-10-02
PRD04378,STU04378,,Low,Low,0.0343,2026-10-02
PRD04379,STU04379,,Medium,Medium,0.9223,2026-10-02
PRD04380,STU04380,,Medium,High,0.9813,2026-10-02
PRD04381,STU04381,,Medium,Medium,0.598,2026-10-02
PRD04382,STU04382,,High,High,0.99,2026-10-02
PRD04383,STU04383,,Medium,High,0.968,2026-10-02
PRD04384,STU04384,,Medium,Medium,0.8152,2026-10-02
PRD04385,STU04385,,Low,Low,0.3466,2026-10-02
PRD04386,STU04386,,Low,Low,0.2887,2026-10-02
PRD04387,STU04387,,Low,Low,0.182,2026-10-02
PRD04388,STU04388,,Low,Low,0.1587,2026-10-02
PRD04389,STU04389,,Medium,Medium,0.9005,2026-10-02
PRD04390,STU04390,,Medium,High,0.9606,2026-10-02
PRD04391,STU04391,,Low,Low,0.5315,2026-10-02
PRD04392,STU04392,,Medium,Medium,0.9352,2026-10-02
PRD04393,STU04393,,High,Medium,0.9422,2026-10-02
PRD04394,STU04394,,Low,Medium,0.6782,2026-10-02
PRD04395,STU04395,,Medium,Medium,0.8472,2026-10-02
PRD04396,STU04396,,High,High,0.99,2026-10-02
PRD04397,STU04397,,Medium,High,0.99,2026-10-02
PRD04398,STU04398,,Low,Low,0.2456,2026-10-02
PRD04399,STU04399,,Medium,High,0.972,2026-10-02
PRD04400,STU04400,,High,High,0.99,2026-10-02
PRD04401,STU04401,,Medium,Medium,0.8563,2026-10-02
PRD04402,STU04402,,High,High,0.99,2026-10-02
PRD04403,STU04403,,Medium,High,0.99,2026-10-02
PRD04404,STU04404,,Medium,High,0.9765,2026-10-02
PRD04405,STU04405,,Medium,Medium,0.9815,2026-10-02
PRD04406,STU04406,,Low,Low,0.2352,2026-10-02
PRD04407,STU04407,,Medium,High,0.9308,2026-10-02
PRD04408,STU04408,,Low,Medium,0.8842,2026-10-02
PRD04409,STU04409,,Low,Low,0.2294,2026-10-02
PRD04410,STU04410,,High,High,0.984,2026-10-02
PRD04411,STU04411,,Low,Medium,0.7144,2026-10-02
PRD04412,STU04412,,Medium,Medium,0.8997,2026-10-02
PRD04413,STU04413,,Medium,High,0.9824,2026-10-02
PRD04414,STU04414,,Medium,Medium,0.6221,2026-10-02
PRD04415,STU04415,,High,High,0.99,2026-10-02
PRD04416,STU04416,,Medium,High,0.9715,2026-10-02
PRD04417,STU04417,,Low,Medium,0.8765,2026-10-02
PRD04418,STU04418,,Low,Medium,0.8998,2026-10-02
PRD04419,STU04419,,Medium,Medium,0.5191,2026-10-02
PRD04420,STU04420,,Medium,Medium,0.7571,2026-10-02
PRD04421,STU04421,,Medium,High,0.99,2026-10-02
PRD04422,STU04422,,Medium,Medium,0.889,2026-10-02
PRD04423,STU04423,,High,High,0.99,2026-10-02
PRD04424,STU04424,,High,High,0.9873,2026-10-02
PRD04425,STU04425,,Medium,Low,0.4817,2026-10-02
PRD04426,STU04426,,Medium,High,0.9397,2026-10-02
PRD04427,STU04427,,Medium,Medium,0.8775,2026-10-02
PRD04428,STU04428,,Medium,Medium,0.752,2026-10-02
PRD04429,STU04429,,Low,Low,0.3204,2026-10-02
PRD04430,STU04430,,Low,Medium,0.6921,2026-10-02
PRD04431,STU04431,,Medium,Medium,0.6374,2026-10-02
PRD04432,STU04432,,Low,Medium,0.8761,2026-10-02
PRD04433,STU04433,,Low,Low,0.4087,2026-10-02
PRD04434,STU04434,,Medium,Medium,0.5434,2026-10-02
PRD04435,STU04435,,Medium,Medium,0.7163,2026-10-02
PRD04436,STU04436,,High,High,0.99,2026-10-02
PRD04437,STU04437,,Low,Medium,0.8877,2026-10-02
PRD04438,STU04438,,Low,Medium,0.8763,2026-10-02
PRD04439,STU04439,,Medium,High,0.9414,2026-10-02
PRD04440,STU04440,,Medium,Medium,0.7284,2026-10-02
PRD04441,STU04441,,Low,Medium,0.6967,2026-10-02
PRD04442,STU04442,,Low,Medium,0.8755,2026-10-02
PRD04443,STU04443,,Low,Medium,0.9175,2026-10-02
PRD04444,STU04444,,High,High,0.99,2026-10-02
PRD04445,STU04445,,Medium,Medium,0.8276,2026-10-02
PRD04446,STU04446,,Low,Low,0.2868,2026-10-02
PRD04447,STU04447,,High,High,0.9889,2026-10-02
PRD04448,STU04448,,Low,Medium,0.7578,2026-10-02
PRD04449,STU04449,,Medium,High,0.99,2026-10-02
PRD04450,STU04450,,Low,Medium,0.5984,2026-10-02
PRD04451,STU04451,,Medium,High,0.99,2026-10-02
PRD04452,STU04452,,Medium,High,0.99,2026-10-02
PRD04453,STU04453,,Medium,High,0.99,2026-10-02
PRD04454,STU04454,,Medium,High,0.9443,2026-10-02
PRD04455,STU04455,,Medium,Medium,0.8305,2026-10-02
PRD04456,STU04456,,Medium,High,0.9434,2026-10-02
PRD04457,STU04457,,Low,Medium,0.7131,2026-10-02
PRD04458,STU04458,,Low,Medium,0.7662,2026-10-02
PRD04459,STU04459,,Low,Medium,0.8512,2026-10-02
PRD04460,STU04460,,High,High,0.99,2026-10-02
PRD04461,STU04461,,High,High,0.9372,2026-10-02
PRD04462,STU04462,,Low,Medium,0.4955,2026-10-02
PRD04463,STU04463,,High,High,0.9515,2026-10-02
PRD04464,STU04464,,Medium,High,0.9802,2026-10-02
PRD04465,STU04465,,High,High,0.99,2026-10-02
PRD04466,STU04466,,Medium,High,0.9591,2026-10-02
PRD04467,STU04467,,High,High,0.9616,2026-10-02
PRD04468,STU04468,,Low,Medium,0.6178,2026-10-02
PRD04469,STU04469,,Low,Medium,0.6408,2026-10-02
PRD04470,STU04470,,Medium,Medium,0.9361,2026-10-02
PRD04471,STU04471,,Low,Medium,0.9103,2026-10-02
PRD04472,STU04472,,Medium,Medium,0.5609,2026-10-02
PRD04473,STU04473,,Low,Low,0.3553,2026-10-02
PRD04474,STU04474,,Medium,Medium,0.9755,2026-10-02
PRD04475,STU04475,,Low,Low,0.1665,2026-10-02
PRD04476,STU04476,,High,High,0.9555,2026-10-02
PRD04477,STU04477,,Medium,High,0.9438,2026-10-02
PRD04478,STU04478,,Medium,High,0.9244,2026-10-02
PRD04479,STU04479,,Low,Low,0.0923,2026-10-02
PRD04480,STU04480,,Medium,High,0.9647,2026-10-02
PRD04481,STU04481,,Medium,Medium,0.6303,2026-10-02
PRD04482,STU04482,,High,High,0.9833,2026-10-02
PRD04483,STU04483,,High,High,0.9886,2026-10-02
PRD04484,STU04484,,High,High,0.967,2026-10-02
PRD04485,STU04485,,High,High,0.99,2026-10-02
PRD04486,STU04486,,Low,Medium,0.9129,2026-10-02
PRD04487,STU04487,,Low,Medium,0.7665,2026-10-02
PRD04488,STU04488,,Medium,Medium,0.8958,2026-10-02
PRD04489,STU04489,,Medium,High,0.9707,2026-10-02
PRD04490,STU04490,,Low,Low,0.4286,2026-10-02
PRD04491,STU04491,,High,High,0.963,2026-10-02
PRD04492,STU04492,,Medium,Medium,0.8297,2026-10-02
PRD04493,STU04493,,Medium,High,0.978,2026-10-02
PRD04494,STU04494,,High,High,0.99,2026-10-02
PRD04495,STU04495,,Medium,High,0.9416,2026-10-02
PRD04496,STU04496,,Medium,High,0.9654,2026-10-02
PRD04497,STU04497,,Low,Medium,0.9033,2026-10-02
PRD04498,STU04498,,Medium,Medium,0.9346,2026-10-02
PRD04499,STU04499,,Low,Medium,0.6478,2026-10-02
PRD04500,STU04500,,Medium,High,0.923,2026-10-02
PRD04501,STU04501,,Medium,Medium,0.7179,2026-10-02
PRD04502,STU04502,,High,High,0.99,2026-10-02
PRD04503,STU04503,,Low,Low,0.4362,2026-10-02
PRD04504,STU04504,,Medium,Medium,0.8979,2026-10-02
PRD04505,STU04505,,Medium,Medium,0.7665,2026-10-02
PRD04506,STU04506,,Low,Medium,0.908,2026-10-02
PRD04507,STU04507,,Low,Low,0.3631,2026-10-02
PRD04508,STU04508,,Medium,Medium,0.9341,2026-10-02
PRD04509,STU04509,,Low,Medium,0.8067,2026-10-02
PRD04510,STU04510,,Medium,Medium,0.938,2026-10-02
PRD04511,STU04511,,Medium,High,0.9738,2026-10-02
PRD04512,STU04512,,Medium,Medium,0.7067,2026-10-02
PRD04513,STU04513,,Low,Medium,0.6448,2026-10-02
PRD04514,STU04514,,Medium,Medium,0.8163,2026-10-02
PRD04515,STU04515,,High,High,0.99,2026-10-02
PRD04516,STU04516,,Low,High,0.99,2026-10-02
PRD04517,STU04517,,Medium,High,0.99,2026-10-02
PRD04518,STU04518,,Low,Medium,0.8194,2026-10-02
PRD04519,STU04519,,High,High,0.9718,2026-10-02
PRD04520,STU04520,,Low,Low,0.1047,2026-10-02
PRD04521,STU04521,,Low,Low,0.1516,2026-10-02
PRD04522,STU04522,,Medium,Medium,0.6471,2026-10-02
PRD04523,STU04523,,Low,Medium,0.5091,2026-10-02
PRD04524,STU04524,,Low,Medium,0.7765,2026-10-02
PRD04525,STU04525,,High,High,0.99,2026-10-02
PRD04526,STU04526,,Medium,High,0.979,2026-10-02
PRD04527,STU04527,,Medium,Medium,0.8664,2026-10-02
PRD04528,STU04528,,Low,Low,0.1809,2026-10-02
PRD04529,STU04529,,Low,Low,0.3433,2026-10-02
PRD04530,STU04530,,High,Medium,0.8379,2026-10-02
PRD04531,STU04531,,Medium,Medium,0.8375,2026-10-02
PRD04532,STU04532,,Medium,Medium,0.5542,2026-10-02
PRD04533,STU04533,,Low,Medium,0.6682,2026-10-02
PRD04534,STU04534,,High,High,0.9661,2026-10-02
PRD04535,STU04535,,Medium,High,0.9653,2026-10-02
PRD04536,STU04536,,Low,Medium,0.9432,2026-10-02
PRD04537,STU04537,,Low,Medium,0.9126,2026-10-02
PRD04538,STU04538,,Low,Medium,0.7817,2026-10-02
PRD04539,STU04539,,Low,Low,0.1638,2026-10-02
PRD04540,STU04540,,High,High,0.99,2026-10-02
PRD04541,STU04541,,Medium,High,0.9542,2026-10-02
PRD04542,STU04542,,Medium,Medium,0.7243,2026-10-02
PRD04543,STU04543,,Low,Medium,0.7763,2026-10-02
PRD04544,STU04544,,Medium,Medium,0.9297,2026-10-02
PRD04545,STU04545,,High,High,0.99,2026-10-02
PRD04546,STU04546,,Low,Medium,0.9517,2026-10-02
PRD04547,STU04547,,Low,Medium,0.8311,2026-10-02
PRD04548,STU04548,,Medium,Medium,0.8837,2026-10-02
PRD04549,STU04549,,Medium,Medium,0.6907,2026-10-02
PRD04550,STU04550,,Medium,High,0.9894,2026-10-02
PRD04551,STU04551,,Medium,Low,0.471,2026-10-02
PRD04552,STU04552,,Low,Medium,0.8277,2026-10-02
PRD04553,STU04553,,Medium,Medium,0.9087,2026-10-02
PRD04554,STU04554,,Low,Medium,0.6003,2026-10-02
PRD04555,STU04555,,Medium,Medium,0.7799,2026-10-02
PRD04556,STU04556,,Medium,High,0.9386,2026-10-02
PRD04557,STU04557,,Low,Medium,0.8183,2026-10-02
PRD04558,STU04558,,Medium,Medium,0.8492,2026-10-02
PRD04559,STU04559,,Medium,Medium,0.6146,2026-10-02
PRD04560,STU04560,,Medium,High,0.99,2026-10-02
PRD04561,STU04561,,Medium,Medium,0.6714,2026-10-02
PRD04562,STU04562,,Low,Medium,0.555,2026-10-02
PRD04563,STU04563,,Low,Low,0.2575,2026-10-02
PRD04564,STU04564,,Medium,Medium,0.8501,2026-10-02
PRD04565,STU04565,,Low,Medium,0.6888,2026-10-02
PRD04566,STU04566,,Low,Medium,0.6928,2026-10-02
PRD04567,STU04567,,Medium,Medium,0.7649,2026-10-02
PRD04568,STU04568,,High,High,0.99,2026-10-02
PRD04569,STU04569,,High,High,0.99,2026-10-02
PRD04570,STU04570,,High,High,0.9612,2026-10-02
PRD04571,STU04571,,Medium,Medium,0.9363,2026-10-02
PRD04572,STU04572,,Low,High,0.9727,2026-10-02
PRD04573,STU04573,,Low,Medium,0.8176,2026-10-02
PRD04574,STU04574,,Medium,High,0.9375,2026-10-02
PRD04575,STU04575,,Medium,High,0.9728,2026-10-02
PRD04576,STU04576,,Low,Medium,0.6573,2026-10-02
PRD04577,STU04577,,Medium,High,0.9606,2026-10-02
PRD04578,STU04578,,Medium,Medium,0.8927,2026-10-02
PRD04579,STU04579,,Medium,Medium,0.8662,2026-10-02
PRD04580,STU04580,,Low,Medium,0.7722,2026-10-02
PRD04581,STU04581,,Medium,Medium,0.8189,2026-10-02
PRD04582,STU04582,,Medium,Medium,0.8734,2026-10-02
PRD04583,STU04583,,Low,Medium,0.6404,2026-10-02
PRD04584,STU04584,,Medium,Medium,0.9392,2026-10-02
PRD04585,STU04585,,Medium,Medium,0.9663,2026-10-02
PRD04586,STU04586,,Medium,Medium,0.8147,2026-10-02
PRD04587,STU04587,,High,High,0.99,2026-10-02
PRD04588,STU04588,,Medium,High,0.99,2026-10-02
PRD04589,STU04589,,Medium,High,0.99,2026-10-02
PRD04590,STU04590,,High,High,0.9694,2026-10-02
PRD04591,STU04591,,High,High,0.9678,2026-10-02
PRD04592,STU04592,,Medium,High,0.932,2026-10-02
PRD04593,STU04593,,Low,Medium,0.9084,2026-10-02
PRD04594,STU04594,,Low,Low,0.394,2026-10-02
PRD04595,STU04595,,Low,Medium,0.6086,2026-10-02
PRD04596,STU04596,,Medium,Medium,0.9688,2026-10-02
PRD04597,STU04597,,Low,Low,0.2778,2026-10-02
PRD04598,STU04598,,Medium,High,0.9739,2026-10-02
PRD04599,STU04599,,Low,Medium,0.8134,2026-10-02
PRD04600,STU04600,,Medium,High,0.99,2026-10-02
PRD04601,STU04601,,Medium,Medium,0.9498,2026-10-02
PRD04602,STU04602,,Medium,Medium,0.7087,2026-10-02
PRD04603,STU04603,,Low,Medium,0.807,2026-10-02
PRD04604,STU04604,,High,High,0.9634,2026-10-02
PRD04605,STU04605,,Medium,Medium,0.8757,2026-10-02
PRD04606,STU04606,,Medium,High,0.99,2026-10-02
PRD04607,STU04607,,High,High,0.99,2026-10-02
PRD04608,STU04608,,Low,Low,0.3028,2026-10-02
PRD04609,STU04609,,Medium,High,0.9693,2026-10-02
PRD04610,STU04610,,Low,High,0.99,2026-10-02
PRD04611,STU04611,,High,High,0.99,2026-10-02
PRD04612,STU04612,,Low,Medium,0.5562,2026-10-02
PRD04613,STU04613,,Medium,Medium,0.8178,2026-10-02
PRD04614,STU04614,,High,High,0.9382,2026-10-02
PRD04615,STU04615,,Low,Medium,0.7173,2026-10-02
PRD04616,STU04616,,Low,High,0.9665,2026-10-02
PRD04617,STU04617,,Low,Medium,0.8891,2026-10-02
PRD04618,STU04618,,Low,Medium,0.7106,2026-10-02
PRD04619,STU04619,,High,High,0.9561,2026-10-02
PRD04620,STU04620,,Low,Medium,0.8105,2026-10-02
PRD04621,STU04621,,High,High,0.9762,2026-10-02
PRD04622,STU04622,,Low,Medium,0.6792,2026-10-02
PRD04623,STU04623,,Medium,High,0.9738,2026-10-02
PRD04624,STU04624,,Medium,High,0.9746,2026-10-02
PRD04625,STU04625,,Medium,High,0.9083,2026-10-02
PRD04626,STU04626,,Low,Medium,0.5335,2026-10-02
PRD04627,STU04627,,Medium,Medium,0.5421,2026-10-02
PRD04628,STU04628,,Low,Medium,0.7371,2026-10-02
PRD04629,STU04629,,Low,Low,0.3545,2026-10-02
PRD04630,STU04630,,Medium,High,0.99,2026-10-02
PRD04631,STU04631,,High,High,0.9411,2026-10-02
PRD04632,STU04632,,Medium,High,0.9833,2026-10-02
PRD04633,STU04633,,Medium,High,0.9782,2026-10-02
PRD04634,STU04634,,Medium,High,0.9666,2026-10-02
PRD04635,STU04635,,Medium,Medium,0.899,2026-10-02
PRD04636,STU04636,,Medium,Medium,0.6799,2026-10-02
PRD04637,STU04637,,High,High,0.99,2026-10-02
PRD04638,STU04638,,Medium,Medium,0.8415,2026-10-02
PRD04639,STU04639,,Medium,High,0.9854,2026-10-02
PRD04640,STU04640,,High,High,0.9505,2026-10-02
PRD04641,STU04641,,Medium,Medium,0.8726,2026-10-02
PRD04642,STU04642,,Low,Low,0.1194,2026-10-02
PRD04643,STU04643,,Medium,High,0.99,2026-10-02
PRD04644,STU04644,,Medium,High,0.9593,2026-10-02
PRD04645,STU04645,,Medium,Medium,0.7903,2026-10-02
PRD04646,STU04646,,Medium,Medium,0.941,2026-10-02
PRD04647,STU04647,,Low,Medium,0.5919,2026-10-02
PRD04648,STU04648,,High,High,0.9109,2026-10-02
PRD04649,STU04649,,Medium,High,0.99,2026-10-02
PRD04650,STU04650,,Medium,High,0.99,2026-10-02
PRD04651,STU04651,,Medium,High,0.9618,2026-10-02
PRD04652,STU04652,,High,High,0.99,2026-10-02
PRD04653,STU04653,,High,High,0.9705,2026-10-02
PRD04654,STU04654,,Low,Medium,0.729,2026-10-02
PRD04655,STU04655,,High,High,0.99,2026-10-02
PRD04656,STU04656,,Medium,Medium,0.9112,2026-10-02
PRD04657,STU04657,,Low,Low,0.1489,2026-10-02
PRD04658,STU04658,,Low,Medium,0.7612,2026-10-02
PRD04659,STU04659,,Low,Medium,0.5401,2026-10-02
PRD04660,STU04660,,Low,Medium,0.7511,2026-10-02
PRD04661,STU04661,,Medium,High,0.9746,2026-10-02
PRD04662,STU04662,,Low,Low,0.1881,2026-10-02
PRD04663,STU04663,,Medium,Medium,0.9108,2026-10-02
PRD04664,STU04664,,Medium,High,0.9856,2026-10-02
PRD04665,STU04665,,High,High,0.99,2026-10-02
PRD04666,STU04666,,High,High,0.984,2026-10-02
PRD04667,STU04667,,Low,Medium,0.6317,2026-10-02
PRD04668,STU04668,,Low,Low,0.481,2026-10-02
PRD04669,STU04669,,Medium,High,0.9746,2026-10-02
PRD04670,STU04670,,Low,Low,0.4391,2026-10-02
PRD04671,STU04671,,Low,Medium,0.5815,2026-10-02
PRD04672,STU04672,,Medium,High,0.99,2026-10-02
PRD04673,STU04673,,Low,Medium,0.7555,2026-10-02
PRD04674,STU04674,,High,High,0.9846,2026-10-02
PRD04675,STU04675,,Low,Medium,0.5243,2026-10-02
PRD04676,STU04676,,Medium,High,0.9738,2026-10-02
PRD04677,STU04677,,Medium,Medium,0.8821,2026-10-02
PRD04678,STU04678,,High,High,0.9535,2026-10-02
PRD04679,STU04679,,Low,Low,0.3384,2026-10-02
PRD04680,STU04680,,Low,Medium,0.7543,2026-10-02
PRD04681,STU04681,,High,High,0.99,2026-10-02
PRD04682,STU04682,,Medium,High,0.9785,2026-10-02
PRD04683,STU04683,,Medium,Medium,0.7941,2026-10-02
PRD04684,STU04684,,Low,Medium,0.5157,2026-10-02
PRD04685,STU04685,,High,High,0.96,2026-10-02
PRD04686,STU04686,,Medium,Medium,0.5892,2026-10-02
PRD04687,STU04687,,Low,Low,0.2134,2026-10-02
PRD04688,STU04688,,Medium,High,0.9596,2026-10-02
PRD04689,STU04689,,Low,Low,0.0715,2026-10-02
PRD04690,STU04690,,Medium,Medium,0.5805,2026-10-02
PRD04691,STU04691,,Low,Low,0.4535,2026-10-02
PRD04692,STU04692,,Low,Medium,0.8287,2026-10-02
PRD04693,STU04693,,Medium,Medium,0.8552,2026-10-02
PRD04694,STU04694,,Medium,High,0.99,2026-10-02
PRD04695,STU04695,,Low,Low,0.1552,2026-10-02
PRD04696,STU04696,,Medium,Medium,0.8425,2026-10-02
PRD04697,STU04697,,Low,Medium,0.6892,2026-10-02
PRD04698,STU04698,,High,High,0.99,2026-10-02
PRD04699,STU04699,,Low,Low,0.3981,2026-10-02
PRD04700,STU04700,,Low,Low,0.4483,2026-10-02
PRD04701,STU04701,,High,High,0.99,2026-10-02
PRD04702,STU04702,,Medium,High,0.99,2026-10-02
PRD04703,STU04703,,Low,Low,0.5026,2026-10-02
PRD04704,STU04704,,Low,Medium,0.6647,2026-10-02
PRD04705,STU04705,,Low,Medium,0.6464,2026-10-02
PRD04706,STU04706,,Medium,High,0.99,2026-10-02
PRD04707,STU04707,,Medium,Medium,0.7472,2026-10-02
PRD04708,STU04708,,Medium,Medium,0.9037,2026-10-02
PRD04709,STU04709,,Medium,Medium,0.7028,2026-10-02
PRD04710,STU04710,,Medium,Medium,0.9471,2026-10-02
PRD04711,STU04711,,Medium,Medium,0.9122,2026-10-02
PRD04712,STU04712,,Low,Medium,0.7181,2026-10-02
PRD04713,STU04713,,Low,Low,0.4372,2026-10-02
PRD04714,STU04714,,High,High,0.99,2026-10-02
PRD04715,STU04715,,Medium,Medium,0.8572,2026-10-02
PRD04716,STU04716,,Low,Medium,0.8636,2026-10-02
PRD04717,STU04717,,Medium,High,0.99,2026-10-02
PRD04718,STU04718,,Medium,High,0.99,2026-10-02
PRD04719,STU04719,,Low,Medium,0.6688,2026-10-02
PRD04720,STU04720,,Medium,Medium,0.8284,2026-10-02
PRD04721,STU04721,,Medium,Medium,0.8412,2026-10-02
PRD04722,STU04722,,Low,Low,0.4939,2026-10-02
PRD04723,STU04723,,Medium,High,0.9829,2026-10-02
PRD04724,STU04724,,Medium,Medium,0.7309,2026-10-02
PRD04725,STU04725,,High,High,0.99,2026-10-02
PRD04726,STU04726,,High,High,0.9756,2026-10-02
PRD04727,STU04727,,Medium,High,0.99,2026-10-02
PRD04728,STU04728,,Low,Low,0.174,2026-10-02
PRD04729,STU04729,,Medium,High,0.9771,2026-10-02
PRD04730,STU04730,,Low,Low,0.1785,2026-10-02
PRD04731,STU04731,,Medium,Medium,0.9054,2026-10-02
PRD04732,STU04732,,Medium,High,0.9725,2026-10-02
PRD04733,STU04733,,Medium,High,0.925,2026-10-02
PRD04734,STU04734,,Medium,High,0.99,2026-10-02
PRD04735,STU04735,,Medium,Medium,0.8885,2026-10-02
PRD04736,STU04736,,Medium,Medium,0.9457,2026-10-02
PRD04737,STU04737,,Medium,High,0.966,2026-10-02
PRD04738,STU04738,,High,High,0.99,2026-10-02
PRD04739,STU04739,,Low,Low,0.3978,2026-10-02
PRD04740,STU04740,,Medium,Medium,0.9189,2026-10-02
PRD04741,STU04741,,Medium,Medium,0.9359,2026-10-02
PRD04742,STU04742,,Medium,Medium,0.9157,2026-10-02
PRD04743,STU04743,,Medium,High,0.9761,2026-10-02
PRD04744,STU04744,,Medium,Medium,0.9476,2026-10-02
PRD04745,STU04745,,High,High,0.99,2026-10-02
PRD04746,STU04746,,Low,Low,0.053,2026-10-02
PRD04747,STU04747,,Low,Medium,0.8658,2026-10-02
PRD04748,STU04748,,Low,Low,0.3571,2026-10-02
PRD04749,STU04749,,Medium,Medium,0.8294,2026-10-02
PRD04750,STU04750,,Medium,High,0.99,2026-10-02
PRD04751,STU04751,,High,High,0.99,2026-10-02
PRD04752,STU04752,,High,High,0.9888,2026-10-02
PRD04753,STU04753,,Low,Medium,0.7947,2026-10-02
PRD04754,STU04754,,Medium,High,0.9379,2026-10-02
PRD04755,STU04755,,Low,Low,0.2344,2026-10-02
PRD04756,STU04756,,Medium,Medium,0.9188,2026-10-02
PRD04757,STU04757,,Low,Low,0.4506,2026-10-02
PRD04758,STU04758,,Medium,Medium,0.8889,2026-10-02
PRD04759,STU04759,,High,High,0.9851,2026-10-02
PRD04760,STU04760,,Medium,Medium,0.5949,2026-10-02
PRD04761,STU04761,,Medium,Medium,0.6016,2026-10-02
PRD04762,STU04762,,Medium,Medium,0.7838,2026-10-02
PRD04763,STU04763,,Low,Low,0.0613,2026-10-02
PRD04764,STU04764,,High,High,0.9795,2026-10-02
PRD04765,STU04765,,Low,Low,0.3038,2026-10-02
PRD04766,STU04766,,Medium,Medium,0.9308,2026-10-02
PRD04767,STU04767,,Medium,Medium,0.9111,2026-10-02
PRD04768,STU04768,,Low,Medium,0.8118,2026-10-02
PRD04769,STU04769,,Medium,High,0.9525,2026-10-02
PRD04770,STU04770,,Medium,Medium,0.8248,2026-10-02
PRD04771,STU04771,,High,High,0.99,2026-10-02
PRD04772,STU04772,,Low,Medium,0.7284,2026-10-02
PRD04773,STU04773,,Medium,Medium,0.8473,2026-10-02
PRD04774,STU04774,,Low,Low,0.319,2026-10-02
PRD04775,STU04775,,Medium,High,0.9805,2026-10-02
PRD04776,STU04776,,Low,Medium,0.6386,2026-10-02
PRD04777,STU04777,,Medium,Medium,0.8465,2026-10-02
PRD04778,STU04778,,Low,Medium,0.6318,2026-10-02
PRD04779,STU04779,,Medium,Medium,0.8389,2026-10-02
PRD04780,STU04780,,Low,Medium,0.9373,2026-10-02
PRD04781,STU04781,,Medium,Medium,0.8156,2026-10-02
PRD04782,STU04782,,Medium,High,0.9316,2026-10-02
PRD04783,STU04783,,High,High,0.9514,2026-10-02
PRD04784,STU04784,,High,High,0.99,2026-10-02
PRD04785,STU04785,,Low,Medium,0.7186,2026-10-02
PRD04786,STU04786,,Medium,High,0.99,2026-10-02
PRD04787,STU04787,,Low,Medium,0.8688,2026-10-02
PRD04788,STU04788,,High,High,0.99,2026-10-02
PRD04789,STU04789,,Medium,Medium,0.8136,2026-10-02
PRD04790,STU04790,,Medium,Low,0.4771,2026-10-02
PRD04791,STU04791,,High,High,0.986,2026-10-02
PRD04792,STU04792,,Medium,Medium,0.7523,2026-10-02
PRD04793,STU04793,,Medium,Medium,0.835,2026-10-02
PRD04794,STU04794,,Low,Low,0.2919,2026-10-02
PRD04795,STU04795,,Medium,Medium,0.8763,2026-10-02
PRD04796,STU04796,,High,High,0.9848,2026-10-02
PRD04797,STU04797,,Low,Medium,0.9296,2026-10-02
PRD04798,STU04798,,High,High,0.99,2026-10-02
PRD04799,STU04799,,Medium,High,0.9774,2026-10-02
PRD04800,STU04800,,Low,Medium,0.9234,2026-10-02
PRD04801,STU04801,,Medium,High,0.9858,2026-10-02
PRD04802,STU04802,,Medium,Medium,0.8205,2026-10-02
PRD04803,STU04803,,Low,Medium,0.5921,2026-10-02
PRD04804,STU04804,,Medium,High,0.9494,2026-10-02
PRD04805,STU04805,,Medium,High,0.99,2026-10-02
PRD04806,STU04806,,Medium,High,0.9236,2026-10-02
PRD04807,STU04807,,High,High,0.9477,2026-10-02
PRD04808,STU04808,,Medium,Medium,0.8223,2026-10-02
PRD04809,STU04809,,Medium,Medium,0.9195,2026-10-02
PRD04810,STU04810,,Medium,High,0.955,2026-10-02
PRD04811,STU04811,,Low,Low,0.4448,2026-10-02
PRD04812,STU04812,,Medium,Medium,0.7714,2026-10-02
PRD04813,STU04813,,Low,High,0.9447,2026-10-02
PRD04814,STU04814,,Medium,High,0.9658,2026-10-02
PRD04815,STU04815,,Medium,High,0.9456,2026-10-02
PRD04816,STU04816,,High,High,0.99,2026-10-02
PRD04817,STU04817,,Low,Low,0.3711,2026-10-02
PRD04818,STU04818,,Medium,Medium,0.8075,2026-10-02
PRD04819,STU04819,,Low,Low,0.1002,2026-10-02
PRD04820,STU04820,,Low,Low,0.36,2026-10-02
PRD04821,STU04821,,Low,Medium,0.6666,2026-10-02
PRD04822,STU04822,,High,High,0.9834,2026-10-02
PRD04823,STU04823,,High,High,0.99,2026-10-02
PRD04824,STU04824,,Low,Low,0.279,2026-10-02
PRD04825,STU04825,,Medium,High,0.9895,2026-10-02
PRD04826,STU04826,,Medium,High,0.99,2026-10-02
PRD04827,STU04827,,Medium,High,0.99,2026-10-02
PRD04828,STU04828,,Medium,Medium,0.8139,2026-10-02
PRD04829,STU04829,,Low,Low,0.4098,2026-10-02
PRD04830,STU04830,,Medium,Medium,0.9325,2026-10-02
PRD04831,STU04831,,Medium,Medium,0.5086,2026-10-02
PRD04832,STU04832,,Medium,High,0.9895,2026-10-02
PRD04833,STU04833,,Medium,High,0.9405,2026-10-02
PRD04834,STU04834,,Medium,High,0.99,2026-10-02
PRD04835,STU04835,,Medium,Medium,0.9437,2026-10-02
PRD04836,STU04836,,Medium,High,0.9636,2026-10-02
PRD04837,STU04837,,Medium,Medium,0.6157,2026-10-02
PRD04838,STU04838,,Low,Low,0.2306,2026-10-02
PRD04839,STU04839,,Medium,High,0.9535,2026-10-02
PRD04840,STU04840,,Medium,High,0.9646,2026-10-02
PRD04841,STU04841,,Low,Low,0.3417,2026-10-02
PRD04842,STU04842,,Low,Low,0.3512,2026-10-02
PRD04843,STU04843,,Low,Medium,0.5256,2026-10-02
PRD04844,STU04844,,Medium,Medium,0.811,2026-10-02
PRD04845,STU04845,,Medium,Medium,0.7178,2026-10-02
PRD04846,STU04846,,Medium,High,0.9482,2026-10-02
PRD04847,STU04847,,Medium,Medium,0.7431,2026-10-02
PRD04848,STU04848,,Medium,Medium,0.8069,2026-10-02
PRD04849,STU04849,,High,High,0.99,2026-10-02
PRD04850,STU04850,,Medium,High,0.98,2026-10-02
PRD04851,STU04851,,Medium,Medium,0.8941,2026-10-02
PRD04852,STU04852,,Low,Low,0.3424,2026-10-02
PRD04853,STU04853,,Medium,High,0.99,2026-10-02
PRD04854,STU04854,,Low,Medium,0.9424,2026-10-02
PRD04855,STU04855,,Medium,High,0.9679,2026-10-02
PRD04856,STU04856,,Medium,Medium,0.9054,2026-10-02
PRD04857,STU04857,,Low,Medium,0.8354,2026-10-02
PRD04858,STU04858,,Medium,High,0.9474,2026-10-02
PRD04859,STU04859,,Medium,High,0.99,2026-10-02
PRD04860,STU04860,,Medium,High,0.974,2026-10-02
PRD04861,STU04861,,High,High,0.9758,2026-10-02
PRD04862,STU04862,,High,High,0.9463,2026-10-02
PRD04863,STU04863,,Low,Medium,0.6008,2026-10-02
PRD04864,STU04864,,High,High,0.99,2026-10-02
PRD04865,STU04865,,Low,Low,0.4371,2026-10-02
PRD04866,STU04866,,Low,Medium,0.8751,2026-10-02
PRD04867,STU04867,,Low,Medium,0.5148,2026-10-02
PRD04868,STU04868,,Medium,High,0.9573,2026-10-02
PRD04869,STU04869,,High,High,0.9835,2026-10-02
PRD04870,STU04870,,Medium,Medium,0.8866,2026-10-02
PRD04871,STU04871,,High,High,0.9383,2026-10-02
PRD04872,STU04872,,Low,Medium,0.6868,2026-10-02
PRD04873,STU04873,,Medium,High,0.933,2026-10-02
PRD04874,STU04874,,High,High,0.9632,2026-10-02
PRD04875,STU04875,,Low,Low,0.4351,2026-10-02
PRD04876,STU04876,,Medium,High,0.9719,2026-10-02
PRD04877,STU04877,,Medium,Medium,0.6387,2026-10-02
PRD04878,STU04878,,Medium,High,0.9696,2026-10-02
PRD04879,STU04879,,Low,Medium,0.9047,2026-10-02
PRD04880,STU04880,,Medium,Medium,0.8935,2026-10-02
PRD04881,STU04881,,High,High,0.99,2026-10-02
PRD04882,STU04882,,Low,Medium,0.5686,2026-10-02
PRD04883,STU04883,,Medium,Medium,0.9363,2026-10-02
PRD04884,STU04884,,Low,Medium,0.5814,2026-10-02
PRD04885,STU04885,,Medium,Medium,0.9202,2026-10-02
PRD04886,STU04886,,High,High,0.9501,2026-10-02
PRD04887,STU04887,,Medium,Medium,0.8035,2026-10-02
PRD04888,STU04888,,Medium,High,0.9578,2026-10-02
PRD04889,STU04889,,Medium,Medium,0.9039,2026-10-02
PRD04890,STU04890,,Medium,Medium,0.972,2026-10-02
PRD04891,STU04891,,Medium,High,0.99,2026-10-02
PRD04892,STU04892,,Low,Medium,0.5037,2026-10-02
PRD04893,STU04893,,Low,Medium,0.7914,2026-10-02
PRD04894,STU04894,,High,High,0.9563,2026-10-02
PRD04895,STU04895,,Medium,High,0.99,2026-10-02
PRD04896,STU04896,,Medium,High,0.9661,2026-10-02
PRD04897,STU04897,,Medium,High,0.9503,2026-10-02
PRD04898,STU04898,,Low,Medium,0.7585,2026-10-02
PRD04899,STU04899,,Medium,Medium,0.8626,2026-10-02
PRD04900,STU04900,,Low,Low,0.381,2026-10-02
PRD04901,STU04901,,Medium,High,0.942,2026-10-02
PRD04902,STU04902,,High,High,0.99,2026-10-02
PRD04903,STU04903,,Low,Low,0.1844,2026-10-02
PRD04904,STU04904,,High,Medium,0.795,2026-10-02
PRD04905,STU04905,,Medium,Medium,0.683,2026-10-02
PRD04906,STU04906,,Medium,High,0.9636,2026-10-02
PRD04907,STU04907,,Medium,Medium,0.6318,2026-10-02
PRD04908,STU04908,,Medium,High,0.9559,2026-10-02
PRD04909,STU04909,,Medium,High,0.9641,2026-10-02
PRD04910,STU04910,,Low,Medium,0.8575,2026-10-02
PRD04911,STU04911,,Low,Medium,0.9137,2026-10-02
PRD04912,STU04912,,High,High,0.9545,2026-10-02
PRD04913,STU04913,,Medium,High,0.99,2026-10-02
PRD04914,STU04914,,Low,Medium,0.5534,2026-10-02
PRD04915,STU04915,,Medium,Medium,0.9361,2026-10-02
PRD04916,STU04916,,Medium,Medium,0.7168,2026-10-02
PRD04917,STU04917,,High,High,0.99,2026-10-02
PRD04918,STU04918,,Low,Medium,0.8604,2026-10-02
PRD04919,STU04919,,High,High,0.99,2026-10-02
PRD04920,STU04920,,Medium,Medium,0.7475,2026-10-02
PRD04921,STU04921,,Low,Medium,0.5583,2026-10-02
PRD04922,STU04922,,Medium,Low,0.4711,2026-10-02
PRD04923,STU04923,,Low,Medium,0.7594,2026-10-02
PRD04924,STU04924,,Low,Medium,0.7693,2026-10-02
PRD04925,STU04925,,Low,Low,0.1375,2026-10-02
PRD04926,STU04926,,Medium,High,0.9651,2026-10-02
PRD04927,STU04927,,Medium,Medium,0.8049,2026-10-02
PRD04928,STU04928,,Medium,Medium,0.6182,2026-10-02
PRD04929,STU04929,,Medium,Medium,0.9039,2026-10-02
PRD04930,STU04930,,Low,Medium,0.542,2026-10-02
PRD04931,STU04931,,Medium,High,0.9608,2026-10-02
PRD04932,STU04932,,Medium,Medium,0.6926,2026-10-02
PRD04933,STU04933,,High,High,0.99,2026-10-02
PRD04934,STU04934,,Medium,High,0.9409,2026-10-02
PRD04935,STU04935,,Medium,High,0.9569,2026-10-02
PRD04936,STU04936,,Low,Medium,0.8095,2026-10-02
PRD04937,STU04937,,High,High,0.99,2026-10-02
PRD04938,STU04938,,High,High,0.99,2026-10-02
PRD04939,STU04939,,Medium,Medium,0.6296,2026-10-02
PRD04940,STU04940,,High,High,0.99,2026-10-02
PRD04941,STU04941,,High,High,0.99,2026-10-02
PRD04942,STU04942,,Medium,Medium,0.6683,2026-10-02
PRD04943,STU04943,,Medium,Medium,0.7948,2026-10-02
PRD04944,STU04944,,Medium,Medium,0.9728,2026-10-02
PRD04945,STU04945,,Medium,Medium,0.9171,2026-10-02
PRD04946,STU04946,,High,High,0.9824,2026-10-02
PRD04947,STU04947,,Medium,High,0.99,2026-10-02
PRD04948,STU04948,,Low,High,0.9876,2026-10-02
PRD04949,STU04949,,Medium,Medium,0.9665,2026-10-02
PRD04950,STU04950,,Medium,Medium,0.8968,2026-10-02
PRD04951,STU04951,,High,High,0.99,2026-10-02
PRD04952,STU04952,,Low,Medium,0.5913,2026-10-02
PRD04953,STU04953,,High,High,0.9649,2026-10-02
PRD04954,STU04954,,Low,Medium,0.5386,2026-10-02
PRD04955,STU04955,,Low,Low,0.3103,2026-10-02
PRD04956,STU04956,,Medium,High,0.9478,2026-10-02
PRD04957,STU04957,,High,High,0.99,2026-10-02
PRD04958,STU04958,,Low,Low,0.2719,2026-10-02
PRD04959,STU04959,,Low,Low,0.3987,2026-10-02
PRD04960,STU04960,,Medium,High,0.9803,2026-10-02
PRD04961,STU04961,,Medium,Medium,0.8839,2026-10-02
PRD04962,STU04962,,Medium,High,0.966,2026-10-02
PRD04963,STU04963,,Medium,High,0.9261,2026-10-02
PRD04964,STU04964,,Medium,High,0.9768,2026-10-02
PRD04965,STU04965,,Medium,High,0.99,2026-10-02
PRD04966,STU04966,,Low,Low,0.3611,2026-10-02
PRD04967,STU04967,,Medium,Medium,0.9439,2026-10-02
PRD04968,STU04968,,High,High,0.9869,2026-10-02
PRD04969,STU04969,,Low,Medium,0.5351,2026-10-02
PRD04970,STU04970,,Low,Medium,0.7005,2026-10-02
PRD04971,STU04971,,Medium,Medium,0.9679,2026-10-02
PRD04972,STU04972,,Medium,Medium,0.9126,2026-10-02
PRD04973,STU04973,,Low,Low,0.3753,2026-10-02
PRD04974,STU04974,,Low,Low,0.4895,2026-10-02
PRD04975,STU04975,,Low,Medium,0.716,2026-10-02
PRD04976,STU04976,,Low,Medium,0.7321,2026-10-02
PRD04977,STU04977,,Medium,High,0.9477,2026-10-02
PRD04978,STU04978,,Medium,Medium,0.804,2026-10-02
PRD04979,STU04979,,Medium,High,0.9657,2026-10-02
PRD04980,STU04980,,High,High,0.9695,2026-10-02
PRD04981,STU04981,,Medium,High,0.9788,2026-10-02
PRD04982,STU04982,,Medium,Medium,0.7475,2026-10-02
PRD04983,STU04983,,Medium,High,0.9348,2026-10-02
PRD04984,STU04984,,Medium,High,0.9526,2026-10-02
PRD04985,STU04985,,Medium,Medium,0.5174,2026-10-02
PRD04986,STU04986,,High,High,0.99,2026-10-02
PRD04987,STU04987,,Medium,High,0.945,2026-10-02
PRD04988,STU04988,,Medium,Medium,0.9436,2026-10-02
PRD04989,STU04989,,Low,Medium,0.6229,2026-10-02
PRD04990,STU04990,,Medium,Medium,0.9162,2026-10-02
PRD04991,STU04991,,Medium,Medium,0.9314,2026-10-02
PRD04992,STU04992,,Medium,High,0.99,2026-10-02
PRD04993,STU04993,,High,High,0.99,2026-10-02
PRD04994,STU04994,,Medium,Medium,0.8832,2026-10-02
PRD04995,STU04995,,Low,Medium,0.5537,2026-10-02
PRD04996,STU04996,,Low,Low,0.4618,2026-10-02
PRD04997,STU04997,,High,High,0.99,2026-10-02
PRD04998,STU04998,,Medium,High,0.975,2026-10-02
PRD04999,STU04999,,Medium,Medium,0.7745,2026-10-02
PRD05000,STU05000,,High,High,0.99,2026-10-02
PRD05001,STU05001,,Medium,Medium,0.8868,2026-10-02
PRD05002,STU05002,,Medium,High,0.9743,2026-10-02
PRD05003,STU05003,,Low,Medium,0.6596,2026-10-02
PRD05004,STU05004,,Low,Low,0.4453,2026-10-02
PRD05005,STU05005,,Low,Medium,0.6518,2026-10-02
PRD05006,STU05006,,High,High,0.9648,2026-10-02
PRD05007,STU05007,,Medium,Medium,0.9034,2026-10-02
PRD05008,STU05008,,Low,Medium,0.6731,2026-10-02
PRD05009,STU05009,,Medium,Medium,0.8576,2026-10-02
PRD05010,STU05010,,Low,Medium,0.7651,2026-10-02
PRD05011,STU05011,,High,High,0.9538,2026-10-02
PRD05012,STU05012,,Medium,Medium,0.9215,2026-10-02
PRD05013,STU05013,,Medium,Medium,0.545,2026-10-02
PRD05014,STU05014,,Low,Medium,0.8725,2026-10-02
PRD05015,STU05015,,Medium,High,0.99,2026-10-02
PRD05016,STU05016,,Medium,High,0.9533,2026-10-02
PRD05017,STU05017,,Medium,Medium,0.8996,2026-10-02
PRD05018,STU05018,,Low,Medium,0.8687,2026-10-02
PRD05019,STU05019,,Low,Medium,0.5609,2026-10-02
PRD05020,STU05020,,Medium,High,0.99,2026-10-02
PRD05021,STU05021,,Medium,High,0.9614,2026-10-02
PRD05022,STU05022,,Medium,Low,0.3925,2026-10-02
PRD05023,STU05023,,Low,Medium,0.811,2026-10-02
PRD05024,STU05024,,Medium,Medium,0.9499,2026-10-02
PRD05025,STU05025,,Medium,High,0.99,2026-10-02
PRD05026,STU05026,,Medium,Medium,0.6581,2026-10-02
PRD05027,STU05027,,Low,Low,0.3086,2026-10-02
PRD05028,STU05028,,High,High,0.99,2026-10-02
PRD05029,STU05029,,Medium,Medium,0.9382,2026-10-02
PRD05030,STU05030,,High,High,0.99,2026-10-02
PRD05031,STU05031,,Medium,Medium,0.9182,2026-10-02
PRD05032,STU05032,,Medium,Medium,0.8982,2026-10-02
PRD05033,STU05033,,High,High,0.99,2026-10-02
PRD05034,STU05034,,Medium,Medium,0.9352,2026-10-02
PRD05035,STU05035,,Medium,High,0.9447,2026-10-02
PRD05036,STU05036,,Low,Medium,0.5696,2026-10-02
PRD05037,STU05037,,Medium,High,0.9834,2026-10-02
PRD05038,STU05038,,Medium,High,0.9725,2026-10-02
PRD05039,STU05039,,Low,Medium,0.5895,2026-10-02
PRD05040,STU05040,,Medium,High,0.9894,2026-10-02
PRD05041,STU05041,,Low,Medium,0.6275,2026-10-02
PRD05042,STU05042,,Medium,Medium,0.8495,2026-10-02
PRD05043,STU05043,,Medium,High,0.99,2026-10-02
PRD05044,STU05044,,Low,Medium,0.5519,2026-10-02
PRD05045,STU05045,,Low,Medium,0.8182,2026-10-02
PRD05046,STU05046,,Low,Low,0.4692,2026-10-02
PRD05047,STU05047,,Medium,Medium,0.9353,2026-10-02
PRD05048,STU05048,,Low,Low,0.1084,2026-10-02
PRD05049,STU05049,,Medium,Medium,0.8449,2026-10-02
PRD05050,STU05050,,Medium,Medium,0.8386,2026-10-02
PRD05051,STU05051,,High,High,0.9795,2026-10-02
PRD05052,STU05052,,Medium,High,0.9685,2026-10-02
PRD05053,STU05053,,Medium,High,0.99,2026-10-02
PRD05054,STU05054,,Medium,Medium,0.8818,2026-10-02
PRD05055,STU05055,,High,High,0.99,2026-10-02
PRD05056,STU05056,,Low,Medium,0.7755,2026-10-02
PRD05057,STU05057,,Medium,High,0.9394,2026-10-02
PRD05058,STU05058,,Low,Medium,0.6855,2026-10-02
PRD05059,STU05059,,Medium,High,0.99,2026-10-02
PRD05060,STU05060,,High,High,0.9876,2026-10-02
PRD05061,STU05061,,Medium,Medium,0.9321,2026-10-02
PRD05062,STU05062,,High,Medium,0.9553,2026-10-02
PRD05063,STU05063,,High,High,0.99,2026-10-02
PRD05064,STU05064,,Medium,High,0.99,2026-10-02
PRD05065,STU05065,,Medium,High,0.9693,2026-10-02
PRD05066,STU05066,,Low,Medium,0.919,2026-10-02
PRD05067,STU05067,,Medium,Medium,0.7921,2026-10-02
PRD05068,STU05068,,Low,Medium,0.7385,2026-10-02
PRD05069,STU05069,,Low,Medium,0.6908,2026-10-02
PRD05070,STU05070,,Medium,Medium,0.8908,2026-10-02
PRD05071,STU05071,,Medium,Medium,0.8391,2026-10-02
PRD05072,STU05072,,Medium,Medium,0.8692,2026-10-02
PRD05073,STU05073,,Low,Medium,0.7287,2026-10-02
PRD05074,STU05074,,Low,Low,0.1849,2026-10-02
PRD05075,STU05075,,Medium,High,0.9694,2026-10-02
PRD05076,STU05076,,Low,Medium,0.672,2026-10-02
PRD05077,STU05077,,Medium,High,0.99,2026-10-02
PRD05078,STU05078,,Low,Low,0.0962,2026-10-02
PRD05079,STU05079,,Medium,High,0.9574,2026-10-02
PRD05080,STU05080,,High,High,0.99,2026-10-02
PRD05081,STU05081,,Medium,Medium,0.9048,2026-10-02
PRD05082,STU05082,,Medium,Medium,0.8883,2026-10-02
PRD05083,STU05083,,High,High,0.99,2026-10-02
PRD05084,STU05084,,Medium,High,0.99,2026-10-02
PRD05085,STU05085,,Medium,High,0.9287,2026-10-02
PRD05086,STU05086,,High,High,0.9814,2026-10-02
PRD05087,STU05087,,Medium,Medium,0.6281,2026-10-02
PRD05088,STU05088,,Medium,High,0.9434,2026-10-02
PRD05089,STU05089,,High,High,0.9703,2026-10-02
PRD05090,STU05090,,Medium,High,0.9879,2026-10-02
PRD05091,STU05091,,Low,Low,0.4767,2026-10-02
PRD05092,STU05092,,Medium,Medium,0.5504,2026-10-02
PRD05093,STU05093,,Low,Low,0.4406,2026-10-02
PRD05094,STU05094,,Low,Low,0.3297,2026-10-02
PRD05095,STU05095,,Low,Medium,0.6192,2026-10-02
PRD05096,STU05096,,Medium,Medium,0.9179,2026-10-02
PRD05097,STU05097,,Medium,High,0.9323,2026-10-02
PRD05098,STU05098,,Low,Medium,0.7669,2026-10-02
PRD05099,STU05099,,High,High,0.9756,2026-10-02
PRD05100,STU05100,,Medium,Medium,0.5091,2026-10-02
PRD05101,STU05101,,Low,Low,0.33,2026-10-02
PRD05102,STU05102,,High,High,0.9579,2026-10-02
PRD05103,STU05103,,High,High,0.99,2026-10-02
PRD05104,STU05104,,Low,Medium,0.8062,2026-10-02
PRD05105,STU05105,,Medium,Medium,0.8398,2026-10-02
PRD05106,STU05106,,Low,Medium,0.9007,2026-10-02
PRD05107,STU05107,,Medium,Medium,0.7421,2026-10-02
PRD05108,STU05108,,Low,Medium,0.5713,2026-10-02
PRD05109,STU05109,,Medium,Medium,0.855,2026-10-02
PRD05110,STU05110,,Medium,Medium,0.9511,2026-10-02
PRD05111,STU05111,,Low,Medium,0.5076,2026-10-02
PRD05112,STU05112,,Medium,Medium,0.6234,2026-10-02
PRD05113,STU05113,,Medium,Medium,0.8641,2026-10-02
PRD05114,STU05114,,High,High,0.9811,2026-10-02
PRD05115,STU05115,,Medium,Medium,0.8781,2026-10-02
PRD05116,STU05116,,High,High,0.99,2026-10-02
PRD05117,STU05117,,Low,Medium,0.7947,2026-10-02
PRD05118,STU05118,,Low,Medium,0.6009,2026-10-02
PRD05119,STU05119,,Medium,Medium,0.8504,2026-10-02
PRD05120,STU05120,,Medium,Medium,0.8525,2026-10-02
PRD05121,STU05121,,Medium,Medium,0.8747,2026-10-02
PRD05122,STU05122,,Low,Medium,0.7993,2026-10-02
PRD05123,STU05123,,High,High,0.99,2026-10-02
PRD05124,STU05124,,Medium,Medium,0.9709,2026-10-02
PRD05125,STU05125,,Medium,Medium,0.8956,2026-10-02
PRD05126,STU05126,,High,High,0.9872,2026-10-02
PRD05127,STU05127,,High,High,0.99,2026-10-02
PRD05128,STU05128,,Low,Medium,0.509,2026-10-02
PRD05129,STU05129,,High,High,0.98,2026-10-02
PRD05130,STU05130,,Low,Low,0.3154,2026-10-02
PRD05131,STU05131,,Medium,Medium,0.9267,2026-10-02
PRD05132,STU05132,,Medium,High,0.99,2026-10-02
PRD05133,STU05133,,High,High,0.9614,2026-10-02
PRD05134,STU05134,,Low,Low,0.3256,2026-10-02
PRD05135,STU05135,,High,High,0.9562,2026-10-02
PRD05136,STU05136,,Medium,Medium,0.5532,2026-10-02
PRD05137,STU05137,,Medium,High,0.9807,2026-10-02
PRD05138,STU05138,,Medium,Medium,0.517,2026-10-02
PRD05139,STU05139,,Medium,Medium,0.7307,2026-10-02
PRD05140,STU05140,,Medium,Medium,0.8025,2026-10-02
PRD05141,STU05141,,Low,Medium,0.5829,2026-10-02
PRD05142,STU05142,,Medium,High,0.9488,2026-10-02
PRD05143,STU05143,,Medium,High,0.9386,2026-10-02
PRD05144,STU05144,,Low,Medium,0.6998,2026-10-02
PRD05145,STU05145,,Medium,Medium,0.9149,2026-10-02
PRD05146,STU05146,,Low,Medium,0.5868,2026-10-02
PRD05147,STU05147,,Medium,High,0.9676,2026-10-02
PRD05148,STU05148,,Medium,Medium,0.9266,2026-10-02
PRD05149,STU05149,,Medium,Medium,0.6407,2026-10-02
PRD05150,STU05150,,Low,Low,0.1526,2026-10-02
PRD05151,STU05151,,Medium,Low,0.4296,2026-10-02
PRD05152,STU05152,,Low,Low,0.3586,2026-10-02
PRD05153,STU05153,,Low,Medium,0.9247,2026-10-02
PRD05154,STU05154,,High,High,0.99,2026-10-02
PRD05155,STU05155,,Medium,High,0.957,2026-10-02
PRD05156,STU05156,,Medium,Medium,0.8274,2026-10-02
PRD05157,STU05157,,Medium,High,0.9504,2026-10-02
PRD05158,STU05158,,High,High,0.99,2026-10-02
PRD05159,STU05159,,Low,Low,0.1744,2026-10-02
PRD05160,STU05160,,Low,Low,0.1652,2026-10-02
PRD05161,STU05161,,Medium,High,0.99,2026-10-02
PRD05162,STU05162,,Medium,Medium,0.7992,2026-10-02
PRD05163,STU05163,,Low,Low,0.3519,2026-10-02
PRD05164,STU05164,,Medium,High,0.9678,2026-10-02
PRD05165,STU05165,,Medium,High,0.9677,2026-10-02
PRD05166,STU05166,,Medium,Medium,0.8492,2026-10-02
PRD05167,STU05167,,Medium,Medium,0.8443,2026-10-02
PRD05168,STU05168,,Low,Medium,0.8019,2026-10-02
PRD05169,STU05169,,Medium,High,0.9522,2026-10-02
PRD05170,STU05170,,High,High,0.9817,2026-10-02
PRD05171,STU05171,,High,High,0.9874,2026-10-02
PRD05172,STU05172,,Medium,Medium,0.7216,2026-10-02
PRD05173,STU05173,,Low,Low,0.1438,2026-10-02
PRD05174,STU05174,,Medium,Medium,0.809,2026-10-02
PRD05175,STU05175,,Low,Low,0.3176,2026-10-02
PRD05176,STU05176,,Medium,Medium,0.5126,2026-10-02
PRD05177,STU05177,,Medium,High,0.99,2026-10-02
PRD05178,STU05178,,Low,Low,0.3553,2026-10-02
PRD05179,STU05179,,Medium,Medium,0.8728,2026-10-02
PRD05180,STU05180,,Medium,High,0.9702,2026-10-02
PRD05181,STU05181,,Medium,High,0.9544,2026-10-02
PRD05182,STU05182,,Medium,Medium,0.4928,2026-10-02
PRD05183,STU05183,,High,High,0.9827,2026-10-02
PRD05184,STU05184,,Medium,High,0.9523,2026-10-02
PRD05185,STU05185,,Medium,Medium,0.8996,2026-10-02
PRD05186,STU05186,,Medium,Medium,0.5993,2026-10-02
PRD05187,STU05187,,Medium,Medium,0.8027,2026-10-02
PRD05188,STU05188,,Low,Low,0.3077,2026-10-02
PRD05189,STU05189,,Low,Low,0.307,2026-10-02
PRD05190,STU05190,,Medium,High,0.9519,2026-10-02
PRD05191,STU05191,,Low,Low,0.1594,2026-10-02
PRD05192,STU05192,,High,High,0.99,2026-10-02
PRD05193,STU05193,,Medium,High,0.982,2026-10-02
PRD05194,STU05194,,Medium,Medium,0.8845,2026-10-02
PRD05195,STU05195,,Medium,Medium,0.8535,2026-10-02
PRD05196,STU05196,,Medium,Medium,0.7685,2026-10-02
PRD05197,STU05197,,Low,Medium,0.8067,2026-10-02
PRD05198,STU05198,,Medium,High,0.9646,2026-10-02
PRD05199,STU05199,,Medium,High,0.946,2026-10-02
PRD05200,STU05200,,Low,Medium,0.889,2026-10-02
PRD05201,STU05201,,Low,Low,0.1687,2026-10-02
PRD05202,STU05202,,Low,Low,0.1003,2026-10-02
PRD05203,STU05203,,Medium,High,0.964,2026-10-02
PRD05204,STU05204,,High,High,0.99,2026-10-02
PRD05205,STU05205,,Low,Low,0.0997,2026-10-02
PRD05206,STU05206,,High,High,0.99,2026-10-02
PRD05207,STU05207,,Low,Medium,0.6617,2026-10-02
PRD05208,STU05208,,Low,Medium,0.6941,2026-10-02
PRD05209,STU05209,,Low,Medium,0.8556,2026-10-02
PRD05210,STU05210,,Low,Medium,0.62,2026-10-02
PRD05211,STU05211,,Medium,Medium,0.9312,2026-10-02
PRD05212,STU05212,,Low,Low,0.175,2026-10-02
PRD05213,STU05213,,Low,Medium,0.8142,2026-10-02
PRD05214,STU05214,,Medium,Medium,0.8728,2026-10-02
PRD05215,STU05215,,Medium,High,0.9536,2026-10-02
PRD05216,STU05216,,High,High,0.99,2026-10-02
PRD05217,STU05217,,Low,Low,0.2868,2026-10-02
PRD05218,STU05218,,Medium,Medium,0.7382,2026-10-02
PRD05219,STU05219,,Low,Low,0.1666,2026-10-02
PRD05220,STU05220,,Medium,High,0.9727,2026-10-02
PRD05221,STU05221,,Medium,Medium,0.7985,2026-10-02
PRD05222,STU05222,,Low,Medium,0.9278,2026-10-02
PRD05223,STU05223,,Medium,High,0.9592,2026-10-02
PRD05224,STU05224,,Low,Low,0.1998,2026-10-02
PRD05225,STU05225,,High,High,0.9848,2026-10-02
PRD05226,STU05226,,Medium,Medium,0.7017,2026-10-02
PRD05227,STU05227,,Low,Medium,0.6822,2026-10-02
PRD05228,STU05228,,Medium,High,0.99,2026-10-02
PRD05229,STU05229,,Low,Low,0.5423,2026-10-02
PRD05230,STU05230,,Low,Low,0.2486,2026-10-02
PRD05231,STU05231,,Medium,Medium,0.7985,2026-10-02
PRD05232,STU05232,,Low,Medium,0.7174,2026-10-02
PRD05233,STU05233,,Medium,High,0.9444,2026-10-02
PRD05234,STU05234,,Medium,High,0.99,2026-10-02
PRD05235,STU05235,,Medium,High,0.9549,2026-10-02
PRD05236,STU05236,,Low,Low,0.1054,2026-10-02
PRD05237,STU05237,,Low,Medium,0.6329,2026-10-02
PRD05238,STU05238,,Medium,Medium,0.5459,2026-10-02
PRD05239,STU05239,,High,High,0.9893,2026-10-02
PRD05240,STU05240,,High,High,0.99,2026-10-02
PRD05241,STU05241,,Low,Low,0.2481,2026-10-02
PRD05242,STU05242,,Low,Low,0.2565,2026-10-02
PRD05243,STU05243,,Medium,Medium,0.7256,2026-10-02
PRD05244,STU05244,,High,High,0.9772,2026-10-02
PRD05245,STU05245,,Medium,Medium,0.75,2026-10-02
PRD05246,STU05246,,Low,Medium,0.5759,2026-10-02
PRD05247,STU05247,,Medium,Low,0.4648,2026-10-02
PRD05248,STU05248,,Medium,Medium,0.9623,2026-10-02
PRD05249,STU05249,,High,High,0.99,2026-10-02
PRD05250,STU05250,,Low,Medium,0.8065,2026-10-02
PRD05251,STU05251,,Medium,Medium,0.8838,2026-10-02
PRD05252,STU05252,,Medium,Medium,0.7893,2026-10-02
PRD05253,STU05253,,Medium,High,0.9856,2026-10-02
PRD05254,STU05254,,Medium,Medium,0.8736,2026-10-02
PRD05255,STU05255,,High,High,0.99,2026-10-02
PRD05256,STU05256,,Low,Low,0.2408,2026-10-02
PRD05257,STU05257,,Low,Medium,0.7307,2026-10-02
PRD05258,STU05258,,Medium,Medium,0.937,2026-10-02
PRD05259,STU05259,,Low,Low,0.2972,2026-10-02
PRD05260,STU05260,,High,High,0.9669,2026-10-02
PRD05261,STU05261,,High,Medium,0.923,2026-10-02
PRD05262,STU05262,,Low,Low,0.1399,2026-10-02
PRD05263,STU05263,,Medium,Medium,0.9344,2026-10-02
PRD05264,STU05264,,Low,Low,0.2635,2026-10-02
PRD05265,STU05265,,Low,Medium,0.7178,2026-10-02
PRD05266,STU05266,,Medium,High,0.9539,2026-10-02
PRD05267,STU05267,,High,High,0.99,2026-10-02
PRD05268,STU05268,,Medium,Medium,0.9078,2026-10-02
PRD05269,STU05269,,Medium,High,0.99,2026-10-02
PRD05270,STU05270,,Medium,High,0.99,2026-10-02
PRD05271,STU05271,,High,High,0.9589,2026-10-02
PRD05272,STU05272,,Low,Low,0.3441,2026-10-02
PRD05273,STU05273,,Low,Medium,0.874,2026-10-02
PRD05274,STU05274,,Medium,High,0.99,2026-10-02
PRD05275,STU05275,,High,High,0.99,2026-10-02
PRD05276,STU05276,,Medium,Medium,0.8149,2026-10-02
PRD05277,STU05277,,Low,Low,0.1215,2026-10-02
PRD05278,STU05278,,Medium,High,0.9595,2026-10-02
PRD05279,STU05279,,Low,Low,0.1087,2026-10-02
PRD05280,STU05280,,Medium,High,0.99,2026-10-02
PRD05281,STU05281,,Medium,Medium,0.9341,2026-10-02
PRD05282,STU05282,,Low,Low,0.4159,2026-10-02
PRD05283,STU05283,,High,High,0.99,2026-10-02
PRD05284,STU05284,,Medium,Medium,0.8519,2026-10-02
PRD05285,STU05285,,Medium,Medium,0.8681,2026-10-02
PRD05286,STU05286,,Medium,Medium,0.7627,2026-10-02
PRD05287,STU05287,,Medium,Medium,0.8314,2026-10-02
PRD05288,STU05288,,Medium,High,0.9574,2026-10-02
PRD05289,STU05289,,Medium,High,0.99,2026-10-02
PRD05290,STU05290,,High,High,0.99,2026-10-02
PRD05291,STU05291,,Medium,High,0.9608,2026-10-02
PRD05292,STU05292,,Medium,Medium,0.6411,2026-10-02
PRD05293,STU05293,,High,High,0.9885,2026-10-02
PRD05294,STU05294,,Low,Medium,0.6253,2026-10-02
PRD05295,STU05295,,Medium,Medium,0.914,2026-10-02
PRD05296,STU05296,,Low,Medium,0.7514,2026-10-02
PRD05297,STU05297,,Low,Medium,0.8752,2026-10-02
PRD05298,STU05298,,Medium,Medium,0.8826,2026-10-02
PRD05299,STU05299,,Low,Medium,0.767,2026-10-02
PRD05300,STU05300,,Medium,Medium,0.745,2026-10-02
PRD05301,STU05301,,Medium,High,0.972,2026-10-02
PRD05302,STU05302,,Medium,Medium,0.7735,2026-10-02
PRD05303,STU05303,,Medium,Medium,0.7905,2026-10-02
PRD05304,STU05304,,Medium,Medium,0.6168,2026-10-02
PRD05305,STU05305,,Medium,High,0.9704,2026-10-02
PRD05306,STU05306,,High,High,0.99,2026-10-02
PRD05307,STU05307,,Medium,High,0.9722,2026-10-02
PRD05308,STU05308,,Medium,Medium,0.9199,2026-10-02
PRD05309,STU05309,,High,High,0.99,2026-10-02
PRD05310,STU05310,,High,High,0.9352,2026-10-02
PRD05311,STU05311,,High,High,0.99,2026-10-02
PRD05312,STU05312,,Medium,High,0.99,2026-10-02
PRD05313,STU05313,,Low,Low,0.3365,2026-10-02
PRD05314,STU05314,,Low,Medium,0.9043,2026-10-02
PRD05315,STU05315,,Medium,Medium,0.9545,2026-10-02
PRD05316,STU05316,,Low,Medium,0.6374,2026-10-02
PRD05317,STU05317,,High,High,0.9886,2026-10-02
PRD05318,STU05318,,Low,Low,0.3531,2026-10-02
PRD05319,STU05319,,Medium,High,0.99,2026-10-02
PRD05320,STU05320,,Low,Medium,0.6187,2026-10-02
PRD05321,STU05321,,Low,Low,0.1616,2026-10-02
PRD05322,STU05322,,Medium,Medium,0.9607,2026-10-02
PRD05323,STU05323,,Medium,Medium,0.6674,2026-10-02
PRD05324,STU05324,,Low,Medium,0.864,2026-10-02
PRD05325,STU05325,,Low,Low,0.1764,2026-10-02
PRD05326,STU05326,,Medium,High,0.9349,2026-10-02
PRD05327,STU05327,,Medium,Medium,0.8103,2026-10-02
PRD05328,STU05328,,Medium,Medium,0.833,2026-10-02
PRD05329,STU05329,,Medium,High,0.99,2026-10-02
PRD05330,STU05330,,Low,Medium,0.5494,2026-10-02
PRD05331,STU05331,,Low,Medium,0.6928,2026-10-02
PRD05332,STU05332,,Medium,Medium,0.8946,2026-10-02
PRD05333,STU05333,,High,High,0.9622,2026-10-02
PRD05334,STU05334,,Medium,High,0.99,2026-10-02
PRD05335,STU05335,,Medium,High,0.9115,2026-10-02
PRD05336,STU05336,,Medium,High,0.9708,2026-10-02
PRD05337,STU05337,,High,High,0.99,2026-10-02
PRD05338,STU05338,,High,High,0.99,2026-10-02
PRD05339,STU05339,,Low,Medium,0.6133,2026-10-02
PRD05340,STU05340,,High,High,0.9834,2026-10-02
PRD05341,STU05341,,Low,Medium,0.6783,2026-10-02
PRD05342,STU05342,,Medium,Medium,0.8324,2026-10-02
PRD05343,STU05343,,Medium,High,0.9588,2026-10-02
PRD05344,STU05344,,Medium,Medium,0.9215,2026-10-02
PRD05345,STU05345,,Medium,Medium,0.7306,2026-10-02
PRD05346,STU05346,,Low,Low,0.4054,2026-10-02
PRD05347,STU05347,,Medium,Medium,0.7655,2026-10-02
PRD05348,STU05348,,Medium,High,0.99,2026-10-02
PRD05349,STU05349,,Medium,Low,0.4237,2026-10-02
PRD05350,STU05350,,High,High,0.9634,2026-10-02
PRD05351,STU05351,,Low,Medium,0.8122,2026-10-02
PRD05352,STU05352,,Low,Low,0.4059,2026-10-02
PRD05353,STU05353,,Medium,High,0.99,2026-10-02
PRD05354,STU05354,,Low,Medium,0.5666,2026-10-02
PRD05355,STU05355,,Low,Medium,0.9339,2026-10-02
PRD05356,STU05356,,Medium,Medium,0.7342,2026-10-02
PRD05357,STU05357,,Low,Low,0.1663,2026-10-02
PRD05358,STU05358,,Medium,High,0.9659,2026-10-02
PRD05359,STU05359,,Medium,Medium,0.7942,2026-10-02
PRD05360,STU05360,,Medium,High,0.9832,2026-10-02
PRD05361,STU05361,,Low,Low,0.2849,2026-10-02
PRD05362,STU05362,,Low,Medium,0.8296,2026-10-02
PRD05363,STU05363,,Low,Low,0.3651,2026-10-02
PRD05364,STU05364,,High,High,0.9889,2026-10-02
PRD05365,STU05365,,Medium,High,0.9862,2026-10-02
PRD05366,STU05366,,High,High,0.99,2026-10-02
PRD05367,STU05367,,Medium,High,0.9416,2026-10-02
PRD05368,STU05368,,Low,Low,0.1798,2026-10-02
PRD05369,STU05369,,Low,Low,0.2996,2026-10-02
PRD05370,STU05370,,Low,Low,0.4116,2026-10-02
PRD05371,STU05371,,High,High,0.9835,2026-10-02
PRD05372,STU05372,,Medium,High,0.99,2026-10-02
PRD05373,STU05373,,Low,Medium,0.929,2026-10-02
PRD05374,STU05374,,High,High,0.99,2026-10-02
PRD05375,STU05375,,Low,Medium,0.5189,2026-10-02
PRD05376,STU05376,,Low,Low,0.4287,2026-10-02
PRD05377,STU05377,,Medium,High,0.9683,2026-10-02
PRD05378,STU05378,,Low,Medium,0.7963,2026-10-02
PRD05379,STU05379,,High,High,0.99,2026-10-02
PRD05380,STU05380,,Low,Medium,0.7508,2026-10-02
PRD05381,STU05381,,Low,Low,0.2189,2026-10-02
PRD05382,STU05382,,Medium,Medium,0.9345,2026-10-02
PRD05383,STU05383,,Medium,High,0.9889,2026-10-02
PRD05384,STU05384,,Low,High,0.9773,2026-10-02
PRD05385,STU05385,,Low,Medium,0.7288,2026-10-02
PRD05386,STU05386,,Medium,High,0.9579,2026-10-02
PRD05387,STU05387,,Medium,Medium,0.9093,2026-10-02
PRD05388,STU05388,,High,High,0.99,2026-10-02
PRD05389,STU05389,,Medium,Medium,0.8629,2026-10-02
PRD05390,STU05390,,Low,Medium,0.812,2026-10-02
PRD05391,STU05391,,Low,Low,0.3474,2026-10-02
PRD05392,STU05392,,Low,Medium,0.5214,2026-10-02
PRD05393,STU05393,,Medium,High,0.9691,2026-10-02
PRD05394,STU05394,,Medium,High,0.9882,2026-10-02
PRD05395,STU05395,,High,High,0.9574,2026-10-02
PRD05396,STU05396,,High,High,0.99,2026-10-02
PRD05397,STU05397,,Low,Low,0.2669,2026-10-02
PRD05398,STU05398,,Medium,High,0.99,2026-10-02
PRD05399,STU05399,,Medium,Medium,0.8275,2026-10-02
PRD05400,STU05400,,Medium,Medium,0.7411,2026-10-02
PRD05401,STU05401,,Low,Low,0.4569,2026-10-02
PRD05402,STU05402,,Low,Medium,0.8104,2026-10-02
PRD05403,STU05403,,Low,Medium,0.6924,2026-10-02
PRD05404,STU05404,,Medium,High,0.99,2026-10-02
PRD05405,STU05405,,Medium,Medium,0.5566,2026-10-02
PRD05406,STU05406,,Low,Low,0.3517,2026-10-02
PRD05407,STU05407,,Medium,High,0.9833,2026-10-02
PRD05408,STU05408,,Medium,High,0.9329,2026-10-02
PRD05409,STU05409,,Medium,High,0.9867,2026-10-02
PRD05410,STU05410,,Low,Medium,0.591,2026-10-02
PRD05411,STU05411,,Medium,High,0.99,2026-10-02
PRD05412,STU05412,,Medium,Medium,0.9378,2026-10-02
PRD05413,STU05413,,Medium,High,0.934,2026-10-02
PRD05414,STU05414,,Medium,High,0.99,2026-10-02
PRD05415,STU05415,,Medium,Low,0.4072,2026-10-02
PRD05416,STU05416,,Low,Low,0.0912,2026-10-02
PRD05417,STU05417,,Medium,Medium,0.9277,2026-10-02
PRD05418,STU05418,,Low,Low,0.2423,2026-10-02
PRD05419,STU05419,,Low,Low,0.2592,2026-10-02
PRD05420,STU05420,,High,High,0.99,2026-10-02
PRD05421,STU05421,,Medium,Medium,0.8761,2026-10-02
PRD05422,STU05422,,Low,Medium,0.8022,2026-10-02
PRD05423,STU05423,,Medium,Medium,0.9188,2026-10-02
PRD05424,STU05424,,Low,Medium,0.6906,2026-10-02
PRD05425,STU05425,,Low,Medium,0.614,2026-10-02
PRD05426,STU05426,,Low,High,0.99,2026-10-02
PRD05427,STU05427,,High,High,0.9577,2026-10-02
PRD05428,STU05428,,Medium,Medium,0.711,2026-10-02
PRD05429,STU05429,,Medium,High,0.9795,2026-10-02
PRD05430,STU05430,,Low,Low,0.4349,2026-10-02
PRD05431,STU05431,,High,High,0.99,2026-10-02
PRD05432,STU05432,,Medium,Medium,0.9069,2026-10-02
PRD05433,STU05433,,Low,Low,0.1008,2026-10-02
PRD05434,STU05434,,Medium,High,0.99,2026-10-02
PRD05435,STU05435,,Medium,High,0.9308,2026-10-02
PRD05436,STU05436,,Medium,Medium,0.9236,2026-10-02
PRD05437,STU05437,,Medium,High,0.9766,2026-10-02
PRD05438,STU05438,,Medium,Medium,0.8637,2026-10-02
PRD05439,STU05439,,Medium,High,0.9685,2026-10-02
PRD05440,STU05440,,Low,Low,0.2951,2026-10-02
PRD05441,STU05441,,Medium,Medium,0.8056,2026-10-02
PRD05442,STU05442,,Low,Low,0.4888,2026-10-02
PRD05443,STU05443,,Medium,High,0.965,2026-10-02
PRD05444,STU05444,,Medium,High,0.9818,2026-10-02
PRD05445,STU05445,,Medium,Medium,0.8383,2026-10-02
PRD05446,STU05446,,Medium,High,0.99,2026-10-02
PRD05447,STU05447,,Low,Low,0.0888,2026-10-02
PRD05448,STU05448,,Medium,Medium,0.8425,2026-10-02
PRD05449,STU05449,,Low,Medium,0.7162,2026-10-02
PRD05450,STU05450,,Medium,High,0.9821,2026-10-02
PRD05451,STU05451,,Medium,High,0.99,2026-10-02
PRD05452,STU05452,,Medium,High,0.99,2026-10-02
PRD05453,STU05453,,Medium,Medium,0.9039,2026-10-02
PRD05454,STU05454,,Medium,Medium,0.4809,2026-10-02
PRD05455,STU05455,,Low,Medium,0.5911,2026-10-02
PRD05456,STU05456,,High,High,0.9588,2026-10-02
PRD05457,STU05457,,High,High,0.9621,2026-10-02
PRD05458,STU05458,,Low,Medium,0.6445,2026-10-02
PRD05459,STU05459,,Medium,Medium,0.5005,2026-10-02
PRD05460,STU05460,,Low,Medium,0.71,2026-10-02
PRD05461,STU05461,,Low,Medium,0.8085,2026-10-02
PRD05462,STU05462,,Low,High,0.99,2026-10-02
PRD05463,STU05463,,Low,Low,0.3614,2026-10-02
PRD05464,STU05464,,Low,Low,0.156,2026-10-02
PRD05465,STU05465,,Medium,Medium,0.7272,2026-10-02
PRD05466,STU05466,,Low,Medium,0.7057,2026-10-02
PRD05467,STU05467,,Medium,High,0.9214,2026-10-02
PRD05468,STU05468,,High,High,0.985,2026-10-02
PRD05469,STU05469,,Medium,High,0.9603,2026-10-02
PRD05470,STU05470,,Low,Low,0.3945,2026-10-02
PRD05471,STU05471,,Medium,Medium,0.8866,2026-10-02
PRD05472,STU05472,,Medium,High,0.9479,2026-10-02
PRD05473,STU05473,,Medium,Medium,0.7667,2026-10-02
PRD05474,STU05474,,High,High,0.99,2026-10-02
PRD05475,STU05475,,Medium,High,0.9484,2026-10-02
PRD05476,STU05476,,Low,Low,0.2684,2026-10-02
PRD05477,STU05477,,Low,Low,0.168,2026-10-02
PRD05478,STU05478,,Medium,Medium,0.8992,2026-10-02
PRD05479,STU05479,,High,High,0.9573,2026-10-02
PRD05480,STU05480,,Medium,High,0.99,2026-10-02
PRD05481,STU05481,,Medium,High,0.99,2026-10-02
PRD05482,STU05482,,Low,High,0.93,2026-10-02
PRD05483,STU05483,,Medium,Medium,0.8531,2026-10-02
PRD05484,STU05484,,Medium,Medium,0.8383,2026-10-02
PRD05485,STU05485,,Low,Medium,0.9593,2026-10-02
PRD05486,STU05486,,Low,Low,0.4469,2026-10-02
PRD05487,STU05487,,Medium,High,0.99,2026-10-02
PRD05488,STU05488,,Medium,High,0.99,2026-10-02
PRD05489,STU05489,,Medium,High,0.9087,2026-10-02
PRD05490,STU05490,,High,High,0.9714,2026-10-02
PRD05491,STU05491,,Low,Medium,0.7456,2026-10-02
PRD05492,STU05492,,Low,Medium,0.6639,2026-10-02
PRD05493,STU05493,,Medium,High,0.99,2026-10-02
PRD05494,STU05494,,Low,Low,0.3467,2026-10-02
PRD05495,STU05495,,High,Medium,0.9433,2026-10-02
PRD05496,STU05496,,Medium,Low,0.3214,2026-10-02
PRD05497,STU05497,,Low,Medium,0.5778,2026-10-02
PRD05498,STU05498,,Medium,High,0.9455,2026-10-02
PRD05499,STU05499,,Medium,High,0.9692,2026-10-02
PRD05500,STU05500,,High,High,0.986,2026-10-02
PRD05501,STU05501,,Medium,Medium,0.9371,2026-10-02
PRD05502,STU05502,,High,High,0.9883,2026-10-02
PRD05503,STU05503,,Low,Medium,0.6943,2026-10-02
PRD05504,STU05504,,Low,Low,0.463,2026-10-02
PRD05505,STU05505,,Medium,Medium,0.7427,2026-10-02
PRD05506,STU05506,,High,High,0.99,2026-10-02
PRD05507,STU05507,,Low,Medium,0.9068,2026-10-02
PRD05508,STU05508,,Medium,High,0.9338,2026-10-02
PRD05509,STU05509,,Medium,Medium,0.9067,2026-10-02
PRD05510,STU05510,,Medium,High,0.9647,2026-10-02
PRD05511,STU05511,,Low,Medium,0.5566,2026-10-02
PRD05512,STU05512,,High,High,0.9833,2026-10-02
PRD05513,STU05513,,Medium,High,0.99,2026-10-02
PRD05514,STU05514,,Medium,Medium,0.9408,2026-10-02
PRD05515,STU05515,,Low,Medium,0.8531,2026-10-02
PRD05516,STU05516,,Medium,High,0.99,2026-10-02
PRD05517,STU05517,,Low,Low,0.1506,2026-10-02
PRD05518,STU05518,,Medium,Medium,0.8444,2026-10-02
PRD05519,STU05519,,Medium,High,0.9875,2026-10-02
PRD05520,STU05520,,Medium,High,0.9447,2026-10-02
PRD05521,STU05521,,Low,High,0.99,2026-10-02
PRD05522,STU05522,,Medium,Medium,0.6692,2026-10-02
PRD05523,STU05523,,Low,Low,0.2029,2026-10-02
PRD05524,STU05524,,High,High,0.9867,2026-10-02
PRD05525,STU05525,,High,High,0.99,2026-10-02
PRD05526,STU05526,,Low,Low,0.4626,2026-10-02
PRD05527,STU05527,,Low,Low,0.3662,2026-10-02
PRD05528,STU05528,,High,High,0.99,2026-10-02
PRD05529,STU05529,,High,High,0.9667,2026-10-02
PRD05530,STU05530,,Medium,Medium,0.8542,2026-10-02
PRD05531,STU05531,,High,High,0.99,2026-10-02
PRD05532,STU05532,,Medium,Medium,0.7916,2026-10-02
PRD05533,STU05533,,Medium,High,0.976,2026-10-02
PRD05534,STU05534,,Low,Medium,0.8388,2026-10-02
PRD05535,STU05535,,Low,High,0.952,2026-10-02
PRD05536,STU05536,,High,High,0.99,2026-10-02
PRD05537,STU05537,,Low,Medium,0.6753,2026-10-02
PRD05538,STU05538,,High,High,0.99,2026-10-02
PRD05539,STU05539,,Low,Medium,0.6162,2026-10-02
PRD05540,STU05540,,Low,Medium,0.7048,2026-10-02
PRD05541,STU05541,,High,High,0.99,2026-10-02
PRD05542,STU05542,,Medium,High,0.9347,2026-10-02
PRD05543,STU05543,,Low,Low,0.3549,2026-10-02
PRD05544,STU05544,,High,High,0.99,2026-10-02
PRD05545,STU05545,,Medium,Medium,0.9113,2026-10-02
PRD05546,STU05546,,High,High,0.99,2026-10-02
PRD05547,STU05547,,Medium,High,0.9463,2026-10-02
PRD05548,STU05548,,Medium,Medium,0.8981,2026-10-02
PRD05549,STU05549,,Low,Medium,0.9218,2026-10-02
PRD05550,STU05550,,Low,Medium,0.6252,2026-10-02
PRD05551,STU05551,,High,High,0.99,2026-10-02
PRD05552,STU05552,,High,High,0.99,2026-10-02
PRD05553,STU05553,,High,High,0.99,2026-10-02
PRD05554,STU05554,,Medium,High,0.9547,2026-10-02
PRD05555,STU05555,,Medium,High,0.9624,2026-10-02
PRD05556,STU05556,,Low,Medium,0.7747,2026-10-02
PRD05557,STU05557,,High,High,0.9554,2026-10-02
PRD05558,STU05558,,Low,Medium,0.7637,2026-10-02
PRD05559,STU05559,,Medium,High,0.99,2026-10-02
PRD05560,STU05560,,Low,Low,0.1383,2026-10-02
PRD05561,STU05561,,Low,Medium,0.6237,2026-10-02
PRD05562,STU05562,,Medium,High,0.9681,2026-10-02
PRD05563,STU05563,,Low,Low,0.3408,2026-10-02
PRD05564,STU05564,,Medium,Medium,0.8734,2026-10-02
PRD05565,STU05565,,Medium,High,0.9619,2026-10-02
PRD05566,STU05566,,Medium,Medium,0.8516,2026-10-02
PRD05567,STU05567,,Medium,Medium,0.7039,2026-10-02
PRD05568,STU05568,,Medium,Medium,0.9053,2026-10-02
PRD05569,STU05569,,Low,High,0.99,2026-10-02
PRD05570,STU05570,,Medium,Low,0.4289,2026-10-02
PRD05571,STU05571,,Low,Medium,0.7474,2026-10-02
PRD05572,STU05572,,Medium,Medium,0.881,2026-10-02
PRD05573,STU05573,,Medium,Medium,0.9227,2026-10-02
PRD05574,STU05574,,Low,Medium,0.8108,2026-10-02
PRD05575,STU05575,,Medium,Medium,0.9449,2026-10-02
PRD05576,STU05576,,Medium,Medium,0.9446,2026-10-02
PRD05577,STU05577,,Low,Medium,0.6125,2026-10-02
PRD05578,STU05578,,Low,Medium,0.8476,2026-10-02
PRD05579,STU05579,,Medium,Medium,0.9212,2026-10-02
PRD05580,STU05580,,Medium,High,0.9581,2026-10-02
PRD05581,STU05581,,Medium,Medium,0.7565,2026-10-02
PRD05582,STU05582,,High,High,0.99,2026-10-02
PRD05583,STU05583,,Medium,Medium,0.6017,2026-10-02
PRD05584,STU05584,,High,High,0.9565,2026-10-02
PRD05585,STU05585,,Low,Low,0.4672,2026-10-02
PRD05586,STU05586,,Medium,High,0.9781,2026-10-02
PRD05587,STU05587,,Medium,High,0.9492,2026-10-02
PRD05588,STU05588,,Low,Medium,0.7068,2026-10-02
PRD05589,STU05589,,Medium,Medium,0.9041,2026-10-02
PRD05590,STU05590,,Medium,Medium,0.7797,2026-10-02
PRD05591,STU05591,,Medium,High,0.9764,2026-10-02
PRD05592,STU05592,,Medium,Low,0.4755,2026-10-02
PRD05593,STU05593,,Low,Medium,0.9578,2026-10-02
PRD05594,STU05594,,Medium,High,0.9503,2026-10-02
PRD05595,STU05595,,High,High,0.99,2026-10-02
PRD05596,STU05596,,Low,Medium,0.8977,2026-10-02
PRD05597,STU05597,,Low,Low,0.1548,2026-10-02
PRD05598,STU05598,,Low,Low,0.464,2026-10-02
PRD05599,STU05599,,Low,Medium,0.6584,2026-10-02
PRD05600,STU05600,,High,High,0.99,2026-10-02
PRD05601,STU05601,,Medium,Medium,0.8374,2026-10-02
PRD05602,STU05602,,Medium,High,0.99,2026-10-02
PRD05603,STU05603,,Medium,Medium,0.9312,2026-10-02
PRD05604,STU05604,,Medium,High,0.9738,2026-10-02
PRD05605,STU05605,,Medium,Medium,0.8607,2026-10-02
PRD05606,STU05606,,Low,Medium,0.5711,2026-10-02
PRD05607,STU05607,,Medium,High,0.99,2026-10-02
PRD05608,STU05608,,Low,Low,0.4889,2026-10-02
PRD05609,STU05609,,High,High,0.99,2026-10-02
PRD05610,STU05610,,Medium,Medium,0.5389,2026-10-02
PRD05611,STU05611,,Medium,High,0.99,2026-10-02
PRD05612,STU05612,,High,High,0.99,2026-10-02
PRD05613,STU05613,,Low,Medium,0.7157,2026-10-02
PRD05614,STU05614,,High,High,0.99,2026-10-02
PRD05615,STU05615,,High,Medium,0.9164,2026-10-02
PRD05616,STU05616,,Low,Medium,0.7913,2026-10-02
PRD05617,STU05617,,Low,Medium,0.7897,2026-10-02
PRD05618,STU05618,,Low,Medium,0.6044,2026-10-02
PRD05619,STU05619,,Medium,High,0.9639,2026-10-02
PRD05620,STU05620,,Medium,Medium,0.8675,2026-10-02
PRD05621,STU05621,,Medium,High,0.9058,2026-10-02
PRD05622,STU05622,,High,High,0.9701,2026-10-02
PRD05623,STU05623,,High,High,0.9893,2026-10-02
PRD05624,STU05624,,Medium,High,0.9729,2026-10-02
PRD05625,STU05625,,Low,Medium,0.6251,2026-10-02
PRD05626,STU05626,,Medium,High,0.99,2026-10-02
PRD05627,STU05627,,High,High,0.99,2026-10-02
PRD05628,STU05628,,Low,Medium,0.7199,2026-10-02
PRD05629,STU05629,,Low,Medium,0.8293,2026-10-02
PRD05630,STU05630,,High,High,0.9351,2026-10-02
PRD05631,STU05631,,High,High,0.987,2026-10-02
PRD05632,STU05632,,High,High,0.99,2026-10-02
PRD05633,STU05633,,Low,Medium,0.9195,2026-10-02
PRD05634,STU05634,,Medium,High,0.9721,2026-10-02
PRD05635,STU05635,,Medium,Medium,0.9373,2026-10-02
PRD05636,STU05636,,Medium,Medium,0.8024,2026-10-02
PRD05637,STU05637,,Medium,High,0.99,2026-10-02
PRD05638,STU05638,,Medium,Medium,0.7691,2026-10-02
PRD05639,STU05639,,Medium,Medium,0.7889,2026-10-02
PRD05640,STU05640,,Medium,High,0.9691,2026-10-02
PRD05641,STU05641,,Medium,High,0.99,2026-10-02
PRD05642,STU05642,,Medium,High,0.9542,2026-10-02
PRD05643,STU05643,,Low,Low,0.1843,2026-10-02
PRD05644,STU05644,,Medium,High,0.99,2026-10-02
PRD05645,STU05645,,Medium,Medium,0.8921,2026-10-02
PRD05646,STU05646,,High,High,0.9722,2026-10-02
PRD05647,STU05647,,Medium,Medium,0.7325,2026-10-02
PRD05648,STU05648,,High,High,0.99,2026-10-02
PRD05649,STU05649,,Medium,Medium,0.7263,2026-10-02
PRD05650,STU05650,,Low,Medium,0.7414,2026-10-02
PRD05651,STU05651,,Low,Medium,0.7029,2026-10-02
PRD05652,STU05652,,Low,Low,0.2118,2026-10-02
PRD05653,STU05653,,High,High,0.99,2026-10-02
PRD05654,STU05654,,Medium,Medium,0.8451,2026-10-02
PRD05655,STU05655,,Medium,High,0.9764,2026-10-02
PRD05656,STU05656,,Medium,High,0.99,2026-10-02
PRD05657,STU05657,,Medium,Medium,0.8532,2026-10-02
PRD05658,STU05658,,Low,Medium,0.5995,2026-10-02
PRD05659,STU05659,,Low,Medium,0.5343,2026-10-02
PRD05660,STU05660,,High,High,0.99,2026-10-02
PRD05661,STU05661,,Medium,Medium,0.9502,2026-10-02
PRD05662,STU05662,,High,High,0.9506,2026-10-02
PRD05663,STU05663,,Low,Low,0.2505,2026-10-02
PRD05664,STU05664,,Medium,High,0.9424,2026-10-02
PRD05665,STU05665,,Medium,High,0.9589,2026-10-02
PRD05666,STU05666,,Low,Low,0.2906,2026-10-02
PRD05667,STU05667,,Low,Low,0.1496,2026-10-02
PRD05668,STU05668,,High,High,0.99,2026-10-02
PRD05669,STU05669,,Medium,High,0.99,2026-10-02
PRD05670,STU05670,,Medium,High,0.9564,2026-10-02
PRD05671,STU05671,,High,High,0.99,2026-10-02
PRD05672,STU05672,,Medium,Medium,0.6199,2026-10-02
PRD05673,STU05673,,Medium,Medium,0.8471,2026-10-02
PRD05674,STU05674,,Medium,Medium,0.784,2026-10-02
PRD05675,STU05675,,Medium,Medium,0.8884,2026-10-02
PRD05676,STU05676,,Medium,Medium,0.9712,2026-10-02
PRD05677,STU05677,,Medium,High,0.99,2026-10-02
PRD05678,STU05678,,Medium,Medium,0.5684,2026-10-02
PRD05679,STU05679,,High,High,0.99,2026-10-02
PRD05680,STU05680,,Medium,Medium,0.7091,2026-10-02
PRD05681,STU05681,,High,High,0.99,2026-10-02
PRD05682,STU05682,,Medium,High,0.9348,2026-10-02
PRD05683,STU05683,,Medium,High,0.9588,2026-10-02
PRD05684,STU05684,,High,High,0.99,2026-10-02
PRD05685,STU05685,,High,High,0.9524,2026-10-02
PRD05686,STU05686,,Medium,Medium,0.8607,2026-10-02
PRD05687,STU05687,,Low,Medium,0.7296,2026-10-02
PRD05688,STU05688,,Medium,Medium,0.7883,2026-10-02
PRD05689,STU05689,,Medium,Medium,0.8949,2026-10-02
PRD05690,STU05690,,Medium,Medium,0.7729,2026-10-02
PRD05691,STU05691,,Low,Medium,0.9282,2026-10-02
PRD05692,STU05692,,Low,Medium,0.8814,2026-10-02
PRD05693,STU05693,,Low,Low,0.3023,2026-10-02
PRD05694,STU05694,,Low,Low,0.3647,2026-10-02
PRD05695,STU05695,,Medium,High,0.9243,2026-10-02
PRD05696,STU05696,,Low,Low,0.3211,2026-10-02
PRD05697,STU05697,,Medium,High,0.9793,2026-10-02
PRD05698,STU05698,,Medium,High,0.99,2026-10-02
PRD05699,STU05699,,Low,Low,0.2415,2026-10-02
PRD05700,STU05700,,Low,Low,0.3459,2026-10-02
PRD05701,STU05701,,Medium,Medium,0.8733,2026-10-02
PRD05702,STU05702,,Medium,High,0.9697,2026-10-02
PRD05703,STU05703,,Medium,High,0.9701,2026-10-02
PRD05704,STU05704,,High,High,0.9818,2026-10-02
PRD05705,STU05705,,Medium,High,0.984,2026-10-02
PRD05706,STU05706,,Low,Medium,0.4842,2026-10-02
PRD05707,STU05707,,Medium,High,0.9113,2026-10-02
PRD05708,STU05708,,Low,Medium,0.9675,2026-10-02
PRD05709,STU05709,,Low,Medium,0.8515,2026-10-02
PRD05710,STU05710,,Medium,High,0.9565,2026-10-02
PRD05711,STU05711,,High,High,0.988,2026-10-02
PRD05712,STU05712,,Medium,High,0.99,2026-10-02
PRD05713,STU05713,,Medium,High,0.9534,2026-10-02
PRD05714,STU05714,,Medium,Medium,0.642,2026-10-02
PRD05715,STU05715,,Medium,High,0.99,2026-10-02
PRD05716,STU05716,,Low,Low,0.1555,2026-10-02
PRD05717,STU05717,,Low,Medium,0.8162,2026-10-02
PRD05718,STU05718,,High,High,0.99,2026-10-02
PRD05719,STU05719,,High,High,0.9839,2026-10-02
PRD05720,STU05720,,Medium,High,0.9649,2026-10-02
PRD05721,STU05721,,High,High,0.99,2026-10-02
PRD05722,STU05722,,Medium,Low,0.3795,2026-10-02
PRD05723,STU05723,,Low,Medium,0.9352,2026-10-02
PRD05724,STU05724,,Low,Medium,0.8755,2026-10-02
PRD05725,STU05725,,Medium,Medium,0.9363,2026-10-02
PRD05726,STU05726,,Low,Low,0.1021,2026-10-02
PRD05727,STU05727,,Low,Low,0.4474,2026-10-02
PRD05728,STU05728,,Low,High,0.99,2026-10-02
PRD05729,STU05729,,Low,Medium,0.6742,2026-10-02
PRD05730,STU05730,,Medium,High,0.9566,2026-10-02
PRD05731,STU05731,,Medium,Medium,0.9658,2026-10-02
PRD05732,STU05732,,Medium,Medium,0.9062,2026-10-02
PRD05733,STU05733,,Medium,Medium,0.8579,2026-10-02
PRD05734,STU05734,,Medium,High,0.9377,2026-10-02
PRD05735,STU05735,,Medium,Medium,0.9177,2026-10-02
PRD05736,STU05736,,Medium,High,0.9802,2026-10-02
PRD05737,STU05737,,Medium,Medium,0.6859,2026-10-02
PRD05738,STU05738,,Low,Medium,0.5899,2026-10-02
PRD05739,STU05739,,Medium,Medium,0.8347,2026-10-02
PRD05740,STU05740,,Medium,High,0.9591,2026-10-02
PRD05741,STU05741,,Low,Low,0.3967,2026-10-02
PRD05742,STU05742,,Medium,Medium,0.8868,2026-10-02
PRD05743,STU05743,,Medium,High,0.99,2026-10-02
PRD05744,STU05744,,Medium,Medium,0.91,2026-10-02
PRD05745,STU05745,,Low,Low,0.2708,2026-10-02
PRD05746,STU05746,,Low,Low,0.471,2026-10-02
PRD05747,STU05747,,Medium,Medium,0.9184,2026-10-02
PRD05748,STU05748,,Low,Medium,0.682,2026-10-02
PRD05749,STU05749,,Medium,Medium,0.809,2026-10-02
PRD05750,STU05750,,High,High,0.99,2026-10-02
PRD05751,STU05751,,Low,Medium,0.6124,2026-10-02
PRD05752,STU05752,,Medium,Medium,0.892,2026-10-02
PRD05753,STU05753,,Medium,High,0.99,2026-10-02
PRD05754,STU05754,,Medium,High,0.9561,2026-10-02
PRD05755,STU05755,,Low,Low,0.1818,2026-10-02
PRD05756,STU05756,,Low,Low,0.3183,2026-10-02
PRD05757,STU05757,,Low,Medium,0.7383,2026-10-02
PRD05758,STU05758,,Low,High,0.9342,2026-10-02
PRD05759,STU05759,,Medium,High,0.9856,2026-10-02
PRD05760,STU05760,,Medium,High,0.9766,2026-10-02
PRD05761,STU05761,,Medium,High,0.9669,2026-10-02
PRD05762,STU05762,,Medium,Medium,0.6062,2026-10-02
PRD05763,STU05763,,Medium,Medium,0.6512,2026-10-02
PRD05764,STU05764,,Low,Medium,0.768,2026-10-02
PRD05765,STU05765,,Medium,Medium,0.7393,2026-10-02
PRD05766,STU05766,,Low,Medium,0.7592,2026-10-02
PRD05767,STU05767,,Medium,Medium,0.9031,2026-10-02
PRD05768,STU05768,,Medium,High,0.99,2026-10-02
PRD05769,STU05769,,Low,Medium,0.6919,2026-10-02
PRD05770,STU05770,,High,High,0.99,2026-10-02
PRD05771,STU05771,,Medium,High,0.9847,2026-10-02
PRD05772,STU05772,,Medium,Medium,0.9717,2026-10-02
PRD05773,STU05773,,Medium,Medium,0.8932,2026-10-02
PRD05774,STU05774,,Medium,High,0.99,2026-10-02
PRD05775,STU05775,,Low,Low,0.1286,2026-10-02
PRD05776,STU05776,,High,High,0.968,2026-10-02
PRD05777,STU05777,,Medium,Medium,0.7425,2026-10-02
PRD05778,STU05778,,High,High,0.99,2026-10-02
PRD05779,STU05779,,Medium,High,0.99,2026-10-02
PRD05780,STU05780,,Medium,Medium,0.7347,2026-10-02
PRD05781,STU05781,,Low,Medium,0.7605,2026-10-02
PRD05782,STU05782,,Medium,High,0.99,2026-10-02
PRD05783,STU05783,,Medium,High,0.9668,2026-10-02
PRD05784,STU05784,,Low,Medium,0.9105,2026-10-02
PRD05785,STU05785,,Low,Low,0.4414,2026-10-02
PRD05786,STU05786,,Low,Medium,0.8022,2026-10-02
PRD05787,STU05787,,Low,Low,0.2448,2026-10-02
PRD05788,STU05788,,High,High,0.9706,2026-10-02
PRD05789,STU05789,,Low,Low,0.1356,2026-10-02
PRD05790,STU05790,,Medium,High,0.9617,2026-10-02
PRD05791,STU05791,,Medium,Medium,0.7634,2026-10-02
PRD05792,STU05792,,Medium,Medium,0.7611,2026-10-02
PRD05793,STU05793,,High,High,0.99,2026-10-02
PRD05794,STU05794,,Medium,Medium,0.6954,2026-10-02
PRD05795,STU05795,,Medium,Medium,0.8814,2026-10-02
PRD05796,STU05796,,Medium,Medium,0.922,2026-10-02
PRD05797,STU05797,,Low,Medium,0.763,2026-10-02
PRD05798,STU05798,,High,High,0.9767,2026-10-02
PRD05799,STU05799,,Medium,Medium,0.6777,2026-10-02
PRD05800,STU05800,,Low,Medium,0.7914,2026-10-02
PRD05801,STU05801,,Medium,Medium,0.9243,2026-10-02
PRD05802,STU05802,,Low,Medium,0.6113,2026-10-02
PRD05803,STU05803,,Medium,Medium,0.9032,2026-10-02
PRD05804,STU05804,,Low,Medium,0.8292,2026-10-02
PRD05805,STU05805,,Low,Medium,0.7392,2026-10-02
PRD05806,STU05806,,Low,Medium,0.569,2026-10-02
PRD05807,STU05807,,Low,Low,0.4449,2026-10-02
PRD05808,STU05808,,Low,Medium,0.5412,2026-10-02
PRD05809,STU05809,,Low,Medium,0.8953,2026-10-02
PRD05810,STU05810,,High,High,0.99,2026-10-02
PRD05811,STU05811,,Medium,Medium,0.898,2026-10-02
PRD05812,STU05812,,Low,Medium,0.7909,2026-10-02
PRD05813,STU05813,,High,High,0.9876,2026-10-02
PRD05814,STU05814,,Low,Medium,0.9188,2026-10-02
PRD05815,STU05815,,Medium,Medium,0.811,2026-10-02
PRD05816,STU05816,,Medium,Medium,0.8122,2026-10-02
PRD05817,STU05817,,Medium,Medium,0.8904,2026-10-02
PRD05818,STU05818,,Medium,Medium,0.8942,2026-10-02
PRD05819,STU05819,,Medium,High,0.9077,2026-10-02
PRD05820,STU05820,,Medium,High,0.9595,2026-10-02
PRD05821,STU05821,,Medium,Medium,0.6623,2026-10-02
PRD05822,STU05822,,High,High,0.99,2026-10-02
PRD05823,STU05823,,Medium,Medium,0.7879,2026-10-02
PRD05824,STU05824,,Low,Low,0.4268,2026-10-02
PRD05825,STU05825,,High,High,0.99,2026-10-02
PRD05826,STU05826,,High,High,0.9869,2026-10-02
PRD05827,STU05827,,Low,Medium,0.6957,2026-10-02
PRD05828,STU05828,,Medium,Medium,0.8625,2026-10-02
PRD05829,STU05829,,Low,Low,0.232,2026-10-02
PRD05830,STU05830,,Medium,High,0.9492,2026-10-02
PRD05831,STU05831,,Low,Low,0.3427,2026-10-02
PRD05832,STU05832,,Low,Low,0.3805,2026-10-02
PRD05833,STU05833,,Low,High,0.9671,2026-10-02
PRD05834,STU05834,,Low,Low,0.143,2026-10-02
PRD05835,STU05835,,Medium,High,0.9682,2026-10-02
PRD05836,STU05836,,Low,Low,0.3046,2026-10-02
PRD05837,STU05837,,High,High,0.9641,2026-10-02
PRD05838,STU05838,,Low,Low,0.3359,2026-10-02
PRD05839,STU05839,,High,High,0.99,2026-10-02
PRD05840,STU05840,,Low,Medium,0.6673,2026-10-02
PRD05841,STU05841,,Low,Medium,0.8938,2026-10-02
PRD05842,STU05842,,Medium,Medium,0.9396,2026-10-02
PRD05843,STU05843,,Medium,Medium,0.9258,2026-10-02
PRD05844,STU05844,,Low,Low,0.3456,2026-10-02
PRD05845,STU05845,,High,High,0.9898,2026-10-02
PRD05846,STU05846,,Low,Medium,0.617,2026-10-02
PRD05847,STU05847,,Low,Medium,0.5245,2026-10-02
PRD05848,STU05848,,Medium,High,0.99,2026-10-02
PRD05849,STU05849,,Low,Medium,0.5112,2026-10-02
PRD05850,STU05850,,Medium,High,0.9872,2026-10-02
PRD05851,STU05851,,Medium,High,0.9796,2026-10-02
PRD05852,STU05852,,High,High,0.9772,2026-10-02
PRD05853,STU05853,,Medium,Medium,0.8629,2026-10-02
PRD05854,STU05854,,Medium,High,0.9795,2026-10-02
PRD05855,STU05855,,Medium,High,0.9191,2026-10-02
PRD05856,STU05856,,Medium,Medium,0.87,2026-10-02
PRD05857,STU05857,,Medium,Medium,0.8069,2026-10-02
PRD05858,STU05858,,High,High,0.9852,2026-10-02
PRD05859,STU05859,,Low,Medium,0.7363,2026-10-02
PRD05860,STU05860,,Medium,Medium,0.9168,2026-10-02
PRD05861,STU05861,,Low,Medium,0.6621,2026-10-02
PRD05862,STU05862,,Medium,Medium,0.9584,2026-10-02
PRD05863,STU05863,,Medium,Medium,0.8531,2026-10-02
PRD05864,STU05864,,Medium,High,0.9445,2026-10-02
PRD05865,STU05865,,Low,Medium,0.8853,2026-10-02
PRD05866,STU05866,,Low,Low,0.1838,2026-10-02
PRD05867,STU05867,,Medium,High,0.9854,2026-10-02
PRD05868,STU05868,,High,High,0.9735,2026-10-02
PRD05869,STU05869,,Medium,Medium,0.5635,2026-10-02
PRD05870,STU05870,,Low,Low,0.3237,2026-10-02
PRD05871,STU05871,,High,High,0.99,2026-10-02
PRD05872,STU05872,,Medium,Medium,0.9744,2026-10-02
PRD05873,STU05873,,Low,Low,0.2821,2026-10-02
PRD05874,STU05874,,Medium,Medium,0.9167,2026-10-02
PRD05875,STU05875,,High,High,0.99,2026-10-02
PRD05876,STU05876,,High,High,0.99,2026-10-02
PRD05877,STU05877,,Medium,Medium,0.9027,2026-10-02
PRD05878,STU05878,,Low,Medium,0.59,2026-10-02
PRD05879,STU05879,,Low,Medium,0.5869,2026-10-02
PRD05880,STU05880,,Medium,Medium,0.8969,2026-10-02
PRD05881,STU05881,,High,High,0.99,2026-10-02
PRD05882,STU05882,,Medium,High,0.9857,2026-10-02
PRD05883,STU05883,,Low,Low,0.2171,2026-10-02
PRD05884,STU05884,,Medium,Medium,0.8654,2026-10-02
PRD05885,STU05885,,Medium,Medium,0.8204,2026-10-02
PRD05886,STU05886,,High,High,0.99,2026-10-02
PRD05887,STU05887,,Medium,High,0.9609,2026-10-02
PRD05888,STU05888,,Medium,Medium,0.633,2026-10-02
PRD05889,STU05889,,High,High,0.99,2026-10-02
PRD05890,STU05890,,Medium,Medium,0.9548,2026-10-02
PRD05891,STU05891,,Medium,Medium,0.9402,2026-10-02
PRD05892,STU05892,,Medium,Medium,0.7101,2026-10-02
PRD05893,STU05893,,High,High,0.9858,2026-10-02
PRD05894,STU05894,,Medium,Medium,0.7728,2026-10-02
PRD05895,STU05895,,Medium,High,0.99,2026-10-02
PRD05896,STU05896,,Medium,High,0.954,2026-10-02
PRD05897,STU05897,,Low,Medium,0.618,2026-10-02
PRD05898,STU05898,,Medium,High,0.9073,2026-10-02
PRD05899,STU05899,,Medium,High,0.99,2026-10-02
PRD05900,STU05900,,Medium,High,0.99,2026-10-02
PRD05901,STU05901,,Low,Low,0.1454,2026-10-02
PRD05902,STU05902,,Low,Medium,0.5217,2026-10-02
PRD05903,STU05903,,Medium,Medium,0.9179,2026-10-02
PRD05904,STU05904,,Medium,High,0.9756,2026-10-02
PRD05905,STU05905,,Low,Low,0.4206,2026-10-02
PRD05906,STU05906,,Medium,Medium,0.6185,2026-10-02
PRD05907,STU05907,,Medium,Medium,0.8351,2026-10-02
PRD05908,STU05908,,Low,Medium,0.5483,2026-10-02
PRD05909,STU05909,,Low,Medium,0.7259,2026-10-02
PRD05910,STU05910,,Medium,High,0.9485,2026-10-02
PRD05911,STU05911,,Medium,Medium,0.7614,2026-10-02
PRD05912,STU05912,,Medium,High,0.9435,2026-10-02
PRD05913,STU05913,,Medium,Medium,0.8357,2026-10-02
PRD05914,STU05914,,Medium,High,0.99,2026-10-02
PRD05915,STU05915,,High,High,0.99,2026-10-02
PRD05916,STU05916,,Medium,Low,0.3303,2026-10-02
PRD05917,STU05917,,Low,Medium,0.9444,2026-10-02
PRD05918,STU05918,,Low,Medium,0.7437,2026-10-02
PRD05919,STU05919,,Medium,Medium,0.8819,2026-10-02
PRD05920,STU05920,,Low,Low,0.0649,2026-10-02
PRD05921,STU05921,,Medium,Medium,0.7039,2026-10-02
PRD05922,STU05922,,Medium,High,0.9728,2026-10-02
PRD05923,STU05923,,Medium,Medium,0.9218,2026-10-02
PRD05924,STU05924,,Low,Low,0.2657,2026-10-02
PRD05925,STU05925,,Low,Low,0.1514,2026-10-02
PRD05926,STU05926,,Medium,High,0.9448,2026-10-02
PRD05927,STU05927,,Medium,Medium,0.8803,2026-10-02
PRD05928,STU05928,,Low,Medium,0.7199,2026-10-02
PRD05929,STU05929,,Medium,Medium,0.7609,2026-10-02
PRD05930,STU05930,,Medium,Medium,0.9344,2026-10-02
PRD05931,STU05931,,Medium,High,0.99,2026-10-02
PRD05932,STU05932,,Low,Low,0.2341,2026-10-02
PRD05933,STU05933,,Medium,High,0.99,2026-10-02
PRD05934,STU05934,,Medium,Medium,0.7547,2026-10-02
PRD05935,STU05935,,Medium,Medium,0.768,2026-10-02
PRD05936,STU05936,,Medium,High,0.9869,2026-10-02
PRD05937,STU05937,,Medium,Medium,0.928,2026-10-02
PRD05938,STU05938,,Low,Medium,0.6421,2026-10-02
PRD05939,STU05939,,Medium,Medium,0.7653,2026-10-02
PRD05940,STU05940,,Medium,High,0.9301,2026-10-02
PRD05941,STU05941,,Low,High,0.9632,2026-10-02
PRD05942,STU05942,,Medium,High,0.9412,2026-10-02
PRD05943,STU05943,,High,High,0.99,2026-10-02
PRD05944,STU05944,,High,High,0.99,2026-10-02
PRD05945,STU05945,,Medium,High,0.99,2026-10-02
PRD05946,STU05946,,Medium,High,0.9574,2026-10-02
PRD05947,STU05947,,Medium,Medium,0.9019,2026-10-02
PRD05948,STU05948,,Medium,Medium,0.8586,2026-10-02
PRD05949,STU05949,,Medium,High,0.9752,2026-10-02
PRD05950,STU05950,,Low,High,0.9757,2026-10-02
PRD05951,STU05951,,Medium,High,0.9286,2026-10-02
PRD05952,STU05952,,Low,Medium,0.8615,2026-10-02
PRD05953,STU05953,,Low,Medium,0.6904,2026-10-02
PRD05954,STU05954,,Low,Medium,0.8887,2026-10-02
PRD05955,STU05955,,Medium,High,0.9527,2026-10-02
PRD05956,STU05956,,Medium,Medium,0.9242,2026-10-02
PRD05957,STU05957,,Low,Low,0.4241,2026-10-02
PRD05958,STU05958,,Medium,High,0.99,2026-10-02
PRD05959,STU05959,,Medium,High,0.9269,2026-10-02
PRD05960,STU05960,,Medium,High,0.99,2026-10-02
PRD05961,STU05961,,High,High,0.99,2026-10-02
PRD05962,STU05962,,High,High,0.99,2026-10-02
PRD05963,STU05963,,Medium,Medium,0.9235,2026-10-02
PRD05964,STU05964,,Medium,Medium,0.7454,2026-10-02
PRD05965,STU05965,,Medium,High,0.99,2026-10-02
PRD05966,STU05966,,Medium,High,0.9606,2026-10-02
PRD05967,STU05967,,Medium,Medium,0.7629,2026-10-02
PRD05968,STU05968,,Medium,High,0.9304,2026-10-02
PRD05969,STU05969,,High,High,0.99,2026-10-02
PRD05970,STU05970,,Medium,Medium,0.9152,2026-10-02
PRD05971,STU05971,,Low,Medium,0.7852,2026-10-02
PRD05972,STU05972,,Medium,High,0.9559,2026-10-02
PRD05973,STU05973,,Medium,Medium,0.9433,2026-10-02
PRD05974,STU05974,,High,High,0.9729,2026-10-02
PRD05975,STU05975,,Low,Medium,0.8575,2026-10-02
PRD05976,STU05976,,Medium,High,0.9373,2026-10-02
PRD05977,STU05977,,Low,Medium,0.6981,2026-10-02
PRD05978,STU05978,,Low,Low,0.2438,2026-10-02
PRD05979,STU05979,,Low,Low,0.1405,2026-10-02
PRD05980,STU05980,,Medium,Medium,0.729,2026-10-02
PRD05981,STU05981,,Medium,Medium,0.874,2026-10-02
PRD05982,STU05982,,Medium,High,0.9497,2026-10-02
PRD05983,STU05983,,Medium,High,0.99,2026-10-02
PRD05984,STU05984,,Medium,Medium,0.8206,2026-10-02
PRD05985,STU05985,,Medium,Medium,0.9268,2026-10-02
PRD05986,STU05986,,Medium,Medium,0.9357,2026-10-02
PRD05987,STU05987,,Medium,Medium,0.7509,2026-10-02
PRD05988,STU05988,,Medium,Medium,0.8756,2026-10-02
PRD05989,STU05989,,Low,Low,0.1993,2026-10-02
PRD05990,STU05990,,Low,Low,0.2635,2026-10-02
PRD05991,STU05991,,Medium,High,0.9652,2026-10-02
PRD05992,STU05992,,Medium,High,0.9029,2026-10-02
PRD05993,STU05993,,Low,Medium,0.7216,2026-10-02
PRD05994,STU05994,,Medium,High,0.9568,2026-10-02
PRD05995,STU05995,,Low,Medium,0.5392,2026-10-02
PRD05996,STU05996,,Medium,Medium,0.8202,2026-10-02
PRD05997,STU05997,,High,High,0.99,2026-10-02
PRD05998,STU05998,,Low,Low,0.4937,2026-10-02
PRD05999,STU05999,,Medium,Medium,0.9144,2026-10-02
PRD06000,STU06000,,High,High,0.9744,2026-10-02
PRD06001,STU06001,,Medium,High,0.9528,2026-10-02
PRD06002,STU06002,,Medium,Medium,0.9262,2026-10-02
PRD06003,STU06003,,Medium,Medium,0.891,2026-10-02
PRD06004,STU06004,,Medium,High,0.9803,2026-10-02
PRD06005,STU06005,,Low,Medium,0.8338,2026-10-02
PRD06006,STU06006,,Low,High,0.9272,2026-10-02
PRD06007,STU06007,,High,High,0.99,2026-10-02
PRD06008,STU06008,,High,High,0.99,2026-10-02
PRD06009,STU06009,,Low,Medium,0.8294,2026-10-02
PRD06010,STU06010,,Low,Medium,0.7841,2026-10-02
PRD06011,STU06011,,Medium,High,0.99,2026-10-02
PRD06012,STU06012,,Medium,Medium,0.8568,2026-10-02
PRD06013,STU06013,,Medium,Medium,0.9622,2026-10-02
PRD06014,STU06014,,Medium,Medium,0.8761,2026-10-02
PRD06015,STU06015,,High,Medium,0.9755,2026-10-02
PRD06016,STU06016,,Medium,High,0.9717,2026-10-02
PRD06017,STU06017,,High,High,0.9844,2026-10-02
PRD06018,STU06018,,Medium,High,0.9739,2026-10-02
PRD06019,STU06019,,Medium,Medium,0.8423,2026-10-02
PRD06020,STU06020,,Medium,Medium,0.9453,2026-10-02
PRD06021,STU06021,,Low,Low,0.4757,2026-10-02
PRD06022,STU06022,,Low,Low,0.5264,2026-10-02
PRD06023,STU06023,,Medium,Medium,0.5773,2026-10-02
PRD06024,STU06024,,Medium,High,0.99,2026-10-02
PRD06025,STU06025,,High,High,0.961,2026-10-02
PRD06026,STU06026,,Low,Low,0.1949,2026-10-02
PRD06027,STU06027,,Low,Medium,0.519,2026-10-02
PRD06028,STU06028,,Low,Low,0.457,2026-10-02
PRD06029,STU06029,,Low,Medium,0.7673,2026-10-02
PRD06030,STU06030,,Medium,Medium,0.8092,2026-10-02
PRD06031,STU06031,,Medium,Medium,0.9145,2026-10-02
PRD06032,STU06032,,Low,Medium,0.8422,2026-10-02
PRD06033,STU06033,,Medium,High,0.9701,2026-10-02
PRD06034,STU06034,,High,High,0.9381,2026-10-02
PRD06035,STU06035,,Medium,High,0.972,2026-10-02
PRD06036,STU06036,,Low,Medium,0.5579,2026-10-02
PRD06037,STU06037,,High,High,0.99,2026-10-02
PRD06038,STU06038,,Low,Low,0.3155,2026-10-02
PRD06039,STU06039,,Medium,Medium,0.7834,2026-10-02
PRD06040,STU06040,,Low,Medium,0.6276,2026-10-02
PRD06041,STU06041,,High,High,0.983,2026-10-02
PRD06042,STU06042,,Medium,High,0.9827,2026-10-02
PRD06043,STU06043,,Medium,Medium,0.8816,2026-10-02
PRD06044,STU06044,,Low,Medium,0.8971,2026-10-02
PRD06045,STU06045,,Medium,Medium,0.8721,2026-10-02
PRD06046,STU06046,,Medium,Medium,0.6251,2026-10-02
PRD06047,STU06047,,Low,High,0.9706,2026-10-02
PRD06048,STU06048,,Medium,Medium,0.9051,2026-10-02
PRD06049,STU06049,,Medium,High,0.9479,2026-10-02
PRD06050,STU06050,,High,High,0.9471,2026-10-02
PRD06051,STU06051,,Medium,Medium,0.7364,2026-10-02
PRD06052,STU06052,,Low,Low,0.3635,2026-10-02
PRD06053,STU06053,,Medium,Medium,0.7627,2026-10-02
PRD06054,STU06054,,Low,Medium,0.6207,2026-10-02
PRD06055,STU06055,,Low,Low,0.4009,2026-10-02
PRD06056,STU06056,,Medium,High,0.9792,2026-10-02
PRD06057,STU06057,,Medium,Medium,0.8939,2026-10-02
PRD06058,STU06058,,High,High,0.99,2026-10-02
PRD06059,STU06059,,Medium,High,0.99,2026-10-02
PRD06060,STU06060,,Medium,Medium,0.7354,2026-10-02
PRD06061,STU06061,,Medium,High,0.9633,2026-10-02
PRD06062,STU06062,,Low,Low,0.2586,2026-10-02
PRD06063,STU06063,,Medium,High,0.9656,2026-10-02
PRD06064,STU06064,,Medium,Medium,0.8797,2026-10-02
PRD06065,STU06065,,Medium,High,0.9538,2026-10-02
PRD06066,STU06066,,Low,Medium,0.8344,2026-10-02
PRD06067,STU06067,,Low,Low,0.2406,2026-10-02
PRD06068,STU06068,,Medium,Medium,0.8781,2026-10-02
PRD06069,STU06069,,Medium,Medium,0.8428,2026-10-02
PRD06070,STU06070,,Low,Medium,0.6524,2026-10-02
PRD06071,STU06071,,Medium,Medium,0.9115,2026-10-02
PRD06072,STU06072,,High,High,0.99,2026-10-02
PRD06073,STU06073,,Low,Low,0.0895,2026-10-02
PRD06074,STU06074,,Low,Low,0.2095,2026-10-02
PRD06075,STU06075,,Medium,Medium,0.9782,2026-10-02
PRD06076,STU06076,,High,Medium,0.781,2026-10-02
PRD06077,STU06077,,Low,Low,0.2663,2026-10-02
PRD06078,STU06078,,Medium,Medium,0.8809,2026-10-02
PRD06079,STU06079,,Medium,Medium,0.8907,2026-10-02
PRD06080,STU06080,,Medium,Medium,0.8214,2026-10-02
PRD06081,STU06081,,Medium,Medium,0.7881,2026-10-02
PRD06082,STU06082,,Low,Medium,0.7195,2026-10-02
PRD06083,STU06083,,Low,High,0.9676,2026-10-02
PRD06084,STU06084,,Low,Low,0.3789,2026-10-02
PRD06085,STU06085,,High,High,0.984,2026-10-02
PRD06086,STU06086,,Medium,Medium,0.9411,2026-10-02
PRD06087,STU06087,,Low,Low,0.4324,2026-10-02
PRD06088,STU06088,,Medium,High,0.99,2026-10-02
PRD06089,STU06089,,Medium,High,0.99,2026-10-02
PRD06090,STU06090,,Low,Medium,0.7898,2026-10-02
PRD06091,STU06091,,Low,Medium,0.4767,2026-10-02
PRD06092,STU06092,,Medium,Medium,0.9861,2026-10-02
PRD06093,STU06093,,Medium,Low,0.4666,2026-10-02
PRD06094,STU06094,,Low,Medium,0.6268,2026-10-02
PRD06095,STU06095,,Low,Low,0.3119,2026-10-02
PRD06096,STU06096,,High,High,0.9802,2026-10-02
PRD06097,STU06097,,Low,Low,0.4719,2026-10-02
PRD06098,STU06098,,High,High,0.99,2026-10-02
PRD06099,STU06099,,Low,Medium,0.9548,2026-10-02
PRD06100,STU06100,,Medium,Medium,0.7383,2026-10-02
PRD06101,STU06101,,Low,Medium,0.5516,2026-10-02
PRD06102,STU06102,,Low,Medium,0.8437,2026-10-02
PRD06103,STU06103,,Low,Low,0.1756,2026-10-02
PRD06104,STU06104,,High,High,0.9814,2026-10-02
PRD06105,STU06105,,Low,Medium,0.5819,2026-10-02
PRD06106,STU06106,,High,High,0.99,2026-10-02
PRD06107,STU06107,,Low,Low,0.4445,2026-10-02
PRD06108,STU06108,,High,High,0.99,2026-10-02
PRD06109,STU06109,,Medium,High,0.99,2026-10-02
PRD06110,STU06110,,Medium,Medium,0.662,2026-10-02
PRD06111,STU06111,,Low,Medium,0.5983,2026-10-02
PRD06112,STU06112,,High,High,0.99,2026-10-02
PRD06113,STU06113,,Medium,High,0.9592,2026-10-02
PRD06114,STU06114,,High,High,0.9845,2026-10-02
PRD06115,STU06115,,Low,Medium,0.7571,2026-10-02
PRD06116,STU06116,,Low,Low,0.1194,2026-10-02
PRD06117,STU06117,,Medium,Medium,0.8075,2026-10-02
PRD06118,STU06118,,Medium,High,0.9759,2026-10-02
PRD06119,STU06119,,Medium,Medium,0.6755,2026-10-02
PRD06120,STU06120,,Medium,Medium,0.8825,2026-10-02
PRD06121,STU06121,,Medium,Medium,0.9361,2026-10-02
PRD06122,STU06122,,Low,Low,0.2022,2026-10-02
PRD06123,STU06123,,Medium,Medium,0.8638,2026-10-02
PRD06124,STU06124,,Medium,High,0.9383,2026-10-02
PRD06125,STU06125,,Low,Medium,0.8447,2026-10-02
PRD06126,STU06126,,Medium,High,0.9787,2026-10-02
PRD06127,STU06127,,Medium,Medium,0.794,2026-10-02
PRD06128,STU06128,,Medium,Medium,0.5609,2026-10-02
PRD06129,STU06129,,High,High,0.99,2026-10-02
PRD06130,STU06130,,High,High,0.99,2026-10-02
PRD06131,STU06131,,Medium,High,0.9638,2026-10-02
PRD06132,STU06132,,Low,Medium,0.6646,2026-10-02
PRD06133,STU06133,,Medium,High,0.99,2026-10-02
PRD06134,STU06134,,Low,Medium,0.4924,2026-10-02
PRD06135,STU06135,,Low,Low,0.266,2026-10-02
PRD06136,STU06136,,Medium,Medium,0.9229,2026-10-02
PRD06137,STU06137,,Medium,Medium,0.8983,2026-10-02
PRD06138,STU06138,,High,High,0.99,2026-10-02
PRD06139,STU06139,,Low,High,0.9637,2026-10-02
PRD06140,STU06140,,High,High,0.99,2026-10-02
PRD06141,STU06141,,Medium,Medium,0.8167,2026-10-02
PRD06142,STU06142,,High,High,0.99,2026-10-02
PRD06143,STU06143,,Low,Low,0.3928,2026-10-02
PRD06144,STU06144,,Medium,High,0.8917,2026-10-02
PRD06145,STU06145,,Medium,Medium,0.8959,2026-10-02
PRD06146,STU06146,,Medium,Medium,0.7436,2026-10-02
PRD06147,STU06147,,Medium,Medium,0.8368,2026-10-02
PRD06148,STU06148,,Low,Low,0.3363,2026-10-02
PRD06149,STU06149,,Medium,High,0.9863,2026-10-02
PRD06150,STU06150,,Medium,Medium,0.9192,2026-10-02
PRD06151,STU06151,,Medium,High,0.9714,2026-10-02
PRD06152,STU06152,,Low,Low,0.2331,2026-10-02
PRD06153,STU06153,,Medium,Medium,0.765,2026-10-02
PRD06154,STU06154,,Medium,Medium,0.8202,2026-10-02
PRD06155,STU06155,,Medium,Low,0.3038,2026-10-02
PRD06156,STU06156,,Medium,Medium,0.787,2026-10-02
PRD06157,STU06157,,Medium,High,0.9853,2026-10-02
PRD06158,STU06158,,Medium,High,0.9703,2026-10-02
PRD06159,STU06159,,Medium,Medium,0.8048,2026-10-02
PRD06160,STU06160,,Low,Medium,0.5676,2026-10-02
PRD06161,STU06161,,Medium,High,0.9633,2026-10-02
PRD06162,STU06162,,Medium,High,0.99,2026-10-02
PRD06163,STU06163,,Medium,Low,0.4343,2026-10-02
PRD06164,STU06164,,Low,Medium,0.6936,2026-10-02
PRD06165,STU06165,,Medium,High,0.9861,2026-10-02
PRD06166,STU06166,,Low,Low,0.4831,2026-10-02
PRD06167,STU06167,,Medium,Medium,0.5694,2026-10-02
PRD06168,STU06168,,Low,Medium,0.629,2026-10-02
PRD06169,STU06169,,High,High,0.99,2026-10-02
PRD06170,STU06170,,Low,Medium,0.87,2026-10-02
PRD06171,STU06171,,Low,Medium,0.5744,2026-10-02
PRD06172,STU06172,,Medium,Medium,0.8834,2026-10-02
PRD06173,STU06173,,Medium,High,0.99,2026-10-02
PRD06174,STU06174,,Low,Medium,0.5269,2026-10-02
PRD06175,STU06175,,Medium,Medium,0.7879,2026-10-02
PRD06176,STU06176,,Medium,Medium,0.8153,2026-10-02
PRD06177,STU06177,,Low,Low,0.2878,2026-10-02
PRD06178,STU06178,,Low,Low,0.2869,2026-10-02
PRD06179,STU06179,,Medium,Medium,0.9077,2026-10-02
PRD06180,STU06180,,Medium,Medium,0.9224,2026-10-02
PRD06181,STU06181,,Medium,High,0.9598,2026-10-02
PRD06182,STU06182,,Medium,Medium,0.7478,2026-10-02
PRD06183,STU06183,,Medium,Medium,0.8793,2026-10-02
PRD06184,STU06184,,Medium,Medium,0.852,2026-10-02
PRD06185,STU06185,,Low,High,0.99,2026-10-02
PRD06186,STU06186,,Low,Medium,0.6777,2026-10-02
PRD06187,STU06187,,High,High,0.99,2026-10-02
PRD06188,STU06188,,Low,Low,0.4067,2026-10-02
PRD06189,STU06189,,Medium,Medium,0.9287,2026-10-02
PRD06190,STU06190,,Low,Low,0.4641,2026-10-02
PRD06191,STU06191,,Medium,Medium,0.8963,2026-10-02
PRD06192,STU06192,,Low,Low,0.1485,2026-10-02
PRD06193,STU06193,,High,High,0.99,2026-10-02
PRD06194,STU06194,,High,High,0.99,2026-10-02
PRD06195,STU06195,,Low,Medium,0.9408,2026-10-02
PRD06196,STU06196,,Medium,Medium,0.9089,2026-10-02
PRD06197,STU06197,,Low,Low,0.3046,2026-10-02
PRD06198,STU06198,,Medium,High,0.99,2026-10-02
PRD06199,STU06199,,Medium,Medium,0.9032,2026-10-02
PRD06200,STU06200,,Low,Low,0.4548,2026-10-02
PRD06201,STU06201,,Medium,Medium,0.9584,2026-10-02
PRD06202,STU06202,,Low,Low,0.3266,2026-10-02
PRD06203,STU06203,,Medium,High,0.9378,2026-10-02
PRD06204,STU06204,,Medium,Medium,0.89,2026-10-02
PRD06205,STU06205,,Low,Medium,0.6697,2026-10-02
PRD06206,STU06206,,Low,Medium,0.6072,2026-10-02
PRD06207,STU06207,,Low,Medium,0.7668,2026-10-02
PRD06208,STU06208,,Low,Low,0.0891,2026-10-02
PRD06209,STU06209,,Medium,Medium,0.8865,2026-10-02
PRD06210,STU06210,,Low,Medium,0.6741,2026-10-02
PRD06211,STU06211,,Low,Medium,0.7562,2026-10-02
PRD06212,STU06212,,Low,Low,0.2044,2026-10-02
PRD06213,STU06213,,Medium,High,0.99,2026-10-02
PRD06214,STU06214,,Medium,High,0.99,2026-10-02
PRD06215,STU06215,,Medium,Medium,0.743,2026-10-02
PRD06216,STU06216,,Medium,High,0.9615,2026-10-02
PRD06217,STU06217,,Medium,High,0.9294,2026-10-02
PRD06218,STU06218,,Low,Medium,0.7929,2026-10-02
PRD06219,STU06219,,High,High,0.976,2026-10-02
PRD06220,STU06220,,Low,Medium,0.6482,2026-10-02
PRD06221,STU06221,,Medium,High,0.9748,2026-10-02
PRD06222,STU06222,,Medium,High,0.99,2026-10-02
PRD06223,STU06223,,Low,Low,0.1832,2026-10-02
PRD06224,STU06224,,Medium,High,0.99,2026-10-02
PRD06225,STU06225,,Low,Medium,0.5297,2026-10-02
PRD06226,STU06226,,High,High,0.99,2026-10-02
PRD06227,STU06227,,Low,Low,0.5126,2026-10-02
PRD06228,STU06228,,Medium,Medium,0.5463,2026-10-02
PRD06229,STU06229,,Low,Medium,0.5646,2026-10-02
PRD06230,STU06230,,Low,Low,0.1407,2026-10-02
PRD06231,STU06231,,Medium,High,0.99,2026-10-02
PRD06232,STU06232,,Low,Medium,0.6235,2026-10-02
PRD06233,STU06233,,Low,Low,0.2899,2026-10-02
PRD06234,STU06234,,Medium,High,0.99,2026-10-02
PRD06235,STU06235,,Low,Medium,0.745,2026-10-02
PRD06236,STU06236,,High,High,0.9899,2026-10-02
PRD06237,STU06237,,High,High,0.99,2026-10-02
PRD06238,STU06238,,Low,Low,0.1792,2026-10-02
PRD06239,STU06239,,Low,Medium,0.5907,2026-10-02
PRD06240,STU06240,,Low,Low,0.4157,2026-10-02
PRD06241,STU06241,,Low,Medium,0.6372,2026-10-02
PRD06242,STU06242,,Low,Medium,0.7474,2026-10-02
PRD06243,STU06243,,High,High,0.99,2026-10-02
PRD06244,STU06244,,Low,Medium,0.6827,2026-10-02
PRD06245,STU06245,,Medium,High,0.9171,2026-10-02
PRD06246,STU06246,,Medium,High,0.9541,2026-10-02
PRD06247,STU06247,,Medium,High,0.9505,2026-10-02
PRD06248,STU06248,,Medium,Medium,0.9102,2026-10-02
PRD06249,STU06249,,Low,Low,0.3445,2026-10-02
PRD06250,STU06250,,Medium,Medium,0.8584,2026-10-02
PRD06251,STU06251,,Low,Low,0.4854,2026-10-02
PRD06252,STU06252,,Low,Low,0.4612,2026-10-02
PRD06253,STU06253,,Low,Medium,0.6352,2026-10-02
PRD06254,STU06254,,High,High,0.9417,2026-10-02
PRD06255,STU06255,,Low,Low,0.4584,2026-10-02
PRD06256,STU06256,,Low,Medium,0.9233,2026-10-02
PRD06257,STU06257,,Medium,High,0.962,2026-10-02
PRD06258,STU06258,,Low,Medium,0.6112,2026-10-02
PRD06259,STU06259,,Medium,High,0.99,2026-10-02
PRD06260,STU06260,,Medium,Medium,0.6764,2026-10-02
PRD06261,STU06261,,Low,Low,0.4131,2026-10-02
PRD06262,STU06262,,Medium,Medium,0.9118,2026-10-02
PRD06263,STU06263,,Medium,Medium,0.8741,2026-10-02
PRD06264,STU06264,,Medium,Medium,0.9464,2026-10-02
PRD06265,STU06265,,Low,Low,0.3479,2026-10-02
PRD06266,STU06266,,Medium,Medium,0.7751,2026-10-02
PRD06267,STU06267,,High,High,0.99,2026-10-02
PRD06268,STU06268,,Medium,Medium,0.9343,2026-10-02
PRD06269,STU06269,,Medium,High,0.9569,2026-10-02
PRD06270,STU06270,,Medium,Medium,0.864,2026-10-02
PRD06271,STU06271,,High,High,0.99,2026-10-02
PRD06272,STU06272,,Low,Medium,0.7519,2026-10-02
PRD06273,STU06273,,Low,Medium,0.9292,2026-10-02
PRD06274,STU06274,,Low,Medium,0.663,2026-10-02
PRD06275,STU06275,,Medium,Medium,0.9263,2026-10-02
PRD06276,STU06276,,Low,Low,0.413,2026-10-02
PRD06277,STU06277,,Low,Medium,0.8057,2026-10-02
PRD06278,STU06278,,Low,High,0.942,2026-10-02
PRD06279,STU06279,,Medium,High,0.9378,2026-10-02
PRD06280,STU06280,,Medium,Medium,0.9598,2026-10-02
PRD06281,STU06281,,Low,Medium,0.9304,2026-10-02
PRD06282,STU06282,,Medium,High,0.99,2026-10-02
PRD06283,STU06283,,Medium,Medium,0.8998,2026-10-02
PRD06284,STU06284,,Medium,High,0.9461,2026-10-02
PRD06285,STU06285,,Low,Medium,0.6143,2026-10-02
PRD06286,STU06286,,Low,Low,0.4215,2026-10-02
PRD06287,STU06287,,Low,Low,0.2668,2026-10-02
PRD06288,STU06288,,High,High,0.99,2026-10-02
PRD06289,STU06289,,Medium,High,0.962,2026-10-02
PRD06290,STU06290,,High,High,0.99,2026-10-02
PRD06291,STU06291,,Medium,High,0.9601,2026-10-02
PRD06292,STU06292,,Medium,Medium,0.9241,2026-10-02
PRD06293,STU06293,,High,High,0.99,2026-10-02
PRD06294,STU06294,,Medium,High,0.9569,2026-10-02
PRD06295,STU06295,,Low,Low,0.1808,2026-10-02
PRD06296,STU06296,,Low,Medium,0.9152,2026-10-02
PRD06297,STU06297,,Low,Medium,0.6684,2026-10-02
PRD06298,STU06298,,Low,Medium,0.8976,2026-10-02
PRD06299,STU06299,,Medium,Medium,0.9566,2026-10-02
PRD06300,STU06300,,Medium,Medium,0.8579,2026-10-02
PRD06301,STU06301,,Medium,High,0.9688,2026-10-02
PRD06302,STU06302,,Medium,High,0.9525,2026-10-02
PRD06303,STU06303,,Medium,Medium,0.6805,2026-10-02
PRD06304,STU06304,,Low,Medium,0.6939,2026-10-02
PRD06305,STU06305,,Medium,Medium,0.8102,2026-10-02
PRD06306,STU06306,,Low,Low,0.1022,2026-10-02
PRD06307,STU06307,,Medium,Medium,0.8848,2026-10-02
PRD06308,STU06308,,Low,Low,0.1146,2026-10-02
PRD06309,STU06309,,Low,Low,0.1619,2026-10-02
PRD06310,STU06310,,Medium,Medium,0.929,2026-10-02
PRD06311,STU06311,,Low,Medium,0.71,2026-10-02
PRD06312,STU06312,,Medium,Medium,0.7676,2026-10-02
PRD06313,STU06313,,Medium,High,0.9606,2026-10-02
PRD06314,STU06314,,Medium,High,0.99,2026-10-02
PRD06315,STU06315,,High,High,0.99,2026-10-02
PRD06316,STU06316,,Low,Medium,0.5706,2026-10-02
PRD06317,STU06317,,Low,Low,0.4708,2026-10-02
PRD06318,STU06318,,High,High,0.99,2026-10-02
PRD06319,STU06319,,Medium,High,0.99,2026-10-02
PRD06320,STU06320,,Low,Medium,0.8686,2026-10-02
PRD06321,STU06321,,Low,High,0.9678,2026-10-02
PRD06322,STU06322,,Medium,High,0.9372,2026-10-02
PRD06323,STU06323,,Medium,Medium,0.8768,2026-10-02
PRD06324,STU06324,,Medium,High,0.9425,2026-10-02
PRD06325,STU06325,,Medium,Low,0.3633,2026-10-02
PRD06326,STU06326,,Low,Medium,0.6197,2026-10-02
PRD06327,STU06327,,Low,Medium,0.5875,2026-10-02
PRD06328,STU06328,,Medium,Medium,0.9354,2026-10-02
PRD06329,STU06329,,Medium,Medium,0.6111,2026-10-02
PRD06330,STU06330,,Low,Medium,0.5335,2026-10-02
PRD06331,STU06331,,Medium,High,0.9791,2026-10-02
PRD06332,STU06332,,Low,Medium,0.6031,2026-10-02
PRD06333,STU06333,,Low,Medium,0.802,2026-10-02
PRD06334,STU06334,,Low,Medium,0.7441,2026-10-02
PRD06335,STU06335,,Medium,High,0.9524,2026-10-02
PRD06336,STU06336,,Low,Medium,0.6629,2026-10-02
PRD06337,STU06337,,Medium,Medium,0.8871,2026-10-02
PRD06338,STU06338,,Medium,Medium,0.9203,2026-10-02
PRD06339,STU06339,,Medium,Medium,0.9002,2026-10-02
PRD06340,STU06340,,Medium,High,0.9373,2026-10-02
PRD06341,STU06341,,Medium,High,0.9391,2026-10-02
PRD06342,STU06342,,Medium,Medium,0.9005,2026-10-02
PRD06343,STU06343,,Medium,Medium,0.8581,2026-10-02
PRD06344,STU06344,,High,High,0.99,2026-10-02
PRD06345,STU06345,,Medium,Medium,0.7924,2026-10-02
PRD06346,STU06346,,Medium,High,0.9521,2026-10-02
PRD06347,STU06347,,Medium,Medium,0.9594,2026-10-02
PRD06348,STU06348,,High,High,0.99,2026-10-02
PRD06349,STU06349,,Medium,Medium,0.907,2026-10-02
PRD06350,STU06350,,Medium,Medium,0.8562,2026-10-02
PRD06351,STU06351,,Low,High,0.99,2026-10-02
PRD06352,STU06352,,High,High,0.99,2026-10-02
PRD06353,STU06353,,Medium,High,0.9246,2026-10-02
PRD06354,STU06354,,High,High,0.99,2026-10-02
PRD06355,STU06355,,Medium,Medium,0.7286,2026-10-02
PRD06356,STU06356,,Medium,Medium,0.8389,2026-10-02
PRD06357,STU06357,,Low,Medium,0.583,2026-10-02
PRD06358,STU06358,,Medium,Medium,0.9257,2026-10-02
PRD06359,STU06359,,Low,Low,0.3386,2026-10-02
PRD06360,STU06360,,Medium,Medium,0.8776,2026-10-02
PRD06361,STU06361,,Low,Low,0.3839,2026-10-02
PRD06362,STU06362,,High,High,0.933,2026-10-02
PRD06363,STU06363,,Medium,Medium,0.8913,2026-10-02
PRD06364,STU06364,,Low,Low,0.1404,2026-10-02
PRD06365,STU06365,,Medium,High,0.9765,2026-10-02
PRD06366,STU06366,,Low,Medium,0.8488,2026-10-02
PRD06367,STU06367,,High,High,0.9754,2026-10-02
PRD06368,STU06368,,Medium,High,0.99,2026-10-02
PRD06369,STU06369,,Medium,High,0.9569,2026-10-02
PRD06370,STU06370,,Medium,Low,0.4566,2026-10-02
PRD06371,STU06371,,Low,Medium,0.6739,2026-10-02
PRD06372,STU06372,,Medium,Medium,0.8701,2026-10-02
PRD06373,STU06373,,Medium,High,0.9523,2026-10-02
PRD06374,STU06374,,Low,Low,0.327,2026-10-02
PRD06375,STU06375,,Low,Medium,0.5852,2026-10-02
PRD06376,STU06376,,Medium,Medium,0.9253,2026-10-02
PRD06377,STU06377,,Medium,Medium,0.8954,2026-10-02
PRD06378,STU06378,,Medium,High,0.9581,2026-10-02
PRD06379,STU06379,,Medium,Medium,0.8723,2026-10-02
PRD06380,STU06380,,High,High,0.9724,2026-10-02
PRD06381,STU06381,,Low,Medium,0.7566,2026-10-02
PRD06382,STU06382,,Medium,Medium,0.828,2026-10-02
PRD06383,STU06383,,Medium,High,0.9718,2026-10-02
PRD06384,STU06384,,Low,Low,0.41,2026-10-02
PRD06385,STU06385,,Low,Low,0.2974,2026-10-02
PRD06386,STU06386,,Low,Medium,0.8465,2026-10-02
PRD06387,STU06387,,Medium,High,0.9492,2026-10-02
PRD06388,STU06388,,Medium,High,0.963,2026-10-02
PRD06389,STU06389,,Low,Medium,0.6506,2026-10-02
PRD06390,STU06390,,Medium,High,0.9811,2026-10-02
PRD06391,STU06391,,Low,Medium,0.8269,2026-10-02
PRD06392,STU06392,,Medium,High,0.9845,2026-10-02
PRD06393,STU06393,,Medium,High,0.957,2026-10-02
PRD06394,STU06394,,Medium,Medium,0.7884,2026-10-02
PRD06395,STU06395,,Low,Medium,0.929,2026-10-02
PRD06396,STU06396,,High,High,0.99,2026-10-02
PRD06397,STU06397,,Medium,Medium,0.6949,2026-10-02
PRD06398,STU06398,,Low,Medium,0.5953,2026-10-02
PRD06399,STU06399,,Low,Low,0.4194,2026-10-02
PRD06400,STU06400,,Medium,Medium,0.5338,2026-10-02
PRD06401,STU06401,,Low,Low,0.3391,2026-10-02
PRD06402,STU06402,,Low,Low,0.3631,2026-10-02
PRD06403,STU06403,,Medium,Medium,0.7619,2026-10-02
PRD06404,STU06404,,Low,Medium,0.6054,2026-10-02
PRD06405,STU06405,,Medium,Medium,0.8153,2026-10-02
PRD06406,STU06406,,Medium,Medium,0.5573,2026-10-02
PRD06407,STU06407,,Medium,High,0.99,2026-10-02
PRD06408,STU06408,,Low,Medium,0.8912,2026-10-02
PRD06409,STU06409,,Low,Low,0.1797,2026-10-02
PRD06410,STU06410,,Low,Medium,0.593,2026-10-02
PRD06411,STU06411,,Medium,Medium,0.8369,2026-10-02
PRD06412,STU06412,,Low,Medium,0.6726,2026-10-02
PRD06413,STU06413,,Medium,High,0.9301,2026-10-02
PRD06414,STU06414,,Medium,Medium,0.899,2026-10-02
PRD06415,STU06415,,Medium,High,0.99,2026-10-02
PRD06416,STU06416,,Medium,High,0.9649,2026-10-02
PRD06417,STU06417,,Medium,Low,0.4544,2026-10-02
PRD06418,STU06418,,Medium,Medium,0.9054,2026-10-02
PRD06419,STU06419,,Medium,Medium,0.8698,2026-10-02
PRD06420,STU06420,,Medium,Medium,0.5178,2026-10-02
PRD06421,STU06421,,Medium,Medium,0.7958,2026-10-02
PRD06422,STU06422,,Medium,High,0.9828,2026-10-02
PRD06423,STU06423,,Medium,High,0.9803,2026-10-02
PRD06424,STU06424,,Low,Low,0.3817,2026-10-02
PRD06425,STU06425,,Medium,High,0.99,2026-10-02
PRD06426,STU06426,,Low,Low,0.2507,2026-10-02
PRD06427,STU06427,,High,High,0.9651,2026-10-02
PRD06428,STU06428,,Medium,Medium,0.9294,2026-10-02
PRD06429,STU06429,,High,High,0.99,2026-10-02
PRD06430,STU06430,,Medium,High,0.9591,2026-10-02
PRD06431,STU06431,,Low,Medium,0.5788,2026-10-02
PRD06432,STU06432,,Low,Medium,0.8394,2026-10-02
PRD06433,STU06433,,Medium,Medium,0.943,2026-10-02
PRD06434,STU06434,,Low,Medium,0.9013,2026-10-02
PRD06435,STU06435,,Medium,High,0.9695,2026-10-02
PRD06436,STU06436,,Medium,Medium,0.8068,2026-10-02
PRD06437,STU06437,,Low,Medium,0.5745,2026-10-02
PRD06438,STU06438,,Medium,High,0.971,2026-10-02
PRD06439,STU06439,,High,High,0.99,2026-10-02
PRD06440,STU06440,,Low,Medium,0.7111,2026-10-02
PRD06441,STU06441,,Low,Low,0.4472,2026-10-02
PRD06442,STU06442,,Medium,High,0.9769,2026-10-02
PRD06443,STU06443,,Medium,High,0.9405,2026-10-02
PRD06444,STU06444,,Low,Low,0.1897,2026-10-02
PRD06445,STU06445,,Medium,Medium,0.8929,2026-10-02
PRD06446,STU06446,,Medium,Medium,0.8477,2026-10-02
PRD06447,STU06447,,Low,Low,0.2217,2026-10-02
PRD06448,STU06448,,Low,Low,0.3057,2026-10-02
PRD06449,STU06449,,High,High,0.9861,2026-10-02
PRD06450,STU06450,,Medium,Medium,0.668,2026-10-02
PRD06451,STU06451,,Medium,High,0.9718,2026-10-02
PRD06452,STU06452,,Medium,Medium,0.9008,2026-10-02
PRD06453,STU06453,,Medium,High,0.9778,2026-10-02
PRD06454,STU06454,,Medium,High,0.99,2026-10-02
PRD06455,STU06455,,Medium,Medium,0.8816,2026-10-02
PRD06456,STU06456,,Low,Low,0.148,2026-10-02
PRD06457,STU06457,,Low,Low,0.1643,2026-10-02
PRD06458,STU06458,,Medium,Medium,0.9313,2026-10-02
PRD06459,STU06459,,Medium,High,0.9879,2026-10-02
PRD06460,STU06460,,Medium,High,0.9637,2026-10-02
PRD06461,STU06461,,Medium,Medium,0.9532,2026-10-02
PRD06462,STU06462,,High,High,0.99,2026-10-02
PRD06463,STU06463,,Medium,Medium,0.71,2026-10-02
PRD06464,STU06464,,High,Medium,0.8646,2026-10-02
PRD06465,STU06465,,High,High,0.9862,2026-10-02
PRD06466,STU06466,,Low,Low,0.319,2026-10-02
PRD06467,STU06467,,Medium,Medium,0.8667,2026-10-02
PRD06468,STU06468,,Medium,Low,0.492,2026-10-02
PRD06469,STU06469,,High,High,0.9696,2026-10-02
PRD06470,STU06470,,Low,Medium,0.7562,2026-10-02
PRD06471,STU06471,,Low,Medium,0.8708,2026-10-02
PRD06472,STU06472,,Medium,Medium,0.7257,2026-10-02
PRD06473,STU06473,,High,High,0.99,2026-10-02
PRD06474,STU06474,,Medium,High,0.9416,2026-10-02
PRD06475,STU06475,,High,High,0.99,2026-10-02
PRD06476,STU06476,,High,High,0.99,2026-10-02
PRD06477,STU06477,,Medium,Medium,0.8696,2026-10-02
PRD06478,STU06478,,Low,Medium,0.7994,2026-10-02
PRD06479,STU06479,,High,High,0.9349,2026-10-02
PRD06480,STU06480,,High,High,0.99,2026-10-02
PRD06481,STU06481,,Medium,Medium,0.9157,2026-10-02
PRD06482,STU06482,,High,High,0.99,2026-10-02
PRD06483,STU06483,,Medium,Medium,0.892,2026-10-02
PRD06484,STU06484,,Medium,High,0.9328,2026-10-02
PRD06485,STU06485,,Low,Medium,0.7156,2026-10-02
PRD06486,STU06486,,Low,Medium,0.7928,2026-10-02
PRD06487,STU06487,,High,High,0.9762,2026-10-02
PRD06488,STU06488,,Low,Low,0.2921,2026-10-02
PRD06489,STU06489,,Low,Medium,0.6441,2026-10-02
PRD06490,STU06490,,Medium,Medium,0.7424,2026-10-02
PRD06491,STU06491,,Medium,High,0.9525,2026-10-02
PRD06492,STU06492,,High,High,0.99,2026-10-02
PRD06493,STU06493,,Medium,High,0.9456,2026-10-02
PRD06494,STU06494,,Medium,Medium,0.6909,2026-10-02
PRD06495,STU06495,,High,High,0.99,2026-10-02
PRD06496,STU06496,,High,High,0.9776,2026-10-02
PRD06497,STU06497,,Low,High,0.9567,2026-10-02
PRD06498,STU06498,,Medium,Medium,0.9401,2026-10-02
PRD06499,STU06499,,Medium,High,0.955,2026-10-02
PRD06500,STU06500,,Medium,High,0.9774,2026-10-02
PRD06501,STU06501,,Medium,Medium,0.958,2026-10-02
PRD06502,STU06502,,Medium,Medium,0.97,2026-10-02
PRD06503,STU06503,,Low,Low,0.3904,2026-10-02
PRD06504,STU06504,,Medium,Medium,0.7885,2026-10-02
PRD06505,STU06505,,Medium,Medium,0.8996,2026-10-02
PRD06506,STU06506,,High,High,0.9537,2026-10-02
PRD06507,STU06507,,Low,Medium,0.613,2026-10-02
PRD06508,STU06508,,High,High,0.99,2026-10-02
PRD06509,STU06509,,Medium,Medium,0.7112,2026-10-02
PRD06510,STU06510,,Medium,Medium,0.8837,2026-10-02
PRD06511,STU06511,,Medium,Medium,0.9692,2026-10-02
PRD06512,STU06512,,Medium,Medium,0.9437,2026-10-02
PRD06513,STU06513,,Low,Medium,0.567,2026-10-02
PRD06514,STU06514,,Medium,High,0.99,2026-10-02
PRD06515,STU06515,,Medium,High,0.9307,2026-10-02
PRD06516,STU06516,,Medium,Medium,0.8978,2026-10-02
PRD06517,STU06517,,Low,Low,0.1426,2026-10-02
PRD06518,STU06518,,Medium,High,0.9526,2026-10-02
PRD06519,STU06519,,Medium,High,0.9401,2026-10-02
PRD06520,STU06520,,Medium,High,0.9538,2026-10-02
PRD06521,STU06521,,Low,Medium,0.8939,2026-10-02
PRD06522,STU06522,,Medium,High,0.9712,2026-10-02
PRD06523,STU06523,,Medium,High,0.9603,2026-10-02
PRD06524,STU06524,,Medium,Medium,0.9457,2026-10-02
PRD06525,STU06525,,Medium,High,0.9231,2026-10-02
PRD06526,STU06526,,Medium,High,0.9821,2026-10-02
PRD06527,STU06527,,Low,Low,0.3676,2026-10-02
PRD06528,STU06528,,Medium,Low,0.4714,2026-10-02
PRD06529,STU06529,,Low,Medium,0.632,2026-10-02
PRD06530,STU06530,,Low,Medium,0.8358,2026-10-02
PRD06531,STU06531,,Low,Medium,0.7271,2026-10-02
PRD06532,STU06532,,High,High,0.99,2026-10-02
PRD06533,STU06533,,Medium,High,0.99,2026-10-02
PRD06534,STU06534,,Medium,Medium,0.852,2026-10-02
PRD06535,STU06535,,Medium,High,0.9451,2026-10-02
PRD06536,STU06536,,Medium,High,0.99,2026-10-02
PRD06537,STU06537,,High,High,0.99,2026-10-02
PRD06538,STU06538,,Medium,Medium,0.9075,2026-10-02
PRD06539,STU06539,,High,High,0.9364,2026-10-02
PRD06540,STU06540,,Medium,High,0.9401,2026-10-02
PRD06541,STU06541,,Low,Medium,0.576,2026-10-02
PRD06542,STU06542,,Medium,High,0.9513,2026-10-02
PRD06543,STU06543,,High,High,0.99,2026-10-02
PRD06544,STU06544,,Low,Medium,0.7849,2026-10-02
PRD06545,STU06545,,Medium,Medium,0.8265,2026-10-02
PRD06546,STU06546,,Low,Medium,0.6057,2026-10-02
PRD06547,STU06547,,Low,Medium,0.8118,2026-10-02
PRD06548,STU06548,,Medium,Medium,0.8565,2026-10-02
PRD06549,STU06549,,Low,Medium,0.8392,2026-10-02
PRD06550,STU06550,,High,High,0.99,2026-10-02
PRD06551,STU06551,,Medium,Medium,0.9223,2026-10-02
PRD06552,STU06552,,Low,Medium,0.5572,2026-10-02
PRD06553,STU06553,,Medium,Medium,0.817,2026-10-02
PRD06554,STU06554,,Medium,Medium,0.9041,2026-10-02
PRD06555,STU06555,,Low,Low,0.348,2026-10-02
PRD06556,STU06556,,Medium,High,0.9302,2026-10-02
PRD06557,STU06557,,Medium,Medium,0.7382,2026-10-02
PRD06558,STU06558,,Medium,High,0.99,2026-10-02
PRD06559,STU06559,,Medium,Medium,0.9007,2026-10-02
PRD06560,STU06560,,Medium,High,0.9063,2026-10-02
PRD06561,STU06561,,Medium,High,0.99,2026-10-02
PRD06562,STU06562,,Medium,High,0.9477,2026-10-02
PRD06563,STU06563,,High,High,0.99,2026-10-02
PRD06564,STU06564,,Medium,High,0.9674,2026-10-02
PRD06565,STU06565,,Low,Low,0.1329,2026-10-02
PRD06566,STU06566,,Low,Low,0.3428,2026-10-02
PRD06567,STU06567,,Low,Low,0.0975,2026-10-02
PRD06568,STU06568,,Medium,High,0.9825,2026-10-02
PRD06569,STU06569,,High,High,0.99,2026-10-02
PRD06570,STU06570,,Low,Medium,0.5107,2026-10-02
PRD06571,STU06571,,Medium,Medium,0.864,2026-10-02
PRD06572,STU06572,,High,High,0.9575,2026-10-02
PRD06573,STU06573,,Medium,Medium,0.8551,2026-10-02
PRD06574,STU06574,,Medium,Medium,0.9378,2026-10-02
PRD06575,STU06575,,Medium,High,0.9882,2026-10-02
PRD06576,STU06576,,Medium,Medium,0.857,2026-10-02
PRD06577,STU06577,,Low,Medium,0.8036,2026-10-02
PRD06578,STU06578,,Medium,Medium,0.6508,2026-10-02
PRD06579,STU06579,,Low,Low,0.2587,2026-10-02
PRD06580,STU06580,,Medium,Medium,0.4918,2026-10-02
PRD06581,STU06581,,Low,Low,0.0799,2026-10-02
PRD06582,STU06582,,Medium,Medium,0.8912,2026-10-02
PRD06583,STU06583,,High,High,0.9812,2026-10-02
PRD06584,STU06584,,Medium,Medium,0.7533,2026-10-02
PRD06585,STU06585,,Low,Medium,0.5894,2026-10-02
PRD06586,STU06586,,Low,Medium,0.7024,2026-10-02
PRD06587,STU06587,,Low,Medium,0.658,2026-10-02
PRD06588,STU06588,,Medium,Medium,0.8582,2026-10-02
PRD06589,STU06589,,Low,Medium,0.8944,2026-10-02
PRD06590,STU06590,,Medium,Medium,0.5995,2026-10-02
PRD06591,STU06591,,Medium,Medium,0.6623,2026-10-02
PRD06592,STU06592,,Low,Medium,0.7338,2026-10-02
PRD06593,STU06593,,Medium,Medium,0.8122,2026-10-02
PRD06594,STU06594,,Medium,High,0.9531,2026-10-02
PRD06595,STU06595,,Medium,High,0.9819,2026-10-02
PRD06596,STU06596,,Medium,High,0.99,2026-10-02
PRD06597,STU06597,,Medium,High,0.99,2026-10-02
PRD06598,STU06598,,Medium,Medium,0.5938,2026-10-02
PRD06599,STU06599,,Low,Medium,0.6548,2026-10-02
PRD06600,STU06600,,High,High,0.9885,2026-10-02
PRD06601,STU06601,,Medium,Medium,0.8924,2026-10-02
PRD06602,STU06602,,Low,Medium,0.7314,2026-10-02
PRD06603,STU06603,,Medium,Medium,0.7077,2026-10-02
PRD06604,STU06604,,Low,Medium,0.798,2026-10-02
PRD06605,STU06605,,Medium,High,0.9864,2026-10-02
PRD06606,STU06606,,High,High,0.9886,2026-10-02
PRD06607,STU06607,,High,High,0.9464,2026-10-02
PRD06608,STU06608,,Low,Low,0.3088,2026-10-02
PRD06609,STU06609,,Low,Low,0.468,2026-10-02
PRD06610,STU06610,,Low,Low,0.3427,2026-10-02
PRD06611,STU06611,,Medium,Medium,0.5681,2026-10-02
PRD06612,STU06612,,Low,Medium,0.6394,2026-10-02
PRD06613,STU06613,,Medium,High,0.956,2026-10-02
PRD06614,STU06614,,Medium,Medium,0.8806,2026-10-02
PRD06615,STU06615,,Low,Medium,0.8785,2026-10-02
PRD06616,STU06616,,High,High,0.9433,2026-10-02
PRD06617,STU06617,,Medium,Medium,0.6663,2026-10-02
PRD06618,STU06618,,Low,Low,0.3187,2026-10-02
PRD06619,STU06619,,Medium,Medium,0.7522,2026-10-02
PRD06620,STU06620,,Medium,High,0.99,2026-10-02
PRD06621,STU06621,,Medium,Medium,0.8475,2026-10-02
PRD06622,STU06622,,Low,Low,0.2826,2026-10-02
PRD06623,STU06623,,Low,Medium,0.8276,2026-10-02
PRD06624,STU06624,,Low,Medium,0.7229,2026-10-02
PRD06625,STU06625,,Medium,High,0.99,2026-10-02
PRD06626,STU06626,,Low,Medium,0.8862,2026-10-02
PRD06627,STU06627,,Medium,Medium,0.8629,2026-10-02
PRD06628,STU06628,,Medium,High,0.99,2026-10-02
PRD06629,STU06629,,Low,Medium,0.6841,2026-10-02
PRD06630,STU06630,,High,High,0.99,2026-10-02
PRD06631,STU06631,,Low,Medium,0.5463,2026-10-02
PRD06632,STU06632,,Medium,High,0.9535,2026-10-02
PRD06633,STU06633,,Low,Low,0.4842,2026-10-02
PRD06634,STU06634,,Medium,High,0.99,2026-10-02
PRD06635,STU06635,,Low,Low,0.1106,2026-10-02
PRD06636,STU06636,,Low,Medium,0.7337,2026-10-02
PRD06637,STU06637,,Medium,Medium,0.839,2026-10-02
PRD06638,STU06638,,Medium,Medium,0.8754,2026-10-02
PRD06639,STU06639,,Low,Medium,0.5786,2026-10-02
PRD06640,STU06640,,Low,Low,0.3809,2026-10-02
PRD06641,STU06641,,Medium,High,0.9447,2026-10-02
PRD06642,STU06642,,High,High,0.99,2026-10-02
PRD06643,STU06643,,Medium,Medium,0.8817,2026-10-02
PRD06644,STU06644,,Medium,Medium,0.8313,2026-10-02
PRD06645,STU06645,,Low,Medium,0.7914,2026-10-02
PRD06646,STU06646,,Medium,High,0.9732,2026-10-02
PRD06647,STU06647,,Medium,Medium,0.7616,2026-10-02
PRD06648,STU06648,,Low,High,0.9619,2026-10-02
PRD06649,STU06649,,Medium,High,0.9513,2026-10-02
PRD06650,STU06650,,Medium,High,0.9568,2026-10-02
PRD06651,STU06651,,Low,Medium,0.5776,2026-10-02
PRD06652,STU06652,,Medium,Medium,0.9237,2026-10-02
PRD06653,STU06653,,Low,High,0.9315,2026-10-02
PRD06654,STU06654,,Low,Medium,0.6576,2026-10-02
PRD06655,STU06655,,Low,Medium,0.4693,2026-10-02
PRD06656,STU06656,,Medium,High,0.9086,2026-10-02
PRD06657,STU06657,,High,High,0.99,2026-10-02
PRD06658,STU06658,,Medium,Medium,0.9064,2026-10-02
PRD06659,STU06659,,Medium,Medium,0.934,2026-10-02
PRD06660,STU06660,,High,High,0.99,2026-10-02
PRD06661,STU06661,,Low,Low,0.4196,2026-10-02
PRD06662,STU06662,,Medium,Medium,0.7958,2026-10-02
PRD06663,STU06663,,Medium,High,0.9428,2026-10-02
PRD06664,STU06664,,Medium,Medium,0.7888,2026-10-02
PRD06665,STU06665,,Low,Low,0.1704,2026-10-02
PRD06666,STU06666,,Medium,High,0.9833,2026-10-02
PRD06667,STU06667,,Medium,Medium,0.5746,2026-10-02
PRD06668,STU06668,,Low,Medium,0.7407,2026-10-02
PRD06669,STU06669,,Medium,High,0.99,2026-10-02
PRD06670,STU06670,,Medium,Medium,0.8049,2026-10-02
PRD06671,STU06671,,Medium,Medium,0.8001,2026-10-02
PRD06672,STU06672,,High,High,0.99,2026-10-02
PRD06673,STU06673,,Medium,Medium,0.8051,2026-10-02
PRD06674,STU06674,,Low,Low,0.3429,2026-10-02
PRD06675,STU06675,,Medium,High,0.9667,2026-10-02
PRD06676,STU06676,,High,High,0.99,2026-10-02
PRD06677,STU06677,,High,High,0.99,2026-10-02
PRD06678,STU06678,,Medium,High,0.9474,2026-10-02
PRD06679,STU06679,,High,High,0.9491,2026-10-02
PRD06680,STU06680,,Medium,Medium,0.9097,2026-10-02
PRD06681,STU06681,,Medium,Medium,0.9327,2026-10-02
PRD06682,STU06682,,High,High,0.9447,2026-10-02
PRD06683,STU06683,,Medium,Medium,0.9074,2026-10-02
PRD06684,STU06684,,Low,Low,0.4356,2026-10-02
PRD06685,STU06685,,Low,Medium,0.7908,2026-10-02
PRD06686,STU06686,,Medium,High,0.9728,2026-10-02
PRD06687,STU06687,,High,High,0.99,2026-10-02
PRD06688,STU06688,,Medium,Medium,0.8794,2026-10-02
PRD06689,STU06689,,Medium,High,0.9771,2026-10-02
PRD06690,STU06690,,Medium,High,0.9772,2026-10-02
PRD06691,STU06691,,Medium,High,0.9846,2026-10-02
PRD06692,STU06692,,Medium,Medium,0.977,2026-10-02
PRD06693,STU06693,,Medium,High,0.99,2026-10-02
PRD06694,STU06694,,Low,Medium,0.4849,2026-10-02
PRD06695,STU06695,,Medium,Medium,0.9377,2026-10-02
PRD06696,STU06696,,Low,Medium,0.8701,2026-10-02
PRD06697,STU06697,,High,High,0.9816,2026-10-02
PRD06698,STU06698,,Medium,Medium,0.7972,2026-10-02
PRD06699,STU06699,,Medium,High,0.9873,2026-10-02
PRD06700,STU06700,,Low,Low,0.2611,2026-10-02
PRD06701,STU06701,,Low,Medium,0.6066,2026-10-02
PRD06702,STU06702,,High,High,0.99,2026-10-02
PRD06703,STU06703,,Low,Medium,0.7445,2026-10-02
PRD06704,STU06704,,Low,Low,0.3397,2026-10-02
PRD06705,STU06705,,Low,Low,0.2349,2026-10-02
PRD06706,STU06706,,Medium,High,0.9128,2026-10-02
PRD06707,STU06707,,Low,Medium,0.8846,2026-10-02
PRD06708,STU06708,,Low,Low,0.1184,2026-10-02
PRD06709,STU06709,,Medium,High,0.94,2026-10-02
PRD06710,STU06710,,High,High,0.99,2026-10-02
PRD06711,STU06711,,Medium,Medium,0.8411,2026-10-02
PRD06712,STU06712,,High,High,0.99,2026-10-02
PRD06713,STU06713,,Low,Low,0.2854,2026-10-02
PRD06714,STU06714,,Medium,Medium,0.7447,2026-10-02
PRD06715,STU06715,,Low,Medium,0.5484,2026-10-02
PRD06716,STU06716,,Medium,Medium,0.7008,2026-10-02
PRD06717,STU06717,,Low,Medium,0.8383,2026-10-02
PRD06718,STU06718,,Medium,Medium,0.8733,2026-10-02
PRD06719,STU06719,,Medium,High,0.99,2026-10-02
PRD06720,STU06720,,Medium,Medium,0.7947,2026-10-02
PRD06721,STU06721,,High,High,0.9768,2026-10-02
PRD06722,STU06722,,Low,Medium,0.6562,2026-10-02
PRD06723,STU06723,,Low,Medium,0.6344,2026-10-02
PRD06724,STU06724,,Medium,Medium,0.8763,2026-10-02
PRD06725,STU06725,,High,High,0.99,2026-10-02
PRD06726,STU06726,,Medium,Medium,0.8322,2026-10-02
PRD06727,STU06727,,Low,Low,0.3711,2026-10-02
PRD06728,STU06728,,Medium,High,0.99,2026-10-02
PRD06729,STU06729,,Low,Medium,0.8945,2026-10-02
PRD06730,STU06730,,Medium,Medium,0.8289,2026-10-02
PRD06731,STU06731,,Low,Medium,0.7615,2026-10-02
PRD06732,STU06732,,Medium,Medium,0.9645,2026-10-02
PRD06733,STU06733,,High,High,0.99,2026-10-02
PRD06734,STU06734,,Medium,High,0.9784,2026-10-02
PRD06735,STU06735,,Low,Low,0.4823,2026-10-02
PRD06736,STU06736,,Medium,Medium,0.835,2026-10-02
PRD06737,STU06737,,Low,Medium,0.8748,2026-10-02
PRD06738,STU06738,,Low,Low,0.2664,2026-10-02
PRD06739,STU06739,,Medium,Medium,0.8983,2026-10-02
PRD06740,STU06740,,Medium,High,0.99,2026-10-02
PRD06741,STU06741,,Low,Medium,0.8553,2026-10-02
PRD06742,STU06742,,Medium,Medium,0.6474,2026-10-02
PRD06743,STU06743,,Low,Low,0.4625,2026-10-02
PRD06744,STU06744,,High,High,0.99,2026-10-02
PRD06745,STU06745,,Medium,High,0.9282,2026-10-02
PRD06746,STU06746,,Low,Medium,0.7112,2026-10-02
PRD06747,STU06747,,High,High,0.99,2026-10-02
PRD06748,STU06748,,Medium,Medium,0.7499,2026-10-02
PRD06749,STU06749,,Medium,Medium,0.6192,2026-10-02
PRD06750,STU06750,,Low,Low,0.448,2026-10-02
PRD06751,STU06751,,Low,Medium,0.6862,2026-10-02
PRD06752,STU06752,,Low,Medium,0.9363,2026-10-02
PRD06753,STU06753,,High,High,0.9636,2026-10-02
PRD06754,STU06754,,Medium,Medium,0.7219,2026-10-02
PRD06755,STU06755,,Medium,Medium,0.8461,2026-10-02
PRD06756,STU06756,,Medium,Medium,0.9087,2026-10-02
PRD06757,STU06757,,Low,Medium,0.9618,2026-10-02
PRD06758,STU06758,,Low,High,0.99,2026-10-02
PRD06759,STU06759,,Medium,Medium,0.8933,2026-10-02
PRD06760,STU06760,,Low,Low,0.1316,2026-10-02
PRD06761,STU06761,,High,High,0.99,2026-10-02
PRD06762,STU06762,,Medium,Medium,0.9401,2026-10-02
PRD06763,STU06763,,Medium,Medium,0.8183,2026-10-02
PRD06764,STU06764,,High,High,0.9817,2026-10-02
PRD06765,STU06765,,Medium,Medium,0.9476,2026-10-02
PRD06766,STU06766,,Medium,Medium,0.8646,2026-10-02
PRD06767,STU06767,,Low,Medium,0.8953,2026-10-02
PRD06768,STU06768,,Low,Medium,0.6961,2026-10-02
PRD06769,STU06769,,Low,Medium,0.5609,2026-10-02
PRD06770,STU06770,,High,High,0.9617,2026-10-02
PRD06771,STU06771,,Medium,Medium,0.9242,2026-10-02
PRD06772,STU06772,,Medium,Medium,0.4827,2026-10-02
PRD06773,STU06773,,Low,Medium,0.5647,2026-10-02
PRD06774,STU06774,,Medium,High,0.99,2026-10-02
PRD06775,STU06775,,Medium,Medium,0.9288,2026-10-02
PRD06776,STU06776,,High,High,0.9399,2026-10-02
PRD06777,STU06777,,High,High,0.99,2026-10-02
PRD06778,STU06778,,Low,Medium,0.9388,2026-10-02
PRD06779,STU06779,,Medium,Low,0.2793,2026-10-02
PRD06780,STU06780,,Low,Medium,0.8343,2026-10-02
PRD06781,STU06781,,Medium,High,0.9784,2026-10-02
PRD06782,STU06782,,Medium,High,0.9745,2026-10-02
PRD06783,STU06783,,Low,Medium,0.5987,2026-10-02
PRD06784,STU06784,,High,High,0.99,2026-10-02
PRD06785,STU06785,,Medium,High,0.9544,2026-10-02
PRD06786,STU06786,,Medium,Medium,0.916,2026-10-02
PRD06787,STU06787,,Medium,Medium,0.7068,2026-10-02
PRD06788,STU06788,,Low,Medium,0.5535,2026-10-02
PRD06789,STU06789,,Low,Medium,0.7658,2026-10-02
PRD06790,STU06790,,Low,Low,0.2124,2026-10-02
PRD06791,STU06791,,Medium,Medium,0.8728,2026-10-02
PRD06792,STU06792,,Low,High,0.9468,2026-10-02
PRD06793,STU06793,,Low,Medium,0.6961,2026-10-02
PRD06794,STU06794,,Medium,Medium,0.9348,2026-10-02
PRD06795,STU06795,,High,High,0.9878,2026-10-02
PRD06796,STU06796,,Low,Medium,0.6101,2026-10-02
PRD06797,STU06797,,Low,Low,0.2173,2026-10-02
PRD06798,STU06798,,Low,High,0.9401,2026-10-02
PRD06799,STU06799,,Medium,High,0.99,2026-10-02
PRD06800,STU06800,,Medium,Medium,0.7207,2026-10-02
PRD06801,STU06801,,Low,Low,0.4348,2026-10-02
PRD06802,STU06802,,High,High,0.99,2026-10-02
PRD06803,STU06803,,Medium,Medium,0.9115,2026-10-02
PRD06804,STU06804,,Medium,Medium,0.7995,2026-10-02
PRD06805,STU06805,,Low,Low,0.1754,2026-10-02
PRD06806,STU06806,,High,High,0.99,2026-10-02
PRD06807,STU06807,,High,High,0.9719,2026-10-02
PRD06808,STU06808,,Medium,Medium,0.8556,2026-10-02
PRD06809,STU06809,,Medium,Medium,0.7479,2026-10-02
PRD06810,STU06810,,Low,Medium,0.7594,2026-10-02
PRD06811,STU06811,,Low,Medium,0.4991,2026-10-02
PRD06812,STU06812,,Low,Low,0.343,2026-10-02
PRD06813,STU06813,,Medium,Medium,0.9514,2026-10-02
PRD06814,STU06814,,Medium,Medium,0.9209,2026-10-02
PRD06815,STU06815,,Medium,Medium,0.941,2026-10-02
PRD06816,STU06816,,Medium,High,0.99,2026-10-02
PRD06817,STU06817,,Medium,Medium,0.9021,2026-10-02
PRD06818,STU06818,,Medium,Medium,0.8769,2026-10-02
PRD06819,STU06819,,Medium,Medium,0.9433,2026-10-02
PRD06820,STU06820,,Medium,Medium,0.7581,2026-10-02
PRD06821,STU06821,,Medium,Medium,0.4908,2026-10-02
PRD06822,STU06822,,Low,Low,0.2099,2026-10-02
PRD06823,STU06823,,Medium,Medium,0.6843,2026-10-02
PRD06824,STU06824,,Medium,Medium,0.9384,2026-10-02
PRD06825,STU06825,,Low,Low,0.4028,2026-10-02
PRD06826,STU06826,,Medium,High,0.9823,2026-10-02
PRD06827,STU06827,,Medium,High,0.9827,2026-10-02
PRD06828,STU06828,,High,High,0.99,2026-10-02
PRD06829,STU06829,,Medium,Low,0.4102,2026-10-02
PRD06830,STU06830,,Low,Medium,0.706,2026-10-02
PRD06831,STU06831,,Low,Medium,0.7441,2026-10-02
PRD06832,STU06832,,Medium,Medium,0.9655,2026-10-02
PRD06833,STU06833,,Medium,High,0.9567,2026-10-02
PRD06834,STU06834,,Low,Medium,0.8627,2026-10-02
PRD06835,STU06835,,Medium,Medium,0.9205,2026-10-02
PRD06836,STU06836,,Low,Low,0.3661,2026-10-02
PRD06837,STU06837,,Low,Low,0.2943,2026-10-02
PRD06838,STU06838,,Medium,High,0.9467,2026-10-02
PRD06839,STU06839,,Low,Low,0.2933,2026-10-02
PRD06840,STU06840,,Medium,High,0.9787,2026-10-02
PRD06841,STU06841,,Medium,High,0.9767,2026-10-02
PRD06842,STU06842,,Medium,High,0.9265,2026-10-02
PRD06843,STU06843,,Low,Low,0.412,2026-10-02
PRD06844,STU06844,,Low,Medium,0.5319,2026-10-02
PRD06845,STU06845,,Medium,Medium,0.919,2026-10-02
PRD06846,STU06846,,Medium,Medium,0.5607,2026-10-02
PRD06847,STU06847,,High,High,0.9752,2026-10-02
PRD06848,STU06848,,Medium,Medium,0.8749,2026-10-02
PRD06849,STU06849,,Medium,Medium,0.8065,2026-10-02
PRD06850,STU06850,,Low,Low,0.5153,2026-10-02
PRD06851,STU06851,,Medium,High,0.9707,2026-10-02
PRD06852,STU06852,,Low,Medium,0.8617,2026-10-02
PRD06853,STU06853,,Medium,Medium,0.9296,2026-10-02
PRD06854,STU06854,,Medium,Medium,0.9021,2026-10-02
PRD06855,STU06855,,Low,Low,0.4674,2026-10-02
PRD06856,STU06856,,Medium,Medium,0.9476,2026-10-02
PRD06857,STU06857,,Low,Medium,0.5412,2026-10-02
PRD06858,STU06858,,Low,Low,0.2639,2026-10-02
PRD06859,STU06859,,High,High,0.9483,2026-10-02
PRD06860,STU06860,,Medium,High,0.937,2026-10-02
PRD06861,STU06861,,Medium,Medium,0.8572,2026-10-02
PRD06862,STU06862,,Medium,Medium,0.7845,2026-10-02
PRD06863,STU06863,,Medium,Medium,0.727,2026-10-02
PRD06864,STU06864,,Low,High,0.908,2026-10-02
PRD06865,STU06865,,High,High,0.99,2026-10-02
PRD06866,STU06866,,Medium,Medium,0.8843,2026-10-02
PRD06867,STU06867,,High,High,0.99,2026-10-02
PRD06868,STU06868,,Medium,High,0.99,2026-10-02
PRD06869,STU06869,,Medium,Medium,0.8831,2026-10-02
PRD06870,STU06870,,High,High,0.9876,2026-10-02
PRD06871,STU06871,,Low,Low,0.4093,2026-10-02
PRD06872,STU06872,,High,High,0.9801,2026-10-02
PRD06873,STU06873,,Medium,High,0.9686,2026-10-02
PRD06874,STU06874,,High,High,0.9891,2026-10-02
PRD06875,STU06875,,Low,Medium,0.8303,2026-10-02
PRD06876,STU06876,,Medium,High,0.99,2026-10-02
PRD06877,STU06877,,High,High,0.99,2026-10-02
PRD06878,STU06878,,Low,Low,0.5153,2026-10-02
PRD06879,STU06879,,Medium,High,0.9097,2026-10-02
PRD06880,STU06880,,Low,Medium,0.6892,2026-10-02
PRD06881,STU06881,,Low,Medium,0.8597,2026-10-02
PRD06882,STU06882,,Medium,High,0.99,2026-10-02
PRD06883,STU06883,,Medium,Medium,0.5684,2026-10-02
PRD06884,STU06884,,Medium,Medium,0.8039,2026-10-02
PRD06885,STU06885,,Medium,High,0.9886,2026-10-02
PRD06886,STU06886,,Low,Medium,0.8008,2026-10-02
PRD06887,STU06887,,High,High,0.99,2026-10-02
PRD06888,STU06888,,Medium,Medium,0.931,2026-10-02
PRD06889,STU06889,,Medium,Medium,0.8996,2026-10-02
PRD06890,STU06890,,Medium,Medium,0.927,2026-10-02
PRD06891,STU06891,,Medium,Medium,0.6304,2026-10-02
PRD06892,STU06892,,Low,Medium,0.6668,2026-10-02
PRD06893,STU06893,,Medium,High,0.9044,2026-10-02
PRD06894,STU06894,,Medium,Low,0.4594,2026-10-02
PRD06895,STU06895,,High,High,0.99,2026-10-02
PRD06896,STU06896,,Medium,Medium,0.9182,2026-10-02
PRD06897,STU06897,,Medium,Low,0.3272,2026-10-02
PRD06898,STU06898,,Medium,High,0.9873,2026-10-02
PRD06899,STU06899,,Low,Low,0.3187,2026-10-02
PRD06900,STU06900,,Medium,Medium,0.7382,2026-10-02
PRD06901,STU06901,,Low,Low,0.1904,2026-10-02
PRD06902,STU06902,,Medium,High,0.9806,2026-10-02
PRD06903,STU06903,,Medium,High,0.9645,2026-10-02
PRD06904,STU06904,,High,High,0.99,2026-10-02
PRD06905,STU06905,,Low,Low,0.5106,2026-10-02
PRD06906,STU06906,,Medium,High,0.9598,2026-10-02
PRD06907,STU06907,,Low,Medium,0.8603,2026-10-02
PRD06908,STU06908,,Medium,Medium,0.8157,2026-10-02
PRD06909,STU06909,,High,High,0.9697,2026-10-02
PRD06910,STU06910,,Low,Medium,0.7067,2026-10-02
PRD06911,STU06911,,Low,Low,0.4332,2026-10-02
PRD06912,STU06912,,Low,Medium,0.7994,2026-10-02
PRD06913,STU06913,,Medium,Medium,0.8219,2026-10-02
PRD06914,STU06914,,Low,Medium,0.5724,2026-10-02
PRD06915,STU06915,,Medium,Medium,0.7322,2026-10-02
PRD06916,STU06916,,Medium,Medium,0.8691,2026-10-02
PRD06917,STU06917,,Medium,Medium,0.8911,2026-10-02
PRD06918,STU06918,,Medium,High,0.99,2026-10-02
PRD06919,STU06919,,Medium,High,0.951,2026-10-02
PRD06920,STU06920,,Low,Medium,0.6779,2026-10-02
PRD06921,STU06921,,Medium,Medium,0.8436,2026-10-02
PRD06922,STU06922,,Medium,Medium,0.6789,2026-10-02
PRD06923,STU06923,,Medium,Medium,0.9015,2026-10-02
PRD06924,STU06924,,Low,Medium,0.5482,2026-10-02
PRD06925,STU06925,,Medium,High,0.9628,2026-10-02
PRD06926,STU06926,,Low,Medium,0.7967,2026-10-02
PRD06927,STU06927,,High,High,0.9459,2026-10-02
PRD06928,STU06928,,Low,Low,0.1688,2026-10-02
PRD06929,STU06929,,Low,Medium,0.8209,2026-10-02
PRD06930,STU06930,,Medium,Medium,0.9122,2026-10-02
PRD06931,STU06931,,Medium,Low,0.4533,2026-10-02
PRD06932,STU06932,,Medium,Medium,0.8807,2026-10-02
PRD06933,STU06933,,Medium,High,0.978,2026-10-02
PRD06934,STU06934,,High,High,0.99,2026-10-02
PRD06935,STU06935,,Medium,Medium,0.7135,2026-10-02
PRD06936,STU06936,,Low,Medium,0.5692,2026-10-02
PRD06937,STU06937,,Low,Low,0.3722,2026-10-02
PRD06938,STU06938,,Low,Medium,0.5513,2026-10-02
PRD06939,STU06939,,High,High,0.973,2026-10-02
PRD06940,STU06940,,High,High,0.99,2026-10-02
PRD06941,STU06941,,Medium,High,0.9803,2026-10-02
PRD06942,STU06942,,Medium,Medium,0.6233,2026-10-02
PRD06943,STU06943,,Medium,Medium,0.8966,2026-10-02
PRD06944,STU06944,,Medium,Medium,0.8387,2026-10-02
PRD06945,STU06945,,Low,Low,0.2857,2026-10-02
PRD06946,STU06946,,Medium,High,0.9834,2026-10-02
PRD06947,STU06947,,High,High,0.977,2026-10-02
PRD06948,STU06948,,Medium,High,0.99,2026-10-02
PRD06949,STU06949,,Medium,High,0.9173,2026-10-02
PRD06950,STU06950,,Medium,High,0.99,2026-10-02
PRD06951,STU06951,,Low,Low,0.3739,2026-10-02
PRD06952,STU06952,,Low,Medium,0.88,2026-10-02
PRD06953,STU06953,,Low,Medium,0.5252,2026-10-02
PRD06954,STU06954,,Medium,High,0.9619,2026-10-02
PRD06955,STU06955,,Medium,Medium,0.6615,2026-10-02
PRD06956,STU06956,,Medium,High,0.9705,2026-10-02
PRD06957,STU06957,,Medium,Medium,0.7541,2026-10-02
PRD06958,STU06958,,Medium,High,0.9513,2026-10-02
PRD06959,STU06959,,Medium,Medium,0.8221,2026-10-02
PRD06960,STU06960,,High,High,0.9314,2026-10-02
PRD06961,STU06961,,Medium,High,0.962,2026-10-02
PRD06962,STU06962,,Medium,High,0.99,2026-10-02
PRD06963,STU06963,,Low,Low,0.3978,2026-10-02
PRD06964,STU06964,,Low,Medium,0.7562,2026-10-02
PRD06965,STU06965,,High,High,0.99,2026-10-02
PRD06966,STU06966,,Low,Medium,0.6176,2026-10-02
PRD06967,STU06967,,Low,Low,0.1558,2026-10-02
PRD06968,STU06968,,Low,Medium,0.5728,2026-10-02
PRD06969,STU06969,,Medium,High,0.9485,2026-10-02
PRD06970,STU06970,,Medium,High,0.9147,2026-10-02
PRD06971,STU06971,,Medium,High,0.9799,2026-10-02
PRD06972,STU06972,,High,High,0.99,2026-10-02
PRD06973,STU06973,,Medium,High,0.9183,2026-10-02
PRD06974,STU06974,,Low,Low,0.127,2026-10-02
PRD06975,STU06975,,Low,Medium,0.8611,2026-10-02
PRD06976,STU06976,,Medium,High,0.9606,2026-10-02
PRD06977,STU06977,,High,High,0.9897,2026-10-02
PRD06978,STU06978,,High,High,0.99,2026-10-02
PRD06979,STU06979,,Low,Medium,0.7239,2026-10-02
PRD06980,STU06980,,Low,Medium,0.9323,2026-10-02
PRD06981,STU06981,,High,Medium,0.9114,2026-10-02
PRD06982,STU06982,,Medium,Medium,0.5186,2026-10-02
PRD06983,STU06983,,Low,Low,0.3759,2026-10-02
PRD06984,STU06984,,Medium,High,0.9781,2026-10-02
PRD06985,STU06985,,Medium,High,0.9337,2026-10-02
PRD06986,STU06986,,Medium,High,0.9802,2026-10-02
PRD06987,STU06987,,Medium,Medium,0.754,2026-10-02
PRD06988,STU06988,,Medium,High,0.928,2026-10-02
PRD06989,STU06989,,Low,Medium,0.6616,2026-10-02
PRD06990,STU06990,,Medium,High,0.99,2026-10-02
PRD06991,STU06991,,Medium,Medium,0.8395,2026-10-02
PRD06992,STU06992,,Medium,High,0.9728,2026-10-02
PRD06993,STU06993,,Low,Low,0.4309,2026-10-02
PRD06994,STU06994,,Medium,High,0.9481,2026-10-02
PRD06995,STU06995,,High,High,0.99,2026-10-02
PRD06996,STU06996,,Low,Medium,0.6303,2026-10-02
PRD06997,STU06997,,High,High,0.9875,2026-10-02
PRD06998,STU06998,,Low,Medium,0.7586,2026-10-02
PRD06999,STU06999,,Low,Medium,0.6855,2026-10-02
PRD07000,STU07000,,Low,Low,0.252,2026-10-02
PRD07001,STU07001,,Medium,High,0.9487,2026-10-02
PRD07002,STU07002,,Medium,High,0.9244,2026-10-02
PRD07003,STU07003,,Medium,Medium,0.8487,2026-10-02
PRD07004,STU07004,,Low,Medium,0.6153,2026-10-02
PRD07005,STU07005,,Medium,Medium,0.5974,2026-10-02
PRD07006,STU07006,,Medium,High,0.99,2026-10-02
PRD07007,STU07007,,Low,Medium,0.7146,2026-10-02
PRD07008,STU07008,,High,Medium,0.8787,2026-10-02
PRD07009,STU07009,,Low,Medium,0.873,2026-10-02
PRD07010,STU07010,,Medium,High,0.951,2026-10-02
PRD07011,STU07011,,Medium,High,0.9842,2026-10-02
PRD07012,STU07012,,Medium,High,0.9841,2026-10-02
PRD07013,STU07013,,Medium,Medium,0.4895,2026-10-02
PRD07014,STU07014,,High,High,0.9593,2026-10-02
PRD07015,STU07015,,Medium,High,0.99,2026-10-02
PRD07016,STU07016,,Medium,High,0.9331,2026-10-02
PRD07017,STU07017,,Low,Medium,0.5863,2026-10-02
PRD07018,STU07018,,High,High,0.9687,2026-10-02
PRD07019,STU07019,,Medium,High,0.9541,2026-10-02
PRD07020,STU07020,,Medium,High,0.9644,2026-10-02
PRD07021,STU07021,,Medium,High,0.99,2026-10-02
PRD07022,STU07022,,Medium,High,0.9865,2026-10-02
PRD07023,STU07023,,Low,Medium,0.7555,2026-10-02
PRD07024,STU07024,,Low,Medium,0.627,2026-10-02
PRD07025,STU07025,,Medium,Medium,0.8078,2026-10-02
PRD07026,STU07026,,Medium,Medium,0.8738,2026-10-02
PRD07027,STU07027,,High,High,0.99,2026-10-02
PRD07028,STU07028,,Low,Medium,0.8624,2026-10-02
PRD07029,STU07029,,Medium,High,0.9744,2026-10-02
PRD07030,STU07030,,Low,Medium,0.7919,2026-10-02
PRD07031,STU07031,,Medium,High,0.9562,2026-10-02
PRD07032,STU07032,,Medium,High,0.9775,2026-10-02
PRD07033,STU07033,,Low,Medium,0.8121,2026-10-02
PRD07034,STU07034,,Low,Medium,0.9041,2026-10-02
PRD07035,STU07035,,Low,Low,0.2617,2026-10-02
PRD07036,STU07036,,Medium,Medium,0.9051,2026-10-02
PRD07037,STU07037,,Medium,Medium,0.7276,2026-10-02
PRD07038,STU07038,,High,High,0.99,2026-10-02
PRD07039,STU07039,,Medium,Medium,0.9482,2026-10-02
PRD07040,STU07040,,Medium,High,0.9541,2026-10-02
PRD07041,STU07041,,High,High,0.9812,2026-10-02
PRD07042,STU07042,,Medium,High,0.9804,2026-10-02
PRD07043,STU07043,,High,High,0.9182,2026-10-02
PRD07044,STU07044,,Low,Medium,0.8103,2026-10-02
PRD07045,STU07045,,Medium,High,0.9205,2026-10-02
PRD07046,STU07046,,Low,Medium,0.8476,2026-10-02
PRD07047,STU07047,,Medium,Medium,0.9283,2026-10-02
PRD07048,STU07048,,Low,High,0.99,2026-10-02
PRD07049,STU07049,,Medium,Medium,0.7482,2026-10-02
PRD07050,STU07050,,High,High,0.99,2026-10-02
PRD07051,STU07051,,Medium,High,0.99,2026-10-02
PRD07052,STU07052,,Medium,Medium,0.7673,2026-10-02
PRD07053,STU07053,,Medium,Medium,0.9341,2026-10-02
PRD07054,STU07054,,Medium,High,0.99,2026-10-02
PRD07055,STU07055,,Medium,Medium,0.6621,2026-10-02
PRD07056,STU07056,,Medium,High,0.99,2026-10-02
PRD07057,STU07057,,Low,Medium,0.6497,2026-10-02
PRD07058,STU07058,,Medium,Medium,0.8883,2026-10-02
PRD07059,STU07059,,Low,Medium,0.5981,2026-10-02
PRD07060,STU07060,,Medium,Medium,0.8813,2026-10-02
PRD07061,STU07061,,Low,Medium,0.8401,2026-10-02
PRD07062,STU07062,,Low,Low,0.328,2026-10-02
PRD07063,STU07063,,Low,Low,0.0786,2026-10-02
PRD07064,STU07064,,Medium,Medium,0.8057,2026-10-02
PRD07065,STU07065,,Medium,High,0.99,2026-10-02
PRD07066,STU07066,,Medium,Medium,0.8785,2026-10-02
PRD07067,STU07067,,Medium,High,0.99,2026-10-02
PRD07068,STU07068,,High,High,0.99,2026-10-02
PRD07069,STU07069,,Low,Low,0.3459,2026-10-02
PRD07070,STU07070,,Medium,Medium,0.8701,2026-10-02
PRD07071,STU07071,,Medium,Medium,0.8643,2026-10-02
PRD07072,STU07072,,Medium,High,0.99,2026-10-02
PRD07073,STU07073,,Medium,Medium,0.7602,2026-10-02
PRD07074,STU07074,,Medium,Medium,0.6466,2026-10-02
PRD07075,STU07075,,Low,Medium,0.8409,2026-10-02
PRD07076,STU07076,,High,High,0.9743,2026-10-02
PRD07077,STU07077,,Medium,High,0.9355,2026-10-02
PRD07078,STU07078,,Medium,High,0.9364,2026-10-02
PRD07079,STU07079,,High,High,0.9685,2026-10-02
PRD07080,STU07080,,Low,Medium,0.6485,2026-10-02
PRD07081,STU07081,,Medium,High,0.9557,2026-10-02
PRD07082,STU07082,,Medium,High,0.9836,2026-10-02
PRD07083,STU07083,,Medium,High,0.9572,2026-10-02
PRD07084,STU07084,,Medium,Medium,0.8292,2026-10-02
PRD07085,STU07085,,Low,Low,0.1129,2026-10-02
PRD07086,STU07086,,Medium,Medium,0.82,2026-10-02
PRD07087,STU07087,,Low,Low,0.3223,2026-10-02
PRD07088,STU07088,,Low,Medium,0.6276,2026-10-02
PRD07089,STU07089,,Medium,High,0.9848,2026-10-02
PRD07090,STU07090,,Medium,Medium,0.8302,2026-10-02
PRD07091,STU07091,,Medium,High,0.9439,2026-10-02
PRD07092,STU07092,,Medium,High,0.9454,2026-10-02
PRD07093,STU07093,,Medium,Medium,0.954,2026-10-02
PRD07094,STU07094,,Medium,Medium,0.7967,2026-10-02
PRD07095,STU07095,,High,High,0.99,2026-10-02
PRD07096,STU07096,,High,High,0.99,2026-10-02
PRD07097,STU07097,,Medium,Medium,0.9126,2026-10-02
PRD07098,STU07098,,Medium,Medium,0.7414,2026-10-02
PRD07099,STU07099,,Low,Medium,0.7348,2026-10-02
PRD07100,STU07100,,Medium,High,0.99,2026-10-02
PRD07101,STU07101,,Medium,High,0.9554,2026-10-02
PRD07102,STU07102,,Medium,Medium,0.9437,2026-10-02
PRD07103,STU07103,,Low,Low,0.4341,2026-10-02
PRD07104,STU07104,,Medium,High,0.9783,2026-10-02
PRD07105,STU07105,,High,High,0.9689,2026-10-02
PRD07106,STU07106,,Low,Medium,0.751,2026-10-02
PRD07107,STU07107,,Low,Low,0.249,2026-10-02
PRD07108,STU07108,,Low,Low,0.1404,2026-10-02
PRD07109,STU07109,,Low,Medium,0.7284,2026-10-02
PRD07110,STU07110,,Low,High,0.9828,2026-10-02
PRD07111,STU07111,,High,High,0.99,2026-10-02
PRD07112,STU07112,,Low,Medium,0.7903,2026-10-02
PRD07113,STU07113,,Low,Medium,0.8178,2026-10-02
PRD07114,STU07114,,Medium,High,0.9747,2026-10-02
PRD07115,STU07115,,Low,Low,0.1749,2026-10-02
PRD07116,STU07116,,Low,Medium,0.5109,2026-10-02
PRD07117,STU07117,,High,High,0.9861,2026-10-02
PRD07118,STU07118,,Low,Medium,0.8717,2026-10-02
PRD07119,STU07119,,Low,Low,0.3642,2026-10-02
PRD07120,STU07120,,Medium,High,0.9584,2026-10-02
PRD07121,STU07121,,Medium,Medium,0.9515,2026-10-02
PRD07122,STU07122,,Medium,High,0.9431,2026-10-02
PRD07123,STU07123,,Medium,High,0.99,2026-10-02
PRD07124,STU07124,,Low,Low,0.389,2026-10-02
PRD07125,STU07125,,Low,Low,0.082,2026-10-02
PRD07126,STU07126,,Medium,Medium,0.847,2026-10-02
PRD07127,STU07127,,Medium,High,0.9686,2026-10-02
PRD07128,STU07128,,Low,Low,0.4127,2026-10-02
PRD07129,STU07129,,Low,Medium,0.8198,2026-10-02
PRD07130,STU07130,,Low,Low,0.4455,2026-10-02
PRD07131,STU07131,,Medium,Medium,0.8619,2026-10-02
PRD07132,STU07132,,Low,Medium,0.7584,2026-10-02
PRD07133,STU07133,,Low,Medium,0.6425,2026-10-02
PRD07134,STU07134,,Low,Low,0.2964,2026-10-02
PRD07135,STU07135,,Low,Low,0.3883,2026-10-02
PRD07136,STU07136,,High,High,0.9837,2026-10-02
PRD07137,STU07137,,Low,Low,0.2533,2026-10-02
PRD07138,STU07138,,High,High,0.99,2026-10-02
PRD07139,STU07139,,Medium,High,0.99,2026-10-02
PRD07140,STU07140,,Medium,Medium,0.8774,2026-10-02
PRD07141,STU07141,,Medium,High,0.9787,2026-10-02
PRD07142,STU07142,,Medium,Medium,0.8914,2026-10-02
PRD07143,STU07143,,High,High,0.9552,2026-10-02
PRD07144,STU07144,,Low,Medium,0.5991,2026-10-02
PRD07145,STU07145,,Medium,High,0.9506,2026-10-02
PRD07146,STU07146,,Medium,Medium,0.9274,2026-10-02
PRD07147,STU07147,,Medium,Low,0.4109,2026-10-02
PRD07148,STU07148,,High,High,0.9811,2026-10-02
PRD07149,STU07149,,Low,Medium,0.8846,2026-10-02
PRD07150,STU07150,,Medium,Low,0.4236,2026-10-02
PRD07151,STU07151,,High,High,0.9744,2026-10-02
PRD07152,STU07152,,Low,Low,0.4494,2026-10-02
PRD07153,STU07153,,Medium,Low,0.4551,2026-10-02
PRD07154,STU07154,,Medium,Medium,0.5452,2026-10-02
PRD07155,STU07155,,Low,Medium,0.8059,2026-10-02
PRD07156,STU07156,,Low,Low,0.2421,2026-10-02
PRD07157,STU07157,,Medium,High,0.9844,2026-10-02
PRD07158,STU07158,,Medium,High,0.9456,2026-10-02
PRD07159,STU07159,,Medium,Medium,0.8778,2026-10-02
PRD07160,STU07160,,High,High,0.9835,2026-10-02
PRD07161,STU07161,,Low,Medium,0.6367,2026-10-02
PRD07162,STU07162,,Medium,Medium,0.582,2026-10-02
PRD07163,STU07163,,Medium,High,0.9698,2026-10-02
PRD07164,STU07164,,High,High,0.9859,2026-10-02
PRD07165,STU07165,,Medium,Medium,0.9259,2026-10-02
PRD07166,STU07166,,Low,Low,0.4998,2026-10-02
PRD07167,STU07167,,Medium,High,0.9623,2026-10-02
PRD07168,STU07168,,Medium,High,0.9885,2026-10-02
PRD07169,STU07169,,Low,Medium,0.6287,2026-10-02
PRD07170,STU07170,,Medium,Medium,0.9216,2026-10-02
PRD07171,STU07171,,Medium,High,0.99,2026-10-02
PRD07172,STU07172,,Medium,Medium,0.8841,2026-10-02
PRD07173,STU07173,,Medium,Low,0.4998,2026-10-02
PRD07174,STU07174,,High,High,0.99,2026-10-02
PRD07175,STU07175,,High,High,0.9563,2026-10-02
PRD07176,STU07176,,Medium,Medium,0.5773,2026-10-02
PRD07177,STU07177,,Medium,High,0.9862,2026-10-02
PRD07178,STU07178,,High,High,0.9896,2026-10-02
PRD07179,STU07179,,Low,Medium,0.7697,2026-10-02
PRD07180,STU07180,,Low,Medium,0.8765,2026-10-02
PRD07181,STU07181,,Medium,High,0.9599,2026-10-02
PRD07182,STU07182,,Medium,High,0.9731,2026-10-02
PRD07183,STU07183,,Medium,Medium,0.8942,2026-10-02
PRD07184,STU07184,,Medium,High,0.9228,2026-10-02
PRD07185,STU07185,,Low,Low,0.3655,2026-10-02
PRD07186,STU07186,,Low,High,0.9748,2026-10-02
PRD07187,STU07187,,Low,Medium,0.9467,2026-10-02
PRD07188,STU07188,,Medium,High,0.9788,2026-10-02
PRD07189,STU07189,,High,High,0.99,2026-10-02
PRD07190,STU07190,,Medium,Medium,0.8159,2026-10-02
PRD07191,STU07191,,Medium,High,0.9458,2026-10-02
PRD07192,STU07192,,Medium,High,0.9586,2026-10-02
PRD07193,STU07193,,Medium,High,0.9855,2026-10-02
PRD07194,STU07194,,Medium,High,0.9452,2026-10-02
PRD07195,STU07195,,High,High,0.9613,2026-10-02
PRD07196,STU07196,,Medium,High,0.9662,2026-10-02
PRD07197,STU07197,,Medium,High,0.9474,2026-10-02
PRD07198,STU07198,,Medium,High,0.948,2026-10-02
PRD07199,STU07199,,High,High,0.9815,2026-10-02
PRD07200,STU07200,,Medium,High,0.937,2026-10-02
PRD07201,STU07201,,Medium,Low,0.4963,2026-10-02
PRD07202,STU07202,,Low,Medium,0.9123,2026-10-02
PRD07203,STU07203,,Medium,High,0.9817,2026-10-02
PRD07204,STU07204,,Medium,Medium,0.9221,2026-10-02
PRD07205,STU07205,,Low,Medium,0.9144,2026-10-02
PRD07206,STU07206,,Low,Medium,0.7901,2026-10-02
PRD07207,STU07207,,Medium,High,0.972,2026-10-02
PRD07208,STU07208,,High,High,0.9577,2026-10-02
PRD07209,STU07209,,High,High,0.99,2026-10-02
PRD07210,STU07210,,Low,Low,0.4018,2026-10-02
PRD07211,STU07211,,Medium,High,0.9367,2026-10-02
PRD07212,STU07212,,Low,Low,0.3476,2026-10-02
PRD07213,STU07213,,High,High,0.9553,2026-10-02
PRD07214,STU07214,,Low,Low,0.1381,2026-10-02
PRD07215,STU07215,,Medium,High,0.9534,2026-10-02
PRD07216,STU07216,,Medium,Medium,0.8412,2026-10-02
PRD07217,STU07217,,Medium,Medium,0.8877,2026-10-02
PRD07218,STU07218,,Medium,Medium,0.8227,2026-10-02
PRD07219,STU07219,,High,High,0.971,2026-10-02
PRD07220,STU07220,,Low,Low,0.2279,2026-10-02
PRD07221,STU07221,,Low,Medium,0.6295,2026-10-02
PRD07222,STU07222,,Medium,Medium,0.7177,2026-10-02
PRD07223,STU07223,,Medium,Medium,0.8413,2026-10-02
PRD07224,STU07224,,High,High,0.99,2026-10-02
PRD07225,STU07225,,High,High,0.99,2026-10-02
PRD07226,STU07226,,Medium,Medium,0.9413,2026-10-02
PRD07227,STU07227,,Medium,Medium,0.7426,2026-10-02
PRD07228,STU07228,,Low,Low,0.3178,2026-10-02
PRD07229,STU07229,,Medium,High,0.9461,2026-10-02
PRD07230,STU07230,,Low,Low,0.2541,2026-10-02
PRD07231,STU07231,,Medium,High,0.99,2026-10-02
PRD07232,STU07232,,Low,Medium,0.841,2026-10-02
PRD07233,STU07233,,Medium,Medium,0.9235,2026-10-02
PRD07234,STU07234,,High,High,0.9828,2026-10-02
PRD07235,STU07235,,Medium,High,0.9412,2026-10-02
PRD07236,STU07236,,Medium,High,0.9747,2026-10-02
PRD07237,STU07237,,Medium,High,0.9898,2026-10-02
PRD07238,STU07238,,Medium,Medium,0.9416,2026-10-02
PRD07239,STU07239,,Medium,High,0.9622,2026-10-02
PRD07240,STU07240,,Medium,High,0.99,2026-10-02
PRD07241,STU07241,,Medium,Medium,0.8353,2026-10-02
PRD07242,STU07242,,Medium,Medium,0.5878,2026-10-02
PRD07243,STU07243,,Low,Medium,0.753,2026-10-02
PRD07244,STU07244,,High,High,0.9681,2026-10-02
PRD07245,STU07245,,Medium,Medium,0.7942,2026-10-02
PRD07246,STU07246,,Low,Low,0.2815,2026-10-02
PRD07247,STU07247,,Medium,High,0.99,2026-10-02
PRD07248,STU07248,,Low,Low,0.2481,2026-10-02
PRD07249,STU07249,,High,High,0.967,2026-10-02
PRD07250,STU07250,,Medium,Medium,0.9375,2026-10-02
PRD07251,STU07251,,Low,Low,0.2974,2026-10-02
PRD07252,STU07252,,Low,Low,0.283,2026-10-02
PRD07253,STU07253,,Medium,Medium,0.9344,2026-10-02
PRD07254,STU07254,,Low,Low,0.2794,2026-10-02
PRD07255,STU07255,,Medium,Medium,0.9311,2026-10-02
PRD07256,STU07256,,Medium,High,0.99,2026-10-02
PRD07257,STU07257,,Low,Medium,0.52,2026-10-02
PRD07258,STU07258,,Low,Low,0.1242,2026-10-02
PRD07259,STU07259,,Medium,High,0.9623,2026-10-02
PRD07260,STU07260,,High,High,0.9834,2026-10-02
PRD07261,STU07261,,Medium,Medium,0.8261,2026-10-02
PRD07262,STU07262,,Medium,High,0.9235,2026-10-02
PRD07263,STU07263,,Medium,High,0.9724,2026-10-02
PRD07264,STU07264,,Medium,Medium,0.8325,2026-10-02
PRD07265,STU07265,,Medium,High,0.99,2026-10-02
PRD07266,STU07266,,High,High,0.99,2026-10-02
PRD07267,STU07267,,Medium,Medium,0.7609,2026-10-02
PRD07268,STU07268,,Low,Medium,0.502,2026-10-02
PRD07269,STU07269,,Medium,High,0.99,2026-10-02
PRD07270,STU07270,,Low,Medium,0.5672,2026-10-02
PRD07271,STU07271,,High,High,0.9767,2026-10-02
PRD07272,STU07272,,Medium,Medium,0.7707,2026-10-02
PRD07273,STU07273,,Medium,Medium,0.8874,2026-10-02
PRD07274,STU07274,,Low,Low,0.3684,2026-10-02
PRD07275,STU07275,,Medium,High,0.99,2026-10-02
PRD07276,STU07276,,Low,Medium,0.681,2026-10-02
PRD07277,STU07277,,Medium,High,0.9802,2026-10-02
PRD07278,STU07278,,Low,Low,0.2362,2026-10-02
PRD07279,STU07279,,Medium,High,0.99,2026-10-02
PRD07280,STU07280,,High,High,0.9897,2026-10-02
PRD07281,STU07281,,Low,High,0.9472,2026-10-02
PRD07282,STU07282,,Low,High,0.9658,2026-10-02
PRD07283,STU07283,,Medium,Medium,0.8917,2026-10-02
PRD07284,STU07284,,Medium,Medium,0.7506,2026-10-02
PRD07285,STU07285,,High,High,0.9749,2026-10-02
PRD07286,STU07286,,Low,Low,0.3975,2026-10-02
PRD07287,STU07287,,Low,Low,0.2272,2026-10-02
PRD07288,STU07288,,Low,Low,0.4281,2026-10-02
PRD07289,STU07289,,Medium,High,0.9816,2026-10-02
PRD07290,STU07290,,Medium,Medium,0.9264,2026-10-02
PRD07291,STU07291,,Medium,Medium,0.6874,2026-10-02
PRD07292,STU07292,,Medium,High,0.9686,2026-10-02
PRD07293,STU07293,,Medium,High,0.9543,2026-10-02
PRD07294,STU07294,,Medium,Medium,0.929,2026-10-02
PRD07295,STU07295,,Medium,Medium,0.8915,2026-10-02
PRD07296,STU07296,,High,High,0.99,2026-10-02
PRD07297,STU07297,,Medium,Medium,0.6792,2026-10-02
PRD07298,STU07298,,High,High,0.9661,2026-10-02
PRD07299,STU07299,,High,High,0.99,2026-10-02
PRD07300,STU07300,,Low,Medium,0.7788,2026-10-02
PRD07301,STU07301,,Medium,High,0.9301,2026-10-02
PRD07302,STU07302,,Low,Medium,0.6515,2026-10-02
PRD07303,STU07303,,Low,High,0.9541,2026-10-02
PRD07304,STU07304,,Medium,High,0.99,2026-10-02
PRD07305,STU07305,,Medium,Medium,0.6381,2026-10-02
PRD07306,STU07306,,Medium,High,0.9827,2026-10-02
PRD07307,STU07307,,High,High,0.99,2026-10-02
PRD07308,STU07308,,Medium,Medium,0.9305,2026-10-02
PRD07309,STU07309,,High,High,0.99,2026-10-02
PRD07310,STU07310,,Medium,Medium,0.9317,2026-10-02
PRD07311,STU07311,,High,High,0.99,2026-10-02
PRD07312,STU07312,,Medium,High,0.9545,2026-10-02
PRD07313,STU07313,,High,High,0.99,2026-10-02
PRD07314,STU07314,,High,Medium,0.936,2026-10-02
PRD07315,STU07315,,Low,Medium,0.6321,2026-10-02
PRD07316,STU07316,,High,High,0.9813,2026-10-02
PRD07317,STU07317,,Low,Low,0.257,2026-10-02
PRD07318,STU07318,,Medium,Medium,0.7867,2026-10-02
PRD07319,STU07319,,Low,Low,0.2473,2026-10-02
PRD07320,STU07320,,Medium,Medium,0.9061,2026-10-02
PRD07321,STU07321,,Medium,High,0.9422,2026-10-02
PRD07322,STU07322,,Medium,Medium,0.8043,2026-10-02
PRD07323,STU07323,,Medium,High,0.9731,2026-10-02
PRD07324,STU07324,,Medium,High,0.9586,2026-10-02
PRD07325,STU07325,,Medium,High,0.9808,2026-10-02
PRD07326,STU07326,,High,Medium,0.9438,2026-10-02
PRD07327,STU07327,,Low,Medium,0.8561,2026-10-02
PRD07328,STU07328,,Low,Low,0.1129,2026-10-02
PRD07329,STU07329,,Low,Medium,0.9042,2026-10-02
PRD07330,STU07330,,High,High,0.99,2026-10-02
PRD07331,STU07331,,Medium,Medium,0.8843,2026-10-02
PRD07332,STU07332,,High,High,0.9688,2026-10-02
PRD07333,STU07333,,Low,Medium,0.7479,2026-10-02
PRD07334,STU07334,,Medium,Medium,0.8712,2026-10-02
PRD07335,STU07335,,Medium,High,0.9471,2026-10-02
PRD07336,STU07336,,Medium,Medium,0.8018,2026-10-02
PRD07337,STU07337,,Medium,High,0.99,2026-10-02
PRD07338,STU07338,,Low,Medium,0.7456,2026-10-02
PRD07339,STU07339,,Medium,Medium,0.8754,2026-10-02
PRD07340,STU07340,,High,High,0.99,2026-10-02
PRD07341,STU07341,,Medium,Medium,0.6476,2026-10-02
PRD07342,STU07342,,Medium,Medium,0.8422,2026-10-02
PRD07343,STU07343,,Low,Low,0.4623,2026-10-02
PRD07344,STU07344,,Low,Low,0.2067,2026-10-02
PRD07345,STU07345,,Medium,Medium,0.7558,2026-10-02
PRD07346,STU07346,,Medium,Medium,0.8967,2026-10-02
PRD07347,STU07347,,High,High,0.9799,2026-10-02
PRD07348,STU07348,,High,High,0.9759,2026-10-02
PRD07349,STU07349,,High,High,0.99,2026-10-02
PRD07350,STU07350,,Medium,High,0.99,2026-10-02
PRD07351,STU07351,,High,High,0.959,2026-10-02
PRD07352,STU07352,,Medium,High,0.9699,2026-10-02
PRD07353,STU07353,,Medium,Medium,0.9423,2026-10-02
PRD07354,STU07354,,Medium,Medium,0.9071,2026-10-02
PRD07355,STU07355,,High,High,0.99,2026-10-02
PRD07356,STU07356,,Medium,High,0.9491,2026-10-02
PRD07357,STU07357,,Medium,Medium,0.7403,2026-10-02
PRD07358,STU07358,,Medium,High,0.99,2026-10-02
PRD07359,STU07359,,Low,Medium,0.5455,2026-10-02
PRD07360,STU07360,,Medium,Medium,0.8505,2026-10-02
PRD07361,STU07361,,Low,Low,0.437,2026-10-02
PRD07362,STU07362,,Medium,High,0.99,2026-10-02
PRD07363,STU07363,,Medium,High,0.9631,2026-10-02
PRD07364,STU07364,,Medium,High,0.9508,2026-10-02
PRD07365,STU07365,,Low,Low,0.1516,2026-10-02
PRD07366,STU07366,,Medium,Medium,0.7975,2026-10-02
PRD07367,STU07367,,Low,Low,0.3006,2026-10-02
PRD07368,STU07368,,Low,Low,0.388,2026-10-02
PRD07369,STU07369,,Medium,Medium,0.5816,2026-10-02
PRD07370,STU07370,,Medium,Medium,0.8393,2026-10-02
PRD07371,STU07371,,Medium,High,0.99,2026-10-02
PRD07372,STU07372,,Medium,Medium,0.8918,2026-10-02
PRD07373,STU07373,,High,High,0.99,2026-10-02
PRD07374,STU07374,,Low,Medium,0.7658,2026-10-02
PRD07375,STU07375,,Low,Low,0.4211,2026-10-02
PRD07376,STU07376,,Medium,Medium,0.8614,2026-10-02
PRD07377,STU07377,,Low,Medium,0.7016,2026-10-02
PRD07378,STU07378,,Medium,Low,0.4021,2026-10-02
PRD07379,STU07379,,Medium,Medium,0.9198,2026-10-02
PRD07380,STU07380,,Medium,Medium,0.9032,2026-10-02
PRD07381,STU07381,,Medium,Medium,0.9518,2026-10-02
PRD07382,STU07382,,Medium,Medium,0.9511,2026-10-02
PRD07383,STU07383,,Medium,Medium,0.6208,2026-10-02
PRD07384,STU07384,,High,High,0.959,2026-10-02
PRD07385,STU07385,,Medium,Medium,0.8134,2026-10-02
PRD07386,STU07386,,Low,Low,0.0962,2026-10-02
PRD07387,STU07387,,Medium,High,0.936,2026-10-02
PRD07388,STU07388,,High,High,0.99,2026-10-02
PRD07389,STU07389,,Medium,High,0.9752,2026-10-02
PRD07390,STU07390,,Medium,Medium,0.9578,2026-10-02
PRD07391,STU07391,,High,High,0.99,2026-10-02
PRD07392,STU07392,,Low,Medium,0.5055,2026-10-02
PRD07393,STU07393,,Medium,Medium,0.5536,2026-10-02
PRD07394,STU07394,,Low,Medium,0.6318,2026-10-02
PRD07395,STU07395,,Medium,Medium,0.9218,2026-10-02
PRD07396,STU07396,,Low,Medium,0.8272,2026-10-02
PRD07397,STU07397,,Low,Medium,0.8871,2026-10-02
PRD07398,STU07398,,Low,Medium,0.6336,2026-10-02
PRD07399,STU07399,,Low,Medium,0.8154,2026-10-02
PRD07400,STU07400,,Low,Medium,0.8269,2026-10-02
PRD07401,STU07401,,Low,Medium,0.8755,2026-10-02
PRD07402,STU07402,,High,High,0.9734,2026-10-02
PRD07403,STU07403,,Low,Low,0.2348,2026-10-02
PRD07404,STU07404,,Medium,Medium,0.8089,2026-10-02
PRD07405,STU07405,,Low,Medium,0.8885,2026-10-02
PRD07406,STU07406,,Medium,Medium,0.9641,2026-10-02
PRD07407,STU07407,,High,High,0.9478,2026-10-02
PRD07408,STU07408,,Medium,Medium,0.9477,2026-10-02
PRD07409,STU07409,,Medium,Medium,0.753,2026-10-02
PRD07410,STU07410,,Low,Low,0.3437,2026-10-02
PRD07411,STU07411,,Medium,Medium,0.99,2026-10-02
PRD07412,STU07412,,Medium,High,0.9617,2026-10-02
PRD07413,STU07413,,Low,Medium,0.9036,2026-10-02
PRD07414,STU07414,,Medium,Medium,0.9308,2026-10-02
PRD07415,STU07415,,Low,Medium,0.7283,2026-10-02
PRD07416,STU07416,,Low,Medium,0.6977,2026-10-02
PRD07417,STU07417,,Low,Low,0.1574,2026-10-02
PRD07418,STU07418,,Medium,High,0.9839,2026-10-02
PRD07419,STU07419,,Medium,High,0.9757,2026-10-02
PRD07420,STU07420,,High,High,0.9715,2026-10-02
PRD07421,STU07421,,Medium,High,0.9891,2026-10-02
PRD07422,STU07422,,High,High,0.9624,2026-10-02
PRD07423,STU07423,,Medium,High,0.9831,2026-10-02
PRD07424,STU07424,,High,High,0.99,2026-10-02
PRD07425,STU07425,,Low,Low,0.2732,2026-10-02
PRD07426,STU07426,,Medium,High,0.9555,2026-10-02
PRD07427,STU07427,,High,High,0.9509,2026-10-02
PRD07428,STU07428,,High,High,0.99,2026-10-02
PRD07429,STU07429,,Medium,High,0.99,2026-10-02
PRD07430,STU07430,,Medium,Medium,0.9607,2026-10-02
PRD07431,STU07431,,Low,Medium,0.8479,2026-10-02
PRD07432,STU07432,,High,High,0.99,2026-10-02
PRD07433,STU07433,,Medium,Medium,0.6309,2026-10-02
PRD07434,STU07434,,Medium,High,0.99,2026-10-02
PRD07435,STU07435,,Low,Low,0.2736,2026-10-02
PRD07436,STU07436,,Low,Medium,0.5517,2026-10-02
PRD07437,STU07437,,Low,Medium,0.832,2026-10-02
PRD07438,STU07438,,Medium,High,0.9783,2026-10-02
PRD07439,STU07439,,High,High,0.99,2026-10-02
PRD07440,STU07440,,Medium,Medium,0.8882,2026-10-02
PRD07441,STU07441,,Medium,High,0.99,2026-10-02
PRD07442,STU07442,,Low,Medium,0.9046,2026-10-02
PRD07443,STU07443,,High,High,0.977,2026-10-02
PRD07444,STU07444,,Medium,Medium,0.8054,2026-10-02
PRD07445,STU07445,,Medium,High,0.9504,2026-10-02
PRD07446,STU07446,,Low,Medium,0.5337,2026-10-02
PRD07447,STU07447,,High,High,0.9843,2026-10-02
PRD07448,STU07448,,Low,Medium,0.7498,2026-10-02
PRD07449,STU07449,,Medium,Medium,0.681,2026-10-02
PRD07450,STU07450,,Medium,High,0.933,2026-10-02
PRD07451,STU07451,,Medium,Low,0.3754,2026-10-02
PRD07452,STU07452,,Low,Medium,0.6845,2026-10-02
PRD07453,STU07453,,Low,Medium,0.6525,2026-10-02
PRD07454,STU07454,,High,High,0.99,2026-10-02
PRD07455,STU07455,,Low,Low,0.1442,2026-10-02
PRD07456,STU07456,,Medium,Medium,0.7368,2026-10-02
PRD07457,STU07457,,High,High,0.9892,2026-10-02
PRD07458,STU07458,,Medium,High,0.99,2026-10-02
PRD07459,STU07459,,Low,Medium,0.7232,2026-10-02
PRD07460,STU07460,,Low,Medium,0.6573,2026-10-02
PRD07461,STU07461,,Medium,High,0.9558,2026-10-02
PRD07462,STU07462,,Low,Medium,0.7511,2026-10-02
PRD07463,STU07463,,Medium,High,0.99,2026-10-02
PRD07464,STU07464,,Medium,Medium,0.8798,2026-10-02
PRD07465,STU07465,,Low,Low,0.4267,2026-10-02
PRD07466,STU07466,,Medium,High,0.9799,2026-10-02
PRD07467,STU07467,,High,Medium,0.9181,2026-10-02
PRD07468,STU07468,,Low,Medium,0.6214,2026-10-02
PRD07469,STU07469,,High,High,0.99,2026-10-02
PRD07470,STU07470,,Medium,High,0.9676,2026-10-02
PRD07471,STU07471,,Low,Medium,0.8008,2026-10-02
PRD07472,STU07472,,Low,Low,0.3537,2026-10-02
PRD07473,STU07473,,Medium,High,0.9778,2026-10-02
PRD07474,STU07474,,Low,Low,0.2938,2026-10-02
PRD07475,STU07475,,Low,Medium,0.7013,2026-10-02
PRD07476,STU07476,,Low,Low,0.4047,2026-10-02
PRD07477,STU07477,,Medium,High,0.9784,2026-10-02
PRD07478,STU07478,,Medium,Medium,0.8908,2026-10-02
PRD07479,STU07479,,High,Medium,0.9518,2026-10-02
PRD07480,STU07480,,Medium,High,0.9783,2026-10-02
PRD07481,STU07481,,Medium,High,0.99,2026-10-02
PRD07482,STU07482,,Medium,High,0.99,2026-10-02
PRD07483,STU07483,,Medium,High,0.99,2026-10-02
PRD07484,STU07484,,Medium,Medium,0.872,2026-10-02
PRD07485,STU07485,,Low,Medium,0.826,2026-10-02
PRD07486,STU07486,,Medium,High,0.9895,2026-10-02
PRD07487,STU07487,,Medium,High,0.9393,2026-10-02
PRD07488,STU07488,,Medium,High,0.9714,2026-10-02
PRD07489,STU07489,,Medium,High,0.99,2026-10-02
PRD07490,STU07490,,Medium,Medium,0.9449,2026-10-02
PRD07491,STU07491,,Medium,Medium,0.8984,2026-10-02
PRD07492,STU07492,,Medium,Medium,0.6959,2026-10-02
PRD07493,STU07493,,Low,Medium,0.6844,2026-10-02
PRD07494,STU07494,,Medium,Medium,0.9,2026-10-02
PRD07495,STU07495,,Medium,High,0.99,2026-10-02
PRD07496,STU07496,,Low,Low,0.2569,2026-10-02
PRD07497,STU07497,,Low,High,0.9301,2026-10-02
PRD07498,STU07498,,Low,Medium,0.9219,2026-10-02
PRD07499,STU07499,,Medium,High,0.9825,2026-10-02
PRD07500,STU07500,,High,High,0.9811,2026-10-02
PRD07501,STU07501,,High,High,0.99,2026-10-02
PRD07502,STU07502,,High,High,0.9487,2026-10-02
PRD07503,STU07503,,Medium,Medium,0.7072,2026-10-02
PRD07504,STU07504,,Low,Medium,0.7022,2026-10-02
PRD07505,STU07505,,Low,Medium,0.5791,2026-10-02
PRD07506,STU07506,,High,High,0.9583,2026-10-02
PRD07507,STU07507,,High,High,0.9384,2026-10-02
PRD07508,STU07508,,Low,Low,0.0557,2026-10-02
PRD07509,STU07509,,Medium,Medium,0.926,2026-10-02
PRD07510,STU07510,,Low,Low,0.2536,2026-10-02
PRD07511,STU07511,,Medium,High,0.9399,2026-10-02
PRD07512,STU07512,,Low,Medium,0.7373,2026-10-02
PRD07513,STU07513,,Medium,High,0.978,2026-10-02
PRD07514,STU07514,,Medium,Medium,0.7225,2026-10-02
PRD07515,STU07515,,Medium,Medium,0.9034,2026-10-02
PRD07516,STU07516,,Medium,Medium,0.7572,2026-10-02
PRD07517,STU07517,,Medium,High,0.99,2026-10-02
PRD07518,STU07518,,Low,Medium,0.7312,2026-10-02
PRD07519,STU07519,,High,High,0.978,2026-10-02
PRD07520,STU07520,,Low,Low,0.4253,2026-10-02
PRD07521,STU07521,,Low,Low,0.1425,2026-10-02
PRD07522,STU07522,,Low,Medium,0.7688,2026-10-02
PRD07523,STU07523,,Low,High,0.9433,2026-10-02
PRD07524,STU07524,,Medium,Medium,0.8919,2026-10-02
PRD07525,STU07525,,High,High,0.9835,2026-10-02
PRD07526,STU07526,,Low,Low,0.4239,2026-10-02
PRD07527,STU07527,,High,High,0.99,2026-10-02
PRD07528,STU07528,,Medium,High,0.99,2026-10-02
PRD07529,STU07529,,Medium,Medium,0.8535,2026-10-02
PRD07530,STU07530,,Medium,High,0.9627,2026-10-02
PRD07531,STU07531,,Medium,High,0.967,2026-10-02
PRD07532,STU07532,,Medium,Medium,0.7533,2026-10-02
PRD07533,STU07533,,Low,Low,0.1731,2026-10-02
PRD07534,STU07534,,Medium,High,0.9371,2026-10-02
PRD07535,STU07535,,High,High,0.99,2026-10-02
PRD07536,STU07536,,Medium,Medium,0.8901,2026-10-02
PRD07537,STU07537,,Medium,Medium,0.8718,2026-10-02
PRD07538,STU07538,,High,High,0.99,2026-10-02
PRD07539,STU07539,,Low,Low,0.419,2026-10-02
PRD07540,STU07540,,Medium,High,0.9793,2026-10-02
PRD07541,STU07541,,High,High,0.99,2026-10-02
PRD07542,STU07542,,Low,Low,0.2262,2026-10-02
PRD07543,STU07543,,Medium,High,0.9159,2026-10-02
PRD07544,STU07544,,Low,Low,0.3157,2026-10-02
PRD07545,STU07545,,Low,Low,0.4397,2026-10-02
PRD07546,STU07546,,Low,Low,0.2043,2026-10-02
PRD07547,STU07547,,Low,High,0.9516,2026-10-02
PRD07548,STU07548,,Low,Medium,0.9161,2026-10-02
PRD07549,STU07549,,Medium,High,0.9436,2026-10-02
PRD07550,STU07550,,Low,Low,0.3557,2026-10-02
PRD07551,STU07551,,Medium,High,0.975,2026-10-02
PRD07552,STU07552,,Medium,Medium,0.6931,2026-10-02
PRD07553,STU07553,,Low,Medium,0.7516,2026-10-02
PRD07554,STU07554,,Medium,Medium,0.8844,2026-10-02
PRD07555,STU07555,,Low,Medium,0.833,2026-10-02
PRD07556,STU07556,,Medium,High,0.99,2026-10-02
PRD07557,STU07557,,Low,Low,0.5233,2026-10-02
PRD07558,STU07558,,Medium,Medium,0.9165,2026-10-02
PRD07559,STU07559,,Medium,Medium,0.7206,2026-10-02
PRD07560,STU07560,,Medium,Medium,0.9086,2026-10-02
PRD07561,STU07561,,Low,Low,0.3564,2026-10-02
PRD07562,STU07562,,Medium,Medium,0.9405,2026-10-02
PRD07563,STU07563,,Medium,High,0.9748,2026-10-02
PRD07564,STU07564,,Medium,Medium,0.8429,2026-10-02
PRD07565,STU07565,,Low,Low,0.2611,2026-10-02
PRD07566,STU07566,,Low,High,0.9405,2026-10-02
PRD07567,STU07567,,Medium,High,0.99,2026-10-02
PRD07568,STU07568,,Medium,High,0.99,2026-10-02
PRD07569,STU07569,,High,High,0.9653,2026-10-02
PRD07570,STU07570,,Low,Medium,0.8678,2026-10-02
PRD07571,STU07571,,Low,Medium,0.6866,2026-10-02
PRD07572,STU07572,,Low,Low,0.1092,2026-10-02
PRD07573,STU07573,,Low,Medium,0.9651,2026-10-02
PRD07574,STU07574,,Medium,Medium,0.6962,2026-10-02
PRD07575,STU07575,,Medium,Medium,0.9231,2026-10-02
PRD07576,STU07576,,Medium,Medium,0.8689,2026-10-02
PRD07577,STU07577,,Medium,High,0.99,2026-10-02
PRD07578,STU07578,,Low,Medium,0.853,2026-10-02
PRD07579,STU07579,,Medium,High,0.9708,2026-10-02
PRD07580,STU07580,,Medium,Medium,0.8344,2026-10-02
PRD07581,STU07581,,Medium,Medium,0.9591,2026-10-02
PRD07582,STU07582,,High,High,0.99,2026-10-02
PRD07583,STU07583,,High,High,0.9705,2026-10-02
PRD07584,STU07584,,Medium,Medium,0.545,2026-10-02
PRD07585,STU07585,,Low,Medium,0.5508,2026-10-02
PRD07586,STU07586,,High,High,0.9816,2026-10-02
PRD07587,STU07587,,Medium,High,0.99,2026-10-02
PRD07588,STU07588,,Low,Low,0.4238,2026-10-02
PRD07589,STU07589,,Low,Medium,0.4885,2026-10-02
PRD07590,STU07590,,Medium,Medium,0.681,2026-10-02
PRD07591,STU07591,,Low,Low,0.258,2026-10-02
PRD07592,STU07592,,Low,High,0.9675,2026-10-02
PRD07593,STU07593,,Medium,Medium,0.7644,2026-10-02
PRD07594,STU07594,,Medium,High,0.99,2026-10-02
PRD07595,STU07595,,High,High,0.99,2026-10-02
PRD07596,STU07596,,Medium,High,0.99,2026-10-02
PRD07597,STU07597,,Low,Medium,0.8546,2026-10-02
PRD07598,STU07598,,Medium,Medium,0.9328,2026-10-02
PRD07599,STU07599,,Low,Medium,0.8613,2026-10-02
PRD07600,STU07600,,Medium,High,0.99,2026-10-02
PRD07601,STU07601,,Low,Low,0.1476,2026-10-02
PRD07602,STU07602,,High,High,0.99,2026-10-02
PRD07603,STU07603,,Medium,Medium,0.9307,2026-10-02
PRD07604,STU07604,,Medium,High,0.99,2026-10-02
PRD07605,STU07605,,Medium,High,0.99,2026-10-02
PRD07606,STU07606,,High,High,0.973,2026-10-02
PRD07607,STU07607,,High,High,0.99,2026-10-02
PRD07608,STU07608,,Medium,Medium,0.6728,2026-10-02
PRD07609,STU07609,,Low,Low,0.2611,2026-10-02
PRD07610,STU07610,,Low,High,0.99,2026-10-02
PRD07611,STU07611,,Low,Medium,0.782,2026-10-02
PRD07612,STU07612,,Low,Low,0.3757,2026-10-02
PRD07613,STU07613,,Medium,Medium,0.9337,2026-10-02
PRD07614,STU07614,,High,High,0.9659,2026-10-02
PRD07615,STU07615,,High,High,0.9827,2026-10-02
PRD07616,STU07616,,Medium,Medium,0.663,2026-10-02
PRD07617,STU07617,,Low,Low,0.091,2026-10-02
PRD07618,STU07618,,High,High,0.99,2026-10-02
PRD07619,STU07619,,Medium,Medium,0.9831,2026-10-02
PRD07620,STU07620,,Medium,High,0.9872,2026-10-02
PRD07621,STU07621,,High,High,0.99,2026-10-02
PRD07622,STU07622,,Low,Low,0.1381,2026-10-02
PRD07623,STU07623,,Medium,High,0.975,2026-10-02
PRD07624,STU07624,,Medium,High,0.99,2026-10-02
PRD07625,STU07625,,Low,Medium,0.5184,2026-10-02
PRD07626,STU07626,,Low,Low,0.326,2026-10-02
PRD07627,STU07627,,Medium,High,0.9726,2026-10-02
PRD07628,STU07628,,Medium,High,0.972,2026-10-02
PRD07629,STU07629,,Low,Medium,0.627,2026-10-02
PRD07630,STU07630,,Medium,Medium,0.9176,2026-10-02
PRD07631,STU07631,,Medium,Medium,0.7604,2026-10-02
PRD07632,STU07632,,Low,Medium,0.5303,2026-10-02
PRD07633,STU07633,,Low,Low,0.1796,2026-10-02
PRD07634,STU07634,,Medium,High,0.975,2026-10-02
PRD07635,STU07635,,Low,Low,0.2995,2026-10-02
PRD07636,STU07636,,Medium,Low,0.4966,2026-10-02
PRD07637,STU07637,,High,High,0.99,2026-10-02
PRD07638,STU07638,,Low,High,0.9842,2026-10-02
PRD07639,STU07639,,Medium,Low,0.3258,2026-10-02
PRD07640,STU07640,,Low,Low,0.3743,2026-10-02
PRD07641,STU07641,,Medium,Medium,0.8009,2026-10-02
PRD07642,STU07642,,Medium,High,0.9533,2026-10-02
PRD07643,STU07643,,Medium,Medium,0.734,2026-10-02
PRD07644,STU07644,,Medium,Medium,0.8718,2026-10-02
PRD07645,STU07645,,Medium,Medium,0.7834,2026-10-02
PRD07646,STU07646,,Medium,High,0.9737,2026-10-02
PRD07647,STU07647,,Low,High,0.9859,2026-10-02
PRD07648,STU07648,,Low,Medium,0.8732,2026-10-02
PRD07649,STU07649,,Low,Low,0.4644,2026-10-02
PRD07650,STU07650,,Medium,High,0.9893,2026-10-02
PRD07651,STU07651,,Low,Medium,0.6569,2026-10-02
PRD07652,STU07652,,High,High,0.99,2026-10-02
PRD07653,STU07653,,Medium,Medium,0.8166,2026-10-02
PRD07654,STU07654,,Medium,Medium,0.8504,2026-10-02
PRD07655,STU07655,,Low,Medium,0.9514,2026-10-02
PRD07656,STU07656,,Medium,High,0.9883,2026-10-02
PRD07657,STU07657,,Low,Medium,0.7036,2026-10-02
PRD07658,STU07658,,High,High,0.99,2026-10-02
PRD07659,STU07659,,Low,Low,0.4865,2026-10-02
PRD07660,STU07660,,Medium,Low,0.4192,2026-10-02
PRD07661,STU07661,,Medium,Medium,0.8064,2026-10-02
PRD07662,STU07662,,Medium,Medium,0.8388,2026-10-02
PRD07663,STU07663,,Low,Low,0.1965,2026-10-02
PRD07664,STU07664,,High,High,0.9852,2026-10-02
PRD07665,STU07665,,Medium,Medium,0.6397,2026-10-02
PRD07666,STU07666,,Medium,Medium,0.9258,2026-10-02
PRD07667,STU07667,,Medium,Medium,0.6219,2026-10-02
PRD07668,STU07668,,High,High,0.989,2026-10-02
PRD07669,STU07669,,Medium,Low,0.3223,2026-10-02
PRD07670,STU07670,,Medium,Medium,0.6107,2026-10-02
PRD07671,STU07671,,Medium,Medium,0.8375,2026-10-02
PRD07672,STU07672,,Low,Medium,0.8604,2026-10-02
PRD07673,STU07673,,Low,High,0.99,2026-10-02
PRD07674,STU07674,,Medium,Medium,0.9348,2026-10-02
PRD07675,STU07675,,Medium,High,0.9735,2026-10-02
PRD07676,STU07676,,High,High,0.99,2026-10-02
PRD07677,STU07677,,High,High,0.9328,2026-10-02
PRD07678,STU07678,,Medium,Medium,0.5907,2026-10-02
PRD07679,STU07679,,Low,Low,0.1171,2026-10-02
PRD07680,STU07680,,High,High,0.9452,2026-10-02
PRD07681,STU07681,,Medium,Low,0.4249,2026-10-02
PRD07682,STU07682,,Medium,High,0.9333,2026-10-02
PRD07683,STU07683,,Medium,Medium,0.8924,2026-10-02
PRD07684,STU07684,,Low,High,0.9838,2026-10-02
PRD07685,STU07685,,Low,Medium,0.7096,2026-10-02
PRD07686,STU07686,,High,High,0.99,2026-10-02
PRD07687,STU07687,,Medium,High,0.99,2026-10-02
PRD07688,STU07688,,Medium,Medium,0.8293,2026-10-02
PRD07689,STU07689,,High,High,0.9717,2026-10-02
PRD07690,STU07690,,Medium,High,0.9058,2026-10-02
PRD07691,STU07691,,High,High,0.9829,2026-10-02
PRD07692,STU07692,,Low,High,0.931,2026-10-02
PRD07693,STU07693,,Medium,High,0.9563,2026-10-02
PRD07694,STU07694,,Medium,Medium,0.9183,2026-10-02
PRD07695,STU07695,,Low,Low,0.2385,2026-10-02
PRD07696,STU07696,,Low,Low,0.302,2026-10-02
PRD07697,STU07697,,Low,Medium,0.8299,2026-10-02
PRD07698,STU07698,,Low,Low,0.3855,2026-10-02
PRD07699,STU07699,,Low,Low,0.4378,2026-10-02
PRD07700,STU07700,,Low,Medium,0.8099,2026-10-02
PRD07701,STU07701,,Medium,High,0.9487,2026-10-02
PRD07702,STU07702,,Medium,Medium,0.948,2026-10-02
PRD07703,STU07703,,Low,High,0.9842,2026-10-02
PRD07704,STU07704,,Low,Low,0.3611,2026-10-02
PRD07705,STU07705,,Low,Medium,0.4853,2026-10-02
PRD07706,STU07706,,Low,Medium,0.7112,2026-10-02
PRD07707,STU07707,,Medium,Medium,0.6957,2026-10-02
PRD07708,STU07708,,Medium,Medium,0.8124,2026-10-02
PRD07709,STU07709,,Low,Low,0.3987,2026-10-02
PRD07710,STU07710,,Medium,High,0.99,2026-10-02
PRD07711,STU07711,,Low,Medium,0.882,2026-10-02
PRD07712,STU07712,,Medium,Medium,0.8829,2026-10-02
PRD07713,STU07713,,Medium,High,0.9846,2026-10-02
PRD07714,STU07714,,High,High,0.99,2026-10-02
PRD07715,STU07715,,Low,Medium,0.6166,2026-10-02
PRD07716,STU07716,,High,High,0.99,2026-10-02
PRD07717,STU07717,,Low,Medium,0.8563,2026-10-02
PRD07718,STU07718,,Medium,Medium,0.8671,2026-10-02
PRD07719,STU07719,,High,High,0.9752,2026-10-02
PRD07720,STU07720,,Low,Low,0.4883,2026-10-02
PRD07721,STU07721,,Low,Low,0.1327,2026-10-02
PRD07722,STU07722,,High,High,0.99,2026-10-02
PRD07723,STU07723,,Medium,High,0.9766,2026-10-02
PRD07724,STU07724,,Medium,Medium,0.9018,2026-10-02
PRD07725,STU07725,,High,High,0.99,2026-10-02
PRD07726,STU07726,,Medium,High,0.963,2026-10-02
PRD07727,STU07727,,Medium,High,0.99,2026-10-02
PRD07728,STU07728,,Medium,High,0.9136,2026-10-02
PRD07729,STU07729,,Medium,Medium,0.7453,2026-10-02
PRD07730,STU07730,,High,High,0.99,2026-10-02
PRD07731,STU07731,,Medium,High,0.9105,2026-10-02
PRD07732,STU07732,,Medium,High,0.9757,2026-10-02
PRD07733,STU07733,,High,High,0.9898,2026-10-02
PRD07734,STU07734,,Low,Medium,0.8682,2026-10-02
PRD07735,STU07735,,Medium,Medium,0.9031,2026-10-02
PRD07736,STU07736,,Medium,Medium,0.9096,2026-10-02
PRD07737,STU07737,,Low,Low,0.2039,2026-10-02
PRD07738,STU07738,,Low,Medium,0.7543,2026-10-02
PRD07739,STU07739,,Medium,High,0.9658,2026-10-02
PRD07740,STU07740,,Low,Medium,0.5378,2026-10-02
PRD07741,STU07741,,Low,Medium,0.5063,2026-10-02
PRD07742,STU07742,,Low,Medium,0.5819,2026-10-02
PRD07743,STU07743,,Medium,Medium,0.9306,2026-10-02
PRD07744,STU07744,,Medium,Medium,0.7428,2026-10-02
PRD07745,STU07745,,Medium,Medium,0.7672,2026-10-02
PRD07746,STU07746,,High,High,0.99,2026-10-02
PRD07747,STU07747,,Medium,High,0.9503,2026-10-02
PRD07748,STU07748,,Medium,Medium,0.7915,2026-10-02
PRD07749,STU07749,,Low,Medium,0.5403,2026-10-02
PRD07750,STU07750,,Low,Low,0.474,2026-10-02
PRD07751,STU07751,,Low,Medium,0.7735,2026-10-02
PRD07752,STU07752,,Low,Medium,0.6005,2026-10-02
PRD07753,STU07753,,Medium,High,0.9663,2026-10-02
PRD07754,STU07754,,High,High,0.99,2026-10-02
PRD07755,STU07755,,Low,Low,0.238,2026-10-02
PRD07756,STU07756,,Medium,High,0.9632,2026-10-02
PRD07757,STU07757,,Medium,Medium,0.7835,2026-10-02
PRD07758,STU07758,,Medium,Medium,0.7854,2026-10-02
PRD07759,STU07759,,Medium,High,0.952,2026-10-02
PRD07760,STU07760,,Medium,High,0.99,2026-10-02
PRD07761,STU07761,,Low,Medium,0.6313,2026-10-02
PRD07762,STU07762,,Low,Medium,0.7682,2026-10-02
PRD07763,STU07763,,Low,Low,0.3365,2026-10-02
PRD07764,STU07764,,Medium,Medium,0.86,2026-10-02
PRD07765,STU07765,,Medium,High,0.9726,2026-10-02
PRD07766,STU07766,,Medium,High,0.99,2026-10-02
PRD07767,STU07767,,Low,Medium,0.7771,2026-10-02
PRD07768,STU07768,,Medium,Medium,0.9374,2026-10-02
PRD07769,STU07769,,Low,Medium,0.6005,2026-10-02
PRD07770,STU07770,,High,High,0.9689,2026-10-02
PRD07771,STU07771,,Low,Low,0.0775,2026-10-02
PRD07772,STU07772,,Medium,Medium,0.9319,2026-10-02
PRD07773,STU07773,,Medium,Medium,0.8564,2026-10-02
PRD07774,STU07774,,Medium,High,0.99,2026-10-02
PRD07775,STU07775,,Medium,High,0.957,2026-10-02
PRD07776,STU07776,,Medium,High,0.9487,2026-10-02
PRD07777,STU07777,,Medium,High,0.9859,2026-10-02
PRD07778,STU07778,,Medium,Medium,0.8967,2026-10-02
PRD07779,STU07779,,Low,Medium,0.7558,2026-10-02
PRD07780,STU07780,,Low,Low,0.4611,2026-10-02
PRD07781,STU07781,,Medium,Medium,0.8286,2026-10-02
PRD07782,STU07782,,Low,Medium,0.8919,2026-10-02
PRD07783,STU07783,,Low,Medium,0.9122,2026-10-02
PRD07784,STU07784,,Medium,Medium,0.804,2026-10-02
PRD07785,STU07785,,High,High,0.9618,2026-10-02
PRD07786,STU07786,,Low,Medium,0.6798,2026-10-02
PRD07787,STU07787,,Medium,Low,0.3574,2026-10-02
PRD07788,STU07788,,Medium,High,0.99,2026-10-02
PRD07789,STU07789,,Medium,Medium,0.8335,2026-10-02
PRD07790,STU07790,,Medium,Medium,0.816,2026-10-02
PRD07791,STU07791,,Low,Medium,0.5786,2026-10-02
PRD07792,STU07792,,Low,Low,0.1168,2026-10-02
PRD07793,STU07793,,Low,Medium,0.5888,2026-10-02
PRD07794,STU07794,,Medium,High,0.9492,2026-10-02
PRD07795,STU07795,,Medium,High,0.99,2026-10-02
PRD07796,STU07796,,Medium,High,0.99,2026-10-02
PRD07797,STU07797,,High,High,0.947,2026-10-02
PRD07798,STU07798,,Low,Low,0.4613,2026-10-02
PRD07799,STU07799,,Medium,High,0.9814,2026-10-02
PRD07800,STU07800,,Medium,High,0.99,2026-10-02
PRD07801,STU07801,,Medium,Medium,0.9111,2026-10-02
PRD07802,STU07802,,Low,Low,0.4334,2026-10-02
PRD07803,STU07803,,High,High,0.984,2026-10-02
PRD07804,STU07804,,Low,Medium,0.8841,2026-10-02
PRD07805,STU07805,,Medium,High,0.9623,2026-10-02
PRD07806,STU07806,,Medium,High,0.99,2026-10-02
PRD07807,STU07807,,Low,Low,0.3941,2026-10-02
PRD07808,STU07808,,High,High,0.99,2026-10-02
PRD07809,STU07809,,Low,Low,0.5005,2026-10-02
PRD07810,STU07810,,Low,Low,0.0999,2026-10-02
PRD07811,STU07811,,Medium,Medium,0.8358,2026-10-02
PRD07812,STU07812,,Medium,Medium,0.8756,2026-10-02
PRD07813,STU07813,,Medium,Medium,0.7841,2026-10-02
PRD07814,STU07814,,Medium,High,0.99,2026-10-02
PRD07815,STU07815,,Medium,High,0.9544,2026-10-02
PRD07816,STU07816,,Medium,High,0.957,2026-10-02
PRD07817,STU07817,,Low,Medium,0.5155,2026-10-02
PRD07818,STU07818,,Medium,Medium,0.8276,2026-10-02
PRD07819,STU07819,,Medium,Medium,0.8144,2026-10-02
PRD07820,STU07820,,Low,Medium,0.923,2026-10-02
PRD07821,STU07821,,Low,Medium,0.6894,2026-10-02
PRD07822,STU07822,,Medium,Medium,0.9396,2026-10-02
PRD07823,STU07823,,High,High,0.99,2026-10-02
PRD07824,STU07824,,Medium,High,0.9855,2026-10-02
PRD07825,STU07825,,Medium,High,0.9378,2026-10-02
PRD07826,STU07826,,Low,Medium,0.836,2026-10-02
PRD07827,STU07827,,Medium,Medium,0.7142,2026-10-02
PRD07828,STU07828,,Low,Low,0.4404,2026-10-02
PRD07829,STU07829,,Medium,High,0.99,2026-10-02
PRD07830,STU07830,,Low,Medium,0.6711,2026-10-02
PRD07831,STU07831,,Low,Low,0.2686,2026-10-02
PRD07832,STU07832,,Medium,High,0.9852,2026-10-02
PRD07833,STU07833,,Medium,Medium,0.7105,2026-10-02
PRD07834,STU07834,,Medium,High,0.971,2026-10-02
PRD07835,STU07835,,Medium,High,0.9578,2026-10-02
PRD07836,STU07836,,Medium,High,0.99,2026-10-02
PRD07837,STU07837,,Low,Medium,0.5103,2026-10-02
PRD07838,STU07838,,Medium,Medium,0.9071,2026-10-02
PRD07839,STU07839,,Medium,Medium,0.8697,2026-10-02
PRD07840,STU07840,,Medium,High,0.99,2026-10-02
PRD07841,STU07841,,Medium,Medium,0.7924,2026-10-02
PRD07842,STU07842,,Low,Medium,0.8771,2026-10-02
PRD07843,STU07843,,Medium,Medium,0.6002,2026-10-02
PRD07844,STU07844,,Medium,High,0.983,2026-10-02
PRD07845,STU07845,,Low,Low,0.1525,2026-10-02
PRD07846,STU07846,,Medium,Medium,0.8392,2026-10-02
PRD07847,STU07847,,Low,High,0.9523,2026-10-02
PRD07848,STU07848,,Low,Low,0.3984,2026-10-02
PRD07849,STU07849,,High,Medium,0.8436,2026-10-02
PRD07850,STU07850,,Medium,Medium,0.758,2026-10-02
PRD07851,STU07851,,Medium,High,0.9571,2026-10-02
PRD07852,STU07852,,Low,Low,0.436,2026-10-02
PRD07853,STU07853,,Medium,Medium,0.7767,2026-10-02
PRD07854,STU07854,,High,High,0.99,2026-10-02
PRD07855,STU07855,,Low,High,0.9333,2026-10-02
PRD07856,STU07856,,Low,Medium,0.5876,2026-10-02
PRD07857,STU07857,,Low,Medium,0.6658,2026-10-02
PRD07858,STU07858,,High,High,0.99,2026-10-02
PRD07859,STU07859,,Low,Low,0.4074,2026-10-02
PRD07860,STU07860,,High,High,0.982,2026-10-02
PRD07861,STU07861,,Medium,Medium,0.5202,2026-10-02
PRD07862,STU07862,,High,High,0.99,2026-10-02
PRD07863,STU07863,,High,High,0.99,2026-10-02
PRD07864,STU07864,,Low,Low,0.125,2026-10-02
PRD07865,STU07865,,Medium,High,0.99,2026-10-02
PRD07866,STU07866,,Low,Medium,0.8876,2026-10-02
PRD07867,STU07867,,Medium,High,0.99,2026-10-02
PRD07868,STU07868,,Medium,Medium,0.922,2026-10-02
PRD07869,STU07869,,Low,Low,0.0862,2026-10-02
PRD07870,STU07870,,High,High,0.9608,2026-10-02
PRD07871,STU07871,,Low,Medium,0.5971,2026-10-02
PRD07872,STU07872,,Medium,High,0.9596,2026-10-02
PRD07873,STU07873,,Medium,High,0.9843,2026-10-02
PRD07874,STU07874,,Medium,Medium,0.6381,2026-10-02
PRD07875,STU07875,,Low,Medium,0.541,2026-10-02
PRD07876,STU07876,,Low,Medium,0.692,2026-10-02
PRD07877,STU07877,,Low,Medium,0.7906,2026-10-02
PRD07878,STU07878,,Medium,Medium,0.9414,2026-10-02
PRD07879,STU07879,,High,High,0.99,2026-10-02
PRD07880,STU07880,,Low,Low,0.2939,2026-10-02
PRD07881,STU07881,,Low,Low,0.4353,2026-10-02
PRD07882,STU07882,,Medium,Medium,0.8898,2026-10-02
PRD07883,STU07883,,Medium,High,0.99,2026-10-02
PRD07884,STU07884,,High,High,0.99,2026-10-02
PRD07885,STU07885,,Low,Medium,0.9159,2026-10-02
PRD07886,STU07886,,Low,Medium,0.5321,2026-10-02
PRD07887,STU07887,,Medium,High,0.9831,2026-10-02
PRD07888,STU07888,,Medium,Medium,0.5157,2026-10-02
PRD07889,STU07889,,Medium,Medium,0.8598,2026-10-02
PRD07890,STU07890,,Medium,High,0.9524,2026-10-02
PRD07891,STU07891,,Low,Low,0.3952,2026-10-02
PRD07892,STU07892,,Low,Medium,0.6616,2026-10-02
PRD07893,STU07893,,Medium,High,0.99,2026-10-02
PRD07894,STU07894,,Medium,Medium,0.7998,2026-10-02
PRD07895,STU07895,,Medium,High,0.9224,2026-10-02
PRD07896,STU07896,,Low,Low,0.2519,2026-10-02
PRD07897,STU07897,,Low,Low,0.4196,2026-10-02
PRD07898,STU07898,,Medium,Medium,0.6559,2026-10-02
PRD07899,STU07899,,Medium,High,0.9892,2026-10-02
PRD07900,STU07900,,Low,Medium,0.8253,2026-10-02
PRD07901,STU07901,,Medium,High,0.9733,2026-10-02
PRD07902,STU07902,,Medium,Medium,0.9234,2026-10-02
PRD07903,STU07903,,Low,Low,0.2233,2026-10-02
PRD07904,STU07904,,Medium,High,0.9861,2026-10-02
PRD07905,STU07905,,Medium,High,0.9665,2026-10-02
PRD07906,STU07906,,Medium,High,0.9799,2026-10-02
PRD07907,STU07907,,Medium,High,0.99,2026-10-02
PRD07908,STU07908,,Low,Low,0.2695,2026-10-02
PRD07909,STU07909,,Low,Medium,0.6077,2026-10-02
PRD07910,STU07910,,Low,Medium,0.6451,2026-10-02
PRD07911,STU07911,,Medium,Medium,0.6445,2026-10-02
PRD07912,STU07912,,Medium,Medium,0.704,2026-10-02
PRD07913,STU07913,,Low,High,0.9653,2026-10-02
PRD07914,STU07914,,Medium,Medium,0.958,2026-10-02
PRD07915,STU07915,,Medium,Medium,0.9139,2026-10-02
PRD07916,STU07916,,Medium,High,0.9796,2026-10-02
PRD07917,STU07917,,Low,High,0.9405,2026-10-02
PRD07918,STU07918,,Medium,Medium,0.5691,2026-10-02
PRD07919,STU07919,,Low,Low,0.4326,2026-10-02
PRD07920,STU07920,,Medium,High,0.9795,2026-10-02
PRD07921,STU07921,,Medium,High,0.9722,2026-10-02
PRD07922,STU07922,,Medium,Medium,0.9122,2026-10-02
PRD07923,STU07923,,Medium,Medium,0.9117,2026-10-02
PRD07924,STU07924,,High,High,0.9498,2026-10-02
PRD07925,STU07925,,Low,Low,0.4686,2026-10-02
PRD07926,STU07926,,Medium,Medium,0.7831,2026-10-02
PRD07927,STU07927,,Medium,High,0.9261,2026-10-02
PRD07928,STU07928,,Low,Low,0.3988,2026-10-02
PRD07929,STU07929,,High,High,0.9886,2026-10-02
PRD07930,STU07930,,Medium,Medium,0.8232,2026-10-02
PRD07931,STU07931,,Low,Medium,0.8806,2026-10-02
PRD07932,STU07932,,Medium,High,0.9193,2026-10-02
PRD07933,STU07933,,Low,Medium,0.8919,2026-10-02
PRD07934,STU07934,,Low,Medium,0.9251,2026-10-02
PRD07935,STU07935,,Low,Medium,0.628,2026-10-02
PRD07936,STU07936,,Low,Medium,0.7317,2026-10-02
PRD07937,STU07937,,Low,Medium,0.5527,2026-10-02
PRD07938,STU07938,,Medium,High,0.9734,2026-10-02
PRD07939,STU07939,,High,Medium,0.8971,2026-10-02
PRD07940,STU07940,,Low,Medium,0.7603,2026-10-02
PRD07941,STU07941,,Low,Medium,0.7629,2026-10-02
PRD07942,STU07942,,Medium,Medium,0.8228,2026-10-02
PRD07943,STU07943,,Medium,High,0.9242,2026-10-02
PRD07944,STU07944,,Medium,High,0.9378,2026-10-02
PRD07945,STU07945,,Low,Medium,0.9372,2026-10-02
PRD07946,STU07946,,Medium,Medium,0.9566,2026-10-02
PRD07947,STU07947,,Low,Medium,0.8716,2026-10-02
PRD07948,STU07948,,Low,Low,0.0833,2026-10-02
PRD07949,STU07949,,Low,Low,0.1354,2026-10-02
PRD07950,STU07950,,Medium,Medium,0.9093,2026-10-02
PRD07951,STU07951,,Medium,High,0.9672,2026-10-02
PRD07952,STU07952,,Low,Medium,0.499,2026-10-02
PRD07953,STU07953,,Low,Medium,0.7434,2026-10-02
PRD07954,STU07954,,Low,Low,0.438,2026-10-02
PRD07955,STU07955,,Low,Medium,0.6669,2026-10-02
PRD07956,STU07956,,Medium,High,0.9691,2026-10-02
PRD07957,STU07957,,Medium,High,0.9235,2026-10-02
PRD07958,STU07958,,Low,Medium,0.7316,2026-10-02
PRD07959,STU07959,,Medium,Medium,0.6706,2026-10-02
PRD07960,STU07960,,Low,Medium,0.6185,2026-10-02
PRD07961,STU07961,,High,High,0.99,2026-10-02
PRD07962,STU07962,,Low,High,0.9168,2026-10-02
PRD07963,STU07963,,Medium,High,0.9527,2026-10-02
PRD07964,STU07964,,High,High,0.9781,2026-10-02
PRD07965,STU07965,,Low,Medium,0.8339,2026-10-02
PRD07966,STU07966,,High,High,0.99,2026-10-02
PRD07967,STU07967,,Medium,High,0.99,2026-10-02
PRD07968,STU07968,,Medium,Medium,0.7779,2026-10-02
PRD07969,STU07969,,Low,Low,0.2752,2026-10-02
PRD07970,STU07970,,Low,Medium,0.7883,2026-10-02
PRD07971,STU07971,,Low,Medium,0.7629,2026-10-02
PRD07972,STU07972,,Medium,High,0.9551,2026-10-02
PRD07973,STU07973,,Low,Medium,0.7382,2026-10-02
PRD07974,STU07974,,High,High,0.99,2026-10-02
PRD07975,STU07975,,Medium,Medium,0.5557,2026-10-02
PRD07976,STU07976,,Medium,Medium,0.8704,2026-10-02
PRD07977,STU07977,,High,High,0.9775,2026-10-02
PRD07978,STU07978,,Low,Medium,0.6543,2026-10-02
PRD07979,STU07979,,Low,Medium,0.6721,2026-10-02
PRD07980,STU07980,,Medium,High,0.99,2026-10-02
PRD07981,STU07981,,High,High,0.99,2026-10-02
PRD07982,STU07982,,Medium,Medium,0.9263,2026-10-02
PRD07983,STU07983,,High,High,0.9757,2026-10-02
PRD07984,STU07984,,Medium,Medium,0.6454,2026-10-02
PRD07985,STU07985,,Medium,High,0.932,2026-10-02
PRD07986,STU07986,,Low,Medium,0.7504,2026-10-02
PRD07987,STU07987,,Medium,High,0.99,2026-10-02
PRD07988,STU07988,,Low,Low,0.3649,2026-10-02
PRD07989,STU07989,,High,High,0.9832,2026-10-02
PRD07990,STU07990,,Medium,High,0.9517,2026-10-02
PRD07991,STU07991,,Medium,High,0.9818,2026-10-02
PRD07992,STU07992,,High,High,0.9567,2026-10-02
PRD07993,STU07993,,Medium,High,0.9659,2026-10-02
PRD07994,STU07994,,Medium,High,0.99,2026-10-02
PRD07995,STU07995,,Medium,Medium,0.8098,2026-10-02
PRD07996,STU07996,,Low,Low,0.1881,2026-10-02
PRD07997,STU07997,,Low,Low,0.1184,2026-10-02
PRD07998,STU07998,,Low,Low,0.289,2026-10-02
PRD07999,STU07999,,Low,Low,0.1694,2026-10-02
PRD08000,STU08000,,High,High,0.99,2026-10-02
PRD08001,STU08001,,Medium,High,0.9378,2026-10-02
PRD08002,STU08002,,Medium,High,0.99,2026-10-02
PRD08003,STU08003,,High,High,0.99,2026-10-02
PRD08004,STU08004,,Low,Medium,0.7438,2026-10-02
PRD08005,STU08005,,Medium,Medium,0.7212,2026-10-02
PRD08006,STU08006,,Low,Low,0.248,2026-10-02
PRD08007,STU08007,,Low,High,0.9489,2026-10-02
PRD08008,STU08008,,Medium,High,0.99,2026-10-02
PRD08009,STU08009,,Low,Medium,0.5914,2026-10-02
PRD08010,STU08010,,Medium,High,0.9865,2026-10-02
PRD08011,STU08011,,Medium,High,0.9807,2026-10-02
PRD08012,STU08012,,Medium,High,0.9675,2026-10-02
PRD08013,STU08013,,Medium,Medium,0.8038,2026-10-02
PRD08014,STU08014,,Low,Low,0.4803,2026-10-02
PRD08015,STU08015,,Medium,High,0.95,2026-10-02
PRD08016,STU08016,,Medium,High,0.99,2026-10-02
PRD08017,STU08017,,Low,Low,0.2549,2026-10-02
PRD08018,STU08018,,Medium,Medium,0.8625,2026-10-02
PRD08019,STU08019,,Medium,Medium,0.8688,2026-10-02
PRD08020,STU08020,,High,High,0.99,2026-10-02
PRD08021,STU08021,,Low,Low,0.3795,2026-10-02
PRD08022,STU08022,,Medium,High,0.9613,2026-10-02
PRD08023,STU08023,,Medium,Medium,0.9403,2026-10-02
PRD08024,STU08024,,Medium,Medium,0.6438,2026-10-02
PRD08025,STU08025,,Medium,High,0.99,2026-10-02
PRD08026,STU08026,,Low,Medium,0.713,2026-10-02
PRD08027,STU08027,,Low,Medium,0.8968,2026-10-02
PRD08028,STU08028,,Low,Low,0.1988,2026-10-02
PRD08029,STU08029,,Medium,Medium,0.8885,2026-10-02
PRD08030,STU08030,,Low,Medium,0.56,2026-10-02
PRD08031,STU08031,,Low,Low,0.0892,2026-10-02
PRD08032,STU08032,,Medium,High,0.9796,2026-10-02
PRD08033,STU08033,,Medium,Medium,0.9096,2026-10-02
PRD08034,STU08034,,Medium,Medium,0.888,2026-10-02
PRD08035,STU08035,,Medium,High,0.9831,2026-10-02
PRD08036,STU08036,,Medium,High,0.9151,2026-10-02
PRD08037,STU08037,,High,High,0.9726,2026-10-02
PRD08038,STU08038,,Medium,High,0.9394,2026-10-02
PRD08039,STU08039,,Medium,Medium,0.9088,2026-10-02
PRD08040,STU08040,,Medium,Medium,0.8507,2026-10-02
PRD08041,STU08041,,Medium,Medium,0.6204,2026-10-02
PRD08042,STU08042,,Low,Low,0.1218,2026-10-02
PRD08043,STU08043,,Medium,High,0.99,2026-10-02
PRD08044,STU08044,,High,High,0.9548,2026-10-02
PRD08045,STU08045,,Low,Medium,0.7311,2026-10-02
PRD08046,STU08046,,Medium,High,0.9615,2026-10-02
PRD08047,STU08047,,Medium,High,0.9716,2026-10-02
PRD08048,STU08048,,High,High,0.99,2026-10-02
PRD08049,STU08049,,Medium,Medium,0.9533,2026-10-02
PRD08050,STU08050,,High,High,0.9536,2026-10-02
PRD08051,STU08051,,Low,Low,0.3245,2026-10-02
PRD08052,STU08052,,Low,Medium,0.7,2026-10-02
PRD08053,STU08053,,Low,Medium,0.6762,2026-10-02
PRD08054,STU08054,,Medium,Medium,0.9148,2026-10-02
PRD08055,STU08055,,Medium,High,0.9711,2026-10-02
PRD08056,STU08056,,Medium,Medium,0.8805,2026-10-02
PRD08057,STU08057,,Medium,High,0.9339,2026-10-02
PRD08058,STU08058,,Low,Low,0.2654,2026-10-02
PRD08059,STU08059,,Low,Low,0.4221,2026-10-02
PRD08060,STU08060,,Medium,High,0.9887,2026-10-02
PRD08061,STU08061,,Medium,Medium,0.8166,2026-10-02
PRD08062,STU08062,,Medium,Medium,0.8882,2026-10-02
PRD08063,STU08063,,High,High,0.9092,2026-10-02
PRD08064,STU08064,,Medium,High,0.9872,2026-10-02
PRD08065,STU08065,,High,High,0.9707,2026-10-02
PRD08066,STU08066,,Low,Medium,0.5832,2026-10-02
PRD08067,STU08067,,Low,Low,0.2696,2026-10-02
PRD08068,STU08068,,High,High,0.99,2026-10-02
PRD08069,STU08069,,Medium,High,0.9551,2026-10-02
PRD08070,STU08070,,Low,Medium,0.4972,2026-10-02
PRD08071,STU08071,,Medium,High,0.9823,2026-10-02
PRD08072,STU08072,,Medium,Medium,0.8615,2026-10-02
PRD08073,STU08073,,Low,Medium,0.5307,2026-10-02
PRD08074,STU08074,,Low,Medium,0.8342,2026-10-02
PRD08075,STU08075,,Medium,Medium,0.724,2026-10-02
PRD08076,STU08076,,Low,Medium,0.8986,2026-10-02
PRD08077,STU08077,,Medium,Medium,0.9253,2026-10-02
PRD08078,STU08078,,Low,Low,0.0683,2026-10-02
PRD08079,STU08079,,Low,Low,0.1193,2026-10-02
PRD08080,STU08080,,Medium,Medium,0.7693,2026-10-02
PRD08081,STU08081,,Low,Medium,0.6152,2026-10-02
PRD08082,STU08082,,Low,Low,0.1248,2026-10-02
PRD08083,STU08083,,High,High,0.99,2026-10-02
PRD08084,STU08084,,Medium,High,0.99,2026-10-02
PRD08085,STU08085,,Low,Medium,0.8485,2026-10-02
PRD08086,STU08086,,Low,Low,0.32,2026-10-02
PRD08087,STU08087,,Medium,High,0.99,2026-10-02
PRD08088,STU08088,,Medium,High,0.942,2026-10-02
PRD08089,STU08089,,Low,Medium,0.7179,2026-10-02
PRD08090,STU08090,,Medium,Medium,0.8975,2026-10-02
PRD08091,STU08091,,Medium,High,0.99,2026-10-02
PRD08092,STU08092,,Medium,High,0.9594,2026-10-02
PRD08093,STU08093,,Medium,Medium,0.7833,2026-10-02
PRD08094,STU08094,,Low,Low,0.4063,2026-10-02
PRD08095,STU08095,,Low,Low,0.4217,2026-10-02
PRD08096,STU08096,,Low,Medium,0.4971,2026-10-02
PRD08097,STU08097,,Low,Low,0.4776,2026-10-02
PRD08098,STU08098,,Medium,High,0.9592,2026-10-02
PRD08099,STU08099,,Low,Low,0.4759,2026-10-02
PRD08100,STU08100,,Low,Low,0.1562,2026-10-02
PRD08101,STU08101,,Medium,High,0.9636,2026-10-02
PRD08102,STU08102,,Medium,High,0.9585,2026-10-02
PRD08103,STU08103,,Medium,High,0.9629,2026-10-02
PRD08104,STU08104,,High,High,0.99,2026-10-02
PRD08105,STU08105,,Low,Medium,0.5564,2026-10-02
PRD08106,STU08106,,Medium,Medium,0.8674,2026-10-02
PRD08107,STU08107,,Medium,High,0.8999,2026-10-02
PRD08108,STU08108,,Medium,High,0.9647,2026-10-02
PRD08109,STU08109,,Low,Low,0.0649,2026-10-02
PRD08110,STU08110,,Low,Medium,0.5026,2026-10-02
PRD08111,STU08111,,Medium,Medium,0.99,2026-10-02
PRD08112,STU08112,,Medium,Medium,0.9016,2026-10-02
PRD08113,STU08113,,Medium,High,0.9237,2026-10-02
PRD08114,STU08114,,Medium,High,0.9583,2026-10-02
PRD08115,STU08115,,Low,Medium,0.8829,2026-10-02
PRD08116,STU08116,,Medium,High,0.99,2026-10-02
PRD08117,STU08117,,High,High,0.9581,2026-10-02
PRD08118,STU08118,,Medium,High,0.9732,2026-10-02
PRD08119,STU08119,,Medium,Medium,0.8789,2026-10-02
PRD08120,STU08120,,Medium,Medium,0.9102,2026-10-02
PRD08121,STU08121,,Medium,High,0.9754,2026-10-02
PRD08122,STU08122,,Medium,Medium,0.7295,2026-10-02
PRD08123,STU08123,,Low,Medium,0.8898,2026-10-02
PRD08124,STU08124,,Medium,High,0.9652,2026-10-02
PRD08125,STU08125,,Medium,High,0.9415,2026-10-02
PRD08126,STU08126,,Medium,High,0.99,2026-10-02
PRD08127,STU08127,,Low,Medium,0.8406,2026-10-02
PRD08128,STU08128,,Low,High,0.9341,2026-10-02
PRD08129,STU08129,,High,High,0.99,2026-10-02
PRD08130,STU08130,,Medium,High,0.9296,2026-10-02
PRD08131,STU08131,,Medium,High,0.9609,2026-10-02
PRD08132,STU08132,,Medium,High,0.964,2026-10-02
PRD08133,STU08133,,Medium,High,0.9569,2026-10-02
PRD08134,STU08134,,High,High,0.99,2026-10-02
PRD08135,STU08135,,Medium,High,0.9815,2026-10-02
PRD08136,STU08136,,Medium,High,0.99,2026-10-02
PRD08137,STU08137,,Medium,Medium,0.7504,2026-10-02
PRD08138,STU08138,,Medium,Medium,0.9472,2026-10-02
PRD08139,STU08139,,Medium,Medium,0.938,2026-10-02
PRD08140,STU08140,,Medium,Medium,0.8601,2026-10-02
PRD08141,STU08141,,Medium,Medium,0.745,2026-10-02
PRD08142,STU08142,,High,Medium,0.8771,2026-10-02
PRD08143,STU08143,,Medium,Medium,0.8063,2026-10-02
PRD08144,STU08144,,Medium,High,0.99,2026-10-02
PRD08145,STU08145,,Low,Low,0.4408,2026-10-02
PRD08146,STU08146,,High,High,0.9888,2026-10-02
PRD08147,STU08147,,Low,High,0.99,2026-10-02
PRD08148,STU08148,,Low,Low,0.1704,2026-10-02
PRD08149,STU08149,,Medium,Medium,0.8754,2026-10-02
PRD08150,STU08150,,Low,Medium,0.7625,2026-10-02
PRD08151,STU08151,,Low,Medium,0.5854,2026-10-02
PRD08152,STU08152,,High,High,0.99,2026-10-02
PRD08153,STU08153,,High,High,0.99,2026-10-02
PRD08154,STU08154,,Medium,High,0.99,2026-10-02
PRD08155,STU08155,,High,High,0.9199,2026-10-02
PRD08156,STU08156,,Medium,Medium,0.8306,2026-10-02
PRD08157,STU08157,,High,High,0.99,2026-10-02
PRD08158,STU08158,,Medium,Medium,0.8888,2026-10-02
PRD08159,STU08159,,Medium,High,0.9738,2026-10-02
PRD08160,STU08160,,Medium,Medium,0.888,2026-10-02
PRD08161,STU08161,,Medium,High,0.99,2026-10-02
PRD08162,STU08162,,Low,Low,0.3839,2026-10-02
PRD08163,STU08163,,Medium,High,0.9496,2026-10-02
PRD08164,STU08164,,Low,Medium,0.7711,2026-10-02
PRD08165,STU08165,,Medium,High,0.9807,2026-10-02
PRD08166,STU08166,,Medium,High,0.9669,2026-10-02
PRD08167,STU08167,,Medium,High,0.9798,2026-10-02
PRD08168,STU08168,,Low,Low,0.4581,2026-10-02
PRD08169,STU08169,,Medium,Medium,0.6019,2026-10-02
PRD08170,STU08170,,Low,Medium,0.691,2026-10-02
PRD08171,STU08171,,Medium,High,0.9801,2026-10-02
PRD08172,STU08172,,Medium,Medium,0.8994,2026-10-02
PRD08173,STU08173,,Low,Low,0.1824,2026-10-02
PRD08174,STU08174,,Low,Low,0.4658,2026-10-02
PRD08175,STU08175,,Medium,High,0.9811,2026-10-02
PRD08176,STU08176,,Low,Medium,0.7142,2026-10-02
PRD08177,STU08177,,Medium,Low,0.2656,2026-10-02
PRD08178,STU08178,,Medium,High,0.9205,2026-10-02
PRD08179,STU08179,,Low,Low,0.4706,2026-10-02
PRD08180,STU08180,,Medium,Low,0.3773,2026-10-02
PRD08181,STU08181,,Low,Low,0.1712,2026-10-02
PRD08182,STU08182,,Medium,Low,0.3764,2026-10-02
PRD08183,STU08183,,High,High,0.99,2026-10-02
PRD08184,STU08184,,Low,Low,0.3141,2026-10-02
PRD08185,STU08185,,Low,Low,0.3728,2026-10-02
PRD08186,STU08186,,Medium,High,0.99,2026-10-02
PRD08187,STU08187,,Low,Medium,0.8672,2026-10-02
PRD08188,STU08188,,Medium,Medium,0.8393,2026-10-02
PRD08189,STU08189,,Medium,High,0.9772,2026-10-02
PRD08190,STU08190,,Medium,Medium,0.7549,2026-10-02
PRD08191,STU08191,,Medium,Medium,0.9031,2026-10-02
PRD08192,STU08192,,Low,Low,0.1361,2026-10-02
PRD08193,STU08193,,Low,Low,0.1086,2026-10-02
PRD08194,STU08194,,Low,Low,0.4732,2026-10-02
PRD08195,STU08195,,High,High,0.99,2026-10-02
PRD08196,STU08196,,Medium,High,0.99,2026-10-02
PRD08197,STU08197,,High,High,0.99,2026-10-02
PRD08198,STU08198,,Medium,Medium,0.7036,2026-10-02
PRD08199,STU08199,,Low,Medium,0.6298,2026-10-02
PRD08200,STU08200,,Medium,Medium,0.8142,2026-10-02
PRD08201,STU08201,,Low,Medium,0.8012,2026-10-02
PRD08202,STU08202,,Low,Medium,0.9012,2026-10-02
PRD08203,STU08203,,Medium,Medium,0.8723,2026-10-02
PRD08204,STU08204,,High,High,0.9884,2026-10-02
PRD08205,STU08205,,Low,Low,0.3738,2026-10-02
PRD08206,STU08206,,High,High,0.99,2026-10-02
PRD08207,STU08207,,Low,Low,0.5071,2026-10-02
PRD08208,STU08208,,High,High,0.9858,2026-10-02
PRD08209,STU08209,,Medium,Low,0.3599,2026-10-02
PRD08210,STU08210,,High,High,0.99,2026-10-02
PRD08211,STU08211,,Low,High,0.9843,2026-10-02
PRD08212,STU08212,,Low,Medium,0.6261,2026-10-02
PRD08213,STU08213,,High,High,0.9655,2026-10-02
PRD08214,STU08214,,High,High,0.99,2026-10-02
PRD08215,STU08215,,Medium,High,0.9651,2026-10-02
PRD08216,STU08216,,Medium,High,0.99,2026-10-02
PRD08217,STU08217,,Low,Low,0.1022,2026-10-02
PRD08218,STU08218,,Medium,Medium,0.7165,2026-10-02
PRD08219,STU08219,,Low,Medium,0.8357,2026-10-02
PRD08220,STU08220,,High,High,0.99,2026-10-02
PRD08221,STU08221,,Low,Low,0.2253,2026-10-02
PRD08222,STU08222,,Medium,High,0.9432,2026-10-02
PRD08223,STU08223,,High,High,0.99,2026-10-02
PRD08224,STU08224,,Low,Medium,0.8571,2026-10-02
PRD08225,STU08225,,Low,Low,0.0586,2026-10-02
PRD08226,STU08226,,Low,Medium,0.9449,2026-10-02
PRD08227,STU08227,,Low,Medium,0.8308,2026-10-02
PRD08228,STU08228,,Medium,Medium,0.9201,2026-10-02
PRD08229,STU08229,,Low,Medium,0.9143,2026-10-02
PRD08230,STU08230,,Medium,Medium,0.8211,2026-10-02
PRD08231,STU08231,,Medium,Medium,0.9544,2026-10-02
PRD08232,STU08232,,Medium,Medium,0.8815,2026-10-02
PRD08233,STU08233,,Medium,Medium,0.6253,2026-10-02
PRD08234,STU08234,,Medium,Medium,0.9105,2026-10-02
PRD08235,STU08235,,High,High,0.99,2026-10-02
PRD08236,STU08236,,Medium,Medium,0.7239,2026-10-02
PRD08237,STU08237,,High,High,0.99,2026-10-02
PRD08238,STU08238,,Medium,Medium,0.8809,2026-10-02
PRD08239,STU08239,,Medium,High,0.99,2026-10-02
PRD08240,STU08240,,Low,Medium,0.8591,2026-10-02
PRD08241,STU08241,,Medium,Medium,0.787,2026-10-02
PRD08242,STU08242,,Low,Medium,0.817,2026-10-02
PRD08243,STU08243,,High,High,0.99,2026-10-02
PRD08244,STU08244,,Medium,High,0.9717,2026-10-02
PRD08245,STU08245,,High,High,0.99,2026-10-02
PRD08246,STU08246,,Medium,High,0.9567,2026-10-02
PRD08247,STU08247,,Medium,Medium,0.5429,2026-10-02
PRD08248,STU08248,,Low,High,0.9745,2026-10-02
PRD08249,STU08249,,High,High,0.9285,2026-10-02
PRD08250,STU08250,,Low,Low,0.3511,2026-10-02
PRD08251,STU08251,,Medium,High,0.9446,2026-10-02
PRD08252,STU08252,,Medium,Medium,0.7308,2026-10-02
PRD08253,STU08253,,Medium,High,0.9703,2026-10-02
PRD08254,STU08254,,Medium,Medium,0.9534,2026-10-02
PRD08255,STU08255,,Medium,High,0.984,2026-10-02
PRD08256,STU08256,,Medium,High,0.9671,2026-10-02
PRD08257,STU08257,,High,High,0.9352,2026-10-02
PRD08258,STU08258,,Low,Medium,0.7941,2026-10-02
PRD08259,STU08259,,Low,Medium,0.6739,2026-10-02
PRD08260,STU08260,,Medium,High,0.9405,2026-10-02
PRD08261,STU08261,,Medium,High,0.9732,2026-10-02
PRD08262,STU08262,,High,Medium,0.8549,2026-10-02
PRD08263,STU08263,,Low,Low,0.2499,2026-10-02
PRD08264,STU08264,,High,High,0.99,2026-10-02
PRD08265,STU08265,,Medium,Medium,0.9066,2026-10-02
PRD08266,STU08266,,High,High,0.9526,2026-10-02
PRD08267,STU08267,,Medium,Medium,0.9068,2026-10-02
PRD08268,STU08268,,Medium,Medium,0.6693,2026-10-02
PRD08269,STU08269,,High,High,0.9602,2026-10-02
PRD08270,STU08270,,Medium,Medium,0.8137,2026-10-02
PRD08271,STU08271,,Low,Medium,0.8709,2026-10-02
PRD08272,STU08272,,Medium,High,0.9785,2026-10-02
PRD08273,STU08273,,Low,Medium,0.6425,2026-10-02
PRD08274,STU08274,,Medium,Medium,0.897,2026-10-02
PRD08275,STU08275,,Low,Low,0.4083,2026-10-02
PRD08276,STU08276,,Low,Medium,0.8289,2026-10-02
PRD08277,STU08277,,Medium,Medium,0.6171,2026-10-02
PRD08278,STU08278,,High,High,0.99,2026-10-02
PRD08279,STU08279,,Medium,Medium,0.7944,2026-10-02
PRD08280,STU08280,,Medium,High,0.9125,2026-10-02
PRD08281,STU08281,,Medium,High,0.941,2026-10-02
PRD08282,STU08282,,Low,Low,0.4296,2026-10-02
PRD08283,STU08283,,Medium,High,0.9787,2026-10-02
PRD08284,STU08284,,Low,Low,0.3092,2026-10-02
PRD08285,STU08285,,Medium,Medium,0.8897,2026-10-02
PRD08286,STU08286,,High,Medium,0.9278,2026-10-02
PRD08287,STU08287,,Medium,High,0.9695,2026-10-02
PRD08288,STU08288,,Medium,Medium,0.5702,2026-10-02
PRD08289,STU08289,,Medium,High,0.99,2026-10-02
PRD08290,STU08290,,High,High,0.9523,2026-10-02
PRD08291,STU08291,,Low,Medium,0.5229,2026-10-02
PRD08292,STU08292,,High,High,0.9775,2026-10-02
PRD08293,STU08293,,Medium,Medium,0.9542,2026-10-02
PRD08294,STU08294,,High,High,0.9728,2026-10-02
PRD08295,STU08295,,Low,Medium,0.5449,2026-10-02
PRD08296,STU08296,,High,High,0.959,2026-10-02
PRD08297,STU08297,,Low,Medium,0.7914,2026-10-02
PRD08298,STU08298,,Low,Medium,0.7162,2026-10-02
PRD08299,STU08299,,Medium,Medium,0.9428,2026-10-02
PRD08300,STU08300,,Low,Low,0.3408,2026-10-02
PRD08301,STU08301,,High,High,0.98,2026-10-02
PRD08302,STU08302,,Medium,Medium,0.7766,2026-10-02
PRD08303,STU08303,,Medium,High,0.9021,2026-10-02
PRD08304,STU08304,,Medium,High,0.9558,2026-10-02
PRD08305,STU08305,,Low,Medium,0.6808,2026-10-02
PRD08306,STU08306,,High,High,0.99,2026-10-02
PRD08307,STU08307,,Low,Medium,0.688,2026-10-02
PRD08308,STU08308,,Low,Medium,0.9418,2026-10-02
PRD08309,STU08309,,Medium,High,0.99,2026-10-02
PRD08310,STU08310,,Low,Low,0.1727,2026-10-02
PRD08311,STU08311,,High,Medium,0.9275,2026-10-02
PRD08312,STU08312,,Low,Low,0.3447,2026-10-02
PRD08313,STU08313,,Low,Medium,0.6866,2026-10-02
PRD08314,STU08314,,Low,Medium,0.613,2026-10-02
PRD08315,STU08315,,Medium,High,0.9717,2026-10-02
PRD08316,STU08316,,Low,Medium,0.6387,2026-10-02
PRD08317,STU08317,,Low,Medium,0.7792,2026-10-02
PRD08318,STU08318,,Medium,Medium,0.7966,2026-10-02
PRD08319,STU08319,,Low,Low,0.1993,2026-10-02
PRD08320,STU08320,,High,High,0.99,2026-10-02
PRD08321,STU08321,,Medium,Medium,0.8869,2026-10-02
PRD08322,STU08322,,Medium,Medium,0.882,2026-10-02
PRD08323,STU08323,,Medium,Medium,0.7903,2026-10-02
PRD08324,STU08324,,Low,Low,0.355,2026-10-02
PRD08325,STU08325,,Medium,High,0.9627,2026-10-02
PRD08326,STU08326,,Low,Medium,0.8389,2026-10-02
PRD08327,STU08327,,Low,Medium,0.8914,2026-10-02
PRD08328,STU08328,,Medium,Medium,0.7649,2026-10-02
PRD08329,STU08329,,Medium,Medium,0.8603,2026-10-02
PRD08330,STU08330,,Low,Medium,0.6595,2026-10-02
PRD08331,STU08331,,High,High,0.99,2026-10-02
PRD08332,STU08332,,Low,Low,0.1108,2026-10-02
PRD08333,STU08333,,Medium,High,0.9815,2026-10-02
PRD08334,STU08334,,Low,Low,0.4679,2026-10-02
PRD08335,STU08335,,Low,High,0.99,2026-10-02
PRD08336,STU08336,,Low,Medium,0.7651,2026-10-02
PRD08337,STU08337,,Medium,Medium,0.8779,2026-10-02
PRD08338,STU08338,,Medium,Medium,0.9101,2026-10-02
PRD08339,STU08339,,Medium,High,0.958,2026-10-02
PRD08340,STU08340,,Medium,Medium,0.9247,2026-10-02
PRD08341,STU08341,,High,High,0.99,2026-10-02
PRD08342,STU08342,,Medium,High,0.99,2026-10-02
PRD08343,STU08343,,Medium,Medium,0.8859,2026-10-02
PRD08344,STU08344,,Low,Low,0.2419,2026-10-02
PRD08345,STU08345,,Medium,Medium,0.8446,2026-10-02
PRD08346,STU08346,,Medium,High,0.9811,2026-10-02
PRD08347,STU08347,,Medium,Medium,0.9458,2026-10-02
PRD08348,STU08348,,Low,Medium,0.6757,2026-10-02
PRD08349,STU08349,,High,High,0.99,2026-10-02
PRD08350,STU08350,,Medium,Medium,0.9726,2026-10-02
PRD08351,STU08351,,Low,Medium,0.7313,2026-10-02
PRD08352,STU08352,,Medium,High,0.9711,2026-10-02
PRD08353,STU08353,,Low,Medium,0.536,2026-10-02
PRD08354,STU08354,,Medium,Medium,0.9458,2026-10-02
PRD08355,STU08355,,Low,Medium,0.6571,2026-10-02
PRD08356,STU08356,,Low,Low,0.3288,2026-10-02
PRD08357,STU08357,,Low,Low,0.1505,2026-10-02
PRD08358,STU08358,,Medium,Medium,0.7858,2026-10-02
PRD08359,STU08359,,Medium,Medium,0.8777,2026-10-02
PRD08360,STU08360,,Medium,Medium,0.5002,2026-10-02
PRD08361,STU08361,,High,High,0.99,2026-10-02
PRD08362,STU08362,,Medium,Medium,0.7231,2026-10-02
PRD08363,STU08363,,High,High,0.99,2026-10-02
PRD08364,STU08364,,Low,Low,0.361,2026-10-02
PRD08365,STU08365,,Medium,High,0.99,2026-10-02
PRD08366,STU08366,,High,High,0.9782,2026-10-02
PRD08367,STU08367,,Medium,High,0.9622,2026-10-02
PRD08368,STU08368,,Medium,Medium,0.8791,2026-10-02
PRD08369,STU08369,,Medium,Medium,0.705,2026-10-02
PRD08370,STU08370,,Medium,High,0.99,2026-10-02
PRD08371,STU08371,,Medium,Medium,0.8487,2026-10-02
PRD08372,STU08372,,Low,Medium,0.6023,2026-10-02
PRD08373,STU08373,,Medium,High,0.971,2026-10-02
PRD08374,STU08374,,Medium,High,0.9644,2026-10-02
PRD08375,STU08375,,Low,Medium,0.5502,2026-10-02
PRD08376,STU08376,,Medium,Medium,0.9602,2026-10-02
PRD08377,STU08377,,Medium,Medium,0.8835,2026-10-02
PRD08378,STU08378,,High,High,0.99,2026-10-02
PRD08379,STU08379,,Low,Medium,0.5642,2026-10-02
PRD08380,STU08380,,High,High,0.99,2026-10-02
PRD08381,STU08381,,Low,Medium,0.5951,2026-10-02
PRD08382,STU08382,,Medium,High,0.99,2026-10-02
PRD08383,STU08383,,Medium,Medium,0.8055,2026-10-02
PRD08384,STU08384,,Medium,Medium,0.6105,2026-10-02
PRD08385,STU08385,,Low,Low,0.2334,2026-10-02
PRD08386,STU08386,,Medium,Medium,0.9511,2026-10-02
PRD08387,STU08387,,Low,Low,0.3645,2026-10-02
PRD08388,STU08388,,Medium,Medium,0.8213,2026-10-02
PRD08389,STU08389,,High,High,0.99,2026-10-02
PRD08390,STU08390,,Medium,Medium,0.9168,2026-10-02
PRD08391,STU08391,,High,High,0.9756,2026-10-02
PRD08392,STU08392,,Medium,High,0.9768,2026-10-02
PRD08393,STU08393,,Low,Low,0.3706,2026-10-02
PRD08394,STU08394,,High,High,0.932,2026-10-02
PRD08395,STU08395,,Low,Medium,0.8519,2026-10-02
PRD08396,STU08396,,Medium,High,0.99,2026-10-02
PRD08397,STU08397,,Low,Medium,0.5893,2026-10-02
PRD08398,STU08398,,Medium,High,0.965,2026-10-02
PRD08399,STU08399,,High,High,0.99,2026-10-02
PRD08400,STU08400,,Low,Low,0.4114,2026-10-02
PRD08401,STU08401,,Medium,High,0.9063,2026-10-02
PRD08402,STU08402,,Low,Low,0.4417,2026-10-02
PRD08403,STU08403,,Medium,High,0.9523,2026-10-02
PRD08404,STU08404,,High,High,0.99,2026-10-02
PRD08405,STU08405,,Low,Medium,0.7155,2026-10-02
PRD08406,STU08406,,Low,Low,0.2692,2026-10-02
PRD08407,STU08407,,Low,High,0.9203,2026-10-02
PRD08408,STU08408,,Medium,High,0.9673,2026-10-02
PRD08409,STU08409,,Low,Low,0.351,2026-10-02
PRD08410,STU08410,,Low,Medium,0.6094,2026-10-02
PRD08411,STU08411,,High,High,0.99,2026-10-02
PRD08412,STU08412,,Low,Low,0.1825,2026-10-02
PRD08413,STU08413,,High,High,0.9182,2026-10-02
PRD08414,STU08414,,Medium,Medium,0.7208,2026-10-02
PRD08415,STU08415,,Medium,High,0.9528,2026-10-02
PRD08416,STU08416,,Low,Medium,0.6956,2026-10-02
PRD08417,STU08417,,Medium,High,0.99,2026-10-02
PRD08418,STU08418,,High,High,0.99,2026-10-02
PRD08419,STU08419,,Medium,High,0.9548,2026-10-02
PRD08420,STU08420,,High,High,0.99,2026-10-02
PRD08421,STU08421,,Medium,High,0.99,2026-10-02
PRD08422,STU08422,,Low,Low,0.3269,2026-10-02
PRD08423,STU08423,,Low,Low,0.4486,2026-10-02
PRD08424,STU08424,,Medium,High,0.99,2026-10-02
PRD08425,STU08425,,Medium,Medium,0.7499,2026-10-02
PRD08426,STU08426,,Medium,Medium,0.7489,2026-10-02
PRD08427,STU08427,,High,High,0.99,2026-10-02
PRD08428,STU08428,,Low,Low,0.2337,2026-10-02
PRD08429,STU08429,,Medium,High,0.9326,2026-10-02
PRD08430,STU08430,,Low,Medium,0.6585,2026-10-02
PRD08431,STU08431,,Low,Medium,0.8737,2026-10-02
PRD08432,STU08432,,Medium,Medium,0.8243,2026-10-02
PRD08433,STU08433,,Low,Medium,0.9074,2026-10-02
PRD08434,STU08434,,Low,Low,0.2196,2026-10-02
PRD08435,STU08435,,Medium,High,0.99,2026-10-02
PRD08436,STU08436,,Medium,Medium,0.9126,2026-10-02
PRD08437,STU08437,,Medium,High,0.99,2026-10-02
PRD08438,STU08438,,Low,Medium,0.8627,2026-10-02
PRD08439,STU08439,,Medium,High,0.9645,2026-10-02
PRD08440,STU08440,,Medium,Medium,0.8963,2026-10-02
PRD08441,STU08441,,Low,Medium,0.5572,2026-10-02
PRD08442,STU08442,,High,High,0.9581,2026-10-02
PRD08443,STU08443,,Low,Low,0.0912,2026-10-02
PRD08444,STU08444,,High,High,0.9438,2026-10-02
PRD08445,STU08445,,Medium,High,0.9384,2026-10-02
PRD08446,STU08446,,Low,Medium,0.5171,2026-10-02
PRD08447,STU08447,,Medium,Medium,0.5548,2026-10-02
PRD08448,STU08448,,Medium,High,0.9543,2026-10-02
PRD08449,STU08449,,Medium,Medium,0.6294,2026-10-02
PRD08450,STU08450,,Low,Low,0.2123,2026-10-02
PRD08451,STU08451,,Low,Medium,0.8836,2026-10-02
PRD08452,STU08452,,High,High,0.99,2026-10-02
PRD08453,STU08453,,Medium,High,0.99,2026-10-02
PRD08454,STU08454,,Medium,High,0.9863,2026-10-02
PRD08455,STU08455,,Medium,Medium,0.7156,2026-10-02
PRD08456,STU08456,,Medium,Medium,0.8671,2026-10-02
PRD08457,STU08457,,High,High,0.963,2026-10-02
PRD08458,STU08458,,Low,Medium,0.7719,2026-10-02
PRD08459,STU08459,,Medium,Medium,0.9774,2026-10-02
PRD08460,STU08460,,Low,Low,0.3107,2026-10-02
PRD08461,STU08461,,Low,Low,0.5042,2026-10-02
PRD08462,STU08462,,Low,Low,0.3354,2026-10-02
PRD08463,STU08463,,Medium,High,0.9793,2026-10-02
PRD08464,STU08464,,Medium,Low,0.4503,2026-10-02
PRD08465,STU08465,,Medium,High,0.9008,2026-10-02
PRD08466,STU08466,,High,High,0.99,2026-10-02
PRD08467,STU08467,,Medium,High,0.9459,2026-10-02
PRD08468,STU08468,,Low,Medium,0.7329,2026-10-02
PRD08469,STU08469,,Low,Medium,0.9103,2026-10-02
PRD08470,STU08470,,High,High,0.99,2026-10-02
PRD08471,STU08471,,Medium,Medium,0.8885,2026-10-02
PRD08472,STU08472,,Low,Medium,0.6899,2026-10-02
PRD08473,STU08473,,Medium,Medium,0.7921,2026-10-02
PRD08474,STU08474,,Low,Medium,0.9205,2026-10-02
PRD08475,STU08475,,Low,Medium,0.8038,2026-10-02
PRD08476,STU08476,,Medium,High,0.95,2026-10-02
PRD08477,STU08477,,Medium,Medium,0.8859,2026-10-02
PRD08478,STU08478,,Medium,Medium,0.884,2026-10-02
PRD08479,STU08479,,Low,Medium,0.8507,2026-10-02
PRD08480,STU08480,,Medium,Medium,0.7869,2026-10-02
PRD08481,STU08481,,Low,Medium,0.7314,2026-10-02
PRD08482,STU08482,,Medium,Medium,0.8725,2026-10-02
PRD08483,STU08483,,Low,Medium,0.6981,2026-10-02
PRD08484,STU08484,,Low,Low,0.1776,2026-10-02
PRD08485,STU08485,,High,High,0.979,2026-10-02
PRD08486,STU08486,,Low,Low,0.4073,2026-10-02
PRD08487,STU08487,,Medium,Medium,0.4663,2026-10-02
PRD08488,STU08488,,Low,Medium,0.7433,2026-10-02
PRD08489,STU08489,,Low,Medium,0.7504,2026-10-02
PRD08490,STU08490,,Low,Medium,0.7116,2026-10-02
PRD08491,STU08491,,Medium,High,0.99,2026-10-02
PRD08492,STU08492,,Medium,High,0.9871,2026-10-02
PRD08493,STU08493,,Low,Low,0.4311,2026-10-02
PRD08494,STU08494,,Medium,High,0.99,2026-10-02
PRD08495,STU08495,,Medium,High,0.99,2026-10-02
PRD08496,STU08496,,Low,Medium,0.8992,2026-10-02
PRD08497,STU08497,,Medium,High,0.9135,2026-10-02
PRD08498,STU08498,,Medium,Medium,0.9241,2026-10-02
PRD08499,STU08499,,Low,Low,0.5088,2026-10-02
PRD08500,STU08500,,Medium,Medium,0.9489,2026-10-02
PRD08501,STU08501,,Medium,High,0.9579,2026-10-02
PRD08502,STU08502,,Medium,High,0.97,2026-10-02
PRD08503,STU08503,,Medium,High,0.99,2026-10-02
PRD08504,STU08504,,Medium,High,0.9871,2026-10-02
PRD08505,STU08505,,Low,Medium,0.9218,2026-10-02
PRD08506,STU08506,,Low,Medium,0.5135,2026-10-02
PRD08507,STU08507,,Medium,Medium,0.8321,2026-10-02
PRD08508,STU08508,,Low,Medium,0.8874,2026-10-02
PRD08509,STU08509,,Medium,High,0.9781,2026-10-02
PRD08510,STU08510,,Medium,Medium,0.9408,2026-10-02
PRD08511,STU08511,,Low,Medium,0.7005,2026-10-02
PRD08512,STU08512,,Medium,High,0.9523,2026-10-02
PRD08513,STU08513,,Medium,Medium,0.9273,2026-10-02
PRD08514,STU08514,,Medium,High,0.9803,2026-10-02
PRD08515,STU08515,,High,High,0.9773,2026-10-02
PRD08516,STU08516,,Medium,High,0.9394,2026-10-02
PRD08517,STU08517,,High,Medium,0.9169,2026-10-02
PRD08518,STU08518,,Medium,Medium,0.7177,2026-10-02
PRD08519,STU08519,,High,High,0.99,2026-10-02
PRD08520,STU08520,,Medium,High,0.99,2026-10-02
PRD08521,STU08521,,Medium,Medium,0.8726,2026-10-02
PRD08522,STU08522,,Low,Low,0.1168,2026-10-02
PRD08523,STU08523,,Low,Low,0.4875,2026-10-02
PRD08524,STU08524,,Low,Medium,0.5639,2026-10-02
PRD08525,STU08525,,Low,Medium,0.7341,2026-10-02
PRD08526,STU08526,,Low,Medium,0.6031,2026-10-02
PRD08527,STU08527,,Medium,Medium,0.7825,2026-10-02
PRD08528,STU08528,,Low,Low,0.4279,2026-10-02
PRD08529,STU08529,,Medium,High,0.9656,2026-10-02
PRD08530,STU08530,,Medium,Medium,0.7879,2026-10-02
PRD08531,STU08531,,Medium,Medium,0.8797,2026-10-02
PRD08532,STU08532,,Low,Low,0.101,2026-10-02
PRD08533,STU08533,,Low,Low,0.2019,2026-10-02
PRD08534,STU08534,,Medium,High,0.97,2026-10-02
PRD08535,STU08535,,Medium,High,0.9531,2026-10-02
PRD08536,STU08536,,High,High,0.99,2026-10-02
PRD08537,STU08537,,Low,Medium,0.5347,2026-10-02
PRD08538,STU08538,,Medium,Medium,0.8127,2026-10-02
PRD08539,STU08539,,Medium,Medium,0.8936,2026-10-02
PRD08540,STU08540,,Medium,Medium,0.9327,2026-10-02
PRD08541,STU08541,,Medium,High,0.9595,2026-10-02
PRD08542,STU08542,,Medium,High,0.9771,2026-10-02
PRD08543,STU08543,,Medium,Medium,0.7435,2026-10-02
PRD08544,STU08544,,Medium,Medium,0.7175,2026-10-02
PRD08545,STU08545,,Medium,Medium,0.9393,2026-10-02
PRD08546,STU08546,,Medium,Medium,0.7916,2026-10-02
PRD08547,STU08547,,Medium,High,0.99,2026-10-02
PRD08548,STU08548,,Medium,High,0.9653,2026-10-02
PRD08549,STU08549,,Medium,Medium,0.7084,2026-10-02
PRD08550,STU08550,,High,High,0.9842,2026-10-02
PRD08551,STU08551,,High,High,0.99,2026-10-02
PRD08552,STU08552,,Medium,High,0.919,2026-10-02
PRD08553,STU08553,,Low,Low,0.2937,2026-10-02
PRD08554,STU08554,,Medium,High,0.99,2026-10-02
PRD08555,STU08555,,High,High,0.99,2026-10-02
PRD08556,STU08556,,High,High,0.99,2026-10-02
PRD08557,STU08557,,Low,Low,0.3342,2026-10-02
PRD08558,STU08558,,Medium,Medium,0.7368,2026-10-02
PRD08559,STU08559,,High,High,0.99,2026-10-02
PRD08560,STU08560,,High,High,0.9818,2026-10-02
PRD08561,STU08561,,Low,Medium,0.567,2026-10-02
PRD08562,STU08562,,Low,Medium,0.7402,2026-10-02
PRD08563,STU08563,,Medium,High,0.99,2026-10-02
PRD08564,STU08564,,Medium,Medium,0.7176,2026-10-02
PRD08565,STU08565,,Low,Medium,0.9364,2026-10-02
PRD08566,STU08566,,High,High,0.9204,2026-10-02
PRD08567,STU08567,,Low,Low,0.185,2026-10-02
PRD08568,STU08568,,Low,Low,0.3897,2026-10-02
PRD08569,STU08569,,Medium,Medium,0.6724,2026-10-02
PRD08570,STU08570,,High,High,0.99,2026-10-02
PRD08571,STU08571,,Medium,Medium,0.7434,2026-10-02
PRD08572,STU08572,,Low,Medium,0.6935,2026-10-02
PRD08573,STU08573,,Medium,High,0.968,2026-10-02
PRD08574,STU08574,,Medium,Medium,0.8593,2026-10-02
PRD08575,STU08575,,Medium,High,0.99,2026-10-02
PRD08576,STU08576,,Medium,Medium,0.8974,2026-10-02
PRD08577,STU08577,,Low,Medium,0.8764,2026-10-02
PRD08578,STU08578,,High,High,0.9598,2026-10-02
PRD08579,STU08579,,Medium,Medium,0.8862,2026-10-02
PRD08580,STU08580,,High,High,0.99,2026-10-02
PRD08581,STU08581,,Medium,Medium,0.6829,2026-10-02
PRD08582,STU08582,,Low,Low,0.0725,2026-10-02
PRD08583,STU08583,,Medium,High,0.99,2026-10-02
PRD08584,STU08584,,High,High,0.9833,2026-10-02
PRD08585,STU08585,,Medium,High,0.99,2026-10-02
PRD08586,STU08586,,Low,Medium,0.8328,2026-10-02
PRD08587,STU08587,,Medium,Medium,0.9075,2026-10-02
PRD08588,STU08588,,High,High,0.9831,2026-10-02
PRD08589,STU08589,,High,High,0.9751,2026-10-02
PRD08590,STU08590,,High,High,0.9499,2026-10-02
PRD08591,STU08591,,High,High,0.99,2026-10-02
PRD08592,STU08592,,High,High,0.9889,2026-10-02
PRD08593,STU08593,,Medium,Medium,0.8218,2026-10-02
PRD08594,STU08594,,Medium,High,0.9786,2026-10-02
PRD08595,STU08595,,Low,Low,0.151,2026-10-02
PRD08596,STU08596,,Low,Medium,0.7375,2026-10-02
PRD08597,STU08597,,Low,Low,0.4186,2026-10-02
PRD08598,STU08598,,Medium,Medium,0.9355,2026-10-02
PRD08599,STU08599,,High,High,0.9628,2026-10-02
PRD08600,STU08600,,Medium,High,0.9654,2026-10-02
PRD08601,STU08601,,Medium,High,0.9637,2026-10-02
PRD08602,STU08602,,Medium,High,0.97,2026-10-02
PRD08603,STU08603,,Medium,Medium,0.8466,2026-10-02
PRD08604,STU08604,,Medium,Medium,0.9653,2026-10-02
PRD08605,STU08605,,Low,Low,0.2514,2026-10-02
PRD08606,STU08606,,Medium,Medium,0.875,2026-10-02
PRD08607,STU08607,,High,High,0.99,2026-10-02
PRD08608,STU08608,,High,High,0.99,2026-10-02
PRD08609,STU08609,,Medium,High,0.9687,2026-10-02
PRD08610,STU08610,,Medium,Medium,0.7294,2026-10-02
PRD08611,STU08611,,Low,Medium,0.8832,2026-10-02
PRD08612,STU08612,,Medium,Medium,0.917,2026-10-02
PRD08613,STU08613,,Low,Medium,0.5658,2026-10-02
PRD08614,STU08614,,Medium,High,0.9449,2026-10-02
PRD08615,STU08615,,Low,Medium,0.7664,2026-10-02
PRD08616,STU08616,,Low,Medium,0.9422,2026-10-02
PRD08617,STU08617,,High,High,0.99,2026-10-02
PRD08618,STU08618,,Medium,Low,0.4704,2026-10-02
PRD08619,STU08619,,Low,Medium,0.7944,2026-10-02
PRD08620,STU08620,,Medium,Medium,0.7365,2026-10-02
PRD08621,STU08621,,Low,Low,0.1298,2026-10-02
PRD08622,STU08622,,Medium,Medium,0.8275,2026-10-02
PRD08623,STU08623,,High,High,0.9542,2026-10-02
PRD08624,STU08624,,Low,Low,0.3013,2026-10-02
PRD08625,STU08625,,Low,Low,0.2014,2026-10-02
PRD08626,STU08626,,Low,High,0.9435,2026-10-02
PRD08627,STU08627,,High,High,0.99,2026-10-02
PRD08628,STU08628,,Low,Low,0.02,2026-10-02
PRD08629,STU08629,,Medium,Medium,0.8279,2026-10-02
PRD08630,STU08630,,Medium,Medium,0.8629,2026-10-02
PRD08631,STU08631,,Low,High,0.9757,2026-10-02
PRD08632,STU08632,,High,High,0.99,2026-10-02
PRD08633,STU08633,,Medium,Medium,0.7682,2026-10-02
PRD08634,STU08634,,Medium,Medium,0.9186,2026-10-02
PRD08635,STU08635,,High,High,0.921,2026-10-02
PRD08636,STU08636,,Low,Low,0.3656,2026-10-02
PRD08637,STU08637,,Medium,High,0.9588,2026-10-02
PRD08638,STU08638,,Medium,Medium,0.8623,2026-10-02
PRD08639,STU08639,,Medium,Low,0.4576,2026-10-02
PRD08640,STU08640,,Medium,High,0.99,2026-10-02
PRD08641,STU08641,,Low,Medium,0.8065,2026-10-02
PRD08642,STU08642,,Medium,High,0.9171,2026-10-02
PRD08643,STU08643,,High,High,0.99,2026-10-02
PRD08644,STU08644,,High,High,0.9748,2026-10-02
PRD08645,STU08645,,Low,Low,0.4635,2026-10-02
PRD08646,STU08646,,High,Medium,0.873,2026-10-02
PRD08647,STU08647,,Medium,High,0.9556,2026-10-02
PRD08648,STU08648,,Medium,Medium,0.7981,2026-10-02
PRD08649,STU08649,,Medium,High,0.99,2026-10-02
PRD08650,STU08650,,High,High,0.966,2026-10-02
PRD08651,STU08651,,Low,Medium,0.839,2026-10-02
PRD08652,STU08652,,Medium,High,0.99,2026-10-02
PRD08653,STU08653,,Low,Medium,0.7287,2026-10-02
PRD08654,STU08654,,Medium,Medium,0.5641,2026-10-02
PRD08655,STU08655,,Low,Medium,0.6079,2026-10-02
PRD08656,STU08656,,Medium,Medium,0.8477,2026-10-02
PRD08657,STU08657,,Medium,High,0.9464,2026-10-02
PRD08658,STU08658,,Medium,High,0.99,2026-10-02
PRD08659,STU08659,,Medium,Medium,0.9144,2026-10-02
PRD08660,STU08660,,Medium,Medium,0.6703,2026-10-02
PRD08661,STU08661,,High,High,0.99,2026-10-02
PRD08662,STU08662,,Medium,Medium,0.5183,2026-10-02
PRD08663,STU08663,,Low,Medium,0.8828,2026-10-02
PRD08664,STU08664,,High,High,0.9473,2026-10-02
PRD08665,STU08665,,Low,Low,0.0675,2026-10-02
PRD08666,STU08666,,High,High,0.9668,2026-10-02
PRD08667,STU08667,,Medium,Medium,0.6154,2026-10-02
PRD08668,STU08668,,Medium,Medium,0.8959,2026-10-02
PRD08669,STU08669,,Medium,Medium,0.8664,2026-10-02
PRD08670,STU08670,,Medium,Medium,0.9401,2026-10-02
PRD08671,STU08671,,Medium,Medium,0.8801,2026-10-02
PRD08672,STU08672,,Medium,Medium,0.6722,2026-10-02
PRD08673,STU08673,,High,High,0.99,2026-10-02
PRD08674,STU08674,,Medium,Medium,0.6646,2026-10-02
PRD08675,STU08675,,Medium,High,0.9526,2026-10-02
PRD08676,STU08676,,Medium,High,0.9565,2026-10-02
PRD08677,STU08677,,Medium,Medium,0.7709,2026-10-02
PRD08678,STU08678,,Low,Low,0.4784,2026-10-02
PRD08679,STU08679,,High,High,0.9629,2026-10-02
PRD08680,STU08680,,Low,Medium,0.8715,2026-10-02
PRD08681,STU08681,,Low,Low,0.2075,2026-10-02
PRD08682,STU08682,,Medium,Medium,0.5822,2026-10-02
PRD08683,STU08683,,Medium,Medium,0.9228,2026-10-02
PRD08684,STU08684,,Low,Low,0.2661,2026-10-02
PRD08685,STU08685,,Medium,Low,0.4837,2026-10-02
PRD08686,STU08686,,High,High,0.984,2026-10-02
PRD08687,STU08687,,High,High,0.99,2026-10-02
PRD08688,STU08688,,Low,High,0.9745,2026-10-02
PRD08689,STU08689,,Low,Low,0.1619,2026-10-02
PRD08690,STU08690,,Medium,Medium,0.8897,2026-10-02
PRD08691,STU08691,,Medium,Medium,0.9149,2026-10-02
PRD08692,STU08692,,Medium,Medium,0.509,2026-10-02
PRD08693,STU08693,,Low,Low,0.0345,2026-10-02
PRD08694,STU08694,,Medium,Medium,0.8878,2026-10-02
PRD08695,STU08695,,Low,Medium,0.9005,2026-10-02
PRD08696,STU08696,,Medium,High,0.99,2026-10-02
PRD08697,STU08697,,Medium,Medium,0.9241,2026-10-02
PRD08698,STU08698,,Medium,High,0.9898,2026-10-02
PRD08699,STU08699,,Low,Low,0.2361,2026-10-02
PRD08700,STU08700,,High,High,0.99,2026-10-02
PRD08701,STU08701,,Medium,High,0.99,2026-10-02
PRD08702,STU08702,,Medium,Low,0.4346,2026-10-02
PRD08703,STU08703,,Medium,High,0.9561,2026-10-02
PRD08704,STU08704,,Low,Low,0.4821,2026-10-02
PRD08705,STU08705,,Medium,Medium,0.7041,2026-10-02
PRD08706,STU08706,,Medium,High,0.9258,2026-10-02
PRD08707,STU08707,,Medium,High,0.9798,2026-10-02
PRD08708,STU08708,,Medium,Medium,0.8327,2026-10-02
PRD08709,STU08709,,Low,Medium,0.8711,2026-10-02
PRD08710,STU08710,,Medium,High,0.9746,2026-10-02
PRD08711,STU08711,,Low,Low,0.4109,2026-10-02
PRD08712,STU08712,,Low,Medium,0.8392,2026-10-02
PRD08713,STU08713,,High,High,0.9783,2026-10-02
PRD08714,STU08714,,Low,Medium,0.7201,2026-10-02
PRD08715,STU08715,,Low,Medium,0.5484,2026-10-02
PRD08716,STU08716,,Medium,Medium,0.8532,2026-10-02
PRD08717,STU08717,,Low,Low,0.2486,2026-10-02
PRD08718,STU08718,,Medium,High,0.9344,2026-10-02
PRD08719,STU08719,,High,High,0.9802,2026-10-02
PRD08720,STU08720,,Medium,Medium,0.813,2026-10-02
PRD08721,STU08721,,High,High,0.99,2026-10-02
PRD08722,STU08722,,High,High,0.977,2026-10-02
PRD08723,STU08723,,Medium,Medium,0.7268,2026-10-02
PRD08724,STU08724,,Medium,High,0.99,2026-10-02
PRD08725,STU08725,,Medium,Medium,0.7266,2026-10-02
PRD08726,STU08726,,Medium,Medium,0.9365,2026-10-02
PRD08727,STU08727,,Low,Low,0.1299,2026-10-02
PRD08728,STU08728,,Medium,High,0.8996,2026-10-02
PRD08729,STU08729,,Medium,High,0.9611,2026-10-02
PRD08730,STU08730,,Low,Low,0.1784,2026-10-02
PRD08731,STU08731,,Medium,High,0.9529,2026-10-02
PRD08732,STU08732,,Medium,High,0.9717,2026-10-02
PRD08733,STU08733,,Low,Medium,0.8071,2026-10-02
PRD08734,STU08734,,Medium,Medium,0.769,2026-10-02
PRD08735,STU08735,,Medium,High,0.9769,2026-10-02
PRD08736,STU08736,,Medium,Medium,0.9025,2026-10-02
PRD08737,STU08737,,Medium,High,0.971,2026-10-02
PRD08738,STU08738,,Medium,High,0.9708,2026-10-02
PRD08739,STU08739,,Low,Medium,0.6559,2026-10-02
PRD08740,STU08740,,Low,Medium,0.7272,2026-10-02
PRD08741,STU08741,,Low,High,0.944,2026-10-02
PRD08742,STU08742,,Medium,Medium,0.7432,2026-10-02
PRD08743,STU08743,,Low,Low,0.4169,2026-10-02
PRD08744,STU08744,,Medium,High,0.9782,2026-10-02
PRD08745,STU08745,,Low,Medium,0.7572,2026-10-02
PRD08746,STU08746,,Medium,High,0.99,2026-10-02
PRD08747,STU08747,,Medium,Medium,0.8565,2026-10-02
PRD08748,STU08748,,Low,Medium,0.7624,2026-10-02
PRD08749,STU08749,,Low,Medium,0.7827,2026-10-02
PRD08750,STU08750,,Low,Low,0.3374,2026-10-02
PRD08751,STU08751,,Medium,Medium,0.6821,2026-10-02
PRD08752,STU08752,,Medium,High,0.99,2026-10-02
PRD08753,STU08753,,Medium,High,0.99,2026-10-02
PRD08754,STU08754,,Medium,High,0.9791,2026-10-02
PRD08755,STU08755,,Medium,Medium,0.8054,2026-10-02
PRD08756,STU08756,,High,High,0.99,2026-10-02
PRD08757,STU08757,,Medium,High,0.9146,2026-10-02
PRD08758,STU08758,,Medium,Medium,0.7949,2026-10-02
PRD08759,STU08759,,Low,Medium,0.639,2026-10-02
PRD08760,STU08760,,Medium,High,0.9889,2026-10-02
PRD08761,STU08761,,Low,Medium,0.5461,2026-10-02
PRD08762,STU08762,,Medium,Medium,0.9043,2026-10-02
PRD08763,STU08763,,Low,Medium,0.8927,2026-10-02
PRD08764,STU08764,,Low,Low,0.1483,2026-10-02
PRD08765,STU08765,,Low,High,0.99,2026-10-02
PRD08766,STU08766,,Low,Low,0.3421,2026-10-02
PRD08767,STU08767,,Medium,High,0.99,2026-10-02
PRD08768,STU08768,,Medium,Medium,0.9374,2026-10-02
PRD08769,STU08769,,Medium,High,0.9857,2026-10-02
PRD08770,STU08770,,Low,Medium,0.7155,2026-10-02
PRD08771,STU08771,,Medium,High,0.9308,2026-10-02
PRD08772,STU08772,,Low,Low,0.4526,2026-10-02
PRD08773,STU08773,,Low,Low,0.4176,2026-10-02
PRD08774,STU08774,,Medium,Medium,0.9129,2026-10-02
PRD08775,STU08775,,Low,Low,0.0848,2026-10-02
PRD08776,STU08776,,Medium,High,0.9454,2026-10-02
PRD08777,STU08777,,Low,Medium,0.8105,2026-10-02
PRD08778,STU08778,,Medium,Low,0.4264,2026-10-02
PRD08779,STU08779,,High,High,0.9523,2026-10-02
PRD08780,STU08780,,Medium,High,0.9727,2026-10-02
PRD08781,STU08781,,Medium,Medium,0.5712,2026-10-02
PRD08782,STU08782,,Low,Medium,0.7465,2026-10-02
PRD08783,STU08783,,Medium,High,0.9384,2026-10-02
PRD08784,STU08784,,Medium,Medium,0.5923,2026-10-02
PRD08785,STU08785,,High,High,0.99,2026-10-02
PRD08786,STU08786,,High,High,0.99,2026-10-02
PRD08787,STU08787,,Low,Low,0.18,2026-10-02
PRD08788,STU08788,,Medium,High,0.9439,2026-10-02
PRD08789,STU08789,,Low,Low,0.3561,2026-10-02
PRD08790,STU08790,,Low,Low,0.2286,2026-10-02
PRD08791,STU08791,,Low,Medium,0.5834,2026-10-02
PRD08792,STU08792,,Medium,High,0.9609,2026-10-02
PRD08793,STU08793,,Medium,Medium,0.7794,2026-10-02
PRD08794,STU08794,,Medium,Medium,0.8908,2026-10-02
PRD08795,STU08795,,High,High,0.99,2026-10-02
PRD08796,STU08796,,Medium,High,0.9656,2026-10-02
PRD08797,STU08797,,Medium,Medium,0.8092,2026-10-02
PRD08798,STU08798,,Low,Medium,0.8639,2026-10-02
PRD08799,STU08799,,High,High,0.9413,2026-10-02
PRD08800,STU08800,,Medium,High,0.99,2026-10-02
PRD08801,STU08801,,Medium,High,0.9683,2026-10-02
PRD08802,STU08802,,High,High,0.9806,2026-10-02
PRD08803,STU08803,,Low,Medium,0.8667,2026-10-02
PRD08804,STU08804,,Medium,High,0.99,2026-10-02
PRD08805,STU08805,,Medium,Medium,0.528,2026-10-02
PRD08806,STU08806,,Medium,High,0.99,2026-10-02
PRD08807,STU08807,,Low,Low,0.503,2026-10-02
PRD08808,STU08808,,High,High,0.9855,2026-10-02
PRD08809,STU08809,,Medium,Medium,0.846,2026-10-02
PRD08810,STU08810,,Medium,Medium,0.9416,2026-10-02
PRD08811,STU08811,,High,High,0.99,2026-10-02
PRD08812,STU08812,,Low,Medium,0.6051,2026-10-02
PRD08813,STU08813,,Medium,Medium,0.8539,2026-10-02
PRD08814,STU08814,,Low,Low,0.1774,2026-10-02
PRD08815,STU08815,,High,High,0.99,2026-10-02
PRD08816,STU08816,,Low,Medium,0.7507,2026-10-02
PRD08817,STU08817,,Medium,Medium,0.7933,2026-10-02
PRD08818,STU08818,,Low,Medium,0.497,2026-10-02
PRD08819,STU08819,,Low,Low,0.3116,2026-10-02
PRD08820,STU08820,,Medium,Medium,0.5558,2026-10-02
PRD08821,STU08821,,Low,Low,0.3702,2026-10-02
PRD08822,STU08822,,Low,Medium,0.6108,2026-10-02
PRD08823,STU08823,,Low,Medium,0.894,2026-10-02
PRD08824,STU08824,,Medium,High,0.9499,2026-10-02
PRD08825,STU08825,,Medium,Medium,0.8926,2026-10-02
PRD08826,STU08826,,Medium,Medium,0.7932,2026-10-02
PRD08827,STU08827,,Medium,Medium,0.5152,2026-10-02
PRD08828,STU08828,,Low,Medium,0.5719,2026-10-02
PRD08829,STU08829,,Low,Medium,0.8773,2026-10-02
PRD08830,STU08830,,Medium,Medium,0.9486,2026-10-02
PRD08831,STU08831,,Low,Medium,0.7049,2026-10-02
PRD08832,STU08832,,Low,Low,0.1584,2026-10-02
PRD08833,STU08833,,Medium,Medium,0.8561,2026-10-02
PRD08834,STU08834,,High,High,0.9526,2026-10-02
PRD08835,STU08835,,Medium,Medium,0.8882,2026-10-02
PRD08836,STU08836,,Medium,High,0.9324,2026-10-02
PRD08837,STU08837,,Medium,Medium,0.823,2026-10-02
PRD08838,STU08838,,Medium,Medium,0.6762,2026-10-02
PRD08839,STU08839,,Low,Medium,0.7427,2026-10-02
PRD08840,STU08840,,Medium,Medium,0.6981,2026-10-02
PRD08841,STU08841,,Medium,High,0.99,2026-10-02
PRD08842,STU08842,,Medium,High,0.99,2026-10-02
PRD08843,STU08843,,Medium,High,0.9484,2026-10-02
PRD08844,STU08844,,High,High,0.99,2026-10-02
PRD08845,STU08845,,Medium,Medium,0.9108,2026-10-02
PRD08846,STU08846,,Medium,Medium,0.827,2026-10-02
PRD08847,STU08847,,Medium,Medium,0.7802,2026-10-02
PRD08848,STU08848,,Low,Medium,0.8231,2026-10-02
PRD08849,STU08849,,Low,Medium,0.6953,2026-10-02
PRD08850,STU08850,,Medium,Medium,0.9239,2026-10-02
PRD08851,STU08851,,Low,Medium,0.5396,2026-10-02
PRD08852,STU08852,,Low,Low,0.2022,2026-10-02
PRD08853,STU08853,,Low,Medium,0.5353,2026-10-02
PRD08854,STU08854,,Low,Medium,0.9294,2026-10-02
PRD08855,STU08855,,Medium,High,0.9571,2026-10-02
PRD08856,STU08856,,Medium,High,0.9747,2026-10-02
PRD08857,STU08857,,Low,Medium,0.7191,2026-10-02
PRD08858,STU08858,,Medium,Medium,0.7524,2026-10-02
PRD08859,STU08859,,Low,Medium,0.6859,2026-10-02
PRD08860,STU08860,,Medium,Medium,0.815,2026-10-02
PRD08861,STU08861,,Low,Low,0.4765,2026-10-02
PRD08862,STU08862,,Medium,High,0.9501,2026-10-02
PRD08863,STU08863,,Medium,High,0.99,2026-10-02
PRD08864,STU08864,,Medium,Medium,0.6452,2026-10-02
PRD08865,STU08865,,Medium,High,0.9276,2026-10-02
PRD08866,STU08866,,Low,Low,0.2347,2026-10-02
PRD08867,STU08867,,Low,Low,0.3898,2026-10-02
PRD08868,STU08868,,Medium,Medium,0.9127,2026-10-02
PRD08869,STU08869,,Low,Medium,0.7887,2026-10-02
PRD08870,STU08870,,Medium,Medium,0.911,2026-10-02
PRD08871,STU08871,,Low,Low,0.3002,2026-10-02
PRD08872,STU08872,,Low,Medium,0.7584,2026-10-02
PRD08873,STU08873,,Medium,Medium,0.708,2026-10-02
PRD08874,STU08874,,Low,Medium,0.6137,2026-10-02
PRD08875,STU08875,,Medium,Medium,0.68,2026-10-02
PRD08876,STU08876,,Medium,High,0.99,2026-10-02
PRD08877,STU08877,,Medium,High,0.99,2026-10-02
PRD08878,STU08878,,Low,Medium,0.857,2026-10-02
PRD08879,STU08879,,Medium,Medium,0.8882,2026-10-02
PRD08880,STU08880,,Medium,Medium,0.8951,2026-10-02
PRD08881,STU08881,,Low,Low,0.2782,2026-10-02
PRD08882,STU08882,,High,High,0.99,2026-10-02
PRD08883,STU08883,,High,High,0.99,2026-10-02
PRD08884,STU08884,,Medium,Medium,0.6868,2026-10-02
PRD08885,STU08885,,Low,Low,0.4561,2026-10-02
PRD08886,STU08886,,Low,Low,0.3774,2026-10-02
PRD08887,STU08887,,Low,Medium,0.6186,2026-10-02
PRD08888,STU08888,,High,Medium,0.9479,2026-10-02
PRD08889,STU08889,,Low,Medium,0.8639,2026-10-02
PRD08890,STU08890,,Low,Medium,0.8836,2026-10-02
PRD08891,STU08891,,Medium,High,0.9308,2026-10-02
PRD08892,STU08892,,Low,Low,0.1387,2026-10-02
PRD08893,STU08893,,Medium,High,0.9654,2026-10-02
PRD08894,STU08894,,Medium,Medium,0.6248,2026-10-02
PRD08895,STU08895,,Low,Medium,0.7308,2026-10-02
PRD08896,STU08896,,Medium,High,0.99,2026-10-02
PRD08897,STU08897,,Medium,High,0.9339,2026-10-02
PRD08898,STU08898,,Medium,High,0.9471,2026-10-02
PRD08899,STU08899,,Medium,Medium,0.9108,2026-10-02
PRD08900,STU08900,,Low,Medium,0.6867,2026-10-02
PRD08901,STU08901,,Medium,High,0.99,2026-10-02
PRD08902,STU08902,,Low,Medium,0.7133,2026-10-02
PRD08903,STU08903,,Medium,Medium,0.8575,2026-10-02
PRD08904,STU08904,,Medium,Medium,0.4937,2026-10-02
PRD08905,STU08905,,High,High,0.99,2026-10-02
PRD08906,STU08906,,Low,Low,0.2658,2026-10-02
PRD08907,STU08907,,Medium,High,0.99,2026-10-02
PRD08908,STU08908,,Low,Low,0.3876,2026-10-02
PRD08909,STU08909,,Medium,Medium,0.8475,2026-10-02
PRD08910,STU08910,,Low,Low,0.2447,2026-10-02
PRD08911,STU08911,,Low,Medium,0.5736,2026-10-02
PRD08912,STU08912,,Medium,Medium,0.9056,2026-10-02
PRD08913,STU08913,,Low,Low,0.0431,2026-10-02
PRD08914,STU08914,,Medium,Medium,0.9261,2026-10-02
PRD08915,STU08915,,Low,Low,0.313,2026-10-02
PRD08916,STU08916,,Medium,Medium,0.6242,2026-10-02
PRD08917,STU08917,,Medium,High,0.99,2026-10-02
PRD08918,STU08918,,High,High,0.9889,2026-10-02
PRD08919,STU08919,,Low,High,0.9783,2026-10-02
PRD08920,STU08920,,Low,Medium,0.9252,2026-10-02
PRD08921,STU08921,,Low,Low,0.1433,2026-10-02
PRD08922,STU08922,,Medium,High,0.99,2026-10-02
PRD08923,STU08923,,Low,Low,0.4333,2026-10-02
PRD08924,STU08924,,Low,Low,0.4221,2026-10-02
PRD08925,STU08925,,High,High,0.99,2026-10-02
PRD08926,STU08926,,Low,Low,0.4771,2026-10-02
PRD08927,STU08927,,Medium,Medium,0.913,2026-10-02
PRD08928,STU08928,,Medium,Medium,0.9212,2026-10-02
PRD08929,STU08929,,Low,Low,0.3335,2026-10-02
PRD08930,STU08930,,Medium,Medium,0.5357,2026-10-02
PRD08931,STU08931,,High,High,0.9563,2026-10-02
PRD08932,STU08932,,Medium,High,0.9334,2026-10-02
PRD08933,STU08933,,Low,Low,0.4289,2026-10-02
PRD08934,STU08934,,Medium,Medium,0.9006,2026-10-02
PRD08935,STU08935,,Medium,High,0.9589,2026-10-02
PRD08936,STU08936,,High,High,0.99,2026-10-02
PRD08937,STU08937,,High,High,0.99,2026-10-02
PRD08938,STU08938,,Low,Medium,0.6378,2026-10-02
PRD08939,STU08939,,Low,Low,0.4209,2026-10-02
PRD08940,STU08940,,Low,Medium,0.6723,2026-10-02
PRD08941,STU08941,,High,High,0.9765,2026-10-02
PRD08942,STU08942,,Medium,Medium,0.9121,2026-10-02
PRD08943,STU08943,,Medium,High,0.977,2026-10-02
PRD08944,STU08944,,Medium,Medium,0.9827,2026-10-02
PRD08945,STU08945,,Medium,Medium,0.6553,2026-10-02
PRD08946,STU08946,,High,High,0.9492,2026-10-02
PRD08947,STU08947,,Medium,Medium,0.9097,2026-10-02
PRD08948,STU08948,,Medium,Medium,0.4787,2026-10-02
PRD08949,STU08949,,Low,Medium,0.5702,2026-10-02
PRD08950,STU08950,,Medium,Medium,0.937,2026-10-02
PRD08951,STU08951,,Medium,Medium,0.8197,2026-10-02
PRD08952,STU08952,,High,High,0.99,2026-10-02
PRD08953,STU08953,,Medium,High,0.99,2026-10-02
PRD08954,STU08954,,Medium,High,0.99,2026-10-02
PRD08955,STU08955,,Medium,High,0.9645,2026-10-02
PRD08956,STU08956,,Medium,High,0.99,2026-10-02
PRD08957,STU08957,,Low,Medium,0.8451,2026-10-02
PRD08958,STU08958,,Medium,High,0.99,2026-10-02
PRD08959,STU08959,,Low,Low,0.319,2026-10-02
PRD08960,STU08960,,Medium,Medium,0.628,2026-10-02
PRD08961,STU08961,,Low,Low,0.3333,2026-10-02
PRD08962,STU08962,,Medium,High,0.99,2026-10-02
PRD08963,STU08963,,Medium,High,0.9533,2026-10-02
PRD08964,STU08964,,Medium,Medium,0.8781,2026-10-02
PRD08965,STU08965,,Medium,High,0.99,2026-10-02
PRD08966,STU08966,,Medium,High,0.9679,2026-10-02
PRD08967,STU08967,,Medium,High,0.9759,2026-10-02
PRD08968,STU08968,,Medium,High,0.99,2026-10-02
PRD08969,STU08969,,High,High,0.99,2026-10-02
PRD08970,STU08970,,Low,Medium,0.8106,2026-10-02
PRD08971,STU08971,,Low,Medium,0.698,2026-10-02
PRD08972,STU08972,,High,High,0.9893,2026-10-02
PRD08973,STU08973,,Low,Low,0.3088,2026-10-02
PRD08974,STU08974,,Medium,Medium,0.8713,2026-10-02
PRD08975,STU08975,,Low,Low,0.4254,2026-10-02
PRD08976,STU08976,,High,High,0.9627,2026-10-02
PRD08977,STU08977,,Medium,High,0.9745,2026-10-02
PRD08978,STU08978,,Medium,Medium,0.7662,2026-10-02
PRD08979,STU08979,,Low,Low,0.2857,2026-10-02
PRD08980,STU08980,,Medium,Medium,0.9482,2026-10-02
PRD08981,STU08981,,Medium,Medium,0.6893,2026-10-02
PRD08982,STU08982,,Medium,Medium,0.8679,2026-10-02
PRD08983,STU08983,,Low,Medium,0.7654,2026-10-02
PRD08984,STU08984,,Medium,Medium,0.9092,2026-10-02
PRD08985,STU08985,,High,High,0.99,2026-10-02
PRD08986,STU08986,,Medium,Medium,0.9241,2026-10-02
PRD08987,STU08987,,Medium,Medium,0.608,2026-10-02
PRD08988,STU08988,,Low,Medium,0.7682,2026-10-02
PRD08989,STU08989,,Low,Medium,0.577,2026-10-02
PRD08990,STU08990,,High,High,0.9644,2026-10-02
PRD08991,STU08991,,Low,Medium,0.9521,2026-10-02
PRD08992,STU08992,,High,High,0.99,2026-10-02
PRD08993,STU08993,,Low,Low,0.1926,2026-10-02
PRD08994,STU08994,,Low,High,0.99,2026-10-02
PRD08995,STU08995,,Medium,Medium,0.7999,2026-10-02
PRD08996,STU08996,,High,High,0.9821,2026-10-02
PRD08997,STU08997,,High,High,0.9847,2026-10-02
PRD08998,STU08998,,Low,Low,0.2599,2026-10-02
PRD08999,STU08999,,Medium,High,0.955,2026-10-02
PRD09000,STU09000,,Medium,Medium,0.8576,2026-10-02
PRD09001,STU09001,,Medium,Medium,0.6117,2026-10-02
PRD09002,STU09002,,Low,Low,0.1246,2026-10-02
PRD09003,STU09003,,Medium,Medium,0.9186,2026-10-02
PRD09004,STU09004,,Medium,High,0.9811,2026-10-02
PRD09005,STU09005,,Medium,High,0.99,2026-10-02
PRD09006,STU09006,,Medium,High,0.9403,2026-10-02
PRD09007,STU09007,,Medium,High,0.9841,2026-10-02
PRD09008,STU09008,,Low,Medium,0.8511,2026-10-02
PRD09009,STU09009,,Low,High,0.99,2026-10-02
PRD09010,STU09010,,High,High,0.99,2026-10-02
PRD09011,STU09011,,Medium,Medium,0.9082,2026-10-02
PRD09012,STU09012,,Medium,Medium,0.8929,2026-10-02
PRD09013,STU09013,,Low,Low,0.484,2026-10-02
PRD09014,STU09014,,High,High,0.99,2026-10-02
PRD09015,STU09015,,High,High,0.99,2026-10-02
PRD09016,STU09016,,Medium,High,0.99,2026-10-02
PRD09017,STU09017,,High,High,0.9459,2026-10-02
PRD09018,STU09018,,High,High,0.99,2026-10-02
PRD09019,STU09019,,Medium,Medium,0.8735,2026-10-02
PRD09020,STU09020,,Medium,Medium,0.8114,2026-10-02
PRD09021,STU09021,,Medium,Medium,0.6101,2026-10-02
PRD09022,STU09022,,Medium,Medium,0.7349,2026-10-02
PRD09023,STU09023,,Low,Medium,0.6488,2026-10-02
PRD09024,STU09024,,Low,Medium,0.8509,2026-10-02
PRD09025,STU09025,,Medium,High,0.99,2026-10-02
PRD09026,STU09026,,Low,High,0.9667,2026-10-02
PRD09027,STU09027,,Low,Medium,0.9248,2026-10-02
PRD09028,STU09028,,Low,Medium,0.8344,2026-10-02
PRD09029,STU09029,,Medium,Medium,0.8558,2026-10-02
PRD09030,STU09030,,Medium,Medium,0.922,2026-10-02
PRD09031,STU09031,,Medium,Medium,0.8149,2026-10-02
PRD09032,STU09032,,Medium,High,0.99,2026-10-02
PRD09033,STU09033,,Medium,High,0.9825,2026-10-02
PRD09034,STU09034,,Medium,Medium,0.8937,2026-10-02
PRD09035,STU09035,,Low,Medium,0.6003,2026-10-02
PRD09036,STU09036,,Low,Medium,0.9113,2026-10-02
PRD09037,STU09037,,Low,Medium,0.6565,2026-10-02
PRD09038,STU09038,,Medium,Medium,0.8924,2026-10-02
PRD09039,STU09039,,Low,Low,0.3094,2026-10-02
PRD09040,STU09040,,High,High,0.99,2026-10-02
PRD09041,STU09041,,Medium,High,0.9633,2026-10-02
PRD09042,STU09042,,Medium,High,0.99,2026-10-02
PRD09043,STU09043,,Low,Medium,0.792,2026-10-02
PRD09044,STU09044,,Low,Low,0.3293,2026-10-02
PRD09045,STU09045,,Medium,Medium,0.8874,2026-10-02
PRD09046,STU09046,,Low,Medium,0.6764,2026-10-02
PRD09047,STU09047,,Low,Low,0.2619,2026-10-02
PRD09048,STU09048,,Medium,Medium,0.6352,2026-10-02
PRD09049,STU09049,,Medium,Medium,0.6464,2026-10-02
PRD09050,STU09050,,Low,Medium,0.7242,2026-10-02
PRD09051,STU09051,,Low,High,0.9878,2026-10-02
PRD09052,STU09052,,Medium,Medium,0.7455,2026-10-02
PRD09053,STU09053,,Medium,High,0.9866,2026-10-02
PRD09054,STU09054,,Medium,Low,0.3718,2026-10-02
PRD09055,STU09055,,Low,Medium,0.5813,2026-10-02
PRD09056,STU09056,,Low,Medium,0.5144,2026-10-02
PRD09057,STU09057,,Low,Medium,0.6052,2026-10-02
PRD09058,STU09058,,High,High,0.99,2026-10-02
PRD09059,STU09059,,Low,Low,0.1872,2026-10-02
PRD09060,STU09060,,Medium,Medium,0.9703,2026-10-02
PRD09061,STU09061,,Medium,High,0.9611,2026-10-02
PRD09062,STU09062,,Medium,High,0.9718,2026-10-02
PRD09063,STU09063,,Medium,Medium,0.917,2026-10-02
PRD09064,STU09064,,Low,Low,0.2148,2026-10-02
PRD09065,STU09065,,High,High,0.9813,2026-10-02
PRD09066,STU09066,,Low,Low,0.3266,2026-10-02
PRD09067,STU09067,,Low,Medium,0.701,2026-10-02
PRD09068,STU09068,,Low,Medium,0.8152,2026-10-02
PRD09069,STU09069,,High,High,0.98,2026-10-02
PRD09070,STU09070,,Medium,Medium,0.9089,2026-10-02
PRD09071,STU09071,,Medium,High,0.9708,2026-10-02
PRD09072,STU09072,,Medium,Medium,0.8791,2026-10-02
PRD09073,STU09073,,Medium,High,0.99,2026-10-02
PRD09074,STU09074,,High,High,0.99,2026-10-02
PRD09075,STU09075,,Medium,High,0.99,2026-10-02
PRD09076,STU09076,,Medium,Medium,0.9117,2026-10-02
PRD09077,STU09077,,Medium,Medium,0.811,2026-10-02
PRD09078,STU09078,,Low,Medium,0.6301,2026-10-02
PRD09079,STU09079,,Medium,High,0.9881,2026-10-02
PRD09080,STU09080,,Medium,Medium,0.9638,2026-10-02
PRD09081,STU09081,,Low,Medium,0.6373,2026-10-02
PRD09082,STU09082,,Medium,High,0.9695,2026-10-02
PRD09083,STU09083,,Low,Low,0.0955,2026-10-02
PRD09084,STU09084,,Low,Medium,0.7787,2026-10-02
PRD09085,STU09085,,Medium,Medium,0.5415,2026-10-02
PRD09086,STU09086,,Low,Medium,0.9025,2026-10-02
PRD09087,STU09087,,Medium,High,0.9442,2026-10-02
PRD09088,STU09088,,Medium,High,0.9809,2026-10-02
PRD09089,STU09089,,High,High,0.99,2026-10-02
PRD09090,STU09090,,Low,High,0.9187,2026-10-02
PRD09091,STU09091,,Low,Low,0.4711,2026-10-02
PRD09092,STU09092,,Medium,High,0.99,2026-10-02
PRD09093,STU09093,,High,High,0.99,2026-10-02
PRD09094,STU09094,,Medium,High,0.9444,2026-10-02
PRD09095,STU09095,,Low,Medium,0.6313,2026-10-02
PRD09096,STU09096,,Medium,High,0.99,2026-10-02
PRD09097,STU09097,,Medium,Medium,0.8936,2026-10-02
PRD09098,STU09098,,High,High,0.99,2026-10-02
PRD09099,STU09099,,Medium,Low,0.4299,2026-10-02
PRD09100,STU09100,,Low,Low,0.1772,2026-10-02
PRD09101,STU09101,,Medium,High,0.9764,2026-10-02
PRD09102,STU09102,,Low,Medium,0.6374,2026-10-02
PRD09103,STU09103,,Medium,Medium,0.8408,2026-10-02
PRD09104,STU09104,,Medium,Medium,0.7417,2026-10-02
PRD09105,STU09105,,Low,Low,0.3314,2026-10-02
PRD09106,STU09106,,Medium,High,0.9843,2026-10-02
PRD09107,STU09107,,Medium,Medium,0.8786,2026-10-02
PRD09108,STU09108,,Medium,Medium,0.9308,2026-10-02
PRD09109,STU09109,,High,High,0.9773,2026-10-02
PRD09110,STU09110,,Low,Low,0.4139,2026-10-02
PRD09111,STU09111,,Medium,Medium,0.9379,2026-10-02
PRD09112,STU09112,,Medium,Medium,0.7306,2026-10-02
PRD09113,STU09113,,High,High,0.99,2026-10-02
PRD09114,STU09114,,Medium,Medium,0.8184,2026-10-02
PRD09115,STU09115,,Medium,High,0.9503,2026-10-02
PRD09116,STU09116,,Medium,High,0.9798,2026-10-02
PRD09117,STU09117,,Low,Low,0.2605,2026-10-02
PRD09118,STU09118,,Medium,Medium,0.8981,2026-10-02
PRD09119,STU09119,,Medium,Medium,0.9348,2026-10-02
PRD09120,STU09120,,High,High,0.9818,2026-10-02
PRD09121,STU09121,,Low,Medium,0.5363,2026-10-02
PRD09122,STU09122,,High,High,0.9646,2026-10-02
PRD09123,STU09123,,Medium,Medium,0.8237,2026-10-02
PRD09124,STU09124,,Medium,Medium,0.7762,2026-10-02
PRD09125,STU09125,,Medium,Medium,0.9167,2026-10-02
PRD09126,STU09126,,Medium,High,0.9789,2026-10-02
PRD09127,STU09127,,Low,Medium,0.6874,2026-10-02
PRD09128,STU09128,,Low,Medium,0.6406,2026-10-02
PRD09129,STU09129,,Medium,Medium,0.4921,2026-10-02
PRD09130,STU09130,,Low,Medium,0.922,2026-10-02
PRD09131,STU09131,,Medium,High,0.9815,2026-10-02
PRD09132,STU09132,,Low,Low,0.121,2026-10-02
PRD09133,STU09133,,Medium,High,0.99,2026-10-02
PRD09134,STU09134,,Medium,High,0.99,2026-10-02
PRD09135,STU09135,,High,High,0.9573,2026-10-02
PRD09136,STU09136,,Medium,Medium,0.7752,2026-10-02
PRD09137,STU09137,,High,High,0.9558,2026-10-02
PRD09138,STU09138,,Medium,Medium,0.9295,2026-10-02
PRD09139,STU09139,,Medium,Medium,0.7564,2026-10-02
PRD09140,STU09140,,Medium,Medium,0.7426,2026-10-02
PRD09141,STU09141,,Medium,High,0.9892,2026-10-02
PRD09142,STU09142,,Low,Medium,0.7755,2026-10-02
PRD09143,STU09143,,Medium,Medium,0.7559,2026-10-02
PRD09144,STU09144,,Medium,Medium,0.8488,2026-10-02
PRD09145,STU09145,,High,High,0.9708,2026-10-02
PRD09146,STU09146,,Medium,Medium,0.9257,2026-10-02
PRD09147,STU09147,,High,High,0.99,2026-10-02
PRD09148,STU09148,,Medium,High,0.9717,2026-10-02
PRD09149,STU09149,,Medium,Medium,0.8195,2026-10-02
PRD09150,STU09150,,Low,Low,0.4431,2026-10-02
PRD09151,STU09151,,High,High,0.9866,2026-10-02
PRD09152,STU09152,,High,High,0.9731,2026-10-02
PRD09153,STU09153,,High,High,0.99,2026-10-02
PRD09154,STU09154,,Low,Medium,0.5446,2026-10-02
PRD09155,STU09155,,Medium,High,0.9659,2026-10-02
PRD09156,STU09156,,Medium,Medium,0.7794,2026-10-02
PRD09157,STU09157,,Low,High,0.989,2026-10-02
PRD09158,STU09158,,High,High,0.99,2026-10-02
PRD09159,STU09159,,Low,Medium,0.7153,2026-10-02
PRD09160,STU09160,,Medium,Medium,0.953,2026-10-02
PRD09161,STU09161,,Medium,High,0.969,2026-10-02
PRD09162,STU09162,,Medium,High,0.9176,2026-10-02
PRD09163,STU09163,,Medium,High,0.952,2026-10-02
PRD09164,STU09164,,Low,Low,0.4944,2026-10-02
PRD09165,STU09165,,Medium,Medium,0.8396,2026-10-02
PRD09166,STU09166,,Low,Medium,0.6781,2026-10-02
PRD09167,STU09167,,Medium,Medium,0.8453,2026-10-02
PRD09168,STU09168,,Low,Medium,0.6421,2026-10-02
PRD09169,STU09169,,Medium,Medium,0.9202,2026-10-02
PRD09170,STU09170,,Low,Low,0.3303,2026-10-02
PRD09171,STU09171,,Medium,Medium,0.8966,2026-10-02
PRD09172,STU09172,,Low,Low,0.183,2026-10-02
PRD09173,STU09173,,High,High,0.99,2026-10-02
PRD09174,STU09174,,Medium,High,0.9814,2026-10-02
PRD09175,STU09175,,High,High,0.9495,2026-10-02
PRD09176,STU09176,,Low,Low,0.3429,2026-10-02
PRD09177,STU09177,,Medium,Medium,0.8805,2026-10-02
PRD09178,STU09178,,Medium,Medium,0.7278,2026-10-02
PRD09179,STU09179,,Medium,Medium,0.8403,2026-10-02
PRD09180,STU09180,,Medium,High,0.99,2026-10-02
PRD09181,STU09181,,Medium,Medium,0.9666,2026-10-02
PRD09182,STU09182,,Low,Low,0.3465,2026-10-02
PRD09183,STU09183,,Low,High,0.9845,2026-10-02
PRD09184,STU09184,,Medium,Medium,0.7594,2026-10-02
PRD09185,STU09185,,Medium,Medium,0.8407,2026-10-02
PRD09186,STU09186,,High,High,0.99,2026-10-02
PRD09187,STU09187,,Low,Medium,0.5698,2026-10-02
PRD09188,STU09188,,High,High,0.9637,2026-10-02
PRD09189,STU09189,,Medium,High,0.99,2026-10-02
PRD09190,STU09190,,Low,Medium,0.8396,2026-10-02
PRD09191,STU09191,,Medium,Medium,0.8954,2026-10-02
PRD09192,STU09192,,Medium,Medium,0.9073,2026-10-02
PRD09193,STU09193,,Medium,Medium,0.9427,2026-10-02
PRD09194,STU09194,,Medium,High,0.99,2026-10-02
PRD09195,STU09195,,Medium,Medium,0.738,2026-10-02
PRD09196,STU09196,,Medium,Medium,0.9406,2026-10-02
PRD09197,STU09197,,Low,Medium,0.6751,2026-10-02
PRD09198,STU09198,,Low,Medium,0.498,2026-10-02
PRD09199,STU09199,,Low,Medium,0.6976,2026-10-02
PRD09200,STU09200,,Medium,High,0.9261,2026-10-02
PRD09201,STU09201,,Medium,High,0.9611,2026-10-02
PRD09202,STU09202,,High,High,0.9759,2026-10-02
PRD09203,STU09203,,Low,Low,0.1081,2026-10-02
PRD09204,STU09204,,High,High,0.9482,2026-10-02
PRD09205,STU09205,,High,High,0.99,2026-10-02
PRD09206,STU09206,,Medium,High,0.9711,2026-10-02
PRD09207,STU09207,,Medium,Medium,0.7561,2026-10-02
PRD09208,STU09208,,High,High,0.9487,2026-10-02
PRD09209,STU09209,,Medium,High,0.9649,2026-10-02
PRD09210,STU09210,,Medium,High,0.9671,2026-10-02
PRD09211,STU09211,,Low,Low,0.2323,2026-10-02
PRD09212,STU09212,,Medium,Medium,0.925,2026-10-02
PRD09213,STU09213,,Low,Low,0.1956,2026-10-02
PRD09214,STU09214,,Medium,Medium,0.985,2026-10-02
PRD09215,STU09215,,Low,Low,0.3641,2026-10-02
PRD09216,STU09216,,Medium,High,0.99,2026-10-02
PRD09217,STU09217,,Medium,High,0.9388,2026-10-02
PRD09218,STU09218,,Medium,Medium,0.766,2026-10-02
PRD09219,STU09219,,Low,Low,0.2861,2026-10-02
PRD09220,STU09220,,Low,Medium,0.6437,2026-10-02
PRD09221,STU09221,,Medium,Medium,0.9088,2026-10-02
PRD09222,STU09222,,Low,Medium,0.554,2026-10-02
PRD09223,STU09223,,Low,Low,0.4281,2026-10-02
PRD09224,STU09224,,Low,Low,0.1675,2026-10-02
PRD09225,STU09225,,Medium,Medium,0.832,2026-10-02
PRD09226,STU09226,,Low,Low,0.4826,2026-10-02
PRD09227,STU09227,,Medium,High,0.99,2026-10-02
PRD09228,STU09228,,Low,Medium,0.5983,2026-10-02
PRD09229,STU09229,,Medium,Medium,0.9517,2026-10-02
PRD09230,STU09230,,Low,Low,0.1116,2026-10-02
PRD09231,STU09231,,Low,Low,0.359,2026-10-02
PRD09232,STU09232,,Medium,High,0.9361,2026-10-02
PRD09233,STU09233,,High,High,0.9849,2026-10-02
PRD09234,STU09234,,Low,Medium,0.525,2026-10-02
PRD09235,STU09235,,High,High,0.9677,2026-10-02
PRD09236,STU09236,,Medium,Medium,0.7085,2026-10-02
PRD09237,STU09237,,Low,Medium,0.7071,2026-10-02
PRD09238,STU09238,,High,High,0.99,2026-10-02
PRD09239,STU09239,,Low,Low,0.1504,2026-10-02
PRD09240,STU09240,,Medium,High,0.9527,2026-10-02
PRD09241,STU09241,,High,High,0.9855,2026-10-02
PRD09242,STU09242,,Medium,Medium,0.8599,2026-10-02
PRD09243,STU09243,,Low,Low,0.3465,2026-10-02
PRD09244,STU09244,,Medium,Medium,0.9128,2026-10-02
PRD09245,STU09245,,High,High,0.99,2026-10-02
PRD09246,STU09246,,Low,Low,0.0924,2026-10-02
PRD09247,STU09247,,Low,Medium,0.6163,2026-10-02
PRD09248,STU09248,,High,High,0.99,2026-10-02
PRD09249,STU09249,,Medium,Medium,0.928,2026-10-02
PRD09250,STU09250,,Low,Medium,0.6662,2026-10-02
PRD09251,STU09251,,Medium,High,0.99,2026-10-02
PRD09252,STU09252,,Medium,Medium,0.8536,2026-10-02
PRD09253,STU09253,,Medium,Medium,0.9223,2026-10-02
PRD09254,STU09254,,Medium,High,0.99,2026-10-02
PRD09255,STU09255,,Low,Low,0.3693,2026-10-02
PRD09256,STU09256,,Medium,Medium,0.8443,2026-10-02
PRD09257,STU09257,,Medium,Medium,0.8442,2026-10-02
PRD09258,STU09258,,High,High,0.9814,2026-10-02
PRD09259,STU09259,,Medium,High,0.9761,2026-10-02
PRD09260,STU09260,,Low,Low,0.4667,2026-10-02
PRD09261,STU09261,,Medium,High,0.9883,2026-10-02
PRD09262,STU09262,,Medium,High,0.99,2026-10-02
PRD09263,STU09263,,High,High,0.99,2026-10-02
PRD09264,STU09264,,Medium,High,0.99,2026-10-02
PRD09265,STU09265,,Medium,Medium,0.8966,2026-10-02
PRD09266,STU09266,,High,High,0.99,2026-10-02
PRD09267,STU09267,,Low,Low,0.232,2026-10-02
PRD09268,STU09268,,Low,Medium,0.7869,2026-10-02
PRD09269,STU09269,,Medium,Medium,0.8932,2026-10-02
PRD09270,STU09270,,Medium,Medium,0.785,2026-10-02
PRD09271,STU09271,,Medium,High,0.9556,2026-10-02
PRD09272,STU09272,,Low,Low,0.2873,2026-10-02
PRD09273,STU09273,,Medium,High,0.99,2026-10-02
PRD09274,STU09274,,Medium,High,0.9336,2026-10-02
PRD09275,STU09275,,Low,Low,0.1143,2026-10-02
PRD09276,STU09276,,Low,Low,0.3113,2026-10-02
PRD09277,STU09277,,High,High,0.99,2026-10-02
PRD09278,STU09278,,Low,Medium,0.8785,2026-10-02
PRD09279,STU09279,,Low,Medium,0.6484,2026-10-02
PRD09280,STU09280,,Medium,High,0.9883,2026-10-02
PRD09281,STU09281,,Medium,High,0.99,2026-10-02
PRD09282,STU09282,,Low,Low,0.4855,2026-10-02
PRD09283,STU09283,,Medium,High,0.9724,2026-10-02
PRD09284,STU09284,,Medium,High,0.9444,2026-10-02
PRD09285,STU09285,,Medium,Medium,0.8509,2026-10-02
PRD09286,STU09286,,Medium,High,0.9787,2026-10-02
PRD09287,STU09287,,Medium,Medium,0.8205,2026-10-02
PRD09288,STU09288,,Low,Medium,0.9133,2026-10-02
PRD09289,STU09289,,Medium,Medium,0.9108,2026-10-02
PRD09290,STU09290,,Medium,High,0.9867,2026-10-02
PRD09291,STU09291,,Low,Medium,0.8895,2026-10-02
PRD09292,STU09292,,Low,High,0.9468,2026-10-02
PRD09293,STU09293,,Low,Medium,0.6449,2026-10-02
PRD09294,STU09294,,Medium,Medium,0.8999,2026-10-02
PRD09295,STU09295,,High,High,0.9428,2026-10-02
PRD09296,STU09296,,Medium,Medium,0.6807,2026-10-02
PRD09297,STU09297,,Medium,Medium,0.7476,2026-10-02
PRD09298,STU09298,,Medium,High,0.99,2026-10-02
PRD09299,STU09299,,Medium,Medium,0.7782,2026-10-02
PRD09300,STU09300,,Medium,High,0.99,2026-10-02
PRD09301,STU09301,,Low,Medium,0.7193,2026-10-02
PRD09302,STU09302,,Medium,Medium,0.8145,2026-10-02
PRD09303,STU09303,,Medium,High,0.99,2026-10-02
PRD09304,STU09304,,High,High,0.9737,2026-10-02
PRD09305,STU09305,,Low,Medium,0.5949,2026-10-02
PRD09306,STU09306,,Medium,Medium,0.8252,2026-10-02
PRD09307,STU09307,,High,High,0.99,2026-10-02
PRD09308,STU09308,,Medium,High,0.9898,2026-10-02
PRD09309,STU09309,,Medium,High,0.9594,2026-10-02
PRD09310,STU09310,,Medium,Medium,0.8629,2026-10-02
PRD09311,STU09311,,Low,Low,0.4399,2026-10-02
PRD09312,STU09312,,Medium,Medium,0.7684,2026-10-02
PRD09313,STU09313,,High,High,0.9861,2026-10-02
PRD09314,STU09314,,Low,Low,0.155,2026-10-02
PRD09315,STU09315,,Medium,Medium,0.8516,2026-10-02
PRD09316,STU09316,,High,High,0.9848,2026-10-02
PRD09317,STU09317,,Low,Low,0.4691,2026-10-02
PRD09318,STU09318,,Low,Low,0.2673,2026-10-02
PRD09319,STU09319,,Low,Medium,0.9036,2026-10-02
PRD09320,STU09320,,Low,Low,0.4514,2026-10-02
PRD09321,STU09321,,Medium,Medium,0.6583,2026-10-02
PRD09322,STU09322,,Medium,Medium,0.7329,2026-10-02
PRD09323,STU09323,,Medium,High,0.99,2026-10-02
PRD09324,STU09324,,Low,Medium,0.7512,2026-10-02
PRD09325,STU09325,,Medium,Medium,0.9513,2026-10-02
PRD09326,STU09326,,High,High,0.99,2026-10-02
PRD09327,STU09327,,Low,Medium,0.9193,2026-10-02
PRD09328,STU09328,,Medium,Medium,0.9321,2026-10-02
PRD09329,STU09329,,Low,Medium,0.8991,2026-10-02
PRD09330,STU09330,,Low,Low,0.4162,2026-10-02
PRD09331,STU09331,,Medium,High,0.9281,2026-10-02
PRD09332,STU09332,,Low,Medium,0.7705,2026-10-02
PRD09333,STU09333,,High,High,0.99,2026-10-02
PRD09334,STU09334,,Medium,Medium,0.7962,2026-10-02
PRD09335,STU09335,,High,High,0.99,2026-10-02
PRD09336,STU09336,,Medium,Medium,0.9443,2026-10-02
PRD09337,STU09337,,Medium,High,0.99,2026-10-02
PRD09338,STU09338,,Medium,High,0.99,2026-10-02
PRD09339,STU09339,,Low,Medium,0.5442,2026-10-02
PRD09340,STU09340,,Medium,Medium,0.691,2026-10-02
PRD09341,STU09341,,High,High,0.9866,2026-10-02
PRD09342,STU09342,,Low,Medium,0.8692,2026-10-02
PRD09343,STU09343,,Medium,Medium,0.7756,2026-10-02
PRD09344,STU09344,,Medium,High,0.9614,2026-10-02
PRD09345,STU09345,,Medium,High,0.99,2026-10-02
PRD09346,STU09346,,Medium,Medium,0.7167,2026-10-02
PRD09347,STU09347,,Low,Medium,0.7508,2026-10-02
PRD09348,STU09348,,Medium,Medium,0.7307,2026-10-02
PRD09349,STU09349,,Low,Medium,0.6587,2026-10-02
PRD09350,STU09350,,Low,Medium,0.7283,2026-10-02
PRD09351,STU09351,,Low,Medium,0.6552,2026-10-02
PRD09352,STU09352,,Low,Medium,0.8528,2026-10-02
PRD09353,STU09353,,Low,Low,0.1344,2026-10-02
PRD09354,STU09354,,Low,Low,0.2848,2026-10-02
PRD09355,STU09355,,High,High,0.9885,2026-10-02
PRD09356,STU09356,,Low,Low,0.3433,2026-10-02
PRD09357,STU09357,,Low,High,0.9408,2026-10-02
PRD09358,STU09358,,Low,High,0.9683,2026-10-02
PRD09359,STU09359,,Low,Medium,0.8399,2026-10-02
PRD09360,STU09360,,Medium,High,0.9706,2026-10-02
PRD09361,STU09361,,Low,Medium,0.7472,2026-10-02
PRD09362,STU09362,,Medium,Medium,0.8688,2026-10-02
PRD09363,STU09363,,High,High,0.9538,2026-10-02
PRD09364,STU09364,,Low,Medium,0.5409,2026-10-02
PRD09365,STU09365,,Low,Low,0.1212,2026-10-02
PRD09366,STU09366,,Low,Medium,0.8504,2026-10-02
PRD09367,STU09367,,Low,High,0.9331,2026-10-02
PRD09368,STU09368,,Medium,Medium,0.9178,2026-10-02
PRD09369,STU09369,,Low,Low,0.4323,2026-10-02
PRD09370,STU09370,,Medium,High,0.9842,2026-10-02
PRD09371,STU09371,,High,High,0.99,2026-10-02
PRD09372,STU09372,,Medium,Medium,0.854,2026-10-02
PRD09373,STU09373,,Medium,Medium,0.7032,2026-10-02
PRD09374,STU09374,,High,High,0.9711,2026-10-02
PRD09375,STU09375,,High,High,0.99,2026-10-02
PRD09376,STU09376,,Low,Low,0.4903,2026-10-02
PRD09377,STU09377,,Low,High,0.9684,2026-10-02
PRD09378,STU09378,,Medium,Medium,0.7513,2026-10-02
PRD09379,STU09379,,Medium,High,0.9734,2026-10-02
PRD09380,STU09380,,Medium,High,0.95,2026-10-02
PRD09381,STU09381,,High,High,0.99,2026-10-02
PRD09382,STU09382,,Medium,High,0.967,2026-10-02
PRD09383,STU09383,,Low,Medium,0.7411,2026-10-02
PRD09384,STU09384,,Low,Low,0.4355,2026-10-02
PRD09385,STU09385,,Medium,High,0.99,2026-10-02
PRD09386,STU09386,,Medium,Medium,0.9294,2026-10-02
PRD09387,STU09387,,Medium,High,0.99,2026-10-02
PRD09388,STU09388,,Low,Medium,0.8786,2026-10-02
PRD09389,STU09389,,Low,Low,0.3316,2026-10-02
PRD09390,STU09390,,Medium,Medium,0.7933,2026-10-02
PRD09391,STU09391,,High,High,0.99,2026-10-02
PRD09392,STU09392,,Low,Medium,0.9293,2026-10-02
PRD09393,STU09393,,Medium,Medium,0.6769,2026-10-02
PRD09394,STU09394,,Medium,Low,0.4873,2026-10-02
PRD09395,STU09395,,High,High,0.99,2026-10-02
PRD09396,STU09396,,Medium,High,0.952,2026-10-02
PRD09397,STU09397,,Medium,High,0.9736,2026-10-02
PRD09398,STU09398,,Medium,High,0.9692,2026-10-02
PRD09399,STU09399,,Medium,High,0.9764,2026-10-02
PRD09400,STU09400,,Low,Low,0.3395,2026-10-02
PRD09401,STU09401,,Medium,High,0.9404,2026-10-02
PRD09402,STU09402,,Low,Medium,0.7137,2026-10-02
PRD09403,STU09403,,Medium,High,0.99,2026-10-02
PRD09404,STU09404,,Medium,Medium,0.9201,2026-10-02
PRD09405,STU09405,,Medium,Medium,0.8526,2026-10-02
PRD09406,STU09406,,High,High,0.9849,2026-10-02
PRD09407,STU09407,,High,High,0.9743,2026-10-02
PRD09408,STU09408,,Low,Medium,0.8091,2026-10-02
PRD09409,STU09409,,Low,Medium,0.6677,2026-10-02
PRD09410,STU09410,,Medium,Medium,0.9372,2026-10-02
PRD09411,STU09411,,High,High,0.99,2026-10-02
PRD09412,STU09412,,Medium,Medium,0.9225,2026-10-02
PRD09413,STU09413,,Medium,Medium,0.8968,2026-10-02
PRD09414,STU09414,,Low,Medium,0.6832,2026-10-02
PRD09415,STU09415,,Low,Low,0.1908,2026-10-02
PRD09416,STU09416,,Medium,Medium,0.9046,2026-10-02
PRD09417,STU09417,,Low,Medium,0.7028,2026-10-02
PRD09418,STU09418,,High,High,0.99,2026-10-02
PRD09419,STU09419,,High,High,0.9495,2026-10-02
PRD09420,STU09420,,High,High,0.9897,2026-10-02
PRD09421,STU09421,,Medium,High,0.9846,2026-10-02
PRD09422,STU09422,,Low,Medium,0.498,2026-10-02
PRD09423,STU09423,,High,High,0.9673,2026-10-02
PRD09424,STU09424,,Medium,Medium,0.8322,2026-10-02
PRD09425,STU09425,,Low,Low,0.4323,2026-10-02
PRD09426,STU09426,,Medium,Medium,0.7267,2026-10-02
PRD09427,STU09427,,Low,Low,0.1673,2026-10-02
PRD09428,STU09428,,Medium,High,0.9867,2026-10-02
PRD09429,STU09429,,Medium,Medium,0.879,2026-10-02
PRD09430,STU09430,,Medium,Medium,0.8562,2026-10-02
PRD09431,STU09431,,High,High,0.9045,2026-10-02
PRD09432,STU09432,,Low,Low,0.2258,2026-10-02
PRD09433,STU09433,,Medium,Medium,0.8772,2026-10-02
PRD09434,STU09434,,Low,Low,0.4346,2026-10-02
PRD09435,STU09435,,Low,Low,0.5145,2026-10-02
PRD09436,STU09436,,Low,Medium,0.6078,2026-10-02
PRD09437,STU09437,,Medium,High,0.9897,2026-10-02
PRD09438,STU09438,,Low,Low,0.3442,2026-10-02
PRD09439,STU09439,,Low,Low,0.163,2026-10-02
PRD09440,STU09440,,Medium,Medium,0.8571,2026-10-02
PRD09441,STU09441,,Low,Medium,0.767,2026-10-02
PRD09442,STU09442,,High,High,0.99,2026-10-02
PRD09443,STU09443,,Low,Low,0.0657,2026-10-02
PRD09444,STU09444,,Medium,Medium,0.632,2026-10-02
PRD09445,STU09445,,Low,High,0.9784,2026-10-02
PRD09446,STU09446,,Medium,Medium,0.925,2026-10-02
PRD09447,STU09447,,Medium,Medium,0.5412,2026-10-02
PRD09448,STU09448,,Low,Medium,0.5533,2026-10-02
PRD09449,STU09449,,Medium,High,0.9792,2026-10-02
PRD09450,STU09450,,Low,Low,0.3378,2026-10-02
PRD09451,STU09451,,Low,Medium,0.9153,2026-10-02
PRD09452,STU09452,,Low,Medium,0.7632,2026-10-02
PRD09453,STU09453,,Low,Low,0.2612,2026-10-02
PRD09454,STU09454,,Low,Medium,0.6434,2026-10-02
PRD09455,STU09455,,Low,Low,0.157,2026-10-02
PRD09456,STU09456,,Medium,Medium,0.8607,2026-10-02
PRD09457,STU09457,,Medium,Medium,0.7723,2026-10-02
PRD09458,STU09458,,Medium,High,0.99,2026-10-02
PRD09459,STU09459,,Low,Medium,0.7885,2026-10-02
PRD09460,STU09460,,Medium,Medium,0.8119,2026-10-02
PRD09461,STU09461,,Low,Medium,0.8751,2026-10-02
PRD09462,STU09462,,High,High,0.9861,2026-10-02
PRD09463,STU09463,,High,High,0.9798,2026-10-02
PRD09464,STU09464,,Medium,Medium,0.8955,2026-10-02
PRD09465,STU09465,,Medium,High,0.99,2026-10-02
PRD09466,STU09466,,High,High,0.99,2026-10-02
PRD09467,STU09467,,Medium,High,0.9331,2026-10-02
PRD09468,STU09468,,Medium,High,0.8856,2026-10-02
PRD09469,STU09469,,High,High,0.9627,2026-10-02
PRD09470,STU09470,,Medium,High,0.99,2026-10-02
PRD09471,STU09471,,Low,Medium,0.62,2026-10-02
PRD09472,STU09472,,Low,Medium,0.6362,2026-10-02
PRD09473,STU09473,,Medium,High,0.9485,2026-10-02
PRD09474,STU09474,,Low,Low,0.1115,2026-10-02
PRD09475,STU09475,,High,High,0.9788,2026-10-02
PRD09476,STU09476,,Medium,High,0.99,2026-10-02
PRD09477,STU09477,,High,High,0.9437,2026-10-02
PRD09478,STU09478,,Low,Low,0.4956,2026-10-02
PRD09479,STU09479,,Low,Medium,0.9179,2026-10-02
PRD09480,STU09480,,Medium,Medium,0.8546,2026-10-02
PRD09481,STU09481,,Medium,Medium,0.8548,2026-10-02
PRD09482,STU09482,,Medium,Medium,0.8993,2026-10-02
PRD09483,STU09483,,Medium,Medium,0.9046,2026-10-02
PRD09484,STU09484,,High,High,0.99,2026-10-02
PRD09485,STU09485,,Low,Medium,0.7466,2026-10-02
PRD09486,STU09486,,Medium,Medium,0.9507,2026-10-02
PRD09487,STU09487,,Medium,High,0.9766,2026-10-02
PRD09488,STU09488,,High,High,0.99,2026-10-02
PRD09489,STU09489,,High,High,0.99,2026-10-02
PRD09490,STU09490,,Low,Medium,0.5611,2026-10-02
PRD09491,STU09491,,Low,Low,0.3373,2026-10-02
PRD09492,STU09492,,Low,Medium,0.6036,2026-10-02
PRD09493,STU09493,,Low,Medium,0.9092,2026-10-02
PRD09494,STU09494,,Low,Medium,0.9292,2026-10-02
PRD09495,STU09495,,High,High,0.9457,2026-10-02
PRD09496,STU09496,,High,High,0.99,2026-10-02
PRD09497,STU09497,,High,High,0.957,2026-10-02
PRD09498,STU09498,,Medium,High,0.99,2026-10-02
PRD09499,STU09499,,High,High,0.99,2026-10-02
PRD09500,STU09500,,Medium,Medium,0.8957,2026-10-02
PRD09501,STU09501,,Medium,Medium,0.7308,2026-10-02
PRD09502,STU09502,,Low,Low,0.1346,2026-10-02
PRD09503,STU09503,,Medium,Medium,0.8603,2026-10-02
PRD09504,STU09504,,Medium,High,0.9679,2026-10-02
PRD09505,STU09505,,Low,Medium,0.8753,2026-10-02
PRD09506,STU09506,,Medium,High,0.9826,2026-10-02
PRD09507,STU09507,,Low,Low,0.3046,2026-10-02
PRD09508,STU09508,,Low,Low,0.133,2026-10-02
PRD09509,STU09509,,Medium,High,0.9568,2026-10-02
PRD09510,STU09510,,Low,Low,0.4238,2026-10-02
PRD09511,STU09511,,Low,Low,0.3532,2026-10-02
PRD09512,STU09512,,High,High,0.939,2026-10-02
PRD09513,STU09513,,Low,Low,0.1887,2026-10-02
PRD09514,STU09514,,Medium,Medium,0.952,2026-10-02
PRD09515,STU09515,,Low,High,0.9655,2026-10-02
PRD09516,STU09516,,Medium,High,0.9513,2026-10-02
PRD09517,STU09517,,Low,Low,0.4939,2026-10-02
PRD09518,STU09518,,Low,Medium,0.566,2026-10-02
PRD09519,STU09519,,Low,Medium,0.6225,2026-10-02
PRD09520,STU09520,,Low,Medium,0.5549,2026-10-02
PRD09521,STU09521,,High,High,0.9678,2026-10-02
PRD09522,STU09522,,Low,Medium,0.5649,2026-10-02
PRD09523,STU09523,,Low,Medium,0.6427,2026-10-02
PRD09524,STU09524,,Medium,Medium,0.9469,2026-10-02
PRD09525,STU09525,,Medium,High,0.978,2026-10-02
PRD09526,STU09526,,Medium,High,0.99,2026-10-02
PRD09527,STU09527,,High,High,0.99,2026-10-02
PRD09528,STU09528,,Low,Low,0.432,2026-10-02
PRD09529,STU09529,,Medium,Medium,0.9016,2026-10-02
PRD09530,STU09530,,Medium,Medium,0.8069,2026-10-02
PRD09531,STU09531,,High,High,0.99,2026-10-02
PRD09532,STU09532,,Low,Medium,0.8229,2026-10-02
PRD09533,STU09533,,Medium,High,0.9542,2026-10-02
PRD09534,STU09534,,Low,Low,0.2468,2026-10-02
PRD09535,STU09535,,High,High,0.99,2026-10-02
PRD09536,STU09536,,Low,Low,0.3663,2026-10-02
PRD09537,STU09537,,Medium,High,0.9518,2026-10-02
PRD09538,STU09538,,Low,Medium,0.8943,2026-10-02
PRD09539,STU09539,,Medium,High,0.99,2026-10-02
PRD09540,STU09540,,Low,Low,0.293,2026-10-02
PRD09541,STU09541,,Medium,High,0.9624,2026-10-02
PRD09542,STU09542,,Medium,High,0.9738,2026-10-02
PRD09543,STU09543,,Low,High,0.9639,2026-10-02
PRD09544,STU09544,,High,High,0.9605,2026-10-02
PRD09545,STU09545,,High,High,0.9656,2026-10-02
PRD09546,STU09546,,Medium,High,0.9046,2026-10-02
PRD09547,STU09547,,Low,Low,0.3786,2026-10-02
PRD09548,STU09548,,Medium,Medium,0.7876,2026-10-02
PRD09549,STU09549,,Medium,High,0.9684,2026-10-02
PRD09550,STU09550,,Medium,Medium,0.8073,2026-10-02
PRD09551,STU09551,,Medium,Medium,0.5556,2026-10-02
PRD09552,STU09552,,Low,Low,0.4806,2026-10-02
PRD09553,STU09553,,Medium,Low,0.3946,2026-10-02
PRD09554,STU09554,,Medium,High,0.9317,2026-10-02
PRD09555,STU09555,,Low,Low,0.1959,2026-10-02
PRD09556,STU09556,,Medium,Medium,0.9021,2026-10-02
PRD09557,STU09557,,Low,Low,0.2048,2026-10-02
PRD09558,STU09558,,High,High,0.99,2026-10-02
PRD09559,STU09559,,Medium,High,0.9774,2026-10-02
PRD09560,STU09560,,High,High,0.99,2026-10-02
PRD09561,STU09561,,Medium,High,0.9403,2026-10-02
PRD09562,STU09562,,Medium,High,0.977,2026-10-02
PRD09563,STU09563,,Medium,High,0.9856,2026-10-02
PRD09564,STU09564,,Low,Medium,0.5943,2026-10-02
PRD09565,STU09565,,High,High,0.99,2026-10-02
PRD09566,STU09566,,Low,Medium,0.7998,2026-10-02
PRD09567,STU09567,,High,High,0.99,2026-10-02
PRD09568,STU09568,,Medium,High,0.9642,2026-10-02
PRD09569,STU09569,,Medium,High,0.9746,2026-10-02
PRD09570,STU09570,,Medium,Medium,0.7099,2026-10-02
PRD09571,STU09571,,Low,Medium,0.6939,2026-10-02
PRD09572,STU09572,,Low,Low,0.2612,2026-10-02
PRD09573,STU09573,,Medium,Medium,0.9052,2026-10-02
PRD09574,STU09574,,Low,Low,0.3071,2026-10-02
PRD09575,STU09575,,High,High,0.99,2026-10-02
PRD09576,STU09576,,Medium,Medium,0.933,2026-10-02
PRD09577,STU09577,,Low,Medium,0.8932,2026-10-02
PRD09578,STU09578,,Medium,Medium,0.9628,2026-10-02
PRD09579,STU09579,,High,High,0.9825,2026-10-02
PRD09580,STU09580,,Medium,High,0.9462,2026-10-02
PRD09581,STU09581,,Medium,Medium,0.6277,2026-10-02
PRD09582,STU09582,,High,High,0.99,2026-10-02
PRD09583,STU09583,,Medium,Medium,0.9098,2026-10-02
PRD09584,STU09584,,Medium,High,0.99,2026-10-02
PRD09585,STU09585,,High,High,0.989,2026-10-02
PRD09586,STU09586,,Medium,Medium,0.7607,2026-10-02
PRD09587,STU09587,,Medium,Medium,0.9094,2026-10-02
PRD09588,STU09588,,Medium,High,0.9366,2026-10-02
PRD09589,STU09589,,Low,Low,0.1904,2026-10-02
PRD09590,STU09590,,Medium,High,0.8968,2026-10-02
PRD09591,STU09591,,Low,Medium,0.6156,2026-10-02
PRD09592,STU09592,,Low,Low,0.2735,2026-10-02
PRD09593,STU09593,,High,High,0.99,2026-10-02
PRD09594,STU09594,,Medium,High,0.981,2026-10-02
PRD09595,STU09595,,Medium,Low,0.4992,2026-10-02
PRD09596,STU09596,,Low,Medium,0.5504,2026-10-02
PRD09597,STU09597,,High,High,0.99,2026-10-02
PRD09598,STU09598,,Low,Low,0.1922,2026-10-02
PRD09599,STU09599,,Medium,Medium,0.9293,2026-10-02
PRD09600,STU09600,,Low,High,0.9636,2026-10-02
PRD09601,STU09601,,Medium,High,0.9864,2026-10-02
PRD09602,STU09602,,High,High,0.99,2026-10-02
PRD09603,STU09603,,Low,Low,0.3412,2026-10-02
PRD09604,STU09604,,Medium,Medium,0.8667,2026-10-02
PRD09605,STU09605,,Low,Low,0.1433,2026-10-02
PRD09606,STU09606,,Medium,Medium,0.8631,2026-10-02
PRD09607,STU09607,,Medium,High,0.9428,2026-10-02
PRD09608,STU09608,,Medium,Medium,0.9076,2026-10-02
PRD09609,STU09609,,Medium,Medium,0.8464,2026-10-02
PRD09610,STU09610,,Low,Medium,0.7678,2026-10-02
PRD09611,STU09611,,Low,Low,0.3978,2026-10-02
PRD09612,STU09612,,Medium,Medium,0.9151,2026-10-02
PRD09613,STU09613,,Low,Low,0.1558,2026-10-02
PRD09614,STU09614,,High,High,0.99,2026-10-02
PRD09615,STU09615,,High,High,0.99,2026-10-02
PRD09616,STU09616,,Low,Medium,0.8589,2026-10-02
PRD09617,STU09617,,Medium,High,0.9656,2026-10-02
PRD09618,STU09618,,Medium,High,0.9897,2026-10-02
PRD09619,STU09619,,Low,Low,0.2796,2026-10-02
PRD09620,STU09620,,Low,Low,0.2997,2026-10-02
PRD09621,STU09621,,Medium,Medium,0.7105,2026-10-02
PRD09622,STU09622,,High,High,0.99,2026-10-02
PRD09623,STU09623,,Low,Medium,0.8961,2026-10-02
PRD09624,STU09624,,Medium,High,0.99,2026-10-02
PRD09625,STU09625,,Medium,Medium,0.8627,2026-10-02
PRD09626,STU09626,,Low,Low,0.1093,2026-10-02
PRD09627,STU09627,,Low,Medium,0.9841,2026-10-02
PRD09628,STU09628,,High,High,0.9897,2026-10-02
PRD09629,STU09629,,Medium,Medium,0.8002,2026-10-02
PRD09630,STU09630,,High,High,0.99,2026-10-02
PRD09631,STU09631,,Medium,High,0.955,2026-10-02
PRD09632,STU09632,,Medium,Medium,0.6,2026-10-02
PRD09633,STU09633,,Medium,High,0.9294,2026-10-02
PRD09634,STU09634,,High,High,0.99,2026-10-02
PRD09635,STU09635,,Low,Medium,0.6854,2026-10-02
PRD09636,STU09636,,Medium,High,0.9653,2026-10-02
PRD09637,STU09637,,Medium,High,0.948,2026-10-02
PRD09638,STU09638,,Medium,High,0.9882,2026-10-02
PRD09639,STU09639,,High,High,0.99,2026-10-02
PRD09640,STU09640,,Low,Low,0.2003,2026-10-02
PRD09641,STU09641,,Medium,Medium,0.7385,2026-10-02
PRD09642,STU09642,,Low,Medium,0.7827,2026-10-02
PRD09643,STU09643,,High,High,0.9696,2026-10-02
PRD09644,STU09644,,Low,Low,0.1625,2026-10-02
PRD09645,STU09645,,Low,Low,0.1806,2026-10-02
PRD09646,STU09646,,High,High,0.99,2026-10-02
PRD09647,STU09647,,Medium,Medium,0.9198,2026-10-02
PRD09648,STU09648,,Low,Medium,0.7614,2026-10-02
PRD09649,STU09649,,Low,Low,0.4114,2026-10-02
PRD09650,STU09650,,Medium,Medium,0.8701,2026-10-02
PRD09651,STU09651,,Medium,Medium,0.9311,2026-10-02
PRD09652,STU09652,,Low,Medium,0.7519,2026-10-02
PRD09653,STU09653,,Medium,Medium,0.8251,2026-10-02
PRD09654,STU09654,,Medium,High,0.9276,2026-10-02
PRD09655,STU09655,,Medium,High,0.99,2026-10-02
PRD09656,STU09656,,Low,Low,0.178,2026-10-02
PRD09657,STU09657,,Low,Medium,0.7959,2026-10-02
PRD09658,STU09658,,High,Medium,0.9721,2026-10-02
PRD09659,STU09659,,Low,Medium,0.6224,2026-10-02
PRD09660,STU09660,,Medium,High,0.99,2026-10-02
PRD09661,STU09661,,Medium,Medium,0.8689,2026-10-02
PRD09662,STU09662,,Medium,High,0.9415,2026-10-02
PRD09663,STU09663,,Medium,High,0.9715,2026-10-02
PRD09664,STU09664,,Medium,High,0.9634,2026-10-02
PRD09665,STU09665,,Medium,High,0.9499,2026-10-02
PRD09666,STU09666,,Medium,High,0.9355,2026-10-02
PRD09667,STU09667,,Low,Medium,0.7446,2026-10-02
PRD09668,STU09668,,Low,Medium,0.6667,2026-10-02
PRD09669,STU09669,,Medium,High,0.9862,2026-10-02
PRD09670,STU09670,,Low,Low,0.41,2026-10-02
PRD09671,STU09671,,Low,Medium,0.5634,2026-10-02
PRD09672,STU09672,,Low,Low,0.2011,2026-10-02
PRD09673,STU09673,,Medium,High,0.9807,2026-10-02
PRD09674,STU09674,,Medium,High,0.9276,2026-10-02
PRD09675,STU09675,,Low,High,0.9676,2026-10-02
PRD09676,STU09676,,Medium,Medium,0.8789,2026-10-02
PRD09677,STU09677,,Low,Medium,0.5945,2026-10-02
PRD09678,STU09678,,High,High,0.9801,2026-10-02
PRD09679,STU09679,,Low,Medium,0.6468,2026-10-02
PRD09680,STU09680,,Medium,Medium,0.7801,2026-10-02
PRD09681,STU09681,,Low,High,0.9622,2026-10-02
PRD09682,STU09682,,Medium,High,0.99,2026-10-02
PRD09683,STU09683,,High,High,0.9717,2026-10-02
PRD09684,STU09684,,Medium,High,0.965,2026-10-02
PRD09685,STU09685,,Medium,Medium,0.9105,2026-10-02
PRD09686,STU09686,,Medium,Medium,0.8193,2026-10-02
PRD09687,STU09687,,Low,Low,0.188,2026-10-02
PRD09688,STU09688,,High,High,0.99,2026-10-02
PRD09689,STU09689,,Medium,High,0.99,2026-10-02
PRD09690,STU09690,,Medium,High,0.99,2026-10-02
PRD09691,STU09691,,Low,Medium,0.6734,2026-10-02
PRD09692,STU09692,,High,High,0.9426,2026-10-02
PRD09693,STU09693,,Low,Medium,0.873,2026-10-02
PRD09694,STU09694,,Medium,High,0.9154,2026-10-02
PRD09695,STU09695,,Medium,Medium,0.9394,2026-10-02
PRD09696,STU09696,,High,High,0.99,2026-10-02
PRD09697,STU09697,,Medium,High,0.99,2026-10-02
PRD09698,STU09698,,Medium,High,0.9587,2026-10-02
PRD09699,STU09699,,Medium,High,0.9564,2026-10-02
PRD09700,STU09700,,Low,Low,0.4438,2026-10-02
PRD09701,STU09701,,Medium,High,0.9845,2026-10-02
PRD09702,STU09702,,Low,Medium,0.5557,2026-10-02
PRD09703,STU09703,,Medium,Low,0.4721,2026-10-02
PRD09704,STU09704,,Low,Medium,0.6059,2026-10-02
PRD09705,STU09705,,Low,Medium,0.749,2026-10-02
PRD09706,STU09706,,Medium,High,0.99,2026-10-02
PRD09707,STU09707,,Medium,High,0.9408,2026-10-02
PRD09708,STU09708,,Medium,Medium,0.5655,2026-10-02
PRD09709,STU09709,,Medium,Medium,0.9062,2026-10-02
PRD09710,STU09710,,Medium,Medium,0.8689,2026-10-02
PRD09711,STU09711,,Medium,High,0.9613,2026-10-02
PRD09712,STU09712,,High,High,0.99,2026-10-02
PRD09713,STU09713,,Medium,High,0.9844,2026-10-02
PRD09714,STU09714,,High,High,0.99,2026-10-02
PRD09715,STU09715,,High,High,0.9851,2026-10-02
PRD09716,STU09716,,Medium,High,0.9483,2026-10-02
PRD09717,STU09717,,Medium,Medium,0.743,2026-10-02
PRD09718,STU09718,,High,High,0.9768,2026-10-02
PRD09719,STU09719,,High,High,0.986,2026-10-02
PRD09720,STU09720,,Low,Low,0.1523,2026-10-02
PRD09721,STU09721,,High,High,0.99,2026-10-02
PRD09722,STU09722,,Medium,Medium,0.7227,2026-10-02
PRD09723,STU09723,,Medium,Medium,0.8038,2026-10-02
PRD09724,STU09724,,Medium,High,0.9743,2026-10-02
PRD09725,STU09725,,Low,Medium,0.5378,2026-10-02
PRD09726,STU09726,,High,High,0.955,2026-10-02
PRD09727,STU09727,,Medium,Medium,0.8423,2026-10-02
PRD09728,STU09728,,Medium,High,0.99,2026-10-02
PRD09729,STU09729,,Low,Medium,0.5576,2026-10-02
PRD09730,STU09730,,High,High,0.9836,2026-10-02
PRD09731,STU09731,,Low,Medium,0.7905,2026-10-02
PRD09732,STU09732,,Medium,High,0.99,2026-10-02
PRD09733,STU09733,,Medium,High,0.9739,2026-10-02
PRD09734,STU09734,,Low,Medium,0.5361,2026-10-02
PRD09735,STU09735,,High,High,0.99,2026-10-02
PRD09736,STU09736,,High,High,0.99,2026-10-02
PRD09737,STU09737,,Low,Medium,0.5683,2026-10-02
PRD09738,STU09738,,High,High,0.99,2026-10-02
PRD09739,STU09739,,Low,Low,0.3151,2026-10-02
PRD09740,STU09740,,Medium,High,0.9865,2026-10-02
PRD09741,STU09741,,Low,Low,0.487,2026-10-02
PRD09742,STU09742,,Medium,Medium,0.9106,2026-10-02
PRD09743,STU09743,,Medium,Medium,0.7652,2026-10-02
PRD09744,STU09744,,Medium,High,0.99,2026-10-02
PRD09745,STU09745,,Medium,High,0.99,2026-10-02
PRD09746,STU09746,,Low,Medium,0.8309,2026-10-02
PRD09747,STU09747,,Medium,Medium,0.9638,2026-10-02
PRD09748,STU09748,,Medium,Medium,0.8284,2026-10-02
PRD09749,STU09749,,Low,Medium,0.5571,2026-10-02
PRD09750,STU09750,,Low,Low,0.1041,2026-10-02
PRD09751,STU09751,,Low,Low,0.4047,2026-10-02
PRD09752,STU09752,,Medium,High,0.9559,2026-10-02
PRD09753,STU09753,,Medium,Medium,0.5372,2026-10-02
PRD09754,STU09754,,Medium,High,0.9608,2026-10-02
PRD09755,STU09755,,Medium,High,0.9259,2026-10-02
PRD09756,STU09756,,Medium,High,0.9487,2026-10-02
PRD09757,STU09757,,Low,Medium,0.6093,2026-10-02
PRD09758,STU09758,,Low,Medium,0.572,2026-10-02
PRD09759,STU09759,,High,High,0.99,2026-10-02
PRD09760,STU09760,,Medium,Medium,0.9221,2026-10-02
PRD09761,STU09761,,Low,Medium,0.6794,2026-10-02
PRD09762,STU09762,,Medium,High,0.99,2026-10-02
PRD09763,STU09763,,Low,Medium,0.707,2026-10-02
PRD09764,STU09764,,Medium,Medium,0.7708,2026-10-02
PRD09765,STU09765,,Medium,Medium,0.5597,2026-10-02
PRD09766,STU09766,,Medium,High,0.9835,2026-10-02
PRD09767,STU09767,,Medium,High,0.9496,2026-10-02
PRD09768,STU09768,,Medium,High,0.914,2026-10-02
PRD09769,STU09769,,Medium,Medium,0.8887,2026-10-02
PRD09770,STU09770,,Low,Low,0.3583,2026-10-02
PRD09771,STU09771,,Low,Medium,0.8708,2026-10-02
PRD09772,STU09772,,Medium,High,0.9851,2026-10-02
PRD09773,STU09773,,Low,Medium,0.5487,2026-10-02
PRD09774,STU09774,,Medium,High,0.99,2026-10-02
PRD09775,STU09775,,High,High,0.99,2026-10-02
PRD09776,STU09776,,High,High,0.99,2026-10-02
PRD09777,STU09777,,High,High,0.9688,2026-10-02
PRD09778,STU09778,,Medium,Medium,0.8652,2026-10-02
PRD09779,STU09779,,Low,Low,0.4078,2026-10-02
PRD09780,STU09780,,Low,Low,0.2539,2026-10-02
PRD09781,STU09781,,Medium,High,0.99,2026-10-02
PRD09782,STU09782,,Medium,Medium,0.6082,2026-10-02
PRD09783,STU09783,,Low,Medium,0.6541,2026-10-02
PRD09784,STU09784,,Low,Medium,0.7301,2026-10-02
PRD09785,STU09785,,High,High,0.9783,2026-10-02
PRD09786,STU09786,,Medium,High,0.9811,2026-10-02
PRD09787,STU09787,,Medium,High,0.9676,2026-10-02
PRD09788,STU09788,,Medium,High,0.99,2026-10-02
PRD09789,STU09789,,Medium,High,0.99,2026-10-02
PRD09790,STU09790,,Medium,Medium,0.856,2026-10-02
PRD09791,STU09791,,Medium,High,0.99,2026-10-02
PRD09792,STU09792,,Medium,Medium,0.8957,2026-10-02
PRD09793,STU09793,,Medium,Medium,0.9581,2026-10-02
PRD09794,STU09794,,Low,Medium,0.6135,2026-10-02
PRD09795,STU09795,,Medium,Medium,0.9153,2026-10-02
PRD09796,STU09796,,High,High,0.951,2026-10-02
PRD09797,STU09797,,High,Medium,0.9105,2026-10-02
PRD09798,STU09798,,Medium,High,0.9011,2026-10-02
PRD09799,STU09799,,High,High,0.9495,2026-10-02
PRD09800,STU09800,,High,High,0.99,2026-10-02
PRD09801,STU09801,,Medium,High,0.9733,2026-10-02
PRD09802,STU09802,,Medium,Medium,0.7478,2026-10-02
PRD09803,STU09803,,Low,Low,0.2632,2026-10-02
PRD09804,STU09804,,Medium,Medium,0.844,2026-10-02
PRD09805,STU09805,,Medium,High,0.9557,2026-10-02
PRD09806,STU09806,,Low,Medium,0.8382,2026-10-02
PRD09807,STU09807,,Medium,Medium,0.8029,2026-10-02
PRD09808,STU09808,,Medium,Medium,0.9866,2026-10-02
PRD09809,STU09809,,Low,Medium,0.7726,2026-10-02
PRD09810,STU09810,,Medium,High,0.9524,2026-10-02
PRD09811,STU09811,,Medium,High,0.99,2026-10-02
PRD09812,STU09812,,Low,Low,0.2694,2026-10-02
PRD09813,STU09813,,Medium,Medium,0.843,2026-10-02
PRD09814,STU09814,,Low,Medium,0.6163,2026-10-02
PRD09815,STU09815,,Medium,Medium,0.8485,2026-10-02
PRD09816,STU09816,,Medium,Medium,0.9445,2026-10-02
PRD09817,STU09817,,Low,Medium,0.8456,2026-10-02
PRD09818,STU09818,,Medium,Medium,0.8325,2026-10-02
PRD09819,STU09819,,Low,Medium,0.7842,2026-10-02
PRD09820,STU09820,,Medium,Medium,0.8826,2026-10-02
PRD09821,STU09821,,Medium,High,0.9869,2026-10-02
PRD09822,STU09822,,Low,Low,0.2293,2026-10-02
PRD09823,STU09823,,Medium,High,0.972,2026-10-02
PRD09824,STU09824,,Medium,High,0.9635,2026-10-02
PRD09825,STU09825,,Medium,High,0.9545,2026-10-02
PRD09826,STU09826,,Medium,High,0.979,2026-10-02
PRD09827,STU09827,,Medium,Medium,0.7932,2026-10-02
PRD09828,STU09828,,Medium,High,0.99,2026-10-02
PRD09829,STU09829,,Low,Low,0.4224,2026-10-02
PRD09830,STU09830,,Medium,High,0.99,2026-10-02
PRD09831,STU09831,,Medium,Medium,0.9381,2026-10-02
PRD09832,STU09832,,Low,Low,0.1334,2026-10-02
PRD09833,STU09833,,High,High,0.977,2026-10-02
PRD09834,STU09834,,High,High,0.9891,2026-10-02
PRD09835,STU09835,,Low,Medium,0.8547,2026-10-02
PRD09836,STU09836,,Medium,Medium,0.9009,2026-10-02
PRD09837,STU09837,,Low,Low,0.2846,2026-10-02
PRD09838,STU09838,,Medium,High,0.9813,2026-10-02
PRD09839,STU09839,,Medium,Medium,0.935,2026-10-02
PRD09840,STU09840,,Low,Medium,0.83,2026-10-02
PRD09841,STU09841,,Medium,Medium,0.7131,2026-10-02
PRD09842,STU09842,,Medium,High,0.9385,2026-10-02
PRD09843,STU09843,,High,High,0.99,2026-10-02
PRD09844,STU09844,,Low,Medium,0.4986,2026-10-02
PRD09845,STU09845,,Medium,High,0.9447,2026-10-02
PRD09846,STU09846,,Medium,High,0.9569,2026-10-02
PRD09847,STU09847,,Medium,Medium,0.6113,2026-10-02
PRD09848,STU09848,,High,High,0.975,2026-10-02
PRD09849,STU09849,,Low,High,0.99,2026-10-02
PRD09850,STU09850,,High,High,0.9659,2026-10-02
PRD09851,STU09851,,Medium,High,0.99,2026-10-02
PRD09852,STU09852,,Low,Medium,0.7962,2026-10-02
PRD09853,STU09853,,Medium,High,0.9697,2026-10-02
PRD09854,STU09854,,Medium,High,0.9264,2026-10-02
PRD09855,STU09855,,Medium,High,0.9714,2026-10-02
PRD09856,STU09856,,Medium,Low,0.2517,2026-10-02
PRD09857,STU09857,,Medium,Medium,0.878,2026-10-02
PRD09858,STU09858,,High,High,0.975,2026-10-02
PRD09859,STU09859,,Medium,High,0.986,2026-10-02
PRD09860,STU09860,,High,Medium,0.9142,2026-10-02
PRD09861,STU09861,,Medium,High,0.9229,2026-10-02
PRD09862,STU09862,,High,High,0.99,2026-10-02
PRD09863,STU09863,,Medium,Medium,0.8147,2026-10-02
PRD09864,STU09864,,High,High,0.97,2026-10-02
PRD09865,STU09865,,Low,Medium,0.9325,2026-10-02
PRD09866,STU09866,,Low,Low,0.2646,2026-10-02
PRD09867,STU09867,,Low,Low,0.1108,2026-10-02
PRD09868,STU09868,,Medium,High,0.99,2026-10-02
PRD09869,STU09869,,Medium,Medium,0.9185,2026-10-02
PRD09870,STU09870,,Low,Medium,0.922,2026-10-02
PRD09871,STU09871,,Medium,High,0.99,2026-10-02
PRD09872,STU09872,,Low,Low,0.4523,2026-10-02
PRD09873,STU09873,,High,High,0.99,2026-10-02
PRD09874,STU09874,,Medium,High,0.9857,2026-10-02
PRD09875,STU09875,,Medium,Medium,0.8054,2026-10-02
PRD09876,STU09876,,Medium,High,0.9436,2026-10-02
PRD09877,STU09877,,Medium,Medium,0.7653,2026-10-02
PRD09878,STU09878,,Low,Low,0.3014,2026-10-02
PRD09879,STU09879,,Medium,Medium,0.8447,2026-10-02
PRD09880,STU09880,,High,High,0.99,2026-10-02
PRD09881,STU09881,,Medium,High,0.99,2026-10-02
PRD09882,STU09882,,Medium,High,0.9805,2026-10-02
PRD09883,STU09883,,Low,Low,0.3814,2026-10-02
PRD09884,STU09884,,High,High,0.9764,2026-10-02
PRD09885,STU09885,,High,High,0.99,2026-10-02
PRD09886,STU09886,,Medium,High,0.9666,2026-10-02
PRD09887,STU09887,,Medium,High,0.9842,2026-10-02
PRD09888,STU09888,,Medium,High,0.99,2026-10-02
PRD09889,STU09889,,Medium,Medium,0.9308,2026-10-02
PRD09890,STU09890,,Low,Low,0.2902,2026-10-02
PRD09891,STU09891,,High,High,0.99,2026-10-02
PRD09892,STU09892,,Medium,High,0.9742,2026-10-02
PRD09893,STU09893,,Medium,Medium,0.8859,2026-10-02
PRD09894,STU09894,,Low,Low,0.4407,2026-10-02
PRD09895,STU09895,,Medium,High,0.9295,2026-10-02
PRD09896,STU09896,,Medium,Medium,0.9057,2026-10-02
PRD09897,STU09897,,Medium,Medium,0.9299,2026-10-02
PRD09898,STU09898,,Low,Medium,0.8578,2026-10-02
PRD09899,STU09899,,Low,Medium,0.6148,2026-10-02
PRD09900,STU09900,,Medium,Low,0.2263,2026-10-02
PRD09901,STU09901,,Medium,High,0.9449,2026-10-02
PRD09902,STU09902,,Low,Medium,0.686,2026-10-02
PRD09903,STU09903,,Low,Medium,0.8271,2026-10-02
PRD09904,STU09904,,Low,Low,0.189,2026-10-02
PRD09905,STU09905,,Medium,High,0.9318,2026-10-02
PRD09906,STU09906,,Low,Low,0.4586,2026-10-02
PRD09907,STU09907,,Medium,Medium,0.8746,2026-10-02
PRD09908,STU09908,,Low,Medium,0.5116,2026-10-02
PRD09909,STU09909,,Medium,Medium,0.6662,2026-10-02
PRD09910,STU09910,,Low,Medium,0.6652,2026-10-02
PRD09911,STU09911,,Medium,Medium,0.8937,2026-10-02
PRD09912,STU09912,,Medium,Medium,0.9401,2026-10-02
PRD09913,STU09913,,Medium,High,0.9676,2026-10-02
PRD09914,STU09914,,Medium,High,0.9682,2026-10-02
PRD09915,STU09915,,Medium,High,0.9381,2026-10-02
PRD09916,STU09916,,Medium,Medium,0.9302,2026-10-02
PRD09917,STU09917,,Medium,Low,0.4272,2026-10-02
PRD09918,STU09918,,High,High,0.99,2026-10-02
PRD09919,STU09919,,Medium,Medium,0.9433,2026-10-02
PRD09920,STU09920,,High,High,0.99,2026-10-02
PRD09921,STU09921,,Medium,High,0.9349,2026-10-02
PRD09922,STU09922,,Medium,High,0.9743,2026-10-02
PRD09923,STU09923,,Low,Low,0.1906,2026-10-02
PRD09924,STU09924,,Medium,High,0.9343,2026-10-02
PRD09925,STU09925,,Medium,High,0.99,2026-10-02
PRD09926,STU09926,,Medium,High,0.9584,2026-10-02
PRD09927,STU09927,,High,High,0.99,2026-10-02
PRD09928,STU09928,,Medium,High,0.9749,2026-10-02
PRD09929,STU09929,,Medium,Medium,0.871,2026-10-02
PRD09930,STU09930,,Low,Low,0.4405,2026-10-02
PRD09931,STU09931,,Medium,Low,0.5245,2026-10-02
PRD09932,STU09932,,Medium,Medium,0.8578,2026-10-02
PRD09933,STU09933,,Medium,Medium,0.5826,2026-10-02
PRD09934,STU09934,,Medium,High,0.9809,2026-10-02
PRD09935,STU09935,,High,High,0.99,2026-10-02
PRD09936,STU09936,,High,High,0.9721,2026-10-02
PRD09937,STU09937,,High,High,0.9856,2026-10-02
PRD09938,STU09938,,High,High,0.99,2026-10-02
PRD09939,STU09939,,Medium,Medium,0.8158,2026-10-02
PRD09940,STU09940,,Medium,Medium,0.8144,2026-10-02
PRD09941,STU09941,,Medium,High,0.99,2026-10-02
PRD09942,STU09942,,High,High,0.99,2026-10-02
PRD09943,STU09943,,Medium,Medium,0.9821,2026-10-02
PRD09944,STU09944,,Low,Medium,0.9194,2026-10-02
PRD09945,STU09945,,High,High,0.9863,2026-10-02
PRD09946,STU09946,,Low,Low,0.1648,2026-10-02
PRD09947,STU09947,,Low,Medium,0.6883,2026-10-02
PRD09948,STU09948,,High,High,0.99,2026-10-02
PRD09949,STU09949,,Medium,High,0.9442,2026-10-02
PRD09950,STU09950,,Low,Low,0.1874,2026-10-02
PRD09951,STU09951,,Medium,Medium,0.8627,2026-10-02
PRD09952,STU09952,,Low,Low,0.2882,2026-10-02
PRD09953,STU09953,,Low,Low,0.359,2026-10-02
PRD09954,STU09954,,High,High,0.99,2026-10-02
PRD09955,STU09955,,High,High,0.99,2026-10-02
PRD09956,STU09956,,Low,Medium,0.5416,2026-10-02
PRD09957,STU09957,,Medium,High,0.9221,2026-10-02
PRD09958,STU09958,,Medium,Medium,0.8926,2026-10-02
PRD09959,STU09959,,Medium,Medium,0.6613,2026-10-02
PRD09960,STU09960,,Medium,High,0.9398,2026-10-02
PRD09961,STU09961,,High,High,0.99,2026-10-02
PRD09962,STU09962,,High,High,0.9664,2026-10-02
PRD09963,STU09963,,Low,Medium,0.8713,2026-10-02
PRD09964,STU09964,,Low,Low,0.4011,2026-10-02
PRD09965,STU09965,,Medium,Medium,0.8597,2026-10-02
PRD09966,STU09966,,Low,Low,0.2259,2026-10-02
PRD09967,STU09967,,Low,Medium,0.8942,2026-10-02
PRD09968,STU09968,,High,High,0.99,2026-10-02
PRD09969,STU09969,,Low,Low,0.2998,2026-10-02
PRD09970,STU09970,,High,High,0.974,2026-10-02
PRD09971,STU09971,,Medium,Medium,0.7471,2026-10-02
PRD09972,STU09972,,Low,Medium,0.5404,2026-10-02
PRD09973,STU09973,,Medium,Medium,0.8166,2026-10-02
PRD09974,STU09974,,Low,Medium,0.5923,2026-10-02
PRD09975,STU09975,,Low,Low,0.2046,2026-10-02
PRD09976,STU09976,,Low,Medium,0.6718,2026-10-02
PRD09977,STU09977,,High,High,0.99,2026-10-02
PRD09978,STU09978,,Medium,Medium,0.8979,2026-10-02
PRD09979,STU09979,,Low,Medium,0.9419,2026-10-02
PRD09980,STU09980,,Low,High,0.9276,2026-10-02
PRD09981,STU09981,,Medium,High,0.9645,2026-10-02
PRD09982,STU09982,,Medium,Medium,0.9086,2026-10-02
PRD09983,STU09983,,Medium,High,0.99,2026-10-02
PRD09984,STU09984,,Medium,Medium,0.641,2026-10-02
PRD09985,STU09985,,Medium,High,0.99,2026-10-02
PRD09986,STU09986,,Low,Low,0.368,2026-10-02
PRD09987,STU09987,,Low,Medium,0.7114,2026-10-02
PRD09988,STU09988,,Low,Low,0.4125,2026-10-02
PRD09989,STU09989,,High,High,0.9816,2026-10-02
PRD09990,STU09990,,Medium,Medium,0.8386,2026-10-02
PRD09991,STU09991,,Medium,Medium,0.9352,2026-10-02
PRD09992,STU09992,,High,High,0.99,2026-10-02
PRD09993,STU09993,,Medium,Low,0.3637,2026-10-02
PRD09994,STU09994,,Low,Low,0.2612,2026-10-02
PRD09995,STU09995,,Medium,High,0.99,2026-10-02
PRD09996,STU09996,,Medium,High,0.9574,2026-10-02
PRD09997,STU09997,,Low,Low,0.4709,2026-10-02
PRD09998,STU09998,,Low,Medium,0.8627,2026-10-02
PRD09999,STU09999,,Medium,Medium,0.9195,2026-10-02
PRD10000,STU10000,,Low,Medium,0.9228,2026-10-02
